user_id,book_id,rating,predict
10143,6215,2,3.727272727272727
10143,6776,5,3.727272727272727
10143,7038,5,3.3272983847283175
10143,7625,5,6.600176292458881
10143,7722,4,3.4961788222788193
