user_id,book_id,rating,predict
10505,7798,4,8.10888856203907
10505,7869,4,4.2
10505,8253,3,6.1839205264953305
