user_id,book_id,rating,predict
10513,5428,4,6.906993948502937
10513,6013,5,0.8960827655724186
10513,7613,4,4.866959313931444
10513,7614,5,3.916178066540768
10513,8135,3,4.509359250865451
