user_id,book_id,rating,predict
11827,870,4,7.11110932237483
11827,2953,3,3.34420158614558
11827,3556,4,7.54647337531433
11827,8141,4,7.111102000892512
11827,8348,3,1.5114979417405143
