user_id,book_id,rating,predict
12160,5264,4,6.260193291775943
12160,5547,5,6.99397134016545
12160,5611,5,4.947783274812667
12160,5892,5,8.41560290229507
12160,5902,5,5.346509588983887
12160,6193,5,8.206294481924715
12160,6203,5,5.483337186711673
12160,6513,5,4.9625178665864365
