user_id,book_id,rating,predict
12191,4124,5,4.6952621851043475
12191,4131,4,3.682194171621787
12191,4387,5,4.142441295586296
12191,7887,3,2.9112635865693743
