user_id,book_id,rating,predict
12253,6298,4,4.142857142857143
12253,8244,4,4.728171095400965
12253,8450,4,4.5940675528701105
