user_id,book_id,rating,predict
12828,1669,4,4.2034222907789935
12828,2457,3,-1.1666585728716563
12828,4878,4,0.8333380730847568
12828,5660,4,4.615814268404876
12828,6221,4,4.411605057554196
12828,6538,4,7.94324728378025
12828,7036,4,3.1739147089443045
12828,7776,3,5.1565959334450175
12828,8426,4,3.8384279375518164
12828,8443,3,3.9597838917028305
12828,9252,4,8.833332476992403
