user_id,book_id,rating,predict
1289,1468,4,3.6898719865236718
1289,2796,5,4.03245605275689
1289,2804,5,3.939396415356258
1289,4274,3,8.222219828761654
1289,7652,5,4.222222222222222
1289,9038,4,3.3666474002891817
1289,9348,4,3.9589439938953794
1289,9772,2,5.468482654373888
