user_id,book_id,rating,predict
13051,6458,5,4.4
13051,7313,4,7.399997797959738
13051,9145,4,6.453594886085256
