user_id,book_id,rating,predict
13254,2634,4,-0.3367347418518367
13254,8844,2,-0.24999754450433498
13254,9367,4,3.0882309535442465
