user_id,book_id,rating,predict
13606,9066,4,4.562395252947071
13606,9491,4,3.7531437203492155
