user_id,book_id,rating,predict
13826,659,5,3.343137254901961
13826,878,3,4.315937314218505
13826,913,4,7.343136080612761
13826,1035,3,5.978588593202067
13826,1168,3,0.34313957024476105
13826,1283,2,6.876568468018682
13826,1502,4,5.27075426426046
13826,1585,3,4.778205317846587
13826,1807,3,4.731653179903903
13826,1847,2,6.460827498577505
13826,1888,3,2.0459646567893772
13826,1978,3,5.579273664042965
13826,2007,2,5.254120301661193
13826,2172,4,5.348858011931188
13826,2250,4,6.741834309094214
13826,2252,2,3.3269931437978064
13826,2425,2,3.378879936102053
13826,2481,3,2.763735579025094
13826,2552,3,2.135759799367639
13826,2561,3,4.10788853359213
13826,2903,5,5.657842331124055
13826,2939,4,5.599309270188665
13826,3033,3,4.276140361990162
13826,3049,3,4.440711738005486
13826,3264,3,2.7217581532777486
13826,3307,5,5.200481434938419
13826,3519,4,4.490650026256564
13826,3566,3,2.4333224897790724
13826,3579,3,3.031615163734317
13826,3638,3,1.6591751690562986
13826,3675,4,5.177743063671928
13826,3692,3,4.333355540908192
13826,3764,3,5.163191874100896
13826,3812,2,2.6679177117744195
13826,3837,3,4.008859744327099
13826,3889,4,3.8379969095078006
13826,3963,4,4.967197618315511
13826,4527,4,4.758778446219782
13826,4544,3,6.583277127828271
13826,4561,3,5.2914388937615
13826,5051,3,3.62749363089067
13826,5152,4,3.359335060592464
13826,5187,3,2.38839759746217
13826,5198,3,5.4791127657322924
