user_id,book_id,rating,predict
14527,6293,3,3.0
14527,7313,4,-0.9999947564915965
14527,7566,3,3.44118584441865
14527,7610,3,3.213255306270213
14527,7698,2,3.1979662324265132
14527,7708,4,-0.9999947564915965
