user_id,book_id,rating,predict
15236,3587,3,-0.4211375261569592
15236,3645,4,-1.9999964371160637
15236,3802,4,3.0
15236,4784,3,3.0
15236,5808,3,5.999999205141544
15236,5948,5,3.4654436510986635
