user_id,book_id,rating,predict
1527,721,5,-1.0302884288416125
1527,842,2,5.893630849739709
1527,1177,4,5.650904650002891
1527,1244,4,3.480942997682703
1527,1335,2,6.685724442837605
1527,1511,4,7.677575182419074
1527,1669,3,3.862916675083115
1527,1728,5,6.610225764461077
1527,1782,5,6.586860914569208
1527,1848,4,6.757371220625112
1527,3825,5,3.9696969696969697
1527,6434,5,3.6553124472703242
1527,6529,3,5.969674630675149
1527,9086,4,5.378018038595229
1527,9450,4,3.2262703533448853
