user_id,book_id,rating,predict
15458,524,5,5.639191906988994
15458,3986,4,9.562486871085646
15458,6171,4,2.354416073764327
15458,7667,3,8.205566648737577
15458,9357,1,5.725796016077673
15458,9517,4,2.5625004338091157
15458,9590,3,9.56249951615384
