user_id,book_id,rating,predict
1673,1045,3,3.490566037735849
1673,1512,3,3.5561402796668196
1673,1522,3,5.577006473400338
1673,1543,3,5.145100809184671
1673,1596,4,3.0924792861622956
1673,1700,3,5.009777244366124
1673,1740,4,3.512625470662364
1673,1786,3,3.0117522185845136
1673,1790,3,3.924913183686658
1673,1798,5,4.605193610566984
1673,1831,3,2.295818790681852
1673,1874,4,4.904523447815292
1673,1876,4,1.6701584269876082
1673,2065,3,2.865478131424984
1673,2113,3,3.7953531062344816
1673,2249,3,4.234241562873553
1673,2372,3,-0.0332113778531018
1673,2441,5,4.474699824784683
1673,4168,3,7.490565221273728
1673,5449,4,3.490566037735849
1673,7908,4,6.380961633061466
1673,7964,3,3.490566037735849
1673,8407,3,3.1357381537814106
1673,8796,4,3.924023441542832
