user_id,book_id,rating,predict
1862,1594,3,4.440515359699091
1862,1792,3,7.952379591048041
1862,1839,2,6.493362013388235
1862,6927,3,2.9523809523809526
1862,7020,3,6.167472210183332
1862,7410,2,1.597641219037935
1862,7524,5,2.9523809523809526
1862,8653,3,2.9523809523809526
1862,8728,2,1.067681827420629
1862,9171,3,5.797064835565304
