user_id,book_id,rating,predict
18996,6698,5,4.6457887629633605
18996,7908,5,4.292972999912323
18996,7994,5,9.428569418185692
18996,9568,5,6.370713335768802
