user_id,book_id,rating,predict
19581,4649,5,-1.2121067485548576
19581,6117,4,5.750896204674307
19581,6297,5,6.9111287279494515
19581,6526,4,2.354849651665436
19581,6713,5,3.787878787878788
19581,6931,4,6.811670846721332
19581,7019,5,5.187069669217293
19581,7276,5,7.512283184036434
19581,7417,3,4.326544847871564
19581,7878,3,7.895444013864479
19581,8669,5,5.582360769600154
19581,9045,4,2.718608296210243
19581,9088,5,2.145765097491166
19581,9156,5,2.726687260500711
19581,9254,4,3.538664072872061
