user_id,book_id,rating,predict
19649,3867,3,3.2222222222222223
19649,3885,5,3.2222222222222223
19649,5670,3,3.2222222222222223
19649,5819,4,3.2222222222222223
