user_id,book_id,rating,predict
1999,4676,1,1.84314961690403
1999,5647,1,4.1204544798292435
