user_id,book_id,rating,predict
20784,2159,3,-0.511408060656235
20784,6853,5,4.071428571428571
20784,7750,5,4.071428571428571
20784,8753,3,4.369421243444235
20784,9403,3,0.0714314998556822
20784,9408,5,7.001790742142344
