user_id,book_id,rating,predict
23071,4827,2,2.3873887988495004
23071,5510,3,7.74999506441408
23071,8976,5,-2.2499996744770883
