user_id,book_id,rating,predict
23279,5608,4,8.57142751664352
23279,6540,5,3.809055723652401
23279,7156,5,5.8755400206401305
