user_id,book_id,rating,predict
24138,2693,5,5.09331196109891
24138,2755,4,3.9827955922175233
24138,2761,3,4.3
24138,3174,5,4.45914024299697
24138,3601,4,4.577494393051889
