user_id,book_id,rating,predict
2653,5375,4,7.571427677827121
2653,5490,3,4.484977419335181
2653,6162,4,2.304818975932033
2653,7301,4,3.304907287647181
2653,7442,4,3.5193389126892387
2653,8197,3,3.5714285714285716
2653,8860,3,4.989636405214458
