user_id,book_id,rating,predict
27120,3117,2,1.7313403063670214
27120,5671,3,-0.029117989445873516
27120,6855,2,2.769230769230769
27120,8098,2,6.039109322036895
27120,9119,1,4.2136220709603815
27120,9922,4,3.6624754685480845
