user_id,book_id,rating,predict
28156,4169,5,-1.12498169850846
28156,4389,4,8.415027584793059
28156,5682,5,8.419826598386798
28156,6524,5,6.685286323243943
