user_id,book_id,rating,predict
29181,5001,5,7.4829122730135875
29181,7381,4,4.5
29181,7389,5,3.500000037416573
