user_id,book_id,rating,predict
29668,4606,3,9.285710920384744
29668,5045,4,3.9933178814301904
29668,5075,4,4.285714285714286
