user_id,book_id,rating,predict
29728,4943,5,5.477485211839301
29728,7327,5,5.209758044280083
