user_id,book_id,rating,predict
30883,564,5,1.635727058970825
30883,1749,5,3.5
30883,4706,4,3.5
30883,4903,4,-0.49999908783271074
30883,6015,4,-0.49999908783271074
30883,6815,5,2.1770234250640677
30883,7166,3,3.5
30883,7315,3,3.5
30883,7693,4,-0.49999844462193144
30883,8501,5,7.298231307349022
30883,8866,3,4.599517568398569
30883,9541,2,5.045033938456713
30883,9831,5,4.4910299051328915
30883,9882,4,4.831037684426306
