user_id,book_id,rating,predict
3093,2560,3,3.727272727272727
3093,3760,3,5.037229677583812
3093,4353,3,3.1479507287910273
3093,4756,5,3.970939782112569
3093,5228,5,3.727272727272727
3093,5525,3,2.736935394770014
