user_id,book_id,rating,predict
31808,8411,5,1.384218398518651
31808,8921,2,3.3333333333333335
