user_id,book_id,rating,predict
33176,4526,1,2.857142857142857
33176,6055,4,2.857142857142857
33176,6856,5,-1.142855964383375
33176,6865,3,2.857142857142857
