user_id,book_id,rating,predict
33618,5790,4,3.2708645487525194
33618,5910,3,0.42857301715239426
33618,6360,3,3.4285714285714284
