user_id,book_id,rating,predict
34301,8344,4,4.859354098221866
34301,8394,5,3.7611175172444637
