user_id,book_id,rating,predict
34364,4664,4,4.333333333333333
34364,7237,4,-0.14251389638642742
