user_id,book_id,rating,predict
34630,4389,5,9.040028743682853
34630,5745,5,8.12716680780431
34630,6784,4,4.5
