user_id,book_id,rating,predict
35412,4723,5,3.6666666666666665
35412,5495,4,3.6666666666666665
