user_id,book_id,rating,predict
35763,1371,4,4.090909090909091
35763,3603,4,4.090909090909091
35763,4341,3,9.090908889543245
35763,4398,3,4.090909090909091
35763,4417,4,-0.9090824533219566
35763,4529,4,9.090908990226136
35763,4966,5,8.997183793022842
35763,5937,3,0.0909158766156053
35763,6040,4,3.4214602540577173
35763,6568,4,4.090909090909091
