user_id,book_id,rating,predict
35863,7600,4,2.2334541401935057
35863,8208,3,0.29924202212502893
35863,8398,3,2.4685020292307422
35863,9920,4,6.900561990511681
