user_id,book_id,rating,predict
3607,1401,3,5.723766142915659
3607,1865,3,4.692068175662259
3607,2186,4,2.101401039392011
3607,2680,4,1.1602416060864806
3607,2794,4,3.6109922875650193
3607,2957,4,1.883788159001277
3607,9620,4,3.8338358788343907
