user_id,book_id,rating,predict
36315,1872,3,3.871860232260721
36315,1934,2,4.2444911867742245
36315,2073,2,4.416213815032818
36315,2268,3,2.6435627882449957
36315,2706,3,2.5858093694000988
36315,2830,3,4.020952693375485
36315,5881,3,3.4545454545454546
36315,7459,4,6.454543764414485
36315,7477,3,-0.5454532012332396
36315,9685,3,4.237628919140464
