user_id,book_id,rating,predict
36589,1004,4,4.62356006502988
36589,1066,2,5.0171182834719055
36589,3285,2,3.4285714285714284
36589,5465,3,3.4285714285714284
36589,5475,4,3.09019100944427
36589,5697,4,1.2173486547352312
36589,6136,4,4.259330124484781
36589,6209,2,0.307970525661835
36589,7115,4,3.4285714285714284
36589,7452,4,5.609840835049993
36589,7776,3,1.8180479709719974
36589,7897,5,-0.29183895596368314
36589,9527,3,4.0805168882956355
