user_id,book_id,rating,predict
36836,4229,5,4.0
36836,4410,5,4.0
36836,5414,4,0.8978681869790237
36836,6465,5,4.0
36836,9539,5,1.2585950617401935
