user_id,book_id,rating,predict
36908,2060,5,3.248544057609586
36908,2844,4,5.739622241518472
36908,3925,5,4.833333333333333
