user_id,book_id,rating,predict
3709,1349,4,4.677559340412366
3709,1404,4,4.337448166416995
3709,1468,5,1.0313588562602538
3709,1471,5,0.7833187376269963
3709,3283,3,7.799999340317465
3709,3503,5,5.57875537311591
3709,3682,5,8.77090608722091
3709,6000,5,3.8
3709,6458,5,-1.199997657163804
3709,6996,5,8.799997534298061
3709,7318,3,3.8
3709,7539,4,-0.19999549345243084
3709,7549,4,4.26136628049796
3709,8724,4,3.8
3709,9506,4,1.0413887450068984
3709,9795,4,3.8
