user_id,book_id,rating,predict
37662,3071,5,4.876991131265547
37662,5508,4,7.176470037303979
37662,5901,4,8.29053723916752
37662,7573,4,1.1764713574544299
37662,8019,4,0.17647180565937282
37662,8495,4,3.455121939650551
37662,9036,4,6.3429362812398065
37662,9848,4,3.6651785813683317
