user_id,book_id,rating,predict
37692,4372,4,3.6666666666666665
37692,7953,5,3.6666666666666665
