user_id,book_id,rating,predict
38319,5731,5,3.6666666666666665
38319,6710,3,3.6666666666666665
