user_id,book_id,rating,predict
39138,4811,4,1.7777779122187614
39138,6317,5,4.777777777777778
39138,6354,3,4.777777777777778
39138,6376,5,4.777777777777778
39138,7161,5,4.777777777777778
39138,7424,5,9.777771072306663
39138,8232,3,7.415899703220806
39138,8863,5,5.348595797243541
39138,9043,5,5.532187488629768
39138,9059,5,6.31790272039825
39138,9222,4,1.8996696880317825
39138,9871,5,5.558396790061314
