user_id,book_id,rating,predict
39165,2256,5,4.3
39165,2940,5,9.299969753904584
39165,3890,5,9.299997613212527
39165,4721,5,8.66085400881983
39165,7404,5,6.781868598616008
