user_id,book_id,rating,predict
40105,3828,4,3.043427036589743
40105,4388,4,4.238095238095238
40105,5851,5,4.238095238095238
40105,6844,5,1.2380956276307984
40105,7271,5,0.008289173515366954
40105,7375,5,1.2380957323857666
40105,8079,3,3.2031976785238814
40105,8879,5,4.238095238095238
40105,9172,2,4.790150332495585
