user_id,book_id,rating,predict
41115,6854,5,2.5289667450688054
41115,8237,4,4.101442769958361
41115,8944,4,8.285713835356715
