user_id,book_id,rating,predict
41236,4107,4,4.666666666666667
41236,8426,5,0.9578452347574209
