user_id,book_id,rating,predict
41244,5850,4,8.87498667137095
41244,6303,4,3.875
41244,7903,4,3.673328641099439
41244,8204,5,1.7114702663639858
