user_id,book_id,rating,predict
42065,5762,3,1.166670870503613
42065,6584,3,4.166666666666667
42065,7067,4,4.166666666666667
