user_id,book_id,rating,predict
42314,619,4,1.342120594278334
42314,1148,5,3.9922545463741925
42314,1371,5,4.3125
42314,1904,4,4.3125
42314,3469,5,-0.6874984433896296
42314,4699,4,2.782830351187682
42314,5027,4,2.451989925446321
42314,5255,4,0.0669417077400487
42314,5537,5,-0.6874980459434639
42314,5761,4,4.115245174570869
42314,6060,4,3.141741610113945
42314,6219,4,5.705987439505332
42314,7507,5,1.8565894152258173
42314,8404,5,2.547114215320573
