user_id,book_id,rating,predict
42430,4902,4,4.666666666666667
42430,6547,3,4.666666666666667
42430,7333,5,1.6666671573801621
