user_id,book_id,rating,predict
42886,4054,5,4.111111111111111
42886,5005,5,8.111109128387504
42886,6587,4,4.111111111111111
42886,7750,4,8.111110605147033
