user_id,book_id,rating,predict
43077,3267,4,3.787965526283161
43077,4995,4,0.4062549736225818
43077,5230,3,5.671505716555579
43077,5562,4,3.6445265737310013
43077,6419,4,7.515092469541453
43077,6854,4,6.119806126757685
43077,7591,4,1.4062515187808584
43077,7625,3,4.1598164971929545
43077,8171,3,3.7097691096374787
43077,8237,4,7.196193224839761
43077,8921,4,2.734407162694522
43077,9115,4,4.994150464284392
43077,9217,4,3.2102785673415353
43077,9312,2,6.612738751420937
