user_id,book_id,rating,predict
43743,392,1,4.0
43743,1047,4,1.9245475952688667
43743,1058,4,4.0
43743,1377,5,-0.31214096445451034
43743,1732,4,7.999977418012272
43743,1771,4,6.228292138183478
43743,1896,3,-0.4146879290741685
43743,3850,4,4.0
43743,5656,5,3.0601543870295616
43743,5757,5,4.0
43743,6341,5,4.0
43743,6595,5,8.999994173270771
43743,6898,4,4.0
43743,7549,4,4.14973353650598
43743,8057,2,8.999999480384695
43743,9918,4,4.0
