user_id,book_id,rating,predict
43922,1152,3,1.8285751764788034
43922,1508,5,1.227347827693075
43922,2009,5,8.330637883482872
43922,2030,5,7.262316742254719
43922,2195,1,3.0221963330802932
43922,2823,5,5.266253023537724
43922,3175,5,6.109594053939927
43922,3264,5,4.552211719674365
43922,3286,5,3.941201666007635
43922,4189,5,4.828571428571428
43922,4496,4,4.828571428571428
43922,5485,4,3.93002347532354
43922,7265,5,5.688372388537315
43922,7549,5,4.584199561830968
43922,9020,3,4.828571428571428
