user_id,book_id,rating,predict
45511,3954,3,3.3157894736842106
45511,4666,4,3.3157894736842106
45511,5394,5,8.315788969313282
45511,5893,4,-1.684208593607151
45511,5959,3,3.3157894736842106
45511,6308,5,3.3157894736842106
45511,6604,4,5.315788919537022
45511,8582,3,6.952807651452396
45511,9599,4,8.315778776341933
