user_id,book_id,rating,predict
45770,3103,5,3.6666666666666665
45770,7129,4,3.6666666666666665
