user_id,book_id,rating,predict
47142,449,3,5.2661939837483
47142,643,3,5.533392489022466
47142,759,2,7.158728902377572
47142,783,3,6.070086458550625
47142,805,3,5.098468949565297
47142,814,3,6.485829116273902
47142,841,4,7.995036604287799
47142,889,4,5.930399500591705
47142,909,2,4.512084691457709
47142,1027,4,7.124746767905975
47142,1093,3,2.818735262006403
47142,1291,4,6.507676589196356
47142,1336,4,5.863978476416243
47142,1351,2,3.8929384965516975
47142,1408,4,4.110840053100659
47142,1416,2,4.341870151990067
47142,1473,4,5.115373484846208
47142,1483,4,4.828120563014879
47142,1513,4,4.792774618684774
47142,5112,3,6.842864945065443
47142,5585,2,1.8955913296940852
47142,6529,4,0.9735483076275346
47142,6638,3,3.3610113587371755
47142,7643,3,6.768402242012798
47142,7722,4,5.1971460679972985
47142,7804,2,4.981169863895203
47142,8322,4,2.098716394442963
