user_id,book_id,rating,predict
47354,5267,5,-1.499999598496922
47354,6794,4,4.677066494208493
47354,6859,5,2.6728428418212933
