user_id,book_id,rating,predict
4751,4704,3,3.625
4751,6328,2,5.624998378319343
4751,6905,4,7.2100974935131585
4751,7108,4,-0.8355486252041242
4751,7339,4,6.859056703320019
4751,7615,4,4.310126508148351
4751,7771,3,5.009876621514535
