user_id,book_id,rating,predict
48299,1129,4,3.857142857142857
48299,1154,5,7.598253128377829
48299,1349,5,6.403771661232718
48299,3230,4,3.857142857142857
48299,4229,4,3.857142857142857
48299,6821,4,4.213310172582101
48299,7392,4,1.1525662772093028
48299,8174,3,-0.6012562379298596
48299,8245,3,6.7986508976601385
48299,8281,4,5.203264766573545
48299,8849,1,6.594455445009762
48299,9333,4,6.641445270743867
48299,9852,3,5.983970742111748
