user_id,book_id,rating,predict
48560,6897,5,3.0929174712806358
48560,8205,5,4.768376973401958
