user_id,book_id,rating,predict
49771,4951,4,4.0
49771,6890,4,7.672735497755913
49771,7608,4,5.910077610026786
