user_id,book_id,rating,predict
50114,7039,5,7.333331066000602
50114,8160,3,3.3333333333333335
