user_id,book_id,rating,predict
51925,4723,4,3.727272727272727
51925,7070,4,1.5450921374618432
51925,7271,3,-0.2727251376875688
51925,7278,4,2.3012422863183133
51925,7627,5,5.88114548816762
51925,8150,2,3.535225741808251
