user_id,book_id,rating,predict
5705,1059,4,1.8723735902992311
5705,1338,5,8.83333165361816
5705,1467,3,0.8440594315271914
5705,1718,4,4.068577073388203
5705,6921,5,3.8333333333333335
5705,7556,5,7.46250524596779
5705,7652,5,3.787079363698978
5705,8021,5,0.31389105102200965
5705,8066,4,7.248778572813004
5705,9220,2,8.501794669800463
5705,9650,4,6.768088050140726
