user_id,book_id,rating,predict
6465,5845,4,9.124998787107227
6465,7502,3,5.7306360522428825
6465,7514,4,2.1399942417524263
6465,7739,5,2.1250001827380727
