user_id,book_id,rating,predict
7705,5713,3,4.471983170529974
7705,7146,3,7.6009459612060315
7705,7577,4,5.656695355500138
