user_id,book_id,rating,predict
7849,1634,4,5.715262224645626
7849,1781,5,5.887625110490946
7849,1836,5,4.709011673379037
7849,1939,4,6.2258305823109925
7849,2149,4,1.3907652830564232
7849,2387,5,7.392643724642824
7849,2409,5,5.011957673187824
7849,2447,4,2.9351566383660024
7849,3602,4,4.648648648648648
7849,6297,5,7.227303390458124
7849,6931,3,4.648648648648648
7849,7774,5,4.648648648648648
7849,8924,5,7.074533617815728
7849,9189,5,5.144950437898869
7849,9767,5,3.4084987680832226
7849,9819,3,9.560941311802983
