user_id,book_id,rating,predict
8213,5124,4,6.010492753823775
8213,5901,5,5.543026585624045
8213,6707,4,4.230769230769231
8213,7029,5,4.230769230769231
8213,8536,3,3.4767428505237623
8213,9034,5,6.18537224316665
