user_id,book_id,rating,predict
8947,3211,2,0.8571473063986348
8947,3383,3,3.857142857142857
8947,3503,2,6.8571352628615525
8947,5108,5,3.857142857142857
