user_id,book_id,rating,predict
10470,7476,3,0.25000021996361976
10470,8163,5,8.249999848001767
10470,8961,4,9.249999367544543
10470,9083,5,4.25
