user_id,book_id,rating,predict
10482,4314,5,-0.599999098990045
10482,5441,4,3.4
10482,6086,1,6.399999863755763
