user_id,book_id,rating,predict
11135,3368,3,3.6363636363636362
11135,5484,5,3.6363636363636362
11135,5597,2,7.636361847951832
11135,6077,5,3.6363636363636362
11135,6213,5,-0.3636332242112972
11135,7221,3,8.636363373139485
