user_id,book_id,rating,predict
11383,1251,5,9.173912472284904
11383,1276,4,8.173912830735492
11383,1456,5,9.173912583640583
11383,1560,3,7.173912792283183
11383,5016,4,9.17391269215763
11383,6396,5,8.173912114140528
11383,6434,4,-0.8260851441403574
11383,7020,5,9.173912406173306
11383,8777,4,8.173912290037652
11383,8968,4,8.173912692726836
11383,9855,4,7.173912903276953
