user_id,book_id,rating,predict
11510,1243,5,9.407406404772505
11510,1504,5,7.407406919823159
11510,1693,5,8.407406997490643
11510,1811,4,6.407407020360181
11510,1812,5,7.4074069591129295
11510,1930,4,7.407406524619416
11510,1931,5,8.407406997490643
11510,2091,4,8.407406005527237
11510,2164,5,8.407407045734756
11510,2198,5,8.407406997490643
11510,2285,5,9.407406822407491
11510,2432,4,6.40740723286498
11510,6013,4,1.4074111213357035
11510,6308,5,7.407406655020383
11510,6891,4,6.4074058400349205
11510,7614,4,8.407404370879519
11510,7824,5,7.407407005128397
11510,7995,4,8.407403906248073
11510,8302,4,8.407404370879519
11510,8719,5,7.407406312362534
11510,9074,5,7.407407005128397
11510,9434,5,8.407406871035393
11510,9526,4,8.407405352266062
11510,9575,4,8.407405352266062
