user_id,book_id,rating,predict
11653,6842,3,3.3846153846153846
11653,7681,3,0.38461881580176005
11653,7748,3,6.384615120481635
11653,7991,3,6.384615232951893
11653,8156,4,8.384615199151783
11653,8404,3,5.384614561930962
