user_id,book_id,rating,predict
11736,1125,4,2.75
11736,1793,1,2.75
11736,3409,2,3.7499998183161076
11736,5335,3,6.7499992732644305
11736,5505,3,7.749997687414463
11736,6162,1,5.749999828456742
11736,6482,4,2.75
11736,6921,3,-1.2499989495242887
11736,6975,4,6.749999446167317
