user_id,book_id,rating,predict
11770,1113,2,6.538460984686483
11770,1404,4,7.538458571863699
11770,1441,3,7.538456756053915
11770,1467,4,8.53846079860724
11770,6215,3,3.5384615384615383
11770,8195,1,6.538459455635037
