user_id,book_id,rating,predict
11799,4615,2,4.066665892635051
11799,5696,4,8.066613205188913
11799,5869,4,8.066666259512138
11799,6068,4,6.066665978251576
11799,6414,4,7.066666340943043
11799,6546,4,0.06666756992451228
11799,6949,4,6.066666422373949
11799,7040,4,7.066666135932598
11799,7126,2,7.06665723447041
11799,7542,3,8.066641264028407
11799,7821,4,8.06666600324908
11799,7856,4,8.066662584432043
11799,9057,1,7.066666032291187
