user_id,book_id,rating,predict
12155,3224,5,7.142856776250953
12155,5451,3,0.1428576190926485
12155,5778,2,6.14285710484411
