user_id,book_id,rating,predict
12253,6298,4,4.142857142857143
12253,8244,4,8.142856507876468
12253,8450,4,9.142856521434833
