user_id,book_id,rating,predict
12271,3335,4,3.75
12271,4059,5,3.75
12271,5743,4,7.7499986285231195
12271,5786,5,8.749999485758487
12271,6134,4,6.749999277815137
12271,7397,3,5.749999662892295
12271,8034,5,3.75
12271,8066,5,-1.2499979937586883
