user_id,book_id,rating,predict
12363,3850,3,2.727272727272727
12363,6047,3,2.727272727272727
12363,6090,3,2.727272727272727
12363,8300,3,5.7272723951368505
12363,8741,2,2.727272727272727
