user_id,book_id,rating,predict
12692,4287,5,7.499999760515272
12692,5691,4,7.499999760515272
