user_id,book_id,rating,predict
12944,2635,2,4.0
12944,4495,3,7.999999540435052
12944,5136,5,7.999998653561441
12944,5353,3,1.0000003153482524
