user_id,book_id,rating,predict
13013,927,4,6.928570703349223
13013,1124,4,6.928571195428245
13013,1318,5,4.928571150354928
13013,1389,4,7.928571117713851
13013,1444,5,8.92857086579324
13013,3726,5,3.9285714285714284
13013,3796,4,7.928570648724094
13013,4126,4,3.9285714285714284
13013,7338,4,6.928570656270031
13013,7561,5,6.928567481137401
13013,8455,4,7.928571103403449
13013,8528,2,-0.07141762715044431
