user_id,book_id,rating,predict
13749,6456,3,4.2
13749,7070,4,9.199999521906626
13749,8194,5,9.199999852098044
