user_id,book_id,rating,predict
13994,2902,2,3.5555555555555554
13994,3139,2,3.5555555555555554
13994,3248,5,3.5555555555555554
13994,3436,3,3.5555555555555554
13994,3502,4,3.5555555555555554
13994,3930,3,6.555552069464083
13994,4284,5,7.555554648028622
13994,4441,2,8.555554421146887
13994,6337,5,8.555554120095428
13994,6976,4,3.5555555555555554
13994,7210,4,6.555554795897903
13994,7681,3,3.5555555555555554
