user_id,book_id,rating,predict
14062,2762,4,5.071428466123868
14062,3001,3,6.07142838988565
14062,3215,2,8.071428213822065
14062,5566,3,7.071428285343366
14062,6703,5,8.07142721333466
14062,9244,1,5.0714283644360405
14062,9618,1,6.071428356864667
