user_id,book_id,rating,predict
1421,5226,3,6.7499570949475745
1421,5838,4,7.749998843451461
1421,6219,4,8.749997231066816
1421,7378,4,-1.249998858202737
1421,7662,3,6.749999568864881
1421,7872,5,6.749999438751471
1421,8109,5,7.749999616446597
