user_id,book_id,rating,predict
14366,6591,5,8.39999930576741
14366,6840,3,4.4
14366,7433,5,7.399999836894066
