user_id,book_id,rating,predict
14409,5592,4,4.230769230769231
14409,7684,4,7.230769077416714
14409,7957,4,9.230767606147515
14409,8005,5,9.230768680832497
14409,8695,2,8.230761138202553
14409,8822,5,9.23076860471057
