user_id,book_id,rating,predict
15008,3911,4,3.9642857142857144
15008,4692,5,0.9642865125414342
15008,5126,5,3.9642857142857144
15008,6006,4,8.96422818617101
15008,6625,4,7.964284847258428
15008,6880,3,5.96428475232501
15008,7444,4,7.964281303370335
15008,7690,3,8.964285459210654
15008,7723,4,7.9642837078900754
15008,7950,4,7.964284354226492
15008,8611,4,8.964285000786113
15008,9125,3,8.964285534423492
15008,9194,3,6.964285585889527
