user_id,book_id,rating,predict
1510,1844,5,3.5833333333333335
1510,5241,4,3.5833333333333335
1510,5537,5,3.5833333333333335
1510,6748,4,3.5833333333333335
1510,6905,4,6.5833325509419325
1510,7172,5,3.5833333333333335
