user_id,book_id,rating,predict
15201,6292,4,4.714285714285714
15201,6926,5,8.714285280511357
15201,7300,4,9.714285084202887
