user_id,book_id,rating,predict
15454,5965,4,8.066463516737514
15454,6735,4,5.066664184333236
15454,7391,5,9.066666250601024
15454,7595,5,8.066564267046589
15454,8137,5,7.066665783976307
15454,8668,5,9.06666649235154
15454,9062,2,8.066666377738354
