user_id,book_id,rating,predict
1547,5593,3,5.124999808582344
1547,5656,5,8.12499947626386
1547,6132,2,6.124999685758317
1547,6241,4,8.124978966762544
1547,6460,4,3.125
1547,6737,3,6.124994421056036
1547,7545,2,6.124999395719081
