user_id,book_id,rating,predict
1597,2872,5,-0.42856684351139007
1597,3119,3,3.5714285714285716
1597,6068,4,6.571427138701937
1597,6394,2,2.571428846568819
1597,7708,4,6.571428098068024
1597,7751,3,6.57142832770748
