user_id,book_id,rating,predict
16083,6083,4,8.42856428889644
16083,6138,3,0.42857221890223807
16083,6359,3,6.428571309512622
16083,8477,3,7.428571316321676
