user_id,book_id,rating,predict
16390,843,3,-0.1428563626832582
16390,1467,3,6.857142191933541
16390,1514,5,7.857142521123329
16390,1557,3,7.857137495490836
16390,7275,5,3.857142857142857
16390,9743,4,3.857142857142857
