user_id,book_id,rating,predict
16445,1842,3,-0.38094946229567395
16445,2433,3,7.619046319311623
16445,2789,4,8.619047263112513
16445,2945,2,4.619047384792976
16445,3087,2,1.6190576373345051
16445,5570,3,8.619041281480175
16445,8024,3,3.619047619047619
16445,8631,4,8.619046231185768
16445,9852,4,8.619047026426587
