user_id,book_id,rating,predict
16694,3500,3,5.285714025458344
16694,4633,4,3.2857142857142856
16694,6196,4,-1.7142841670305433
16694,6598,3,3.2857142857142856
16694,7990,4,8.285714021706404
16694,8011,4,8.285714021706404
16694,9311,3,7.285714012825966
