user_id,book_id,rating,predict
16828,2914,3,7.571427820529638
16828,3092,2,5.571428332643816
16828,6988,5,1.5714319668374652
16828,7366,4,6.57142799055471
16828,7708,2,3.5714285714285716
16828,9038,3,7.571427836607308
16828,9772,4,8.57142764070318
