user_id,book_id,rating,predict
16949,3238,4,6.799999309844532
16949,8731,4,7.799999420013992
16949,9663,4,5.799999919363649
