user_id,book_id,rating,predict
17057,4161,4,3.0
17057,4281,3,6.999999484123228
17057,5112,1,7.999997901448425
17057,5520,4,3.0
17057,5902,3,7.999997901448425
