user_id,book_id,rating,predict
17288,1761,5,8.099999623063992
17288,2206,5,7.0999996261757445
17288,7588,2,7.0999995921066645
17288,8073,4,8.099998122727955
17288,8496,3,7.099999146138515
17288,9170,3,8.099962747447847
17288,9399,5,-0.899980415959452
17288,9490,5,6.099999553650531
17288,9509,3,8.09999953495756
