user_id,book_id,rating,predict
17353,8032,4,6.799999901117263
17353,8356,4,8.79999993761589
17353,8793,5,7.79999994190527
