user_id,book_id,rating,predict
17360,7248,4,9.124999849281561
17360,7613,4,7.124999236513359
17360,7824,5,9.124999280625147
17360,9074,4,7.124999906061238
