user_id,book_id,rating,predict
17416,3123,4,3.88
17416,4104,4,3.88
17416,4421,3,3.88
17416,4526,4,8.879995028474843
17416,4531,4,7.879996022779874
17416,5761,4,3.88
17416,5865,4,7.879999704367529
17416,6195,3,7.8799996673912505
17416,6234,3,8.879997551331133
17416,6844,3,3.88
17416,7662,4,-1.1199756156329084
