user_id,book_id,rating,predict
1749,6362,5,9.499999857721903
1749,6378,3,8.499999881678404
