user_id,book_id,rating,predict
1784,5334,4,5.777776671394593
1784,5374,3,6.777776994664807
1784,5395,2,3.7777777777777777
1784,5792,3,6.777777644665984
