user_id,book_id,rating,predict
1795,6033,5,5.782606991897433
1795,6491,5,-0.21738975441116226
1795,6871,4,3.782608695652174
1795,7382,4,3.782608695652174
1795,8802,3,6.782606644135304
1795,9205,4,5.782607955301884
1795,9246,4,7.782607154561324
1795,9582,3,7.782608315953458
1795,9715,4,6.782607361639758
1795,9930,3,6.782607717199886
