user_id,book_id,rating,predict
17980,7045,4,7.3333332936470565
17980,7879,4,8.33333326859683
