user_id,book_id,rating,predict
18239,2784,3,3.75
18239,3385,3,-1.2499976269227782
18239,3603,4,3.75
18239,3954,5,3.75
18239,4620,5,-1.2499976269227782
18239,6475,4,7.749999809593394
18239,7476,5,7.749999764849007
