user_id,book_id,rating,predict
1895,1792,5,7.944442820906319
1895,2018,5,8.944444229791458
1895,2612,4,6.944444331329263
1895,2739,4,7.944443667785118
1895,3186,3,7.944440582175183
1895,5395,4,3.9444444444444446
1895,7003,3,7.944443558159264
1895,8456,2,5.944438879864168
