user_id,book_id,rating,predict
19108,3779,4,7.555555280341457
19108,5080,4,8.555554964498018
19108,8631,5,6.5555530115832665
19108,9860,5,7.555554873989182
