user_id,book_id,rating,predict
19284,4704,3,3.5625
19284,5723,4,3.5625
19284,7384,5,-0.4374919071115766
19284,8007,2,6.562498705998541
19284,8677,4,-0.4374993347882019
19284,8809,4,8.56249887077622
19284,9386,5,7.562499398444238
