user_id,book_id,rating,predict
19329,4407,4,1.6285727609716267
19329,4710,5,8.628569586864751
19329,4966,5,8.628570372165717
19329,5016,5,8.628570536518687
19329,5535,5,5.628571164470001
19329,5697,5,7.628571110190856
19329,6164,5,9.628570725349583
19329,6671,4,7.62857004729142
19329,6815,5,7.628570272082213
19329,6881,5,9.628570851867103
19329,7514,5,8.628571180005343
19329,7588,4,7.628571294482218
19329,7653,5,9.628569848961138
19329,7943,4,8.628570740788874
19329,8021,4,7.628570837999483
