user_id,book_id,rating,predict
19608,3139,5,4.3125
19608,3954,5,4.3125
19608,5581,4,6.312499706260031
19608,5663,5,4.3125
19608,5911,3,8.312499433767279
19608,6141,5,9.312498457275773
19608,6315,4,8.312498708880863
19608,6356,3,4.3125
