user_id,book_id,rating,predict
19783,4161,2,6.249993725528256
19783,4814,1,3.25
19783,5455,4,3.25
19783,6550,3,8.249998843602558
19783,7653,3,7.24999783426972
19783,7897,4,6.249999869401384
