user_id,book_id,rating,predict
19815,3796,4,8.399998167661899
19815,4126,4,4.4
19815,4357,5,4.4
19815,4596,4,8.399996977524664
19815,7023,1,-0.5999981615549075
