user_id,book_id,rating,predict
19857,946,4,9.444441812584275
19857,2021,4,6.4444440688701405
19857,2119,5,6.444444293679658
19857,2269,3,9.444443780372215
19857,2293,4,9.444444136198811
19857,5671,4,6.444444236575082
19857,6270,3,-0.5555527856672224
19857,9234,5,7.444444336731225
