user_id,book_id,rating,predict
19938,4015,5,8.499999664819978
19938,5009,2,8.49999974180113
19938,5626,3,3.5
