user_id,book_id,rating,predict
19980,1461,4,9.272725571217759
19980,1596,5,8.272725324907494
19980,2384,5,9.272726165778918
19980,2413,5,8.272726520126023
19980,7017,5,9.272724017679064
19980,7099,4,8.272724668688706
19980,7173,5,4.2727272727272725
19980,7371,5,9.272716281269487
19980,7941,4,8.27272637586751
19980,8399,4,9.272723729934022
19980,8596,4,9.272725871381777
19980,8790,5,7.272726502668695
19980,8796,5,8.272726583960736
19980,8861,4,7.272726600082451
19980,8984,5,7.272726696996436
