user_id,book_id,rating,predict
20169,1777,2,3.727272727272727
20169,6285,4,3.727272727272727
20169,6647,4,3.727272727272727
20169,7493,5,-1.2727261705597264
20169,7648,3,3.727272727272727
