user_id,book_id,rating,predict
21059,671,5,8.404759063577469
21059,1013,5,7.404759047650874
21059,4399,2,4.404761904761905
21059,5354,5,9.404760528488652
21059,5396,4,8.404759367420695
21059,6029,5,8.404760689318277
21059,6141,5,4.404761904761905
21059,6192,5,8.404760296446812
21059,6693,4,7.40475936003075
21059,6836,5,8.404761170290378
21059,7671,4,8.404761419115136
21059,7825,3,7.404760970965819
21059,8343,5,9.404761675609585
21059,8696,5,9.40476054907763
21059,8768,5,9.404761142320453
21059,8897,4,9.404757022662269
21059,8899,5,8.404760681463214
21059,9073,4,6.40476137715937
21059,9199,4,8.404761365165783
