user_id,book_id,rating,predict
21170,1618,3,8.357142009835016
21170,1894,3,6.3571422804809545
21170,2940,4,8.357079414129188
21170,5918,2,5.357130109260845
21170,7528,1,7.357141093696313
21170,8356,2,1.3571509938676167
