user_id,book_id,rating,predict
21432,7453,5,9.666666118944562
21432,7507,4,-0.3333330259831291
