user_id,book_id,rating,predict
21535,3741,4,8.3749996802172
21535,4066,4,8.374999806139257
21535,4444,2,8.374999373475305
21535,4616,4,5.374999546912504
21535,7941,5,8.374999336125997
21535,9155,5,8.374999447421512
21535,9639,5,9.374999722651442
21535,9795,4,7.374999773019804
