user_id,book_id,rating,predict
21618,2512,5,8.199999568478896
21618,2696,5,9.199999737315109
21618,2907,5,7.199999830838015
21618,2994,4,9.1999994104911
21618,3014,5,7.199999846655871
21618,3352,4,7.199999431937282
21618,3390,5,8.19999966838526
21618,4136,4,6.199996472311765
21618,5094,4,7.19999943795332
21618,6084,2,9.19999886467609
21618,7556,4,1.200004598089782
21618,8257,5,8.199999829312375
21618,9663,4,6.199999674364102
21618,9746,5,8.199999461483724
