user_id,book_id,rating,predict
21620,2258,4,3.6363636363636362
21620,4624,5,3.6363636363636362
21620,6192,3,3.6363636363636362
21620,6598,3,8.636363136702094
21620,8222,4,8.636362901395083
