user_id,book_id,rating,predict
21857,3493,5,4.166666666666667
21857,3674,2,0.1666669939000096
21857,4395,4,-0.8333324564795364
21857,4643,3,4.166666666666667
21857,6413,1,8.166664565875696
21857,7291,2,7.166666232140153
