user_id,book_id,rating,predict
21878,582,2,7.3499983617761515
21878,690,3,-0.6499964353298018
21878,968,3,5.349999709583511
21878,1309,4,6.349996720246253
21878,1329,3,8.34994898382796
21878,1422,4,4.349999843823721
21878,1570,4,6.3499993935931265
21878,2805,4,3.35
21878,3471,4,3.35
21878,3572,4,8.349981225273279
21878,4153,4,8.34999926410461
21878,5081,3,6.3499990470339975
21878,5205,4,3.35
21878,5226,5,3.35
21878,6607,3,7.349999035963823
21878,7111,3,8.349996308312031
21878,7580,1,3.35
21878,7779,3,7.349995502054238
21878,7873,3,6.349998375144654
21878,7946,4,8.349998955802668
21878,8220,3,7.349999250341566
21878,8948,4,3.35
21878,9004,4,4.349999343851723
21878,9280,3,8.34999926410461
21878,9378,4,3.35
21878,9472,4,7.3499966731512565
21878,9873,4,3.35
