user_id,book_id,rating,predict
21921,580,4,3.875
21921,1756,4,3.875
21921,3789,4,-1.1249986455599839
21921,5369,4,7.874993511620155
21921,7145,4,7.874978323859779
21921,7151,5,7.874999780762003
21921,7386,3,7.874996547853474
