user_id,book_id,rating,predict
22245,5111,3,3.25
22245,7772,2,0.25000108374410557
22245,8205,4,8.249999837519194
