user_id,book_id,rating,predict
22272,5624,5,7.7272666915829005
22272,7855,5,9.727271275263853
22272,7991,4,8.727271898500334
22272,8207,3,6.727272228998935
22272,8280,5,7.727272467529499
