user_id,book_id,rating,predict
22428,2734,3,8.42857110479386
22428,6077,5,-0.5714184172380685
22428,6379,4,7.428558855180273
22428,6568,5,7.428558855180273
22428,7535,3,4.428571428571429
22428,7865,5,-0.5714275358722389
22428,9590,5,1.4285725933027327
