user_id,book_id,rating,predict
22690,4536,2,4.25
22690,6058,5,9.249999808071845
22690,6392,5,-0.749999843652807
