user_id,book_id,rating,predict
22869,4878,4,4.0588235294117645
22869,6004,4,1.0588246602790186
22869,6221,4,-0.9411551013498762
22869,6289,5,8.058819063251052
22869,6370,5,8.058823290104815
22869,7084,5,6.0588233762514205
22869,7413,4,8.058822998344166
22869,7610,4,8.058821089769866
