user_id,book_id,rating,predict
23,4451,3,6.034463493609289
23,5868,3,-0.9653162638120603
23,6304,3,8.034482182096705
23,6827,4,3.0344827586206895
23,6862,4,8.034482125107331
23,6905,4,7.034481991440183
23,7482,2,6.0344751564704495
23,7545,2,4.0344824791642155
23,7729,3,-0.9654985118717847
23,8166,2,5.034482523123483
23,8227,2,7.034482547078204
23,8255,3,6.034482401372638
23,8379,3,7.034482282289954
