user_id,book_id,rating,predict
23114,3845,1,3.2777777777777777
23114,4884,1,7.277776284881659
23114,5027,3,3.2777777777777777
23114,5274,5,3.2777777777777777
23114,6220,5,3.2777777777777777
23114,6620,5,0.2777809370664266
23114,6660,1,3.2777777777777777
23114,8681,5,7.277777102926066
23114,8789,4,6.277776109950453
