user_id,book_id,rating,predict
23150,3946,5,8.923053075732405
23150,8791,4,7.923076252819472
23150,8923,3,7.923076541887569
23150,9001,4,3.923076923076923
23150,9372,5,-1.0768874934163875
23150,9629,3,7.923076517241974
