user_id,book_id,rating,predict
232,4015,3,4.066666666666666
232,4421,3,4.066666666666666
232,4640,5,4.066666666666666
232,5019,4,-0.9332709586982801
232,5374,3,4.066666666666666
232,5704,3,8.066665661312236
232,5792,3,8.066647014578441
232,6007,5,9.066664150344163
232,7022,3,8.0666663523958
232,7251,3,0.06669423212159797
232,7338,4,7.066666112022503
232,7664,3,7.06666584504584
232,7810,3,9.066666410778975
