user_id,book_id,rating,predict
23245,5475,5,9.26666615423229
23245,5511,4,4.266666666666667
23245,5697,4,7.266666450658443
23245,5757,4,6.26666569227838
23245,6614,4,8.266664306476125
23245,7112,3,9.266666223685018
23245,7583,5,7.266666456553799
