user_id,book_id,rating,predict
23302,1933,4,3.5
23302,3272,4,4.499999961115302
23302,3288,2,6.499999853160654
23302,3438,3,6.499999865535653
23302,3538,3,5.499999941373752
23302,4235,3,8.499999854835753
23302,4264,5,8.499999854835753
23302,4591,3,8.499999689379258
