user_id,book_id,rating,predict
23444,4035,3,3.35
23444,4134,4,6.349996298832577
23444,4136,4,8.349995251016063
23444,4884,3,8.349997792397211
23444,6626,3,8.349995251016063
23444,6663,5,8.349999041218576
23444,6836,4,7.34999973676369
23444,6941,3,6.349999802572768
23444,7126,4,-1.6499464316023027
