user_id,book_id,rating,predict
2359,2295,4,7.299999277576985
2359,2409,5,9.299999248986502
2359,6157,4,4.3
2359,6526,4,8.299997647251868
2359,6617,4,2.3000005324061177
2359,7592,4,-0.6999882181107706
2359,8031,4,9.299995112363241
2359,9432,5,8.299999182493535
2359,9927,5,4.3
