user_id,book_id,rating,predict
24077,5618,4,6.77777071790609
24077,5710,3,8.777775290312412
24077,5791,4,8.777775725471455
24077,6542,4,0.7777778994799931
24077,6912,4,6.777777704191939
