user_id,book_id,rating,predict
24416,2263,3,3.34375
24416,4153,3,3.34375
24416,4211,2,3.34375
24416,4341,3,3.34375
24416,4688,4,-0.6562489024821736
24416,5241,3,3.34375
24416,5624,3,6.343744622671235
24416,6405,3,7.3437498228359495
24416,6520,3,7.343749335322823
24416,6802,4,8.343748784711446
24416,7099,4,8.343747392221136
24416,7958,4,7.343749622107575
24416,8280,3,7.3437495569434486
24416,8382,3,8.343749504811349
24416,8387,3,7.343749634107214
