user_id,book_id,rating,predict
24507,721,3,-1.299995710898732
24507,1389,5,7.699995984612393
24507,2005,5,6.699998990858717
24507,2009,3,7.699999089367383
24507,2903,4,6.699999770870325
24507,3340,2,8.69999978359433
24507,5374,3,3.7
24507,8269,2,6.699998719795842
24507,9513,2,4.699988400742265
