user_id,book_id,rating,predict
24632,220,3,4.081632653061225
24632,764,4,8.08162705088289
24632,1245,4,8.081598406691693
24632,1300,4,9.081631882097057
24632,1301,4,4.081632653061225
24632,1406,4,1.0817433686802485
24632,1610,4,8.081630207206086
24632,1733,4,8.0816314518017
24632,1842,4,8.081632175085963
24632,1911,3,8.081628599310246
24632,1961,4,7.081610113664427
24632,2066,3,8.081630045961187
24632,2207,3,9.081630671347803
24632,2348,4,8.081631889136904
24632,2359,4,9.081631681247055
24632,2370,4,7.081619450490905
24632,2710,4,6.081632359516844
24632,2822,3,9.08163212740732
24632,3067,4,8.081632344604447
24632,4335,5,9.081631359553553
24632,8898,5,8.0816323066364
24632,9119,4,8.081632352410054
