user_id,book_id,rating,predict
24711,1756,4,3.5
24711,4054,4,7.499999739388509
24711,4388,4,3.5
24711,6630,4,3.5
24711,7332,4,8.499999609640078
24711,7810,5,6.499999434314688
24711,8052,4,8.499996115233227
24711,8259,5,7.499999773725782
