user_id,book_id,rating,predict
24724,5344,5,3.5454545454545454
24724,6218,4,8.545453187754227
24724,7521,5,6.545454319747348
24724,7580,5,3.5454545454545454
24724,8035,2,7.5454542454970905
24724,9385,1,8.54545356672252
