user_id,book_id,rating,predict
24732,5256,5,4.65
24732,5580,5,9.649997194367593
24732,5784,5,4.65
24732,6567,4,6.649998113547226
24732,6607,4,9.649996765116411
24732,7855,5,7.649998929370664
24732,8253,4,8.649999295659658
24732,8555,5,8.649999818140254
24732,8640,5,7.649998929370664
