user_id,book_id,rating,predict
24748,3836,5,2.8125
24748,5830,4,2.8125
24748,6865,3,2.8125
24748,7374,4,5.8124994843796145
24748,7543,5,2.8125
24748,7715,4,7.812491466091863
24748,8863,4,7.81249884837257
