user_id,book_id,rating,predict
24756,2744,2,3.888888888888889
24756,3998,4,6.888881905631803
24756,4136,4,3.888888888888889
24756,4389,5,7.888888729690919
24756,5094,3,4.888888832227222
24756,5397,2,6.888888056940942
24756,5745,5,8.888888605580554
24756,7385,1,6.8888887694904115
