user_id,book_id,rating,predict
24776,3836,5,4.5
24776,5490,5,8.499998882154088
24776,6102,5,4.5
24776,6359,4,6.499999906104696
24776,6608,5,7.499999865835926
