user_id,book_id,rating,predict
24809,3867,3,2.909090909090909
24809,5420,3,7.909087797848492
24809,6529,3,-0.09090890212353608
24809,6630,4,2.909090909090909
24809,6693,3,7.909031810467278
24809,6852,2,7.909090597244562
