user_id,book_id,rating,predict
2520,3368,5,0.333336881727591
2520,3436,3,4.333302950363001
2520,3598,3,3.3333333333333335
2520,3733,4,7.33333171075976
2520,4097,3,3.3333333333333335
2520,4770,4,3.3333333333333335
2520,4834,3,3.3333333333333335
2520,5391,3,6.33333298593639
2520,5562,3,6.333332116403153
2520,5849,4,3.3333333333333335
2520,5900,4,6.33333298593639
2520,6394,3,2.333334780296281
2520,6434,3,-1.666662157420625
2520,6468,3,6.3333328158008735
2520,6883,4,8.333331480768566
2520,6958,4,-0.6666474961479789
2520,7275,5,8.333332027099136
2520,7318,3,6.333332969678539
2520,7421,4,8.333332152119754
2520,7543,4,6.333332674205485
2520,7550,4,7.333332517049582
