user_id,book_id,rating,predict
25275,4386,5,7.999999771626151
25275,5110,5,8.999999882345456
25275,7539,3,5.999999877176089
25275,9164,4,5.9999999145833804
