user_id,book_id,rating,predict
25493,4493,3,3.4444444444444446
25493,4824,4,3.4444444444444446
25493,5442,4,3.4444444444444446
25493,8326,4,5.444444141731785
25493,8936,4,8.444444053409747
