user_id,book_id,rating,predict
25621,4353,4,8.16666639151762
25621,4756,4,8.16666639151762
25621,6306,4,5.166666620343885
