user_id,book_id,rating,predict
25658,3328,2,3.7777777777777777
25658,5307,3,6.777774522217783
25658,5474,4,3.7777777777777777
25658,6926,4,7.777776677960235
25658,8320,3,7.777777569181561
