user_id,book_id,rating,predict
25801,4615,4,8.111109924447398
25801,5174,3,9.11110962778147
25801,5307,5,7.111110658820698
25801,6124,4,4.111111111111111
25801,6226,4,8.11111028668072
25801,7708,4,9.1111086406606
25801,7960,4,7.111110894611691
25801,8414,5,9.111102566828603
