user_id,book_id,rating,predict
2604,5521,5,8.92307648409298
2604,5607,5,8.92307648409298
2604,7509,4,8.92307648409298
2604,7625,5,6.92307655230495
2604,7722,5,8.92307669208431
2604,8101,5,8.92307669208431
