user_id,book_id,rating,predict
26046,5571,4,8.39999960045366
26046,5727,4,9.399999884224865
26046,6613,3,8.399999506871342
