user_id,book_id,rating,predict
26175,2928,5,3.5625
26175,3107,3,7.562499596004754
26175,4746,3,3.5625
26175,4910,4,8.562497715134008
26175,5172,3,7.562499596004754
26175,5375,4,-0.4374885663183927
26175,6020,2,8.562407435209776
26175,6162,5,7.562498172107206
