user_id,book_id,rating,predict
26211,4591,3,6.999999921608805
26211,9555,5,6.999999963257652
