user_id,book_id,rating,predict
26240,1623,4,9.499999865744705
26240,1862,4,5.499999800706713
26240,1880,5,9.499999206639172
26240,1886,5,9.499999736885616
26240,2143,5,9.499999756567721
26240,2416,5,9.499999545168727
26240,2504,5,8.499999789508493
26240,2654,5,8.499999772347792
26240,2760,4,8.499999687306197
26240,5976,3,9.499998529921587
26240,6598,4,4.5
26240,8157,5,9.499999675162067
26240,8214,5,6.499999906227134
26240,8978,5,9.499998735089246
26240,9441,3,9.499999675162067
