user_id,book_id,rating,predict
26384,6687,2,3.3333333333333335
26384,7514,4,7.3333332813394865
26384,7559,4,-1.6666658935536538
