user_id,book_id,rating,predict
2638,448,5,3.3684210526315788
2638,548,2,2.368422159723354
2638,3123,3,3.3684210526315788
2638,3413,4,3.3684210526315788
2638,3831,3,8.368412456356012
2638,4397,3,8.368414126133901
2638,4417,2,3.3684210526315788
2638,4936,5,3.3684210526315788
2638,5451,3,3.3684210526315788
2638,5493,4,7.3684190810410835
2638,5505,3,-0.6315633443000039
2638,5508,3,-1.631577321019658
2638,5778,4,3.3684210526315788
2638,6782,4,3.3684210526315788
2638,7681,4,6.368420091743461
2638,7974,3,-0.6315785582063014
2638,9116,3,7.368420714992659
