user_id,book_id,rating,predict
26724,4323,5,3.4615384615384617
26724,4824,3,3.4615384615384617
26724,5959,4,0.4615389895931945
26724,5979,5,3.4615384615384617
26724,6450,4,-0.5384602424683811
26724,6862,4,8.461537461202319
