user_id,book_id,rating,predict
2687,1282,3,7.58064484260651
2687,1859,5,9.580643734914913
2687,2004,1,8.580644020189995
2687,2098,4,9.580644571113371
2687,2103,5,9.580643822245026
2687,2192,2,7.580644363769645
2687,2304,3,8.580644446672558
2687,6604,3,2.5806536137233134
2687,8132,4,4.580645161290323
2687,8141,4,4.580645161290323
2687,8163,3,4.580645161290323
2687,9022,3,8.580643520566202
2687,9024,5,0.5806634747265029
2687,9691,4,7.5806443984956235
