user_id,book_id,rating,predict
26902,5531,3,5.666665718853346
26902,6376,5,8.666666450248714
26902,7601,5,7.66665991248091
26902,7622,2,-0.33333226002144434
