user_id,book_id,rating,predict
27139,2872,4,9.24999915522151
27139,6090,4,6.249999563651754
27139,6358,3,4.25
27139,6660,4,8.249997552902931
27139,7875,3,0.2500067038847815
27139,8122,4,0.25000220822272023
27139,8184,4,7.249999704196039
27139,8193,5,7.249999818979715
27139,8385,3,8.24999977147429
27139,8671,4,6.249985433006472
27139,9096,5,6.249999662940041
