user_id,book_id,rating,predict
27203,6308,3,-1.9999997550510464
27203,6801,3,6.999999783607741
27203,6952,3,-1.9999997704657781
