user_id,book_id,rating,predict
27254,5605,5,4.5
27254,5791,5,9.499999376914396
27254,5897,5,1.5000001272792067
27254,7435,5,7.499999792153914
27254,8638,4,9.499999755051029
27254,8646,5,8.499999682509976
