user_id,book_id,rating,predict
27526,7561,4,3.6
27526,7615,5,6.599999448490167
27526,8105,5,7.599998991015571
27526,8175,5,3.6
27526,9094,4,7.599999524999825
