user_id,book_id,rating,predict
27715,2537,5,9.399994921342525
27715,3796,5,0.40000262564983213
27715,3944,5,7.399999825372892
27715,4126,5,4.4
27715,5169,5,1.4000019692373744
