user_id,book_id,rating,predict
2779,1182,3,6.178566527898047
2779,1241,3,8.178566705854736
2779,1491,4,8.178571119309735
2779,1715,4,7.178570946813583
2779,1770,4,6.178570517604017
2779,1810,5,5.1785702325918
2779,2173,4,7.178570749569001
2779,3186,4,3.1785714285714284
2779,4706,3,3.1785714285714284
2779,7559,4,3.1785714285714284
2779,7732,3,6.1785703705916255
2779,8068,3,7.178570644632054
2779,9890,3,5.178571001391031
