user_id,book_id,rating,predict
28052,4107,5,-1.749999755333711
28052,4414,5,3.25
28052,8221,4,8.249999010050853
