user_id,book_id,rating,predict
28409,5244,4,8.499999886862916
28409,7540,4,7.499999394029262
