user_id,book_id,rating,predict
28438,717,3,9.653060854745036
28438,1122,3,5.653061085866385
28438,1140,4,9.653060475278526
28438,1197,5,8.653060779528465
28438,3624,5,7.65306059441127
28438,3901,3,8.653059454576068
28438,4207,5,6.6530608044374455
28438,4596,5,9.653059599581313
28438,5267,4,9.653054881421092
28438,5622,5,7.65306059441127
28438,5633,5,7.65306059441127
28438,6270,5,9.65306017435892
28438,6562,5,8.653060477467232
28438,6571,3,8.65305915102658
28438,6747,5,8.65305915102658
28438,6861,5,7.653060844353647
28438,6911,3,7.653059669392384
28438,7091,5,8.653060536423935
28438,7452,5,9.653060270053954
28438,8003,5,8.653060477467232
28438,8123,5,8.653060477467232
28438,8970,2,4.653061224489796
