user_id,book_id,rating,predict
285,5335,3,7.857142762008713
285,6030,4,6.857142773476863
285,6232,5,7.857142729057111
285,6786,2,5.857142805392242
