user_id,book_id,rating,predict
28557,6545,5,7.333333232710279
28557,7618,5,9.33333087773099
