user_id,book_id,rating,predict
28679,1115,3,6.749999181943708
28679,1294,3,7.749999752894304
28679,1370,5,6.749999667556666
28679,1771,2,6.749996580858818
28679,3415,4,3.75
28679,3815,4,8.749991355060406
28679,5432,3,6.749999140830095
28679,5806,4,3.75
28679,6024,4,3.75
28679,7386,4,7.749995604831538
28679,8280,4,7.749999214988687
28679,8690,4,0.750000604391623
28679,9018,5,6.74999951660306
