user_id,book_id,rating,predict
28845,5788,3,-1.4999990672613706
28845,7073,2,0.5000001754992658
