user_id,book_id,rating,predict
28994,5116,5,4.25
28994,6603,3,7.249997623110854
28994,8079,4,9.249999481455061
