user_id,book_id,rating,predict
291,4270,5,8.999998663478436
291,6880,5,4.0
291,7270,4,6.999999498004199
291,7299,3,8.999999308046068
291,8243,4,7.99999964900144
291,9126,5,7.999999841254925
291,9213,3,8.99999967093851
291,9217,4,4.0
291,9238,4,7.999998412550616
291,9290,1,8.999999561251801
