user_id,book_id,rating,predict
2912,539,5,5.999999721891754
2912,589,4,8.999999628988899
2912,619,4,8.9999993359235
2912,842,5,8.999999628988899
2912,947,5,7.999999434751187
2912,1371,4,4.0
2912,5012,4,4.0
2912,5508,3,8.999992592418256
2912,5649,5,4.0
2912,7748,3,6.999998396753439
2912,8274,4,8.999991443177898
2912,8868,3,7.999999057697888
2912,9588,3,1.0000010138874282
