user_id,book_id,rating,predict
29406,1904,5,4.5
29406,4486,5,0.5000016155912168
29406,5249,5,9.49999902020333
29406,6058,5,9.499999836323124
