user_id,book_id,rating,predict
2959,279,4,3.4361702127659575
2959,506,3,7.43616942565694
2959,536,3,8.436169228879686
2959,632,4,6.436167726991573
2959,752,4,8.436168801317717
2959,881,3,3.4361702127659575
2959,886,4,8.43616888270219
2959,920,3,7.436169092380666
2959,1000,4,7.436169403424904
2959,1065,4,7.436168547705886
2959,1076,1,7.436168547705886
2959,1081,4,8.4361687227533
2959,1170,3,8.436169320907393
2959,1203,2,8.4361693250859
2959,1263,3,5.436169752275837
2959,1264,5,8.43616920108964
2959,1328,3,8.436169483225306
2959,1335,3,7.4361696291334365
2959,1345,2,7.436169630690567
2959,1353,4,7.436169546286054
2959,1399,3,8.436169083188172
2959,1504,4,7.436169309103729
2959,1508,3,6.4361697762094146
2959,1511,2,7.43616942565694
2959,1563,4,5.436169883882669
2959,1651,4,8.43616949683134
2959,1671,1,6.43616976487071
2959,1699,3,7.436169408417348
2959,1730,2,7.4361696925029515
2959,1736,2,6.4361697750415665
2959,1738,3,6.436169719441024
2959,1804,3,6.436169598370583
2959,1807,5,4.436170062163349
2959,1819,4,7.436169554999379
2959,1894,2,6.436169794090758
2959,1997,4,6.436169622434194
2959,2058,5,7.436169628887413
2959,2113,3,7.436169683866843
2959,2118,5,7.436169700977361
2959,2164,4,7.436169309103729
2959,2167,4,7.436169764174647
