user_id,book_id,rating,predict
29770,2864,5,8.444444104956705
29770,3596,5,9.444444296659572
29770,4177,4,9.444444296659572
29770,4201,5,8.444444159301211
29770,4258,3,7.444444317877412
29770,6295,3,4.444444444444445
29770,6297,4,9.44444418419128
29770,7753,5,9.4444438806827
29770,8257,5,8.444444281719472
