user_id,book_id,rating,predict
29956,3571,5,9.559999345880996
29956,4519,3,4.56
29956,5249,4,4.56
29956,5414,3,8.559999370349328
29956,5671,5,8.559998801077434
29956,5892,4,9.559999345880996
29956,7765,3,9.559997806227644
29956,7786,4,8.559998745882272
29956,7888,4,7.559999924903341
29956,9415,3,8.55999968609682
29956,9668,5,8.55999974273952
29956,9737,5,8.559998864420619
