user_id,book_id,rating,predict
30205,2744,4,4.166666666666667
30205,4616,4,9.166662401996522
30205,5119,4,4.166666666666667
30205,6344,4,7.166665021622896
30205,8342,3,4.166666666666667
30205,8585,4,9.166666302705128
30205,8945,4,8.166665763664394
30205,9155,4,8.166665763664394
30205,9592,4,9.166665537913826
