user_id,book_id,rating,predict
30304,470,3,3.860215053763441
30304,659,2,3.860215053763441
30304,822,4,3.860215053763441
30304,920,5,2.8602157029724102
30304,1055,4,3.860215053763441
30304,1168,5,3.860215053763441
30304,1303,3,8.860214733962923
30304,1420,5,7.860212634237044
30304,1492,5,6.860213905939725
30304,1777,3,3.860215053763441
30304,1778,5,3.860215053763441
30304,2018,3,8.860214615329774
30304,2085,4,7.860214639700761
30304,2107,3,8.860214452486932
30304,2117,4,6.860213671920043
30304,2136,3,8.860214635304008
30304,2157,5,6.860214059644781
30304,2295,4,6.86021480268778
30304,3472,4,8.860214265590102
30304,3557,5,8.860214526737307
30304,3707,3,6.860214445201898
30304,3878,4,8.860214452486932
30304,3973,4,8.860214461989877
30304,4348,5,5.860214586823455
30304,4691,5,7.860214718995893
30304,4777,5,8.860214562412295
30304,4893,5,3.860215053763441
30304,5051,5,6.86021447443096
30304,5327,5,8.860214251491108
30304,5734,3,7.860214718995893
30304,6413,5,7.8602144992538765
30304,6980,4,8.8602141693935
30304,7599,4,7.860214542906602
30304,8061,3,4.8602145234542755
30304,8289,5,8.860213694711998
30304,8366,4,6.860214408441571
30304,8906,4,8.860214562412295
30304,9280,5,6.860214203383418
30304,9542,4,6.860214044964929
30304,9834,4,7.860214726308314
30304,9990,3,8.86021470037873
