user_id,book_id,rating,predict
3079,5254,5,-1.4117567501869224
3079,6889,4,6.588234368033164
3079,7022,3,-0.41175495190461975
3079,7251,3,8.588233467853591
3079,8452,3,6.588234943321847
3079,8681,4,7.588234993532529
3079,9772,4,6.5882350762131106
3079,9794,2,6.58823471300415
