user_id,book_id,rating,predict
31041,1113,5,7.740740355472701
31041,1364,5,7.7407404191497005
31041,2024,3,3.740740740740741
31041,3930,4,6.740736276676314
31041,5189,3,8.740740082337577
31041,6195,4,3.740740740740741
31041,6354,4,3.740740740740741
31041,6727,3,3.740740740740741
31041,8611,5,7.740740096345787
31041,8690,2,3.740740740740741
31041,9311,3,7.7407398429918715
31041,9667,5,7.740740105495448
