user_id,book_id,rating,predict
31314,585,3,7.954544464124108
31314,720,1,5.954544130486636
31314,753,3,5.954544409482551
31314,1059,3,5.954544846148688
31314,1175,2,7.954544281070428
31314,1298,5,7.954545021154708
31314,1335,3,7.954544579060874
31314,3301,1,2.9545454545454546
31314,3651,5,7.954544183803888
31314,3917,2,5.954544692100514
31314,5893,5,-0.04471989095203721
31314,6218,3,7.954505427181848
31314,6296,2,6.954545001927606
31314,6734,3,6.954543333760865
31314,7110,4,7.954400230276921
31314,8004,5,5.954544130486636
31314,8031,3,6.95452882584124
31314,8196,3,5.954545016342024
31314,9636,2,4.954544865191881
