user_id,book_id,rating,predict
31445,4421,2,3.75
31445,4908,3,1.7500012276226868
31445,6234,3,7.749998326681237
31445,6320,3,8.749998379815445
31445,6840,3,6.749999312613758
31445,6984,3,2.7500021187202255
