user_id,book_id,rating,predict
31672,6189,5,8.333333219153458
31672,6296,5,9.33333312679946
