user_id,book_id,rating,predict
31717,1189,3,7.142856670975114
31717,1468,4,8.142856819465296
31717,1594,3,4.1428569950473815
31717,1680,3,7.142856164463558
31717,1803,3,7.142856930888344
31717,1930,3,7.142856399948748
31717,4404,3,3.142857142857143
31717,5355,2,3.142857142857143
31717,5423,3,5.1428544886368535
31717,5812,3,8.142815180605888
31717,6391,2,7.14285621630456
31717,6679,2,-0.8571320893391876
31717,6718,2,7.14285621630456
31717,7759,4,6.142856836014321
31717,8496,3,6.142854939766418
