user_id,book_id,rating,predict
31735,3368,3,6.83332959003913
31735,5131,4,8.833332943435124
31735,6315,3,7.833332339724997
