user_id,book_id,rating,predict
31790,5178,5,4.333333333333333
31790,5183,5,4.333333333333333
31790,6365,5,5.33333326917895
31790,7303,4,9.333333098595123
31790,7705,5,8.333333261724231
