user_id,book_id,rating,predict
31849,1045,3,8.599999735042182
31849,1551,4,6.599999641460745
31849,3347,4,-1.3999981061209081
31849,3950,3,3.6
31849,7652,5,0.60000042326886
31849,7792,4,6.599997699935557
31849,8002,4,3.6
31849,8060,4,6.599998592876263
31849,8065,3,6.599995185360218
31849,8151,3,7.599998747825966
31849,9130,4,6.599999470978591
31849,9307,5,3.6
