user_id,book_id,rating,predict
32080,3531,5,4.357142857142857
32080,5643,5,9.35714197391072
32080,7165,5,7.3571426816066525
32080,7590,5,9.357142634880187
32080,8183,5,0.35714753277805
32080,8308,4,7.357142679879697
