user_id,book_id,rating,predict
32099,7493,4,4.333333333333333
32099,7784,4,9.333333089659181
32099,9058,3,7.333333235416243
