user_id,book_id,rating,predict
32106,4314,5,8.062499101233588
32106,4450,3,7.062499423353994
32106,4655,3,8.062498964129865
32106,5854,4,8.062498841855462
32106,6597,3,8.062499843701687
32106,8436,4,8.062499770355451
32106,8941,3,7.0624997175665065
32106,9394,3,8.062499819610311
