user_id,book_id,rating,predict
32164,6140,5,9.428570483849764
32164,6821,4,8.42857100437781
32164,7376,5,7.428571138743782
