user_id,book_id,rating,predict
32290,2479,5,8.299999229306314
32290,5670,5,4.3
32290,6708,5,7.299998785093891
32290,7216,5,9.299999254097516
32290,7850,4,9.299999483871044
32290,8648,3,9.29999942639552
32290,9210,3,9.29999971392621
32290,9296,3,9.299999234680156
32290,9746,4,7.29999980812415
