user_id,book_id,rating,predict
32550,3405,4,4.875
32550,3554,5,1.8750194270916674
32550,4373,5,4.875
32550,4752,5,4.875
32550,4918,5,4.875
32550,5131,5,8.874999401334897
32550,5736,5,7.874998263354257
