user_id,book_id,rating,predict
3261,1578,4,6.19047487573499
3261,1963,3,9.190475225909552
3261,2009,3,9.190473462993133
3261,2213,4,7.190475813366153
3261,2219,4,6.1904759222470656
3261,2399,4,6.1904759222470656
3261,2458,4,6.1904759222470656
3261,2461,3,7.190475618022418
3261,2515,5,8.190470594623898
3261,2622,5,9.190474881313339
3261,2645,4,8.190475731211754
3261,2789,4,8.19047566913283
3261,2830,5,8.190475731211754
3261,2835,5,8.190475731211754
3261,2920,5,8.190475731211754
3261,2989,4,7.190475704274046
3261,3065,3,7.190475937691977
3261,3079,3,8.190475603128009
3261,3167,5,8.190475731211754
3261,3360,5,9.190475779543654
3261,3374,4,8.190475857130314
3261,3410,4,8.19047566913283
3261,3449,5,8.190475731211754
3261,3470,5,8.190475731211754
3261,3671,3,9.190475769169167
3261,3803,5,9.190475823427281
3261,3804,5,7.190475813366153
3261,3851,4,8.190475853430572
3261,3921,4,9.190475823427281
3261,3924,4,9.190475823427281
3261,3925,4,8.19047566913283
3261,4085,4,8.190475896837063
3261,4387,4,9.190475823427281
3261,4528,5,7.190475937691977
3261,4530,3,8.190475901034588
3261,4555,2,7.190475870385969
3261,4678,4,9.190475823427281
