user_id,book_id,rating,predict
32676,6794,4,7.499999853030628
32676,6859,4,7.4999998960769325
32676,8607,4,9.49999990871289
