user_id,book_id,rating,predict
32781,5112,4,8.916658567846765
32781,6269,4,5.916664826318966
32781,6689,4,8.916658567846765
32781,7064,4,6.916663906145116
32781,7533,4,8.91666541167582
32781,7536,4,8.916665641970857
