user_id,book_id,rating,predict
32962,2185,4,7.571428200767787
32962,2868,4,7.571428200767787
32962,3211,4,7.571424963900842
32962,3405,3,8.571427874250363
32962,3503,5,8.57142406201891
32962,3554,3,8.571427874250363
32962,4373,4,8.571427874250363
32962,5172,3,6.5714281178302825
32962,5246,5,7.5714279666308535
32962,5720,4,8.571426423215625
32962,5736,4,-1.4285417529903488
32962,6026,3,7.571428252501798
32962,6127,5,7.571427861534583
32962,6343,3,7.571428027401822
32962,6464,3,6.571428293432984
32962,6506,4,8.571427233574658
32962,6657,4,6.5714281178302825
32962,6803,4,7.571428100779011
32962,6974,4,7.571428156960115
32962,7202,3,7.571428373773579
32962,7415,3,7.571427854729789
32962,7782,5,7.571428221977937
32962,7847,5,8.571427943747901
32962,8219,4,7.571427976252441
32962,8344,3,8.571428134615278
32962,8364,3,8.571427927243876
32962,8621,3,7.571428092962542
