user_id,book_id,rating,predict
33100,2744,4,3.9
33100,5745,4,8.899997914333564
33100,5841,4,8.899999688799024
33100,7060,4,6.899999524677538
33100,7385,4,6.89999927750381
