user_id,book_id,rating,predict
33207,6,4,7.703296299248098
33207,12,3,7.703296299248098
33207,324,4,3.7032967032967035
33207,380,4,3.7032967032967035
33207,657,3,3.7032967032967035
33207,1148,4,3.7032967032967035
33207,1156,4,6.703272369415543
33207,1173,3,7.703296192896783
33207,1442,4,5.703295984662091
33207,1461,5,8.702689304157198
33207,1660,3,7.703290659984534
33207,1710,4,7.703295839778664
33207,1761,5,6.70329492918256
33207,1941,4,6.703294923685182
33207,2013,4,8.70329480690534
33207,2026,5,8.703294690557623
33207,2029,4,8.703295211971826
33207,2375,5,7.70329629512956
33207,2517,3,8.703295211971826
33207,2534,3,7.70329574593875
33207,2661,4,7.703292805104818
33207,2841,4,5.703295974058785
33207,3002,3,8.703294160474453
33207,3021,3,8.703295378035152
33207,3141,2,6.703295921733801
33207,3329,3,6.703296320496763
33207,3545,4,8.70329488020191
33207,3594,5,8.703294264136606
33207,4047,3,8.703294221415355
33207,4331,4,3.7032967032967035
33207,5592,4,6.703290598409673
33207,6354,4,7.703288143365931
33207,6746,4,7.703293876994049
33207,6770,2,-0.296698525711081
33207,6879,4,3.7032967032967035
33207,6984,5,1.703300785502117
33207,8069,5,6.7032954271896905
33207,8232,3,3.7032967032967035
33207,8979,5,6.703296040120566
