user_id,book_id,rating,predict
33325,6532,4,6.4999999599999985
33325,7306,4,6.499999930717969
