user_id,book_id,rating,predict
33662,218,3,7.409089265730733
33662,4210,3,7.409089504149575
33662,4403,4,5.409090206620243
33662,5064,2,3.409090909090909
33662,5098,4,6.409089467160056
33662,5731,4,8.40908952141287
33662,6084,3,7.409088678905373
33662,6959,3,-0.5909024334175803
33662,7167,3,7.409088347671931
33662,7671,3,6.409089740744015
33662,7720,3,7.409089439774846
33662,8669,3,7.4090904712622425
33662,8897,3,8.409089543848637
33662,9061,4,7.409090696788182
33662,9073,3,6.409090283458124
33662,9149,4,7.4090888607776515
33662,9189,3,6.409090701080993
33662,9417,4,6.409090672463165
33662,9853,3,5.409090770417632
