user_id,book_id,rating,predict
34192,2171,3,4.461538461538462
34192,4808,4,4.461538461538462
34192,6538,5,4.461538461538462
34192,6867,4,7.4615383170539085
34192,6891,5,9.461538282512828
34192,7457,5,8.461538210152709
