user_id,book_id,rating,predict
34264,5624,5,8.142848220069073
34264,6270,4,8.142829867863547
34264,6520,5,7.1428564968604515
34264,6713,5,1.142858208272648
34264,7933,3,8.142856967291948
34264,8126,5,8.14285690228917
34264,8913,4,-0.8571422001295028
34264,8971,3,4.142857142857143
34264,9336,3,7.142856867943838
34264,9882,2,7.1428563661908635
