user_id,book_id,rating,predict
34393,4995,4,4.428571428571429
34393,5753,4,2.4285752080907272
34393,6446,4,4.428571428571429
