user_id,book_id,rating,predict
34954,8031,3,7.666666393414559
34954,8295,4,3.6666666666666665
