user_id,book_id,rating,predict
35487,3931,5,4.25
35487,6420,4,9.249999329179712
35487,6961,4,9.249999211189461
35487,7585,1,7.249999945993826
