user_id,book_id,rating,predict
35538,2685,4,8.499999783698325
35538,2919,4,8.499999886862907
35538,2929,4,8.499999886862907
35538,2951,5,7.499999716028148
35538,3345,5,8.499999831257483
35538,3365,4,8.499999886862907
35538,3577,5,8.49999984323264
35538,8866,4,0.5000009283047238
