user_id,book_id,rating,predict
35697,5660,4,2.769230769230769
35697,5881,4,2.769230769230769
35697,6883,3,7.769230339702766
35697,7273,3,6.769229561505971
35697,8096,4,2.769230769230769
35697,8108,4,5.769230427501733
