user_id,book_id,rating,predict
35715,3211,2,0.7857256248614246
35715,3503,2,6.7857070205433825
35715,5822,4,6.7857139021679735
35715,6097,5,6.785713857991697
35715,6364,5,7.785712522979335
35715,6506,2,6.785713913126422
35715,6559,5,8.785713801446457
