user_id,book_id,rating,predict
36076,4738,3,-0.9999964964070256
36076,5584,2,5.999999692910312
36076,6098,3,5.999998912701548
36076,6339,4,5.999999898581484
36076,7100,4,6.999999804541336
36076,7674,3,6.999999679792066
