user_id,book_id,rating,predict
36218,2323,3,7.8749973592752855
36218,2878,4,8.874999462364585
36218,3058,4,8.874999872513055
36218,3112,4,7.874999767767072
36218,4616,4,7.874999238402314
36218,4756,5,8.874999348122792
36218,5423,4,7.874999478498232
36218,6344,4,7.874999238402314
36218,7410,3,6.874999065147112
36218,7549,4,8.874998586725944
36218,7785,3,5.874999374221967
36218,8644,4,7.874999675736863
36218,8649,5,7.874999001784989
36218,8728,4,6.874999428265953
36218,8945,4,6.874999826026853
36218,9057,4,7.874999635415607
36218,9155,4,6.874999736028675
36218,9592,4,7.874999648038234
