user_id,book_id,rating,predict
36317,4787,3,4.619047619047619
36317,5868,4,4.619047619047619
36317,6004,4,1.6190583817007376
36317,6158,5,7.619046703802011
36317,6680,4,6.619047300962752
36317,7560,5,8.619047020630482
36317,7674,4,6.6190474741806575
36317,8137,4,8.619047413398704
36317,8318,4,7.619047058796247
