user_id,book_id,rating,predict
37260,6829,3,2.5714285714285716
37260,7143,3,6.571428456616145
37260,7469,4,2.5714285714285716
