user_id,book_id,rating,predict
37478,2928,5,3.8181818181818183
37478,6162,4,7.818177202956534
37478,7301,3,7.818181524832712
37478,7442,4,6.818181243725767
37478,7772,3,6.8181815871262454
