user_id,book_id,rating,predict
37570,3888,5,6.428571130181931
37570,4436,5,8.428570994054192
37570,7023,2,4.428570742801734
