user_id,book_id,rating,predict
37795,1998,2,2.7142857142857144
37795,2505,5,-2.2857134469935874
37795,3591,5,7.714275359068672
37795,4558,3,2.7142857142857144
37795,4913,5,6.714280930211798
37795,5008,5,5.714284625695694
