user_id,book_id,rating,predict
37946,2681,4,2.909090909090909
37946,3448,3,2.909090909090909
37946,3836,4,2.909090909090909
37946,4356,4,2.909090909090909
37946,4721,4,6.909090757442216
