user_id,book_id,rating,predict
3800,4097,3,3.357142857142857
3800,4750,3,3.357142857142857
3800,4831,4,3.357142857142857
3800,5476,4,8.3571411558777
3800,5552,3,-0.64285586567543
3800,5900,4,6.35714272443002
3800,5939,4,3.357142857142857
