user_id,book_id,rating,predict
3813,5547,5,9.727271629629833
3813,5749,5,9.727271629629833
3813,5892,4,-0.272720003825194
3813,6513,5,9.727272244872218
3813,6703,5,8.727269083577584
