user_id,book_id,rating,predict
38420,435,5,6.580643091168739
38420,1081,3,8.580644436294028
38420,1118,4,7.5806436899032175
38420,1815,5,6.580641440286281
38420,1854,2,6.580644959208057
38420,1911,5,6.580644826624983
38420,2207,5,5.58064493322509
38420,2211,2,8.580644248885203
38420,5701,5,3.5806451612903225
38420,6090,4,0.5806474117293448
38420,6328,2,3.5806451612903225
38420,6883,5,6.580644833229837
38420,8273,3,7.5806447238763415
38420,9931,4,8.580635745156648
