user_id,book_id,rating,predict
3854,4664,3,3.2
3854,7146,3,6.199999424891615
3854,7587,3,-1.7999997584770702
