user_id,book_id,rating,predict
38978,1855,3,8.49999960666712
38978,4762,4,3.5
38978,4850,3,7.4999997400307965
38978,4894,3,4.499999734670063
38978,4940,3,3.5
38978,6218,4,6.499998483788612
38978,7476,3,7.499995081472476
38978,8549,4,6.499999528655101
38978,9863,3,7.499999453495935
38978,9874,3,8.499999851538487
38978,9877,5,7.499999487728438
