user_id,book_id,rating,predict
39221,1036,4,7.656249695483432
39221,1134,4,7.656249695483432
39221,1143,4,7.656249727739631
39221,1165,3,8.65624965967454
39221,1219,3,8.656249561711794
39221,1285,3,7.656249787683637
39221,1542,3,6.656249840762728
39221,2868,5,7.656249641079798
39221,4450,3,7.656248751262861
39221,5584,3,6.656249730809849
39221,5854,3,7.6562497819460535
39221,5888,2,8.656249694687112
39221,5998,4,8.656249694687112
39221,6343,4,8.656249694687112
39221,7303,4,7.656249574911854
