user_id,book_id,rating,predict
3976,3572,4,4.0
3976,4136,2,4.0
3976,6207,5,7.999998957203848
3976,6449,4,4.0
3976,6971,5,-0.9999962352355469
3976,7189,4,4.0
3976,7664,5,4.0
3976,8654,5,2.0000004149698087
