user_id,book_id,rating,predict
39774,1146,4,8.449999631775121
39774,1422,4,8.44999965795284
39774,3849,5,3.45
39774,5202,5,3.45
39774,7189,4,3.45
39774,9017,4,6.449999588083319
39774,9077,5,8.449999321748642
39774,9389,3,6.449999837341113
39774,9517,3,3.45
