user_id,book_id,rating,predict
3982,392,4,3.7222222222222223
3982,1008,4,8.72221953770481
3982,1032,4,6.7222208319699455
3982,1059,4,8.722220739683298
3982,1243,5,8.722220674016487
3982,1298,4,8.722219775636049
3982,1335,4,7.722221161451784
3982,1391,3,6.722212773241033
3982,1397,4,8.722221130729912
3982,1399,4,8.722221683480946
3982,1456,4,8.722221683480946
3982,1504,4,8.722221683480946
3982,1531,3,8.722221137857677
3982,1554,4,7.722221354730585
3982,1611,4,6.7222215716034945
3982,1616,4,5.722221902385993
3982,1626,5,8.722221683480946
3982,1678,5,7.722220601034034
3982,1716,4,7.722221492541878
3982,1726,4,6.7222215673268355
3982,1745,4,7.722221215674757
3982,1764,4,7.7222213490283735
3982,1963,3,7.722221354730585
3982,1968,4,6.722221686527257
3982,2007,4,6.722221531870093
3982,2064,4,6.722221723023467
3982,2125,4,6.7222215716034945
3982,2164,4,7.722221354730585
3982,2230,4,7.7222217909569375
3982,2291,3,6.722221531870093
3982,2389,3,6.722221971974649
3982,2599,3,8.722221310121792
3982,2619,3,6.722221613665369
3982,2666,5,7.722221634279897
3982,2719,4,8.722221187877249
3982,2780,4,8.722221683480946
3982,2836,4,6.7222216828350945
3982,2850,4,7.722221697568212
3982,2861,3,6.722221971974649
