user_id,book_id,rating,predict
40080,4918,4,3.909090909090909
40080,5266,5,6.9090854558776496
40080,6370,5,8.909090632818298
40080,6803,4,8.909090578002793
40080,7061,5,7.909089712520229
40080,7381,4,5.909090697318879
