user_id,book_id,rating,predict
4042,8304,3,3.0
4042,8328,3,6.999999864915072
4042,8723,4,5.999999718575083
