user_id,book_id,rating,predict
40478,5521,5,8.199996471119125
40478,5607,5,7.199999004577819
40478,7724,4,9.199999881419345
