user_id,book_id,rating,predict
40507,6260,5,4.6
40507,7935,5,9.599999487652825
40507,8134,5,8.599999747017872
