user_id,book_id,rating,predict
40849,2956,4,8.589742682006275
40849,3226,1,8.589730771511595
40849,3275,4,8.589742721911051
40849,3347,3,8.589742358091186
40849,3759,5,7.589742895477559
40849,3783,3,6.5897430451012005
40849,3901,3,6.589742847332417
40849,3967,3,6.5897428410377845
40849,4038,4,5.589743242610575
40849,4107,4,8.589742721911051
40849,4203,4,6.589742579733432
40849,4248,4,8.589742555955658
40849,4446,3,6.589743127007202
40849,6052,4,6.589743438973685
40849,6086,2,6.5897434168659155
40849,6239,3,6.5897434168659155
40849,6270,4,7.589742772397116
40849,6332,1,8.589743165861616
