user_id,book_id,rating,predict
40896,4930,3,6.499999893545588
40896,6562,3,8.499999891350416
