user_id,book_id,rating,predict
40920,5266,3,7.33333273757874
40920,6343,5,8.333333069823913
40920,6703,5,9.333330578337758
40920,7061,3,9.333332883656709
40920,7202,5,9.333333094054307
