user_id,book_id,rating,predict
4109,4706,4,3.5714285714285716
4109,4824,4,3.5714285714285716
4109,5202,3,8.57142588532277
4109,5787,2,4.5714282348079145
4109,5958,4,8.571427900666146
4109,6449,3,-0.42856086751942346
