user_id,book_id,rating,predict
41136,2082,5,4.0
41136,4284,4,4.0
41136,6030,4,-0.9999919619589015
41136,6195,2,7.9999997883399026
41136,7172,4,4.0
41136,7277,5,7.999999612020726
41136,7755,5,5.999999858983303
41136,7859,4,7.999999602387244
41136,8523,3,5.789389088128871e-07
41136,8704,4,7.999999602387244
