user_id,book_id,rating,predict
41176,4407,2,3.5238095238095237
41176,4449,4,8.523808796315535
41176,4750,3,3.5238095238095237
41176,5360,5,6.5238022544020335
41176,5552,3,6.523807145372635
41176,5585,4,5.523808937168945
41176,5660,5,8.523808598308634
41176,6226,5,8.523800353780725
41176,7642,5,7.523809237853931
