user_id,book_id,rating,predict
41207,3114,4,3.2857142857142856
41207,4975,4,3.2857142857142856
41207,5200,3,3.2857142857142856
41207,6643,5,6.285713799719999
