user_id,book_id,rating,predict
41363,6890,4,6.666666569178184
41363,7072,4,8.666666580064135
