user_id,book_id,rating,predict
41538,1372,1,4.187499938615581
41538,1475,3,3.1875
41538,1647,4,3.1875
41538,2033,5,3.1875
41538,2292,2,5.187498969790341
41538,2588,3,6.187499815846743
41538,3288,4,5.187499877231162
