user_id,book_id,rating,predict
42071,4436,5,9.142856727986235
42071,5308,3,6.142852451221675
42071,6805,4,9.142855455376672
