user_id,book_id,rating,predict
42098,6940,4,7.249999823113354
42098,7908,4,8.249999729198752
