user_id,book_id,rating,predict
42555,5753,5,7.285709009614395
42555,6405,4,3.2857142857142856
42555,6673,4,6.285713912016595
42555,6709,3,8.285713901364002
42555,7378,3,7.285710292954111
42555,8904,4,8.285714138602044
