user_id,book_id,rating,predict
42605,3481,5,3.625
42605,4341,3,3.625
42605,4688,3,3.625
42605,5399,4,3.625
42605,5664,3,5.624999839427234
42605,6191,4,3.625
42605,6317,3,6.624999037004021
