user_id,book_id,rating,predict
42697,7051,5,9.333332898293806
42697,8991,5,9.333333085946986
