user_id,book_id,rating,predict
42775,1836,5,9.93749605546829
42775,1875,5,7.937498926687741
42775,2096,5,9.937499284291086
42775,2372,5,8.937499670745376
42775,2438,5,8.937499821162953
42775,2731,5,9.937498211146236
42775,2784,5,4.9375
42775,3014,5,9.937499636901347
42775,3097,5,8.937499670745376
42775,3151,5,8.93749894997105
42775,5394,5,4.9375
42775,6708,5,4.9375
42775,9496,5,8.937498819293575
42775,9767,5,9.937498524116968
