user_id,book_id,rating,predict
43031,7174,5,7.499999939999998
43031,9087,2,-0.4999996837723417
