user_id,book_id,rating,predict
43316,3880,5,7.823521386689953
43316,4604,5,2.823529972909819
43316,4738,5,7.823528624866151
43316,5970,5,8.823525564602042
43316,6415,4,7.823528840916719
43316,6424,5,8.823529246054434
43316,6849,5,8.823529229569788
43316,7073,5,9.823529264540397
