user_id,book_id,rating,predict
43467,3272,5,6.4999998515368205
43467,4264,3,8.499999910557284
