user_id,book_id,rating,predict
43722,2961,5,8.827584399957871
43722,3014,4,8.827585400097574
43722,3307,4,7.82758540623343
43722,3315,4,8.827585704786305
43722,3557,3,7.827582807939999
43722,3621,1,6.827585837271826
43722,3658,4,8.827585715846945
43722,3662,4,8.827585494066156
43722,3740,4,7.827585878937782
43722,4295,4,7.827585369831105
43722,4649,4,6.82757819835334
43722,8700,5,7.827585758573306
43722,9181,4,3.8275862068965516
