user_id,book_id,rating,predict
43792,5103,4,8.599999743889262
43792,6134,3,6.599999779655439
43792,6140,4,8.599999691117993
43792,8146,2,6.599999422175452
43792,9614,3,6.599999814670797
