user_id,book_id,rating,predict
44188,752,5,9.254900385028066
44188,1264,1,8.254900700179315
44188,1410,5,7.254901683450593
44188,1616,5,8.254901753178641
44188,1732,3,8.25490159100602
44188,3273,5,7.254901260479889
44188,3850,5,4.254901960784314
44188,5041,5,1.2549040451154063
44188,5505,5,9.254900618163926
44188,6975,3,7.254901569011878
44188,7175,2,9.254901038019362
44188,7619,5,9.254901300681524
44188,7681,5,7.254901155212082
44188,7748,4,7.254901689823546
44188,7991,5,8.254901610858054
44188,8156,4,8.254901269037951
44188,8868,5,8.25490168127648
44188,9116,4,8.25490168127648
44188,9400,4,6.254901812392277
44188,9469,5,9.254901709464306
44188,9476,4,8.254901774950278
44188,9484,4,7.254901492566079
