user_id,book_id,rating,predict
44201,8745,4,7.66666654666661
44201,9404,4,7.666666597384641
