user_id,book_id,rating,predict
44806,6897,5,3.5714285714285716
44806,7380,4,6.571428305387702
44806,7439,4,8.571428308554967
