user_id,book_id,rating,predict
44945,893,3,8.194443881319634
44945,1203,5,6.194444141286497
44945,1264,4,8.194444070530942
44945,1308,4,8.194444070530942
44945,1352,2,3.1944444444444446
44945,1782,5,7.194444281936217
44945,2017,3,6.1944441435318165
44945,2120,3,6.194444244952711
44945,2140,4,7.19444381462787
44945,2167,5,7.194444158681241
44945,2218,4,7.194444281936217
44945,5040,4,3.1944444444444446
44945,5660,3,6.194442582202045
44945,6813,3,7.194443430280846
44945,7020,2,0.1944450495672969
44945,8020,3,7.194440860597271
