user_id,book_id,rating,predict
4509,348,3,-1.6599927850518323
4509,630,4,7.3399992866016515
4509,644,3,-0.6599981145967164
4509,673,4,8.339985060277591
4509,886,4,8.33999790088588
4509,931,3,6.339999076886398
4509,4734,4,0.34000127205570063
4509,4787,3,5.339997705139428
4509,5663,4,-0.6599956011574406
4509,6401,5,-1.659997923813167
4509,6699,2,0.3400036408449645
4509,7071,3,3.34
4509,7273,4,7.339994725158165
4509,7559,4,5.339999107801434
4509,7885,4,4.339999843727728
4509,8023,3,5.339998735058821
4509,8108,3,5.3399995270268885
4509,8335,2,6.339992513039858
4509,9202,3,8.339998839376168
4509,9909,4,6.339997499377576
4509,9962,1,6.3399987542879
4509,9999,4,6.339999429316739
