user_id,book_id,rating,predict
45102,1315,4,7.449997706663442
45102,5146,3,3.45
45102,5386,5,-0.5499970243960677
45102,6727,4,-0.5499805680800103
45102,6820,3,6.449998412081536
45102,7147,3,7.449987527709498
45102,7338,2,-0.5499942874368795
45102,9642,5,8.449999138461607
45102,9995,5,6.449999405401313
