user_id,book_id,rating,predict
45125,3862,5,8.194029342212744
45125,4446,5,8.194029342212744
45125,4573,4,9.194029381185942
45125,4648,3,8.194028909558726
45125,5757,2,9.19402698889676
45125,5811,3,9.194028120769126
45125,5965,4,8.194029163545945
45125,6052,5,9.19402866900103
45125,6301,5,8.19402833789266
45125,6387,4,6.194029653885325
45125,6717,5,8.194029203037552
45125,6735,3,7.194029267306209
45125,6911,3,7.194029327833185
45125,7324,5,9.194028878710329
45125,7342,2,5.194029705435853
45125,7595,4,8.19402906647771
45125,7725,3,9.19402945498836
45125,7897,4,6.194029525820005
45125,8082,4,7.194029327833185
45125,8151,4,8.194029297083619
45125,8476,5,7.194029327833185
45125,8574,5,7.1940291196622335
45125,8584,5,8.194029534139942
45125,8660,5,7.194029555946869
45125,9007,5,7.194029497417882
45125,9013,5,7.194029483043973
45125,9106,3,8.19402939728936
45125,9153,4,9.194029418540385
45125,9500,4,7.194029600461985
45125,9926,3,9.194029381185942
