user_id,book_id,rating,predict
45370,2681,5,3.125
45370,6871,3,-0.8749892027012569
45370,6928,5,8.124998895122978
45370,7855,3,7.124999810134318
