user_id,book_id,rating,predict
45457,1369,5,8.347825328170188
45457,1875,5,8.34782562619397
45457,1907,4,8.347825103664908
45457,1939,4,9.347825268079028
45457,2343,5,9.34782538996491
45457,2409,5,9.347825774706976
45457,2541,4,8.347823694066273
45457,3886,4,8.347825625965843
45457,5984,4,7.347820715641183
45457,6297,4,9.347824639196833
45457,7019,5,9.347807022996047
45457,7364,5,9.347824948223629
45457,7833,5,9.347824862475019
45457,7878,4,9.347807022996047
45457,8213,5,9.347822499015347
45457,9194,4,7.347825407077309
45457,9589,5,9.347825735997068
45457,9767,3,9.347825655868625
45457,9819,4,8.347824065469219
45457,9912,5,9.347825497606765
