user_id,book_id,rating,predict
45986,4415,4,3.142857142857143
45986,6444,3,7.142855076234918
45986,7217,3,6.142856894239701
