user_id,book_id,rating,predict
46112,2116,4,8.799999339015848
46112,3103,5,6.799999068988527
46112,3813,5,3.8
46112,4958,5,3.8
46112,5884,4,3.8
46112,6891,3,3.8
46112,9386,2,7.7999988572938825
