user_id,book_id,rating,predict
46187,4370,4,9.142856171328923
46187,7564,3,2.1428577538670375
46187,9196,4,8.14285609057562
