user_id,book_id,rating,predict
46326,5735,5,9.333333073525788
46326,5771,4,7.333332863580535
46326,7446,5,8.333332973333441
46326,7713,5,7.333332447848207
46326,8925,3,4.333333333333333
