user_id,book_id,rating,predict
4646,4202,2,3.642857142857143
4646,4740,3,3.642857142857143
4646,5202,4,3.642857142857143
4646,5230,2,1.6428585539611438
4646,5535,4,3.642857142857143
4646,6707,4,6.642856143667668
4646,6866,4,-0.3571288455829431
