user_id,book_id,rating,predict
46684,5653,3,8.399999911558568
46684,5780,2,4.399999940805483
46684,6290,4,7.399999891579064
