user_id,book_id,rating,predict
4707,4144,2,3.6785714285714284
4707,4403,4,8.678571029620556
4707,4414,3,7.678566575994925
4707,4545,4,6.67856899858643
4707,4734,2,6.678563791416218
4707,4834,1,3.6785714285714284
4707,4956,4,8.678562001252168
4707,5098,5,8.678571029620556
4707,5169,2,6.6785694621190865
4707,6301,4,3.6785714285714284
4707,7403,3,7.678571091396453
4707,7453,4,3.6785714285714284
