user_id,book_id,rating,predict
472,3191,5,8.66666417760659
472,4388,4,3.6666666666666665
472,4526,4,3.6666666666666665
472,5794,5,3.6666666666666665
472,7923,4,7.666663200835313
472,8320,3,8.666665259543576
472,8782,4,8.666666451245591
