user_id,book_id,rating,predict
4753,5064,1,3.1666666666666665
4753,6532,2,7.166666491829155
4753,7201,2,7.166659411885021
