user_id,book_id,rating,predict
47586,5622,4,7.499999775603664
47586,6562,4,7.499999916333994
