user_id,book_id,rating,predict
47740,128,5,3.4901960784313726
47740,854,5,7.49019382946335
47740,886,4,8.490194652461035
47740,931,3,6.490195277171662
47740,1044,4,7.490195506048227
47740,1046,4,8.490195223180802
47740,1081,4,8.490194544070425
47740,1147,2,5.490195943285526
47740,1154,3,7.490194387841793
47740,1160,4,7.49019507079651
47740,1177,3,7.49019580831837
47740,1310,4,8.490194691964902
47740,3152,4,3.4901960784313726
47740,5035,5,8.490193855716907
47740,6251,4,3.4901960784313726
47740,6905,4,-0.5098001609373033
47740,7164,3,0.49019940239259574
47740,7199,4,7.490194781319753
47740,7691,3,7.490192327118168
47740,7833,2,3.4901960784313726
47740,7960,4,7.490195364508601
47740,8666,3,7.490193101891416
47740,9391,3,7.490195139700596
