user_id,book_id,rating,predict
47768,3531,4,3.263157894736842
47768,4024,3,7.2631542938180935
47768,4327,5,3.263157894736842
47768,4913,3,7.263157077998217
47768,7165,3,7.263155720386347
47768,7671,3,3.263157894736842
47768,7926,4,6.263157043060323
47768,8151,3,7.263156625215938
47768,8197,4,6.263157145569249
