user_id,book_id,rating,predict
48199,539,4,4.559999755731175
48199,2896,3,3.56
48199,4966,5,-0.4399954598149183
48199,5391,3,6.559999259188986
48199,5406,4,3.56
48199,5900,5,6.559999259188986
48199,5939,4,6.559999318005165
48199,6655,1,5.559999369649324
48199,7400,3,6.559997241005615
48199,7535,3,8.559999356990144
48199,7915,3,8.559995515028778
48199,8856,4,3.56
