user_id,book_id,rating,predict
48213,858,5,4.424242424242424
48213,1328,5,9.424237829879907
48213,1341,5,9.424241210840206
48213,1628,5,9.424238662004875
48213,1817,2,8.42424209550046
48213,2097,4,7.424242006418876
48213,2655,5,9.424242029180466
48213,2730,4,9.424242131589537
48213,2942,5,8.424242122728295
48213,3068,4,7.424242103023948
48213,6664,4,9.424240312700325
48213,6713,4,1.4242500215686436
48213,7407,4,4.424242424242424
48213,7750,3,7.424241309947343
48213,9520,4,9.42423785435071
