user_id,book_id,rating,predict
4826,4489,3,7.266665512433551
4826,5449,3,3.2666666666666666
4826,5790,5,7.266666284070022
4826,6231,3,7.266666003481031
4826,6285,4,3.2666666666666666
4826,6360,3,3.2666666666666666
4826,7206,3,6.266666044212001
