user_id,book_id,rating,predict
49032,4038,2,8.77777657777853
49032,5965,4,8.777776800484816
49032,5974,3,0.7777806945474119
49032,6052,4,8.777777210924803
49032,6403,3,8.777777535341142
