user_id,book_id,rating,predict
49277,3726,4,3.857142857142857
49277,4879,4,0.8571441941330202
49277,6905,5,7.8571412538958825
