user_id,book_id,rating,predict
49302,1761,4,8.19047575159561
49302,2092,5,9.190475932624192
49302,2290,4,8.190475811239793
49302,2386,5,9.190469396404225
49302,6813,4,1.1904786771334699
49302,7285,5,4.190476190476191
49302,8088,5,4.190476190476191
49302,9636,5,7.190475626212958
49302,9874,4,6.190475793128532
