user_id,book_id,rating,predict
49635,3347,5,8.333317956398874
49635,3486,3,7.333332648246874
49635,4615,4,7.333331110440987
49635,4884,5,7.3333323321046535
49635,4957,5,9.333322535896976
49635,5694,5,8.33332809146033
49635,5771,5,9.3333322152173
49635,6132,5,9.333326641585113
49635,6531,5,7.333333144851737
49635,6658,2,6.333333006730335
49635,6843,3,9.333329806858469
49635,7206,5,9.333329986345824
49635,7241,5,7.333330578341644
49635,7474,5,7.3333323321046535
49635,7492,3,8.333332090846184
49635,7571,3,7.333332939315497
49635,7631,5,8.333333080612647
49635,7697,5,7.333333144851737
49635,7761,3,7.333332585737317
49635,7821,3,8.333332393546117
49635,7982,3,8.333332908586005
49635,8258,5,8.333333186961763
49635,8284,5,8.333332785745991
