user_id,book_id,rating,predict
49733,1218,5,8.81249920092203
49733,1241,5,8.812499444052039
49733,1747,5,3.8125
49733,2222,5,3.8125
49733,2236,5,3.8125
49733,3273,4,8.812498529850416
49733,4342,5,6.812498910256776
49733,4968,4,-1.1874982461050276
49733,5211,3,0.8125003106743143
49733,5480,5,7.812499647038354
49733,6420,5,6.812498927890667
49733,7739,5,8.81249949153963
49733,8308,4,7.812499674585495
49733,9142,4,8.81249949153963
49733,9162,5,8.812499295392723
