user_id,book_id,rating,predict
49815,5016,3,6.55555139068937
49815,5650,3,3.5555555555555554
49815,5900,4,8.555548834787725
49815,6117,3,-0.4444392631900249
49815,6289,2,7.555555348417647
49815,6839,3,5.555555333602145
49815,7729,1,8.555555284223503
49815,8137,2,8.555555351049017
