user_id,book_id,rating,predict
50071,4760,3,8.199999873508897
50071,4935,2,7.199999920331275
50071,7472,5,8.19999989591301
