user_id,book_id,rating,predict
50401,5824,3,2.909090909090909
50401,6560,2,7.9090878423343
50401,6897,3,4.909090819214588
50401,6904,3,7.909090287338126
50401,7051,3,6.909090636490243
50401,7185,3,6.909090831205013
