user_id,book_id,rating,predict
50425,5119,4,3.8461538461538463
50425,5656,4,3.8461538461538463
50425,7935,2,8.846146959942118
50425,8858,3,7.846148496883798
50425,9528,4,-1.1538404872878476
50425,9799,4,8.846146959942118
