user_id,book_id,rating,predict
50602,3012,4,2.903230375546339
50602,3598,4,3.903225806451613
50602,4389,4,7.90322453874941
50602,4829,4,-0.09675103983296163
50602,5276,4,3.903225806451613
50602,5779,5,3.903225806451613
50602,6637,4,7.903223386703842
50602,7184,2,8.903225415459428
50602,7259,5,3.903225806451613
50602,7385,3,3.903225806451613
50602,8515,4,6.9032250965658015
50602,8754,4,6.903223910138744
50602,8845,4,6.903218462074827
50602,8861,4,6.903225339426561
