user_id,book_id,rating,predict
50944,8569,5,8.833331769080791
50944,9066,5,8.833333241101734
50944,9128,4,8.833332250821666
