user_id,book_id,rating,predict
50960,5170,5,0.8000069915828996
50960,5720,4,4.8
50960,5821,5,9.799998123832712
50960,6974,4,6.799999671058153
50960,7412,5,4.8
