user_id,book_id,rating,predict
51219,3719,2,2.5
51219,4441,4,7.499999836700679
51219,5116,3,2.5
51219,6822,2,5.499999895933913
