user_id,book_id,rating,predict
51260,5562,4,0.4444457091151808
51260,6207,4,7.444443636698017
51260,6249,4,8.444441669549034
51260,7884,4,7.444444177461315
51260,8062,4,0.4444458066787669
