user_id,book_id,rating,predict
51494,5389,4,9.333327914615811
51494,9043,4,8.333332559542685
51494,9629,4,7.333324853393705
51494,9685,5,7.333333240172298
51494,9860,5,4.333333333333333
