user_id,book_id,rating,predict
51639,4300,5,4.7272727272727275
51639,4566,5,-0.27272067273496425
51639,5664,4,9.727268638017458
51639,6893,5,0.7272780072665741
51639,8017,5,4.7272727272727275
