user_id,book_id,rating,predict
5163,2933,3,6.2222220786728535
5163,3187,3,6.222222156922917
5163,6458,3,0.22222297445224193
5163,7508,2,3.2222222222222223
