user_id,book_id,rating,predict
51771,1724,5,7.6666664564708125
51771,4449,5,8.666658909768259
51771,4457,4,4.666666666666667
51771,5708,5,0.6666733786891426
51771,6735,5,9.66666515002522
51771,6801,5,7.6666650290956415
51771,7062,5,8.666665719899706
51771,7595,5,9.66666515002522
51771,8181,4,8.666665291245137
51771,9352,3,9.666666025924924
51771,9779,2,9.666664592271008
