user_id,book_id,rating,predict
51772,5650,4,4.909090909090909
51772,6713,5,8.909085900365016
51772,7427,5,9.909089760177586
51772,7527,5,8.909089931312616
51772,8126,5,0.9091051701256601
51772,8300,5,8.909090286837303
