user_id,book_id,rating,predict
51985,1844,5,3.357142857142857
51985,3281,3,-0.6428563556939428
51985,3761,5,3.357142857142857
51985,3986,4,-1.642853922002534
51985,4099,5,3.357142857142857
51985,4478,3,-0.6428564247375337
51985,4707,3,-1.642854240837583
51985,4834,3,3.357142857142857
51985,4840,3,3.357142857142857
51985,5900,2,6.357141503246859
51985,5954,5,6.357140688217318
51985,6091,3,7.357135612312136
