user_id,book_id,rating,predict
5200,7285,4,3.1
5200,8425,4,6.099999714226257
5200,8814,4,0.10000034608918629
5200,9393,4,-1.89998506851289
5200,9546,2,-0.8999967921963963
