user_id,book_id,rating,predict
52358,2784,5,9.952365478858706
52358,3142,5,8.952374073997024
52358,5180,5,8.952380562495051
52358,5336,5,9.952365478858706
52358,6038,5,8.952377474440263
52358,7099,5,8.952375506028453
52358,7360,5,8.952379312863236
52358,7724,4,8.952380648880844
52358,7738,5,9.952380465023575
52358,7958,5,8.952379793066749
