user_id,book_id,rating,predict
528,3012,4,3.857142857142857
528,4516,3,7.857141357768694
528,6207,3,7.857141892337555
528,6892,4,7.85714264548281
528,7366,3,6.857140307322904
528,7640,5,8.85714245094094
