user_id,book_id,rating,predict
52846,7602,5,8.499999658416773
52846,7651,5,8.499999872892
52846,7701,4,8.499999886862916
