user_id,book_id,rating,predict
53184,2784,3,4.0
53184,4875,5,6.999999197921731
53184,6215,5,4.0
53184,6428,3,6.999999005013258
53184,6575,5,8.999999408392071
53184,6609,4,7.9999990619173715
