user_id,book_id,rating,predict
53200,7185,4,8.39999951071504
53200,7772,3,7.399999747017706
53200,8392,3,5.399999910557278
