user_id,book_id,rating,predict
53332,4344,5,7.187495999129768
53332,4694,3,6.187496357855838
53332,4734,1,6.187496357855838
53332,5391,2,6.187483313774876
53332,5508,5,3.1875
53332,5593,3,4.1874984309251255
53332,6466,2,0.18771019874017858
53332,6829,2,3.1875
53332,7019,3,-1.8124930897714178
53332,7706,1,7.187492119731264
53332,8061,1,8.187492154625627
53332,8613,2,7.187497292245148
53332,8791,2,6.187490348899173
53332,9250,3,8.187499003181072
