user_id,book_id,rating,predict
5721,3493,3,3.6666666666666665
5721,8152,3,3.6666666666666665
