user_id,book_id,rating,predict
5924,6546,3,7.399998699813413
5924,7259,3,7.399999774007451
5924,8586,3,7.399999650368465
5924,9337,5,3.4
5924,9503,4,-1.599999236372137
