user_id,book_id,rating,predict
5992,4633,3,6.333333186895236
5992,5245,4,5.333332887681352
5992,6321,3,3.3333333333333335
5992,6784,4,6.33333313110575
5992,7924,3,3.3333333333333335
5992,9176,4,8.333318353373112
5992,9503,3,7.3333324557651025
