user_id,book_id,rating,predict
6022,1595,2,3.4285714285714284
6022,2709,2,7.428570361597811
6022,3518,5,8.428570995551297
