user_id,book_id,rating,predict
6077,2236,5,3.392857142857143
6077,2681,4,3.392857142857143
6077,3222,4,3.392857142857143
6077,4721,3,3.392857142857143
6077,5269,4,3.392857142857143
6077,6196,3,-0.6071398048849073
6077,6568,3,8.392854508667916
6077,7746,3,6.392850944134682
6077,7784,3,7.392856638032089
6077,8097,4,7.3928566341033894
6077,8157,2,6.392856761291828
6077,8740,3,-1.6071411657959103
6077,8814,4,8.392840805803425
