user_id,book_id,rating,predict
6115,2318,3,3.6666666666666665
6115,4597,2,0.6666727698152184
6115,4732,4,3.6666666666666665
6115,8196,3,6.66665726730748
6115,8638,3,8.666665329692579
6115,9533,4,7.666666436884199
6115,9625,3,6.666665549796636
