user_id,book_id,rating,predict
6536,3842,4,6.529409612526572
6536,4073,3,7.529409949346173
6536,4203,4,6.529410204744071
6536,4451,3,3.5294117647058822
6536,5040,3,3.5294117647058822
6536,5432,4,6.529410204744071
6536,5436,4,3.5294117647058822
6536,5542,4,3.5294117647058822
