user_id,book_id,rating,predict
6574,1550,5,6.124999790092662
6574,1594,3,7.124999296985387
6574,1696,3,7.124998729829433
6574,1848,4,7.124999584027416
6574,1850,3,7.124999479684
6574,2201,3,6.124999718690004
6574,3392,4,3.125
6574,6458,4,3.125
6574,7159,3,7.124998938680358
6574,7926,3,8.12499802795447
6574,8646,3,6.124998588861606
6574,8780,4,6.124999735330967
6574,9186,3,8.124997655750835
6574,9855,3,6.124998816772683
