user_id,book_id,rating,predict
66,5730,2,8.666666507921613
66,7639,5,7.666666490903841
