user_id,book_id,rating,predict
7345,7188,4,7.999999916333994
7345,8123,4,6.999999939999998
