user_id,book_id,rating,predict
7366,4956,2,4.454545454545454
7366,5344,5,4.454545454545454
7366,6396,4,3.454545758975512
7366,6783,4,7.45454397763727
7366,7460,4,7.454544595208231
7366,8922,4,8.454545319212547
