user_id,book_id,rating,predict
7527,4833,4,7.999965027782341
7527,5075,4,4.0
7527,5850,5,-0.9999902891624428
7527,6339,4,7.999999570465381
7527,6503,4,2.771281146785043e-07
7527,7194,3,6.999999799594166
