user_id,book_id,rating,predict
7737,4055,5,7.266660047773815
7737,6025,4,7.266666274831112
7737,6642,4,7.2666662536551545
7737,6720,4,7.2666662536551545
7737,6892,4,8.266652314922315
7737,7405,2,6.266665492549176
7737,7427,4,7.266665616166392
7737,7501,4,7.266665287471032
7737,7625,3,6.266666204116435
7737,7649,4,7.266666274831112
7737,7865,3,7.26666617105271
7737,8334,3,7.266665856770945
7737,8654,1,7.2666664832374055
