user_id,book_id,rating,predict
7747,7264,5,-0.333313264771145
7747,7569,5,7.666666539387524
