user_id,book_id,rating,predict
776,1904,5,3.75
776,5202,4,3.75
776,5753,4,5.74999680681654
776,6887,4,0.7500076452103661
776,7814,4,7.749997709150003
776,7900,5,7.74999979510004
