user_id,book_id,rating,predict
7812,1243,3,9.078430325514017
7812,1674,5,8.078430936959201
7812,1690,5,8.078430806037687
7812,1837,3,8.078428686406788
7812,1898,3,8.078429692722697
7812,1905,5,8.078431089412035
7812,2081,5,9.078430836253418
7812,2102,4,8.078431041849129
7812,2154,4,8.078431045163242
7812,2160,4,6.078431230980527
7812,2189,3,9.07843101862779
7812,2239,4,7.0784311259886215
7812,2242,3,9.0784287449193
7812,5332,5,8.078430886541662
7812,6255,4,4.078431372549019
7812,7824,4,9.07843065443438
7812,8506,3,7.078429518853682
7812,9029,4,8.0784308095561
7812,9074,4,9.07843065443438
7812,9434,4,8.078430862817166
7812,9622,4,8.07843078784151
7812,9911,5,8.078431116861763
