user_id,book_id,rating,predict
7967,2219,2,6.41176404129482
7967,2286,2,4.411764486164557
7967,2297,2,6.411763972092101
7967,2399,2,5.411764380103165
7967,2458,2,5.411764380103165
7967,2461,2,5.411764380103165
7967,8949,2,7.411764188185298
7967,9625,3,7.411763424914298
