user_id,book_id,rating,predict
8154,2917,5,7.333332840265957
8154,3572,5,4.333333333333333
8154,4297,4,4.333333333333333
