user_id,book_id,rating,predict
8754,5430,3,3.7142857142857144
8754,8435,5,7.714285384302708
8754,8449,4,8.714284967932864
