user_id,book_id,rating,predict
8798,983,5,7.052630926772837
8798,1174,4,7.0526312682754675
8798,1385,4,7.052631285322629
8798,1710,3,6.05263129978749
8798,2079,4,7.052631155028106
8798,6033,5,8.052628328141068
8798,7591,4,-0.9473666069361704
8798,8693,3,7.052630878468641
8798,9847,4,6.052631330339506
