user_id,book_id,rating,predict
8929,4295,4,7.722221860574811
8929,4666,4,-1.2777763098673143
8929,5394,4,3.7222222222222223
8929,5430,3,3.7222222222222223
8929,6682,4,0.7222273502399359
8929,7652,4,0.7222273502399359
8929,8960,4,5.722221249348559
8929,9386,3,7.722221691418364
8929,9544,3,3.7222222222222223
