user_id,book_id,rating,predict
9229,874,5,-1.380949608532275
9229,1148,3,6.619046334536985
9229,1328,5,8.619044984038963
9229,1345,5,7.619047130622844
9229,1786,4,7.619047130622844
9229,1804,4,6.619047410142984
9229,1819,4,5.619047479777862
9229,4335,4,8.619042018549997
9229,8519,3,6.619046900038244
