user_id,book_id,rating,predict
9339,1822,2,3.6
9339,3225,3,7.5999999420344935
9339,4045,1,6.599999893933981
