user_id,book_id,rating,predict
9356,5476,5,7.714285094855999
9356,5900,5,8.714285294762014
9356,5939,4,1.7142888294869518
