user_id,book_id,rating,predict
9370,4346,3,3.6
9370,8772,4,7.599999894169965
9370,8938,4,7.599999916537525
