user_id,book_id,rating,predict
9385,7205,5,0.8750003668591293
9385,7338,4,6.874999902168974
9385,7952,5,0.8750037316339889
9385,8121,5,7.874998256073978
