user_id,book_id,rating,predict
9387,6735,4,6.749999894359541
9387,7595,4,6.749999894359541
9387,7687,4,5.749999722511392
