user_id,book_id,rating,predict
9671,3436,3,7.899979602776742
9671,3733,4,3.9
9671,3867,4,3.9
9671,5286,3,3.9
9671,5553,3,6.899996513931917
9671,5663,4,7.899999323797523
9671,5702,3,7.899999694656679
9671,5820,4,3.9
9671,6033,3,5.899999487174241
