user_id,book_id,rating,predict
9837,3139,4,4.6
9837,4850,5,4.6
9837,6617,5,7.599999124075616
9837,6784,3,4.6
9837,7050,5,9.599999873302243
