user_id,book_id,rating,predict
9917,4398,5,2.609519297536167e-06
9917,4414,3,4.0
9917,5786,4,7.999999748031769
9917,6543,3,4.0
9917,7509,4,7.999998437841898
9917,7873,4,7.999999748031769
