user_id,book_id,rating,predict
9927,1404,5,3.4545454545454546
9927,5958,3,7.454544737599025
9927,8261,3,7.454539547630948
9927,8434,4,3.4545454545454546
9927,8974,4,7.4545446941387645
