user_id,book_id,rating,predict
1019,634,2,7.47888449737391
1019,657,3,3.5
1019,761,2,6.415997892651021
1019,884,4,6.837943724114835
1019,940,3,6.749999848808656
1019,1040,3,6.527554741343586
1019,1060,4,7.2281827202728515
1019,1072,4,5.9386460918373025
1019,1152,3,6.539738970792191
1019,1212,4,7.7212883944900135
1019,1268,3,6.625236802244286
1019,1271,3,6.7390551201194135
1019,1281,3,6.521739032970197
1019,1449,5,7.604769516463209
1019,1557,4,7.248128430920075
1019,1577,4,7.12483150204268
1019,1708,3,6.1363637046729345
1019,1792,4,7.628403586227951
1019,1804,3,6.426517283347319
1019,1819,3,6.469696694235901
1019,1834,3,6.478260831953666
1019,1866,3,6.274582522024177
1019,8342,2,6.372880106305262
1019,8525,3,6.061748329480492
1019,8843,4,7.03768207630316
1019,9513,2,5.843134803061028
1019,9691,4,6.583331651115721
1019,9719,3,6.184210357425897
