user_id,book_id,rating,predict
10592,2272,5,8.338095447155617
10592,3084,4,6.884461182446479
10592,6422,2,7.06482671393683
10592,7171,3,3.6774193548387095
10592,9438,3,3.3333333333333335
