user_id,book_id,rating,predict
10701,5893,3,3.7
10701,6705,4,9.349998230016151
10701,8043,3,7.982492525835773
10701,8116,4,8.882351250934722
