user_id,book_id,rating,predict
10921,1229,3,5.0
10921,1300,4,4.0
10921,1757,4,7.1499986663531
10921,1836,3,6.838370094395236
10921,1939,2,6.5358762851167125
10921,1984,2,7.895961890798832
10921,2127,3,7.635650850402889
10921,2260,2,6.963317933922879
10921,2370,3,7.033363087025931
10921,2409,2,7.390972569104404
10921,2438,4,7.192249455632778
10921,2582,4,7.2940495266011895
10921,2907,2,7.6007890982337525
10921,7001,2,3.6666666666666665
