user_id,book_id,rating,predict
10982,2977,5,7.9931582186747585
10982,3684,4,7.899126915866388
10982,7864,5,3.774193548387097
10982,8667,4,8.846803804538688
10982,9429,5,3.546875
10982,9463,4,8.799998776652366
