user_id,book_id,rating,predict
11022,690,2,4.0
11022,1025,1,6.700361551992579
11022,1205,2,7.423192019682677
11022,1329,3,8.11354779270306
11022,1357,1,6.105689765377075
11022,1657,5,7.738969396388931
11022,1784,2,7.282648238397881
11022,1796,2,6.80949747436985
11022,4670,1,3.8
11022,7392,4,7.1794869683027915
11022,8815,2,3.4642857142857144
