user_id,book_id,rating,predict
11673,6269,4,7.69999980721048
11673,6689,4,7.899999652573003
11673,7064,4,7.904761584712949
11673,7159,4,7.9545452391660225
