user_id,book_id,rating,predict
1181,4699,4,8.055555326753172
1181,5784,5,8.061863566913306
1181,5937,1,7.66666411684375
