user_id,book_id,rating,predict
12144,7240,5,7.935007505515561
12144,7403,3,0.11628023556486422
