user_id,book_id,rating,predict
12208,3637,2,7.323900479572092
12208,3783,3,7.222951555394023
12208,4831,5,4.5
12208,5489,4,7.105005778814791
12208,6671,4,7.782046198028626
12208,6747,5,8.668576421138987
12208,7342,4,7.563020698867283
