user_id,book_id,rating,predict
12223,3682,5,4.142857142857143
12223,3946,4,4.0
12223,4566,4,4.666666666666667
12223,6038,4,8.81822192725226
12223,6564,5,8.5448089803902
12223,6681,5,4.0
12223,7046,5,8.57302461903059
12223,7070,5,8.769230456995885
12223,7278,5,8.920000126019499
12223,7307,4,8.496153756849093
12223,7627,5,8.999605353698596
12223,8194,4,9.208333428674568
12223,8281,5,7.948088059777024
12223,8393,4,9.450980081523289
12223,8401,3,7.312499870559142
