user_id,book_id,rating,predict
12607,4295,1,6.888471070985215
12607,4875,3,6.665775100581724
12607,6110,4,4.0625
12607,6520,2,7.299378618167564
12607,7851,4,7.910239131637221
12607,8377,3,7.604631236355309
12607,8881,5,7.447525503584066
