user_id,book_id,rating,predict
12649,2255,3,5.074415595057802
12649,3160,3,4.953236573978407
12649,4144,1,4.0
12649,5913,3,7.437499426856139
12649,6007,2,7.399999618042182
12649,6116,3,3.8666666666666667
12649,7885,4,3.30188679245283
