user_id,book_id,rating,predict
12815,592,4,5.0
12815,955,4,7.500370069913995
12815,1041,5,3.5
12815,1055,4,4.666666666666667
12815,1113,4,8.571395104504472
12815,1245,4,4.5
12815,1314,3,8.098694753250028
12815,1364,5,4.0
12815,1405,4,8.814134703090048
12815,1582,5,8.89473627614318
12815,1887,4,8.158640412800574
12815,1999,4,7.736056525074949
12815,2209,5,9.019307287880016
12815,2259,4,8.382057221847262
12815,2297,5,8.642870886925978
12815,2337,4,8.059096481796596
12815,2464,4,7.90218072911151
12815,2561,4,8.210751630997681
12815,5919,4,9.758615105684413
12815,6304,5,7.887553868369721
12815,7293,4,8.175292077696845
12815,8150,4,7.573766587875047
12815,9068,4,8.012934055628001
