user_id,book_id,rating,predict
13081,2868,4,8.07873755913294
13081,5362,3,7.0922057754355174
13081,5406,4,8.295973390543333
13081,5436,3,8.17328510241932
13081,6004,5,6.333332398021634
13081,6293,4,4.25
13081,6388,2,8.30358791362694
13081,6983,4,7.904975071162565
13081,7566,5,8.514817849189146
13081,7659,4,3.1621621621621623
13081,7674,5,8.065335565582338
13081,7721,3,7.8999990894930185
13081,7959,4,7.709090238047761
