user_id,book_id,rating,predict
13723,4331,3,9.230768080263225
13723,4475,1,4.5
13723,4478,4,4.083333333333333
13723,5023,3,8.55552506938707
13723,6287,4,4.157894736842105
13723,6310,3,4.0
