user_id,book_id,rating,predict
13973,3430,3,8.184397692285263
13973,3998,3,7.499999652254966
13973,5078,3,6.9269761243082115
13973,5267,5,8.577542230965905
13973,5391,4,3.090909090909091
13973,5696,5,8.159513786487455
13973,5984,3,3.6875
13973,6470,3,7.78259820559342
13973,6794,4,8.304040996851674
13973,6840,3,3.5517241379310347
13973,7342,3,8.705881739747149
13973,8318,5,3.639344262295082
