user_id,book_id,rating,predict
14185,1665,5,7.76922814200149
14185,2009,3,6.291340443014336
14185,2239,5,7.8903098544853965
14185,2382,4,7.615898911491348
14185,2669,3,7.1506878359308566
14185,2947,5,7.606735254256842
14185,3065,3,6.198003548647215
14185,3137,3,6.791044874227877
14185,3175,4,5.921052718112813
14185,3182,3,7.041133224024341
14185,3278,4,7.384945917830539
14185,3298,4,7.565603523714384
14185,3340,3,7.066038927841012
14185,3374,3,5.872079881631062
14185,3477,3,7.476596051151224
14185,3716,3,6.508277099973336
14185,3765,3,6.900140919537919
14185,3803,2,5.891578048105
14185,3804,3,6.518381103400441
14185,3834,4,7.031111276068547
14185,3921,4,6.608480388303813
14185,3924,4,6.943207390957538
14185,3974,4,7.18650550085556
14185,4070,3,6.960640266298109
14185,4085,3,6.1479340403868195
14185,4101,4,7.427686566146803
14185,4124,2,6.709405597523607
14185,4190,4,7.1943648537744656
14185,4192,4,7.694808560981784
14185,4215,4,7.832323957117075
14185,4251,4,7.456018349464017
14185,4387,5,6.612336993797696
14185,4459,4,7.234145191176773
