user_id,book_id,rating,predict
14398,1837,5,8.23643479589345
14398,1898,5,8.805969506726305
14398,2145,4,8.66176433519692
14398,2261,4,7.535713108038598
14398,4395,2,4.75
14398,6713,5,4.3076923076923075
14398,7898,2,6.840345750897278
14398,8320,5,7.8378369083902175
14398,8781,4,8.37188212393121
