user_id,book_id,rating,predict
14497,8279,4,-1.0317395083242138
14497,8555,5,9.185714160886757
