user_id,book_id,rating,predict
14652,218,4,4.0
14652,334,3,8.332517047304396
14652,573,3,4.333333333333333
14652,843,3,8.33893397739186
14652,1306,3,8.012616489794642
14652,1331,5,8.999998461420894
14652,1485,4,8.255427943214556
14652,1811,3,6.914658096048046
14652,1842,4,8.44413362273221
14652,5397,3,7.676261260053528
14652,8340,3,7.891421012161598
14652,8848,3,3.6557377049180326
14652,9012,4,3.725806451612903
14652,9265,4,8.830187638592985
14652,9405,3,8.685700920765862
