user_id,book_id,rating,predict
14784,892,3,7.785713730440108
14784,1148,4,7.3364489754041475
14784,1788,5,8.269317555414943
14784,1955,5,7.221314012128479
14784,2011,3,6.55616700455572
14784,2059,4,7.128723436694305
14784,7082,4,3.857142857142857
14784,7360,4,4.222222222222222
14784,8802,3,3.4054054054054053
14784,8874,2,6.551704496820434
14784,8978,5,8.999524211542905
14784,9566,5,8.88819338871483
