user_id,book_id,rating,predict
14814,5471,5,4.975053816663119
14814,7378,5,4.416665303096546
