user_id,book_id,rating,predict
15110,3854,2,2.5
15110,6651,3,-0.04544089264305606
15110,7189,5,-0.13945284262224478
