user_id,book_id,rating,predict
15356,406,4,3.65
15356,776,5,4.0
15356,1077,4,6.857142442998251
15356,1152,3,7.160175469770099
15356,3598,4,4.0
15356,3813,5,5.749998657931469
15356,4958,4,4.041666666666667
15356,5482,4,4.0
15356,7611,4,7.93749943293715
15356,7861,5,7.101693078199181
15356,7916,3,8.002619706758788
