user_id,book_id,rating,predict
15417,8392,5,3.91044776119403
15417,8744,5,3.5844155844155843
