user_id,book_id,rating,predict
15570,1614,4,8.777777820273862
15570,3430,5,8.057684452533273
15570,3862,4,8.01281998401154
15570,4341,3,4.333333333333333
15570,5264,5,7.631716484662597
15570,6052,4,8.690210779991821
15570,7992,5,8.742424026433675
15570,8134,5,7.988105421015528
15570,8236,5,7.679284376541096
