user_id,book_id,rating,predict
15677,2773,5,8.70731684674028
15677,2878,5,8.548386631753576
15677,3058,5,8.95238061156384
15677,3213,4,8.686724296932173
15677,3612,5,8.875000161818189
15677,3669,5,8.942528355166669
15677,3801,4,8.886363303910269
15677,3829,5,8.822222084233843
15677,3957,5,8.788235029591467
15677,4022,5,8.655913820679471
