user_id,book_id,rating,predict
15808,1725,4,8.680847978578392
15808,3493,5,4.333333333333333
15808,5449,2,3.875
15808,5830,4,4.166666666666667
15808,7436,4,6.739128695927457
15808,8455,4,8.055177777116427
15808,8806,5,7.956879933846579
