user_id,book_id,rating,predict
16022,5869,3,4.25
16022,6949,4,5.106382664126359
16022,8658,3,3.8275862068965516
16022,8836,4,3.716417910447761
