user_id,book_id,rating,predict
16116,6709,5,9.461503019478695
16116,8904,5,9.062497100593367
16116,9059,4,4.036363636363636
16116,9081,3,8.797084765409437
