user_id,book_id,rating,predict
16199,3119,3,4.0
16199,5211,5,3.5
16199,7427,2,5.777777705528617
16199,8334,2,6.0341190641965845
16199,8837,2,5.366666651810151
16199,8864,2,6.161094439014496
