user_id,book_id,rating,predict
16225,7530,3,3.5714285714285716
16225,8288,4,7.057521526676513
16225,8562,3,6.5224687595593736
