user_id,book_id,rating,predict
17026,4968,3,4.357142857142857
17026,6337,5,3.9047619047619047
