user_id,book_id,rating,predict
1729,363,2,3.3333333333333335
1729,1069,2,8.43537578485707
1729,1778,3,4.5
1729,2442,2,3.5
1729,3493,3,4.333333333333333
1729,3602,5,3.5
1729,5508,4,4.0
1729,6037,4,3.9714285714285715
1729,8403,4,8.644401055063021
1729,9866,5,8.250370922532673
1729,9936,3,7.548061945073755
