user_id,book_id,rating,predict
17345,3430,3,7.631957772992333
17345,5636,4,4.0
17345,6300,3,5.599947402283119
17345,6388,4,7.158272014482718
