user_id,book_id,rating,predict
17344,1926,5,7.952940796664162
17344,6547,5,8.190466147389833
17344,6862,5,4.6
17344,7090,4,3.8
17344,7960,4,7.999999795548043
17344,8435,3,7.605261326397381
17344,8652,4,7.909074515705938
17344,9280,5,4.038461538461538
17344,9849,4,8.15867544077752
