user_id,book_id,rating,predict
17446,3867,3,3.6666666666666665
17446,5286,3,4.1875
17446,6401,4,3.761904761904762
17446,6879,2,7.5675647926505984
17446,7142,3,8.068181155955012
17446,7501,4,8.074329112240239
17446,7509,3,6.868548409374254
17446,7814,4,5.696969223401276
