user_id,book_id,rating,predict
17736,6084,5,6.1762876799717175
17736,6526,4,8.571415597338076
