user_id,book_id,rating,predict
179,3186,2,4.4
179,5045,2,3.2222222222222223
179,5978,4,7.941174986296657
179,6401,3,3.761904761904762
