user_id,book_id,rating,predict
18117,406,1,3.65
18117,1817,3,7.7092743890416155
18117,1881,5,8.070162511156736
18117,1908,5,7.862191833354883
18117,2191,5,4.5
18117,2385,5,8.573926228468336
18117,6218,5,7.999996426349933
18117,7575,4,4.032258064516129
18117,8081,5,7.897377330087313
18117,9055,5,4.345454545454546
18117,9313,5,8.367901440324209
18117,9778,2,7.985498258921194
