user_id,book_id,rating,predict
18426,3283,3,3.5
18426,5436,4,6.888865841710313
18426,6637,5,3.206896551724138
