user_id,book_id,rating,predict
18683,6102,5,4.142857142857143
18683,6885,5,3.4444444444444446
