user_id,book_id,rating,predict
18879,680,2,6.8695616140396645
18879,821,4,6.567375776271664
18879,1680,3,7.4724965509780406
18879,1751,4,7.5999999553515085
18879,1804,3,7.672299720558034
18879,2091,3,7.709517001250148
18879,2372,5,7.526161784263778
18879,2405,3,7.6190839188485935
18879,2432,4,7.554210395370587
18879,2528,5,7.488162282151352
18879,2539,3,6.625502694431773
18879,4616,2,5.942372181697717
18879,4957,4,7.99538211055452
18879,5174,5,7.749999659125914
18879,6372,3,7.591854506391876
18879,6519,3,7.812499618706889
18879,6707,2,3.5714285714285716
18879,7587,2,3.7636363636363637
18879,7631,4,7.66488373886623
18879,7732,3,7.829416998786995
18879,7821,3,6.671995097788042
18879,8822,4,7.983683419762492
18879,8945,3,7.718422545239946
18879,9132,3,6.869565053010052
18879,9350,3,6.793099689555103
18879,9366,3,7.45329771006476
18879,9368,3,7.188970855445239
18879,9488,4,7.895123361947285
18879,9592,3,8.1591477113499
18879,9805,3,7.6389079878571895
