user_id,book_id,rating,predict
19288,2560,5,4.0
19288,2660,3,4.5
19288,3305,3,7.799999125972476
19288,3931,3,4.384615384615385
19288,4702,4,7.637946584882321
19288,4823,4,7.505159138911413
