user_id,book_id,rating,predict
19421,4702,4,7.941175154053704
19421,6548,5,7.557070289761594
