user_id,book_id,rating,predict
19704,3930,3,4.0
19704,5258,4,8.428494500023485
19704,7151,5,4.103448275862069
