user_id,book_id,rating,predict
19879,4169,3,7.888888122444546
19879,6220,5,7.999998459049481
19879,7677,5,4.285714285714286
19879,8338,5,3.7868852459016393
19879,8463,5,8.055555225376285
