user_id,book_id,rating,predict
19982,8438,3,3.9508196721311477
19982,8913,3,9.171427953283635
