user_id,book_id,rating,predict
20025,3864,4,3.5555555555555554
20025,5102,4,3.4545454545454546
