user_id,book_id,rating,predict
20040,324,4,5.0
20040,348,3,5.0
20040,382,4,4.0
20040,385,3,4.0
20040,630,4,7.89999508149557
20040,807,2,4.0
20040,837,3,6.352939688264027
20040,843,2,6.631578762931829
20040,892,3,7.327385810573777
20040,1001,1,4.0
20040,1044,4,7.290007920722804
20040,1046,4,6.757458460434655
20040,1263,4,6.491906369280085
20040,1404,4,7.172919529020033
20040,2139,4,5.0
20040,3123,3,4.0
20040,6893,4,3.625
20040,7901,4,7.175817266103609
20040,7980,1,6.632808875821456
20040,8056,1,8.007526731305523
20040,8323,4,7.718965761855188
