user_id,book_id,rating,predict
20151,5136,5,9.285714474052721
20151,5504,5,9.181818410098987
20151,6691,5,3.7142857142857144
20151,6792,5,8.33333349844545
20151,6931,5,8.299999675297734
20151,7267,5,3.3125
20151,7927,5,8.690476145156868
