user_id,book_id,rating,predict
20996,1241,5,8.681817951237715
20996,1522,3,8.01552088022449
20996,2248,5,8.932624364233352
20996,2482,5,8.199570357701758
20996,2598,1,8.911407242058317
20996,4856,2,4.0
20996,6682,3,4.25
20996,7390,3,6.271097423656302
