user_id,book_id,rating,predict
21405,1099,3,7.222221630564157
21405,1304,4,4.0
21405,1363,4,4.0
21405,1394,4,4.0
21405,1422,4,7.153519292626305
21405,1450,4,8.33333322822985
21405,1479,1,8.499999785863142
21405,1602,4,8.899999521285684
21405,1630,4,8.727272484583834
21405,1690,3,8.258258580437529
21405,1745,4,7.131808320777027
21405,6331,3,8.055554045078821
21405,6401,4,3.761904761904762
21405,7864,4,6.77418818346359
21405,8159,4,8.212765003578617
21405,8978,4,8.181077304820853
21405,9737,4,7.826086507496971
21405,9863,4,6.941752549613108
