user_id,book_id,rating,predict
21656,9066,5,8.98148095130483
21656,9491,5,9.19767451325977
