user_id,book_id,rating,predict
21900,5228,3,3.9393939393939394
21900,7548,4,6.9999993766055395
