user_id,book_id,rating,predict
22163,1006,5,8.080525863260423
22163,1387,5,3.452054794520548
22163,6269,5,3.7
22163,7237,5,8.861491398497058
22163,8339,5,8.849824094933647
22163,9029,5,8.535117750216504
22163,9538,5,7.9472243769372675
22163,9643,5,7.970142944975683
