user_id,book_id,rating,predict
22654,6676,2,8.433330443630219
22654,7956,3,6.033415434942483
22654,8834,2,6.4163021678691035
