user_id,book_id,rating,predict
23099,1069,4,7.812492225598194
23099,1263,4,8.015924620181075
23099,1816,4,7.388857001336703
23099,1914,4,7.367533697073227
23099,1963,4,7.821428337325731
23099,2132,5,4.0
23099,2156,2,8.242227870940557
23099,2189,4,7.7411367265598745
23099,2196,4,7.525798647320435
23099,2212,4,7.454545300506524
23099,3915,5,8.921221925697324
23099,5070,5,4.4
23099,6013,4,8.09863722474119
23099,7142,4,9.068180459129646
23099,8631,3,8.514038551551117
23099,9333,3,8.239883965126058
23099,9852,3,7.670464447494931
