user_id,book_id,rating,predict
23222,2258,4,3.0
23222,3103,4,8.428570554777306
23222,3191,5,8.899877550184751
23222,3415,5,8.40431999290887
23222,4770,4,4.25
23222,5249,4,8.714284184942255
23222,5442,3,8.108584352461921
23222,5753,5,7.731935530860707
23222,5897,5,3.409090909090909
23222,6008,3,7.367866218684785
23222,6077,4,8.6682896794449
23222,6207,4,7.708046952983116
23222,7271,5,6.62499944310391
23222,7368,4,8.53573525691343
23222,7421,5,8.590380731080545
