user_id,book_id,rating,predict
2335,5241,3,3.7777777777777777
2335,5699,4,6.806927025496377
