user_id,book_id,rating,predict
23443,2955,5,7.113707476303421
23443,6703,4,4.2272727272727275
23443,7267,4,3.3125
