user_id,book_id,rating,predict
23477,1906,4,6.840815813686554
23477,2328,5,8.510706257850915
23477,2910,5,8.80458660781247
23477,4421,4,4.166666666666667
23477,5965,3,7.199992972065521
23477,6755,4,3.75
23477,7124,5,8.775861294268935
23477,8208,2,7.20588192956172
23477,8677,4,3.744186046511628
23477,9078,5,3.9833333333333334
23477,9861,5,7.737318421036926
23477,9996,4,8.044233058338598
