user_id,book_id,rating,predict
23486,659,4,4.0
23486,1115,3,8.411360551063652
23486,1229,4,5.0
23486,1250,4,4.0
23486,1329,4,9.048007913312002
23486,1364,4,7.680451073971039
23486,1444,4,7.448429463053511
23486,1570,5,8.067244095826492
23486,1613,4,7.040991428529277
23486,1629,4,6.999999377782828
23486,1778,3,4.5
23486,1797,4,7.762002430256214
23486,1875,3,7.326726777796125
23486,1939,3,7.144773823780721
23486,1955,4,7.714314482140471
23486,1999,3,8.316876844894512
23486,2096,4,7.207134426839627
23486,2157,5,8.008232213343732
23486,2230,4,7.151515017705876
23486,2260,3,6.909090524160499
23486,2339,5,7.7995606115731455
23486,2419,3,7.9584251979334315
23486,2523,3,8.40496534119281
23486,2579,4,8.172004352517645
23486,2643,5,8.143952470685635
23486,2703,4,8.388711028849215
23486,2993,4,8.01246764110016
23486,3126,5,8.55666130475498
23486,3252,4,8.076467982669836
23486,3279,4,7.285747749395202
23486,3404,2,7.764663646883967
23486,3464,4,7.132025966174947
23486,3523,4,7.928576334545629
23486,3546,5,8.0800911319799
23486,3767,3,7.897894751222308
23486,3813,3,6.299963332719117
