user_id,book_id,rating,predict
24072,3645,4,8.444441338904918
24072,5911,5,8.924548657493037
24072,6156,5,8.111109861644078
24072,6202,4,8.157893491228625
24072,6315,3,6.608693509066881
24072,6559,5,7.829641190296677
24072,6865,4,7.279998560461646
