user_id,book_id,rating,predict
24260,1912,3,7.479387660169922
24260,4972,4,7.667946287226731
24260,6785,5,8.478259047793628
24260,7140,4,7.555548983716674
24260,7359,4,4.0
24260,7563,3,7.749996696376646
24260,7771,4,7.549768225614059
24260,7946,5,4.0
24260,8323,4,8.025056612599613
24260,8867,5,4.142857142857143
24260,9542,4,8.208633998106865
