user_id,book_id,rating,predict
24496,7114,4,5.725709058452006
24496,7831,5,5.907463752643235
