user_id,book_id,rating,predict
25105,1372,5,3.3333333333333335
25105,1475,2,4.666666666666667
25105,1647,4,4.0
25105,1787,3,3.6
25105,2292,3,6.428311068244783
