user_id,book_id,rating,predict
25162,6260,5,4.142857142857143
25162,6538,4,3.8
25162,6596,5,7.59505573316118
25162,7857,5,8.94284181574139
