user_id,book_id,rating,predict
25265,4663,1,6.358973459524153
25265,4936,3,3.070015502287972
25265,8213,3,6.4285698833911376
