user_id,book_id,rating,predict
2538,3867,3,3.6666666666666665
2538,4055,4,4.0
2538,5255,3,4.041666666666667
2538,6207,3,6.499999619963881
2538,6895,3,6.499999320060111
2538,7129,4,6.310333373990826
2538,7279,3,6.679996705872433
2538,7664,4,5.034553716684943
2538,7715,4,6.915253760682954
