user_id,book_id,rating,predict
25886,5580,5,8.333332460185217
25886,6171,4,8.451227632133174
25886,6218,3,7.712699361262467
25886,6249,5,9.062500021669056
25886,6419,5,7.863698546270445
25886,6445,4,8.429949788967448
25886,7307,5,7.199838887620027
25886,7666,4,8.851365665283861
25886,8077,5,9.437499767955641
25886,8078,5,8.586139619339784
25886,8097,3,8.296054179830342
25886,8157,2,8.370786277638205
