user_id,book_id,rating,predict
25998,5269,4,3.875
25998,5714,5,8.809225139848344
25998,7271,5,8.624994153576425
25998,7446,5,9.000726285508858
25998,7515,4,3.9166666666666665
25998,7724,2,7.424242232477793
25998,7932,3,7.599647008691873
25998,8068,4,7.228746193026545
25998,9082,4,6.792207880395238
