user_id,book_id,rating,predict
26064,7999,5,8.969351399836937
26064,8394,5,8.856258890469295
26064,9046,5,9.154761589882796
