user_id,book_id,rating,predict
26073,1045,5,4.032258064516129
26073,1634,3,8.926827150816614
26073,2017,4,3.9285714285714284
26073,2120,3,8.796776202607727
26073,2447,3,8.937092466039845
26073,2701,5,5.728194935390013
26073,2713,5,8.314304253803655
26073,3420,4,8.988887802011053
26073,7887,4,8.404127970534617
26073,8096,5,8.122146847975845
26073,8976,5,9.627902131068073
