user_id,book_id,rating,predict
26321,1496,5,8.706014738968115
26321,1886,4,8.546268039300404
26321,1995,5,8.51433245761222
26321,7038,4,8.666665354699488
26321,7082,3,3.857142857142857
26321,7325,4,8.90907160201081
26321,7422,3,7.73751077255955
26321,8320,4,7.498746961911218
26321,8701,4,8.242422909785752
26321,9863,3,8.301822640274448
