user_id,book_id,rating,predict
26636,8924,3,9.25581118878197
26636,9156,3,9.391298039476823
26636,9746,5,9.241379152702688
