user_id,book_id,rating,predict
26888,3571,3,7.083333215694587
26888,5112,3,7.428571623634204
26888,5892,3,7.2397541076948775
26888,6667,3,8.121702962097363
26888,7600,4,7.43317051985272
26888,7786,3,7.677798296634649
26888,7818,4,7.689017623733463
26888,7983,4,8.089612690046529
26888,8040,3,7.439572653148241
26888,8267,4,8.286213432967639
26888,8398,3,7.100926598322998
26888,8408,4,8.093037338300736
26888,8702,4,8.376582525037318
26888,9015,4,7.940421509417185
26888,9556,3,7.6330875642536915
