user_id,book_id,rating,predict
27028,1840,5,8.555555321620538
27028,1973,5,8.470587766682183
27028,2083,5,8.86486442870984
27028,4281,5,9.285714171441278
27028,5000,5,9.499999722798087
27028,5136,3,9.142894375892434
27028,5611,5,9.499999559249881
27028,5892,5,9.000000353226884
27028,6203,5,9.433333138538057
27028,7409,5,9.44444085715153
27028,8031,5,8.880951147111022
27028,8076,5,9.361110571595539
27028,8768,5,9.372849693392423
27028,9491,4,9.197674312905916
