user_id,book_id,rating,predict
27266,4516,3,3.5714285714285716
27266,6024,5,8.345404108319023
27266,7140,4,7.5555547033288235
