user_id,book_id,rating,predict
2731,3682,3,7.81478720268259
2731,3733,3,4.0
2731,3915,4,7.142856734510426
2731,4969,5,5.249999813473478
2731,5553,3,6.666664218645658
2731,5562,3,6.963764621361888
2731,5901,3,7.54545449730645
2731,6310,2,4.0
2731,7120,4,8.24318441844633
2731,7161,2,5.419353467192362
2731,7307,3,7.270823025340688
2731,7365,2,6.896544112440861
2731,8121,4,7.567338807755063
2731,8547,2,7.088933929486512
2731,8600,3,7.691934029734938
2731,8635,3,6.820556946619769
2731,8977,4,7.468641270769753
2731,9121,3,8.193551870886239
2731,9425,3,7.209819948800171
2731,9604,2,7.746815908474933
