user_id,book_id,rating,predict
27345,7176,4,3.6666666666666665
27345,7762,5,7.933329175657377
27345,8209,4,4.1911764705882355
27345,8300,4,7.547168365800364
