user_id,book_id,rating,predict
27568,2222,5,3.0
27568,5740,4,8.333330908336261
27568,7025,3,7.709677048604252
