user_id,book_id,rating,predict
27570,4519,3,4.0
27570,6673,4,7.90909066759812
27570,7436,5,8.739125928006427
27570,8806,4,8.097328794983952
27570,8998,4,3.9347826086956523
