user_id,book_id,rating,predict
27612,17,5,8.01868252892243
27612,20,5,8.199194524564273
27612,25,5,9.380952549651882
27612,26,3,7.285007840473704
27612,27,5,9.444444338857704
27612,34,1,6.783442903730022
27612,35,5,7.527808881990892
27612,39,5,8.979938166568138
27612,40,4,6.789321308807094
27612,49,5,7.640258596251192
27612,52,5,7.6364841326376025
27612,54,4,8.121920884424078
27612,56,5,8.208332949268978
27612,64,3,7.480240731101494
27612,65,5,8.197379401744758
27612,66,5,9.03896072242137
27612,73,2,8.211007278719435
27612,77,4,7.956666767371143
27612,78,5,6.752724170671887
27612,79,5,7.696571237298253
27612,80,5,7.05625709804041
27612,81,5,8.794906992456632
27612,82,5,7.773965528662911
27612,84,5,7.397931549651657
27612,86,3,7.340643839905341
27612,87,5,8.425091486153242
27612,90,5,8.795423357137487
27612,94,4,8.986841941033815
27612,95,5,8.696202450098497
27612,1741,4,5.999999464738389
27612,1887,5,8.636361364229696
27612,1908,4,7.827496161916747
27612,2229,1,7.75518670931022
27612,2481,5,8.84410980700019
27612,2903,5,8.57917079956124
27612,3419,5,5.949998370293221
27612,3799,5,8.467770254973196
27612,3994,4,7.733719776198038
27612,4237,5,7.556641832559204
27612,4240,4,8.68817146378134
27612,4285,5,8.65005649685109
27612,5152,5,8.894117057553046
27612,5187,4,8.363867022104568
27612,5415,4,8.08192527710868
27612,6078,5,7.772209991560835
27612,7856,4,8.738110885458248
27612,9280,5,8.488742358268869
