user_id,book_id,rating,predict
27640,5170,5,4.333333333333333
27640,5821,5,8.499999244069537
27640,6415,4,6.845578751040158
