user_id,book_id,rating,predict
27711,279,3,7.1310606653554345
27711,406,3,7.673940691520677
27711,822,3,4.0
27711,1040,4,6.036292858496253
27711,1065,3,8.439917490777233
27711,1198,4,8.16666636848906
27711,3248,3,4.666666666666667
27711,3499,3,4.285714285714286
27711,4147,4,3.0
27711,4295,4,8.313528370444207
27711,5038,3,3.28
27711,5422,4,8.250000024819942
27711,7229,4,7.481468330966763
27711,7896,4,3.7
27711,8613,2,3.6363636363636362
27711,9065,3,8.942080530388354
