user_id,book_id,rating,predict
28634,5585,4,5.189801777553752
28634,6599,2,3.6875
28634,6638,2,6.540886169698734
28634,7184,3,6.575780034113827
28634,7617,2,5.826086845102598
28634,7643,2,6.76275862274953
