user_id,book_id,rating,predict
29342,3110,5,4.2
29342,5339,5,7.755013555275965
29342,5653,4,6.420105191593329
