user_id,book_id,rating,predict
30274,4450,5,8.428571196714689
30274,4954,5,3.4
30274,5736,5,8.999998911944209
30274,5854,5,9.181816819102817
30274,6343,5,8.888888453300842
30274,6370,5,8.857142384848371
30274,6415,5,9.10526314212779
30274,6803,5,9.384614881188632
30274,6849,5,9.499999974073116
