user_id,book_id,rating,predict
31175,2258,5,3.0
31175,3389,2,7.045734408118012
31175,3802,3,3.5
31175,4314,4,5.286492048278958
31175,4486,5,4.0
31175,4783,5,3.75
31175,4902,5,3.7777777777777777
31175,5551,4,3.75
31175,5671,4,2.875
31175,6476,3,4.05
