user_id,book_id,rating,predict
32550,3405,4,3.8333333333333335
32550,3554,5,4.4
32550,4373,5,4.333333333333333
32550,4752,5,3.5714285714285716
32550,4918,5,4.5
32550,5131,5,9.166666217119207
32550,5736,5,8.999939388532802
