user_id,book_id,rating,predict
33033,3377,4,4.0
33033,4106,5,3.25
33033,6475,5,8.574107910431508
33033,6575,2,3.972972972972973
33033,7169,5,7.1771398986351995
33033,7338,2,7.14863449276759
