user_id,book_id,rating,predict
33138,6352,5,8.909742585981032
33138,7034,5,4.043478260869565
33138,7758,5,8.933332335395557
