user_id,book_id,rating,predict
3342,4155,5,8.845190175444701
3342,4789,4,8.684782546901559
3342,4795,5,8.720930341080216
3342,5209,5,8.74632859137342
3342,5507,5,8.729166691753228
3342,5795,5,8.340659118902959
3342,5936,5,8.41666661778213
