user_id,book_id,rating,predict
33739,1507,3,4.052631578947368
33739,1618,3,7.566040884456992
33739,1925,3,8.790396499484302
33739,2940,3,5.0
33739,6545,4,3.7916666666666665
