user_id,book_id,rating,predict
33745,3103,4,8.428570713285511
33745,3542,2,3.75
33745,4643,4,3.875
33745,5762,3,3.75
33745,7129,3,3.310344827586207
33745,7412,4,3.9473684210526314
33745,7438,3,8.678570446427397
33745,8012,3,4.0
