user_id,book_id,rating,predict
33791,3104,5,9.624996476245258
33791,4035,5,7.999999614253922
33791,5551,5,3.75
