user_id,book_id,rating,predict
34047,3292,5,9.451612002333242
34047,8343,4,9.479996674642091
34047,8401,2,7.272323503806608
34047,8719,3,6.957446036560826
34047,9408,4,9.098844173379991
34047,9952,5,9.562496580244392
