user_id,book_id,rating,predict
34118,3783,3,8.499999598381088
34118,3928,5,4.0
34118,4104,5,4.0
34118,4106,5,3.25
34118,4746,4,3.5
34118,5064,5,3.999997565755118
34118,5126,5,4.6521728352908776
34118,5551,5,8.725963113515789
