user_id,book_id,rating,predict
34158,776,3,4.0
34158,4620,3,8.166665749675818
34158,6025,4,7.249999504894312
34158,7302,3,6.971317395271724
34158,7427,2,7.43637425499875
34158,7501,4,8.044730717150882
34158,7575,3,8.031674522000806
34158,8064,3,7.447796207596159
34158,8238,3,8.178568716241395
34158,8687,3,7.203057612625083
34158,8837,3,6.180998208798091
34158,8864,3,6.680344818401608
