user_id,book_id,rating,predict
34191,6341,5,7.7619035218431005
34191,7524,5,4.446808510638298
