user_id,book_id,rating,predict
3444,4780,2,3.9393939393939394
3444,5019,5,4.8
3444,7176,5,6.666666215085085
