user_id,book_id,rating,predict
34693,4835,5,4.2
34693,5451,3,7.095808448004153
34693,5477,4,7.628963153323824
