user_id,book_id,rating,predict
35065,2457,4,8.467935038490202
35065,2505,4,4.5
35065,5405,5,9.221711428598908
35065,6428,5,4.6
35065,7087,4,3.6296296296296298
35065,7443,5,8.20498316531442
35065,7523,5,8.576989002500845
35065,7695,3,7.730760980537497
35065,7802,3,8.03875783931656
35065,8180,5,7.968101142345884
35065,8384,4,7.864331061243234
35065,8505,3,7.898620697601359
35065,8932,4,8.25208931930053
