user_id,book_id,rating,predict
35411,5325,4,4.166666666666667
35411,5495,4,6.133333273866538
