user_id,book_id,rating,predict
35518,6651,3,6.023688444046706
35518,8172,5,8.564534704902051
