user_id,book_id,rating,predict
36173,6117,2,4.0
36173,6231,4,6.4595865774847905
36173,7033,3,6.478584552473399
36173,7094,3,5.947944674052111
36173,7424,4,4.071428571428571
36173,7467,3,6.366662710526788
36173,8024,3,7.124240444385119
