user_id,book_id,rating,predict
3623,656,4,7.00934027956745
3623,667,4,8.099999128403653
3623,831,3,7.984777345276741
3623,947,4,7.922346251996149
3623,1004,4,7.796802647752136
3623,4372,4,7.149501141246196
3623,5815,4,7.173318520957832
3623,6388,3,7.78947280916179
3623,6995,5,8.291665436370193
3623,7102,4,8.26666551754003
3623,8312,2,7.239850009499602
3623,8859,4,7.532633376310027
3623,9508,3,8.040592139805163
3623,9795,5,7.786849430835611
3623,9861,3,7.342211757257287
