user_id,book_id,rating,predict
36273,3886,3,7.799998094249568
36273,4357,4,9.285713352032086
36273,5436,3,3.888888888888889
36273,5708,5,3.375
36273,6671,3,3.68
36273,6956,4,6.847982149223414
36273,7393,5,6.916665159086676
