user_id,book_id,rating,predict
36328,5267,4,7.833333274849473
36328,6794,4,8.478979522879925
36328,6859,4,7.928571524125179
