user_id,book_id,rating,predict
3657,6706,4,3.3333333333333335
3657,8479,4,2.301266278692668
3657,8486,4,6.557375960707306
