user_id,book_id,rating,predict
36659,4133,4,7.736738698947687
36659,5430,3,3.4285714285714284
36659,7031,3,3.0
36659,7751,3,7.779277897774717
