user_id,book_id,rating,predict
36712,6929,5,5.749996657830299
36712,7256,5,5.690474563964392
36712,7724,3,6.42424233053864
