user_id,book_id,rating,predict
36722,1047,5,8.659721164049735
36722,1854,4,8.108262663525252
36722,2065,4,7.364245253864719
36722,2080,5,7.487155702724145
36722,2243,3,7.479052725584332
36722,3012,3,7.682344345617484
36722,4295,5,8.338572928269754
36722,5124,5,8.471333593356283
36722,5422,5,9.250000031024928
36722,5868,4,4.166666666666667
36722,7033,4,6.655742439127779
36722,8017,5,8.028991554062507
36722,8600,3,7.032200704230034
36722,9181,4,6.838207342726587
36722,9501,4,7.603017594150323
