user_id,book_id,rating,predict
36871,580,4,3.6666666666666665
36871,3139,4,3.5
36871,3377,4,7.99999303035659
36871,4015,5,4.0
36871,4104,5,4.0
36871,4866,3,8.437499393252759
36871,5374,4,3.6
36871,6055,3,8.496594062801938
36871,6215,5,8.433788901553125
