user_id,book_id,rating,predict
3693,1711,2,6.126892079876114
3693,2165,2,6.414214120072016
3693,2425,2,6.031993310559543
3693,3896,3,3.75
3693,5114,3,8.624999283445653
3693,5215,4,8.189306365726193
3693,5355,2,6.999998080976467
3693,5427,3,6.142857203208392
3693,6959,3,9.333329575920128
3693,9219,3,7.1578942381647765
