user_id,book_id,rating,predict
37132,2886,4,3.6666666666666665
37132,4934,3,4.3
37132,4975,3,3.909090909090909
37132,6813,3,8.999999166961084
