user_id,book_id,rating,predict
37141,5624,3,6.374991121639404
37141,6848,3,4.037037037037037
