user_id,book_id,rating,predict
37304,7134,5,8.244291207919503
37304,8113,4,3.1176470588235294
37304,8546,4,4.0285714285714285
