user_id,book_id,rating,predict
38645,3624,4,7.499998342235344
38645,4207,4,7.333332712287435
38645,5440,3,3.8
38645,5633,4,7.8636355815404375
38645,6801,3,7.980067582529475
