user_id,book_id,rating,predict
38933,1499,5,8.113634793376757
38933,1512,3,4.127272727272727
38933,2186,3,3.8666666666666667
38933,2785,1,7.2031250524827275
38933,2948,3,8.876379220287998
38933,6638,4,7.941176375817395
38933,8858,4,4.0
