user_id,book_id,rating,predict
39003,1894,1,7.411074625879918
39003,2186,4,8.221197119726364
39003,4169,4,8.888887917340487
39003,7166,3,3.2857142857142856
39003,8759,3,7.9305529421320635
39003,9919,4,4.111111111111111
