user_id,book_id,rating,predict
39057,1355,5,5.0
39057,3813,5,2.75
39057,7571,3,6.771428047994243
39057,7982,5,7.131207245164104
39057,8057,4,7.794642911481673
39057,8768,4,8.758098885430801
39057,9044,3,8.951902501828503
