user_id,book_id,rating,predict
39307,5976,4,8.28571373038241
39307,6890,5,8.733045933881318
39307,7865,4,9.11601825267449
39307,7931,4,8.166666786623356
39307,8077,4,8.437500018548928
39307,8078,4,8.203703439751312
