user_id,book_id,rating,predict
39811,5708,2,0.3750005283210336
39811,8529,5,8.01737803791473
