user_id,book_id,rating,predict
39917,2180,3,6.555538697651987
39917,2479,3,8.172398967302696
39917,5682,4,7.249998877204856
39917,6257,3,7.166665411343949
39917,6467,4,4.0
39917,6693,4,7.229895537849457
