user_id,book_id,rating,predict
4042,8304,3,5.8243242328291736
4042,8328,3,5.506069570877795
4042,8723,4,1.5507800875149782
