user_id,book_id,rating,predict
40589,5521,4,8.831752172198726
40589,5607,4,8.45247948649914
40589,6672,5,8.178802806096384
40589,6821,5,8.79999979981119
40589,7376,5,8.965516812608044
40589,7456,5,8.888888930590914
40589,7625,3,7.980578490310229
40589,7722,4,7.842682060170581
