user_id,book_id,rating,predict
40686,2308,3,3.857142857142857
40686,2572,5,7.374999911697837
40686,2797,5,8.333332183115933
