user_id,book_id,rating,predict
40921,4203,4,3.4
40921,6649,4,4.2631578947368425
40921,6964,4,3.40625
