user_id,book_id,rating,predict
41399,4569,2,3.3333333333333335
41399,7222,3,6.961538185451898
