user_id,book_id,rating,predict
41672,2372,4,8.210087742931364
41672,2858,5,7.972425883580314
41672,4086,5,7.374997315016438
41672,4133,4,8.227315048637063
41672,5427,5,7.833374059674934
41672,7699,3,8.242597912623893
41672,7751,5,7.90662986598157
41672,9511,4,7.834320111395851
