user_id,book_id,rating,predict
41737,4875,3,6.583573794598584
41737,5771,3,7.146315660246653
41737,6422,3,7.614893781664197
41737,6638,5,7.0737533303687385
41737,6660,4,6.999999914753772
41737,6912,4,6.894736756653093
41737,7094,3,6.894736577338559
41737,7184,5,7.173362853444994
41737,8377,3,6.8804589910687675
41737,8727,2,7.109073594219174
41737,9040,3,6.9823221619414895
41737,9288,3,6.785662225665901
