user_id,book_id,rating,predict
41779,7903,5,8.939392894425584
41779,9535,5,7.034378344479357
