user_id,book_id,rating,predict
41929,2880,4,3.2
41929,7550,4,4.444444444444445
41929,7874,3,4.204545454545454
