user_id,book_id,rating,predict
42073,3012,2,3.3333333333333335
42073,5987,3,5.642856121488583
42073,6047,5,4.0
42073,6090,4,3.25
42073,6355,3,4.142857142857143
