user_id,book_id,rating,predict
42119,2200,5,8.035564066531936
42119,3624,5,7.499999613278263
42119,4966,5,3.8333333333333335
42119,5962,5,9.210523702558024
42119,6749,5,8.576151696988369
42119,7585,5,8.725193488333694
42119,8871,5,8.109827573740802
