user_id,book_id,rating,predict
42234,5526,2,3.8333333333333335
42234,5794,4,4.4
42234,6164,3,7.690612498678543
