user_id,book_id,rating,predict
42607,3813,3,2.75
42607,6971,5,9.388885486330837
42607,7518,5,4.150943396226415
42607,8031,5,8.880948940690985
