user_id,book_id,rating,predict
42691,3549,4,3.5
42691,4604,3,3.0
42691,5164,5,3.5714285714285716
42691,6694,5,7.9577100348198275
