user_id,book_id,rating,predict
42757,8025,5,4.081632653061225
42757,9127,4,8.791665590559445
