user_id,book_id,rating,predict
42877,6930,3,7.588969128831452
42877,7235,3,7.659402564399569
