user_id,book_id,rating,predict
43532,921,4,7.812498054181759
43532,1395,4,8.04922192473145
43532,1551,3,7.960713079290276
43532,1712,5,7.774180212109038
43532,1744,3,3.8857142857142857
43532,1882,3,8.425760275432992
43532,4295,4,7.834779826064036
43532,6117,4,4.0
43532,8590,4,7.826084926920069
