user_id,book_id,rating,predict
43926,2166,5,5.0
43926,2867,5,2.0
43926,5702,4,7.96636618823959
43926,6149,4,4.088235294117647
43926,6798,4,7.9230621424417516
43926,7670,4,8.7723364247437
43926,8339,4,8.453219702246335
43926,8705,5,7.8684207835426445
43926,9450,3,7.951479876309345
