user_id,book_id,rating,predict
44065,3891,4,2.5
44065,4732,4,7.166666151561144
44065,4814,5,4.166666666666667
44065,5918,4,7.142856938888645
44065,6360,4,8.399999819931548
44065,6979,4,3.892857142857143
44065,7040,5,7.763117959117884
