user_id,book_id,rating,predict
44839,2119,4,7.098262041846672
44839,5671,4,6.906905023466082
44839,5853,4,4.111111111111111
44839,6083,4,8.653815529963211
44839,6855,4,7.686179144470744
44839,7439,5,4.153846153846154
44839,7888,5,8.121211359763663
44839,8098,4,6.8461525065763915
44839,9302,5,6.766637271856377
