user_id,book_id,rating,predict
46053,4203,4,8.08873730899079
46053,7373,5,7.246952377150263
