user_id,book_id,rating,predict
4612,8194,4,8.208333290069021
4612,8524,3,7.843741338439914
