user_id,book_id,rating,predict
46126,3305,4,3.8
46126,5547,2,4.142857142857143
46126,5749,3,4.142857142857143
