user_id,book_id,rating,predict
46338,4134,4,7.411391297316399
46338,4616,4,7.349517294086775
46338,5490,3,7.2895626971203065
46338,5656,4,8.093824431028228
46338,6132,3,7.759200203379038
46338,6248,4,3.769230769230769
46338,6304,4,7.911861614271146
46338,6526,3,6.980401306256775
46338,7570,4,7.52002304028302
46338,7720,4,8.399999664914603
46338,7850,3,8.938658519023551
46338,7878,3,7.1355094056416934
46338,8002,3,7.5386058093118145
