user_id,book_id,rating,predict
46559,2336,4,3.0
46559,3602,3,6.499999699467948
46559,5114,5,7.270529546897185
46559,5334,2,6.583332912917084
46559,5785,4,3.888888888888889
46559,6006,5,7.249998838083121
46559,6393,2,3.7058823529411766
46559,6593,5,6.5789468481116895
46559,7587,2,6.763635583398771
46559,7611,5,8.761592418083847
46559,7622,4,8.09201386763377
46559,7723,5,7.931584885973766
46559,8011,4,8.285524005601943
46559,8160,3,7.79960975573619
46559,8175,5,3.608695652173913
46559,8246,5,7.018387630627837
46559,8472,4,8.31950407664839
46559,8623,4,7.262809578641653
