user_id,book_id,rating,predict
47844,5735,3,8.34025430030529
47844,6673,3,7.780000766752376
47844,7788,3,7.50148739884622
47844,7824,5,9.058823466238827
47844,8035,2,7.131926841772406
47844,8887,4,9.01774907620203
47844,9074,5,9.069440199645868
47844,9343,5,8.063429547829948
47844,9434,5,8.927272464534598
