user_id,book_id,rating,predict
47946,7293,3,6.743585658705194
47946,8529,4,7.03999948185581
47946,8547,4,5.665845042500816
