user_id,book_id,rating,predict
48109,6771,5,3.838709677419355
48109,7104,3,7.990436409119751
48109,7229,3,7.641172896877849
48109,7849,4,9.127657340237553
