user_id,book_id,rating,predict
48879,3347,2,5.932158201069313
48879,5981,2,5.628443386171429
48879,7554,4,2.8746241878841885
