user_id,book_id,rating,predict
48986,1125,2,2.5
48986,1793,1,2.0
48986,1822,1,2.3
48986,2171,3,6.630172875494978
48986,3225,5,5.892854517113044
48986,4809,2,5.781186660166887
48986,5054,4,4.25
48986,5335,5,7.4214142764793465
48986,6253,3,6.485662230985419
48986,6359,4,7.085721942337487
48986,7457,5,6.876764676675947
48986,8487,4,6.794674630762925
48986,8755,5,8.951008619364877
48986,9237,5,7.1808200698332545
48986,9257,5,9.082910101016088
48986,9402,4,7.041830725856764
