user_id,book_id,rating,predict
49061,3572,3,4.0
49061,4153,3,4.874999854720634
49061,4292,3,3.923076923076923
49061,4893,3,4.230769230769231
49061,6194,5,4.692307535882432
49061,6883,4,3.75
