user_id,book_id,rating,predict
49125,656,5,3.25
49125,702,4,3.6363636363636362
49125,837,4,6.573277306410812
49125,1293,4,8.082460281686533
49125,1351,4,8.111108982492002
49125,1575,5,7.445320351403027
49125,1857,4,9.0399989221574
49125,1943,4,7.6834731759464425
49125,3742,5,3.75
49125,4529,4,4.181818181818182
49125,5041,4,3.5
49125,7366,4,3.6923076923076925
49125,8019,4,7.7826170204154455
49125,8656,5,8.43181434084878
49125,8947,5,8.983866382536544
