user_id,book_id,rating,predict
49695,4191,5,4.375
49695,5733,3,3.090909090909091
49695,6141,4,8.41666551188674
49695,6359,4,7.18186279061981
