user_id,book_id,rating,predict
49783,1328,4,7.132363035804355
49783,1551,3,6.61904716666802
49783,1744,3,6.9494769262907745
49783,1882,3,6.726267120979449
49783,1940,3,6.596490915910903
49783,3267,2,6.800235660504512
49783,4701,3,3.7142857142857144
49783,5065,3,6.435804751267193
49783,6840,2,3.5517241379310347
49783,7247,3,6.588234565437642
49783,7798,2,3.4642857142857144
49783,8798,3,6.534879834388112
49783,9240,4,6.506665901123796
49783,9710,3,6.491524260855911
