user_id,book_id,rating,predict
49799,4918,5,4.5
49799,5131,5,9.166662124154582
49799,6145,5,4.0
49799,6303,5,7.044173837305603
49799,6365,5,6.767474070392401
49799,6370,5,8.739874311912228
49799,6904,5,8.839999661210836
