user_id,book_id,rating,predict
50255,1587,3,6.859311263612238
50255,1610,4,7.024326512632543
50255,1615,4,7.623145535722891
50255,1757,4,7.180490601823605
50255,1839,3,6.998905633323865
50255,2203,3,6.8181817582208115
50255,5286,4,7.187499005001026
50255,6546,4,5.823510417496889
50255,7040,3,6.499998673856281
50255,7564,2,6.466665663422942
50255,7630,2,7.1749917473183675
50255,8090,3,7.31752092380186
50255,8273,4,6.44682867596873
50255,8333,3,7.232142619697774
50255,8802,4,5.773611570135014
