user_id,book_id,rating,predict
50735,4835,4,8.199997016994734
50735,5130,5,7.181817845910228
50735,5451,5,4.406893927237068
