user_id,book_id,rating,predict
50781,5944,4,2.9
50781,6931,5,7.299998680645034
50781,8847,5,4.258620689655173
