user_id,book_id,rating,predict
50900,1129,3,3.5454545454545454
50900,3986,2,3.6666666666666665
