user_id,book_id,rating,predict
51265,7783,5,7.8444424209186225
51265,8570,4,7.931371836328659
