user_id,book_id,rating,predict
51647,6649,5,8.79491825038359
51647,7222,3,8.321002557907132
51647,7780,5,9.119999548232457
51647,7940,5,8.656908977758594
51647,7957,5,8.700039501378239
51647,8164,5,9.548386074958747
51647,8741,5,7.674222615409427
51647,9925,4,7.945232340776457
