user_id,book_id,rating,predict
52142,5041,5,8.499998090999846
52142,5505,5,8.857142696879352
52142,6352,5,8.92307656953676
52142,6691,5,3.7142857142857144
52142,7112,4,8.15789475581943
52142,7576,4,7.966666422672201
52142,7583,4,8.2500002059001
52142,7619,5,8.999999801095523
52142,7681,5,8.545453988474112
52142,7748,5,8.919999964518478
52142,7793,5,8.321001281083966
52142,7818,5,9.210525798923163
52142,7991,5,8.545454489546666
52142,8050,4,8.137254963636128
52142,8156,5,8.949999979849522
52142,8254,5,8.687499725949685
52142,8868,5,8.545454097741946
52142,8994,5,8.725805998016462
52142,9116,5,8.921568469292472
52142,9128,4,8.115942114474274
52142,9140,5,8.912108264951303
52142,9234,5,8.214285348542225
52142,9330,5,8.93333298938082
52142,9400,5,8.641790966397693
52142,9469,5,8.760000027566704
52142,9476,5,8.630136804287075
52142,9539,5,4.129032258064516
52142,9586,5,8.955881162458727
52142,9622,5,8.631578978272092
