user_id,book_id,rating,predict
52406,6911,3,7.780335092689471
52406,7355,3,8.646895018563777
52406,7926,4,7.670197584489675
