user_id,book_id,rating,predict
52800,5024,4,8.05101976761527
52800,6042,3,7.7628861222411105
52800,6438,4,8.432240732297485
52800,6483,5,8.59311135603259
52800,7648,5,7.8695631475112275
