user_id,book_id,rating,predict
53005,580,5,3.6666666666666665
53005,2934,5,3.0
53005,3939,5,8.572108647305605
53005,4344,5,4.75
53005,4382,4,8.666666339329655
53005,4785,4,8.506275745111832
