user_id,book_id,rating,predict
5333,4004,4,4.0
5333,6234,3,7.07142740413124
5333,6898,3,9.102563244603857
5333,7647,2,3.75
5333,7872,3,6.442307417304431
5333,7995,1,6.191408538832738
5333,8564,3,3.642857142857143
5333,8814,5,7.78198163871367
5333,8998,4,8.93478071762518
5333,9129,3,6.787878660173776
5333,9841,4,7.444917014557683
