user_id,book_id,rating,predict
5841,6269,4,7.69999980721048
5841,6689,4,7.899999652573003
5841,7064,4,7.904761584712949
