user_id,book_id,rating,predict
5927,3211,3,3.3333333333333335
5927,3486,3,6.627729088452459
5927,3503,3,4.0
5927,4831,4,4.5
5927,5815,3,3.9
5927,6164,3,6.999999768910935
5927,6506,3,3.24
5927,6682,2,4.25
5927,7247,2,5.58823370993004
