user_id,book_id,rating,predict
6284,4287,4,7.999999724961635
6284,5691,4,8.028353434683432
6284,6142,3,8.06526970402771
6284,6437,4,8.058411942468625
6284,6898,5,4.102564102564102
6284,7410,4,7.642857317648247
6284,7654,4,8.206618164982647
