user_id,book_id,rating,predict
644,5276,4,4.384615384615385
644,8184,5,9.063827787069457
