user_id,book_id,rating,predict
6462,4734,5,7.499998987801341
6462,5640,3,7.333322933537488
6462,6137,4,3.5
6462,6491,3,7.357141177539465
6462,7040,4,7.068361045204759
6462,7166,3,6.513939444649301
6462,7356,4,7.115103504947463
6462,7425,3,8.119867659387317
6462,7582,3,6.749306847576762
