user_id,book_id,rating,predict
6600,6619,5,9.294116681072566
6600,7631,5,8.882353033490398
