user_id,book_id,rating,predict
7306,3911,5,4.333333333333333
7306,6460,4,8.888877198860111
7306,8019,4,8.638887525572667
