user_id,book_id,rating,predict
7601,6372,4,6.333332876887473
7601,6529,3,3.0
7601,6854,4,7.745373249045557
7601,7371,4,6.0332509891341
7601,7752,5,6.794223122092136
7601,8237,4,8.430761333469489
7601,8322,3,7.130860045946813
7601,8644,3,7.671679039142054
7601,8759,4,7.377409311239356
