user_id,book_id,rating,predict
7980,6444,5,8.682115177107786
7980,7217,5,8.876471192778215
7980,7420,4,8.597221667743902
7980,7706,5,3.65625
7980,7807,5,8.773727319996114
