user_id,book_id,rating,predict
8176,4252,5,3.8333333333333335
8176,6894,5,4.17948717948718
8176,7794,1,6.257141369499793
8176,8141,3,6.499992834067539
8176,9214,4,3.7049180327868854
