user_id,book_id,rating,predict
8700,4323,4,4.333333333333333
8700,4649,5,7.0637930653893175
8700,6084,4,8.818180513454097
8700,6647,4,8.955397627156291
8700,7364,5,8.762701974270577
8700,7468,5,9.18518441428148
