user_id,book_id,rating,predict
9096,1604,5,7.996679026851275
9096,1616,4,8.16462595555926
9096,1669,2,7.787432745240424
9096,1726,1,6.9160319810776
9096,4297,4,4.6
9096,5436,4,3.888888888888889
9096,6053,3,3.5294117647058822
9096,6972,3,3.6666666666666665
9096,8192,5,3.688888888888889
9096,9272,3,6.025866271706349
