user_id,book_id,rating,predict
9311,7124,5,9.181817975674246
9311,7325,5,8.206318672850415
9311,7436,5,8.73912513294963
9311,7824,5,9.058823510174857
9311,8146,5,3.8
9311,8806,4,8.719021025180641
9311,9074,5,9.187498994033252
9311,9434,5,8.927272788359462
9311,9979,4,6.048360639675444
