user_id,book_id,rating,predict
9374,1045,3,8.009003919627071
9374,1062,4,7.061778227264345
9374,1308,4,8.720039514820932
9374,1375,2,6.834423348656049
9374,1595,4,8.232140957246813
9374,2017,3,7.561266186673624
9374,2120,3,7.302769787354844
9374,3742,4,3.75
9374,3950,3,7.166665356548339
9374,4966,3,7.4302020807437685
9374,7403,4,7.167974928715718
9374,7545,3,7.147058052291792
9374,8976,4,4.627906976744186
9374,9291,4,7.070723871065688
9374,9638,3,7.666465844325242
