user_id,book_id,rating,predict
9511,2238,4,7.326382786481933
9511,3909,4,7.474633472984683
9511,8031,4,6.880951955299956
9511,8148,2,5.48811299493725
9511,9299,3,7.411153987418119
9511,9868,4,7.764871752029256
