user_id,book_id,rating,predict
9827,3915,4,8.159441460810987
9827,5714,3,7.274498552965997
9827,6855,3,7.956487600978914
9827,6929,4,4.985001809540943
9827,7237,4,7.406785917909807
9827,7365,5,7.896543243056077
9827,8425,4,7.132195786661347
9827,8432,5,7.824288482433326
9827,8672,4,7.74602851876157
9827,9216,3,6.552582471215505
9827,9546,5,7.529135071950028
9827,9735,4,7.480760564502852
