user_id,book_id,rating,predict
10078,5964,4,1.5000003741617225
10078,6432,3,3.5
10078,7221,3,8.499999563214882
