user_id,book_id,rating,predict
10712,5325,4,4.333333333333333
10712,5809,3,0.33333356251221824
