user_id,book_id,rating,predict
10763,5307,4,4.9392476518639885
10763,5714,4,6.69972481074333
10763,5753,4,7.266825001202979
10763,6709,5,4.555360057503181
10763,7814,5,6.64507087263649
10763,7987,5,2.0364047946795005
10763,8081,5,6.2449003677381345
10763,8495,5,7.065560350044879
10763,8563,5,6.5370046836253
10763,8757,5,5.670023577515041
10763,8904,4,3.5073299367575066
10763,8961,3,5.745831331398687
