user_id,book_id,rating,predict
11277,7539,4,7.257344601949146
11277,7613,5,4.5088216667863
11277,7824,4,7.202526688791451
11277,8106,5,2.6680573287424494
11277,8388,4,6.58635510083249
