user_id,book_id,rating,predict
11377,3549,4,3.8771106538033338
11377,4450,4,0.8565769204714417
11377,4655,5,7.3576883435257
11377,5170,4,0.5238103948165613
11377,5757,5,1.4106520874476653
11377,5821,4,0.5238103948165613
11377,6415,4,0.6590951673132732
11377,6470,4,4.819955479593031
11377,6711,4,4.2808231185428065
