user_id,book_id,rating,predict
11463,8134,4,4.3349664650873345
11463,8208,4,0.6188915241765316
11463,8231,3,5.412224984257204
