user_id,book_id,rating,predict
11510,1243,5,3.6743956378736184
11510,1504,5,5.975446827690831
11510,1693,5,8.267409313030479
11510,1811,4,5.040183962059749
11510,1812,5,6.278722192722217
11510,1930,4,5.81631250802353
11510,1931,5,6.271167360302949
11510,2091,4,5.755842446517822
11510,2164,5,5.652085371653244
11510,2198,5,2.965695014192675
11510,2285,5,4.1650737109291915
11510,2432,4,5.888961502710942
11510,6013,4,1.5635327710123228
11510,6308,5,7.407406867439335
11510,6891,4,8.102189195658118
11510,7614,4,1.7115965530322095
11510,7824,5,4.192320520859496
11510,7995,4,6.368457060423675
11510,8302,4,1.255846256692383
11510,8719,5,7.663612007122448
11510,9074,5,4.653946291183314
11510,9434,5,2.8699040669405687
11510,9526,4,1.5853491684309273
11510,9575,4,1.8172030893934896
