user_id,book_id,rating,predict
12187,2336,5,4.578947368421052
12187,3320,5,4.578947368421052
12187,5012,5,4.578947368421052
12187,5116,2,4.578947368421052
12187,6225,4,4.578947368421052
12187,6356,4,4.578947368421052
12187,6401,5,4.578947368421052
12187,6497,4,-0.42105094925633946
12187,6880,3,3.712184261341633
