user_id,book_id,rating,predict
13340,2605,4,4.115212367639147
13340,2708,4,0.7632977786588335
13340,2890,4,4.397496715353662
13340,2911,4,4.76476936922915
13340,3166,3,4.71617833634113
13340,3510,4,7.100357957890884
13340,3608,4,7.007449083810015
13340,3735,4,3.063080286715387
13340,6432,3,3.740740740740741
13340,7600,3,2.386182348667283
13340,7887,2,-0.2592586865749218
13340,8972,4,5.543056970778109
