user_id,book_id,rating,predict
16526,1352,3,4.666666666666667
16526,4930,4,4.123148639196815
16526,5000,4,5.7296866678476555
16526,5611,5,5.9344665371495235
16526,5708,2,4.666666666666667
