user_id,book_id,rating,predict
16893,6364,4,-1.1666626492738144
16893,6746,4,3.8333333333333335
16893,7090,4,8.833332586253283
16893,7137,5,3.8333333333333335
16893,8226,4,3.8333333333333335
16893,8950,4,-0.4348006251942853
16893,9472,5,5.937603730628222
16893,9483,4,-0.1666662061080726
16893,9579,4,6.716066439457046
