user_id,book_id,rating,predict
16989,1985,4,3.3636363636363638
16989,5256,5,3.3636363636363638
16989,5806,4,3.3636363636363638
16989,6156,4,3.3636363636363638
16989,6898,4,3.3636363636363638
16989,8062,3,-0.26932055794142684
