user_id,book_id,rating,predict
17900,4850,4,3.125
17900,5334,3,7.907195158668903
17900,5670,4,0.16984340027611022
17900,6426,3,6.150153814011601
