user_id,book_id,rating,predict
18105,3281,4,1.222224494497608
18105,4323,5,4.222222222222222
18105,4457,4,4.222222222222222
18105,5259,3,4.222222222222222
18105,5959,5,4.222222222222222
