user_id,book_id,rating,predict
18452,5976,4,4.082575239855768
18452,6341,4,0.8181912196116627
18452,6673,5,4.818181818181818
18452,6846,4,0.7980002166557414
18452,7818,5,9.818176012910952
18452,8077,4,2.8840492107749656
