user_id,book_id,rating,predict
19517,1647,5,2.727272727272727
19517,1787,4,2.727272727272727
19517,2588,4,4.888378400765653
19517,3272,4,0.5220583569632153
19517,3538,4,4.034475557382657
19517,4676,3,4.714153794671116
