user_id,book_id,rating,predict
1962,3989,4,5.978024868071971
1962,4447,4,0.7508462851761784
1962,4806,5,8.85748199819908
1962,4955,4,6.700825328870145
1962,5144,4,5.755611956836025
1962,5655,4,5.880427067421452
1962,5672,5,8.941539276540297
1962,9195,5,3.260926582480665
