user_id,book_id,rating,predict
20394,3493,5,4.375
20394,4796,2,4.375
20394,5070,5,9.37499829065437
20394,5482,5,4.375
20394,5632,5,6.568272654142657
20394,6189,5,8.181726662214887
20394,7423,5,5.969103524791896
20394,8667,5,6.953788981312767
20394,8957,5,7.374998974392621
20394,9152,1,6.3749997897968225
20394,9195,5,3.999724692792442
