user_id,book_id,rating,predict
21018,3604,4,8.81818062720095
21018,6660,3,3.6780603852570346
21018,6949,4,3.8181818181818183
21018,8971,3,3.8181818181818183
21018,9113,3,3.010587484440762
