user_id,book_id,rating,predict
21424,1551,3,3.0740604608073543
21424,1880,3,1.6512831448621088
21424,2113,4,4.228958696854475
21424,2249,4,1.454824548238228
21424,2401,4,4.4368706065052805
21424,2416,3,2.4319783498936207
21424,3273,5,4.762058998026636
21424,7325,3,3.272727272727273
21424,9133,3,3.795834725111297
21424,9480,3,3.5205530002055068
