user_id,book_id,rating,predict
21478,1307,3,5.378876592278633
21478,3598,3,3.88
21478,4202,4,3.88
21478,5978,5,7.779109041594726
21478,6033,1,-1.1199970893358815
21478,7979,5,7.879998922417314
21478,8160,4,2.3343430213856724
21478,8201,4,1.7168172891633477
21478,8703,4,0.7677445614406304
21478,8992,3,3.88
21478,9946,4,8.186738114462898
