user_id,book_id,rating,predict
21965,1125,2,3.3333333333333335
21965,1793,1,3.3333333333333335
21965,2171,3,4.895540874936008
21965,3836,3,3.3333333333333335
21965,5335,4,5.723781562315651
21965,6253,4,5.556908344247007
21965,6359,4,5.785498988069078
21965,6497,3,6.333333271864435
21965,6533,3,5.520214996734914
