user_id,book_id,rating,predict
22301,470,5,7.892851637669774
22301,564,4,2.4565182751836314
22301,927,4,1.0174493411514738
22301,1370,3,3.284197446143417
22301,1392,4,3.329481210693372
22301,1464,4,3.726259514087309
22301,1508,4,5.173987849028025
22301,1583,4,2.9368150906138197
22301,1604,4,6.87340396430228
22301,1704,5,6.623020680609306
22301,2855,4,3.892857142857143
22301,6282,4,3.892857142857143
22301,7943,3,5.2737494318153555
