user_id,book_id,rating,predict
22456,6723,3,4.333333333333333
22456,6977,3,4.333333333333333
