user_id,book_id,rating,predict
22972,7539,3,0.8333341674545278
22972,7890,3,4.570467214008136
22972,8496,5,4.591906780794623
