user_id,book_id,rating,predict
23183,4411,3,0.8000008270435952
23183,4803,4,7.75951215761431
23183,5495,4,4.850934470892277
