user_id,book_id,rating,predict
23221,2258,3,4.0256410256410255
23221,3191,5,8.200790354893806
23221,3436,2,8.02563678750365
23221,3825,3,0.02564135666393419
23221,4173,4,4.292179420156872
23221,4486,2,0.025642537312870584
23221,5679,2,7.838318145306173
23221,5753,4,1.6704563308701887
23221,6077,5,8.169463362425002
23221,6331,2,1.5939390541802947
23221,6419,4,6.217698113989959
23221,6431,4,1.025643764344765
23221,6446,4,-0.9743581782920785
23221,6527,4,5.65624212952656
23221,6769,4,8.443397927529794
23221,6890,5,6.568117686125625
23221,7120,5,8.608474881164916
23221,7300,4,6.5450780739654615
