user_id,book_id,rating,predict
23302,1933,4,3.5
23302,3272,4,3.4432897094356143
23302,3288,2,2.678845307244972
23302,3438,3,2.7934012033468525
23302,3538,3,3.3467846283405844
23302,4235,3,4.399632103555702
23302,4264,5,4.563494752490494
23302,4591,3,3.9025785866863947
