user_id,book_id,rating,predict
23914,5021,5,7.943543591134716
23914,5710,4,7.394228983582355
23914,6115,1,4.1684176477717
23914,6208,5,6.226473380216766
23914,6667,3,7.02576747490699
23914,6986,3,4.0
23914,7203,5,4.1982267185966355
23914,8040,4,8.250199289987805
23914,8058,5,3.273737062449979
23914,8110,5,4.2445560681847025
