user_id,book_id,rating,predict
24246,2592,5,4.128727244841301
24246,5570,5,3.2905495330502674
24246,5581,5,9.574300511644843
24246,6592,5,4.869565217391305
24246,6693,5,1.869567110684586
24246,7143,3,6.194137477806207
24246,7667,5,5.864020168504844
24246,7884,5,6.384057372633691
24246,8096,5,4.869565217391305
24246,8921,1,6.869559013892444
