user_id,book_id,rating,predict
24375,2022,4,4.333333333333333
24375,3881,4,4.333333333333333
24375,5377,4,2.1669400056646704
