user_id,book_id,rating,predict
24396,629,3,0.3103567335016373
24396,657,3,1.001620488696342
24396,1055,4,3.310344827586207
24396,1506,3,2.0218738136854086
24396,1591,3,7.310342153991818
24396,1629,4,7.310315026243099
24396,1888,3,3.6291861685040043
24396,2005,4,5.1768518081359955
24396,2035,3,4.800461789367733
24396,2107,3,2.9950552812343965
24396,2367,3,2.493424365347399
24396,2578,5,2.2597116831525135
24396,2612,4,3.401619084795078
24396,2637,2,2.8619590273003728
24396,2679,3,3.7426190087432634
24396,3284,3,4.8817782997833605
24396,3322,2,3.7745169630185367
24396,3352,3,5.961966639368365
24396,3468,3,5.308496968827575
24396,3556,3,3.2485120723564123
24396,8802,3,4.680860456430148
24396,9247,5,0.07907530144318242
24396,9533,4,3.5004861156472886
24396,9650,4,4.387868486253643
24396,9991,4,5.016306343304143
