user_id,book_id,rating,predict
256,1001,3,1.0665212826087296
256,1258,3,3.857142857142857
256,1432,3,5.09572230516052
256,1482,3,3.550539087234853
256,1508,3,3.0335899512417295
256,1718,3,3.777506722999062
256,1796,4,2.9656438532545644
256,1888,4,3.162440783445229
256,6337,4,6.337224861885443
256,7629,4,3.857142857142857
256,8309,3,3.868360997218881
256,8947,5,6.576561675384287
256,9102,4,8.857135021664805
256,9217,4,7.940849800245838
256,9554,3,3.796160603370053
