user_id,book_id,rating,predict
25786,1029,5,1.3382150521120488
25786,2682,4,5.348434356927014
25786,2935,5,8.959987293726169
25786,2968,5,6.3672492055829215
25786,5136,5,4.978680866052241
25786,5504,5,5.065272918587448
25786,6792,5,5.842822716987624
25786,8506,5,5.693856764949574
25786,9371,5,2.419256969821095
25786,9408,3,1.644186674743616
25786,9636,4,1.563174641018945
