user_id,book_id,rating,predict
26688,2585,5,4.5
26688,2656,5,9.49999957573597
26688,3110,5,9.49999804483404
26688,3266,5,7.726781729868222
26688,3301,5,4.5
26688,3506,4,4.5
26688,3651,4,8.921032163417621
26688,3854,5,5.098527205963887
26688,3944,4,7.867057235119346
