user_id,book_id,rating,predict
26683,7417,4,6.295837325672243
26683,9417,4,3.6387927701532776
26683,9767,3,0.5602018787711343
