user_id,book_id,rating,predict
26815,1756,5,4.0
26815,3828,5,4.0
26815,6445,5,8.999998806287774
26815,6617,3,1.5251776493832296
26815,8880,4,4.524006832683817
26815,9626,4,3.7615869542405673
26815,9754,4,5.530589713159174
26815,9803,4,6.999999767621015
