user_id,book_id,rating,predict
27204,4174,4,4.166666666666667
27204,6533,4,8.166665876864357
27204,6545,5,3.3088012104852345
