user_id,book_id,rating,predict
27249,3695,4,4.0
27249,4536,4,3.727886728199792e-07
27249,4702,4,5.776777005828299
27249,7866,4,3.9205799366336445
27249,7873,4,3.000954902380517
