user_id,book_id,rating,predict
27319,2805,2,4.2
27319,3436,4,4.2
27319,3825,4,8.199973992371874
27319,5679,4,0.7916935363664033
27319,5849,4,4.2
