user_id,book_id,rating,predict
28022,4649,4,5.511388898541164
28022,5452,4,6.073070923842476
28022,6526,3,2.222485229746475
28022,7019,4,4.4122297076071035
28022,7216,3,6.127352243390988
28022,7276,3,3.4193548387096775
28022,7364,4,3.1157415425099573
28022,7417,3,7.419354453748373
28022,7468,3,7.776806180262627
28022,7869,3,3.4193548387096775
28022,7878,4,4.882016278932506
28022,8585,3,4.3895915840151885
28022,8924,2,3.590622708915789
28022,9156,5,2.964007009679975
