user_id,book_id,rating,predict
28157,7750,4,4.1
28157,8961,5,-0.24415646791176204
28157,9020,5,4.1
28157,9403,3,7.099998911067448
28157,9522,3,4.805771244249991
