user_id,book_id,rating,predict
28374,2872,4,8.454544536530044
28374,3012,4,4.454545454545454
28374,4272,5,4.454545454545454
28374,4457,5,4.454545454545454
28374,4856,4,4.454545454545454
28374,8586,4,1.454545693342399
