user_id,book_id,rating,predict
28683,5562,4,3.75
28683,8687,5,6.298197220033433
28683,9722,3,6.173244486942215
