user_id,book_id,rating,predict
29444,3850,4,7.636360992474419
29444,4853,3,3.6363636363636362
29444,4903,3,3.6363636363636362
29444,6037,3,3.6363636363636362
29444,6699,3,3.6363636363636362
