user_id,book_id,rating,predict
3016,3413,5,5.892564861085562
3016,3421,4,2.1250057935783064
3016,3572,4,-0.8749855160542337
3016,4811,4,1.1250097665196135
3016,5845,4,7.681403337512222
3016,5873,4,2.9105362834832604
3016,7245,4,5.943071341595978
