user_id,book_id,rating,predict
30379,720,3,2.838912358804318
30379,835,3,3.1904761904761907
30379,1321,4,3.1904761904761907
30379,2434,3,3.1904761904761907
30379,3110,5,3.1904761904761907
30379,3886,4,-0.809522328280702
30379,6547,3,7.190472717568884
30379,6813,4,6.190473585795711
30379,8700,3,4.838984500820234
30379,9933,3,3.4338672838005477
