user_id,book_id,rating,predict
30623,8293,5,7.597144531321144
30623,8392,3,5.250399672851562
