user_id,book_id,rating,predict
3067,2251,3,3.5476562460705536
3067,2708,3,2.3929822007774417
3067,6047,4,7.237831909384878
3067,6255,4,2.6109307997717472
3067,6631,2,3.210526315789474
3067,7060,3,-1.789468990797935
3067,7339,5,3.210526315789474
3067,8902,3,3.210526315789474
3067,9348,2,3.522716055430175
