user_id,book_id,rating,predict
31112,5002,4,5.879033612915942
31112,5373,3,4.228084269980607
