user_id,book_id,rating,predict
31169,5234,5,7.734002549508671
31169,7994,5,6.345056086793541
