user_id,book_id,rating,predict
31571,4531,3,3.5714285714285716
31571,5418,3,6.571427915728325
31571,8124,2,4.592033775837161
31571,8486,3,1.8725764493008612
31571,8691,4,-0.4285695802270455
31571,9669,4,4.565976729903624
31571,9772,4,3.596773014059909
