user_id,book_id,rating,predict
32495,3554,5,8.550462351756831
32495,3863,5,4.695652173913044
32495,4073,5,9.367394063123001
32495,4373,5,9.281498834380447
32495,4604,4,2.12656489632443
32495,5426,3,4.695652173913044
32495,5608,4,1.1334462609839284
32495,5720,4,0.2508869295639906
32495,6098,5,4.757957578218936
32495,6205,3,5.1244137214669
