user_id,book_id,rating,predict
33297,4604,4,6.0253497732340655
33297,5904,5,0.7273943728462382
33297,6513,4,2.385172651056667
33297,7252,3,3.8839316140090894
