user_id,book_id,rating,predict
33574,4411,4,0.7898980229013159
33574,5786,3,7.829450409268977
33574,7581,3,4.795553976318071
