user_id,book_id,rating,predict
3382,807,3,-0.32352439113622156
3382,892,2,6.676470346575913
3382,932,4,7.39510640234216
3382,1060,5,6.762359816251444
3382,1229,5,3.676470588235294
3382,1344,3,4.897118214277973
3382,1621,4,3.2178897433733518
3382,1657,4,5.153975156237383
3382,3305,5,3.676470588235294
3382,3810,4,3.676470588235294
3382,5580,5,7.656106946584174
3382,6429,3,8.415955745323101
3382,8105,4,0.3841974357797864
3382,8463,5,5.739131221178558
3382,9722,3,0.8827188930450363
