user_id,book_id,rating,predict
34251,2614,4,2.427612049536097
34251,3278,4,6.826162348424065
34251,3408,4,3.1130233917362418
34251,3474,4,7.288107248811727
34251,3636,3,5.916600926449289
34251,8062,4,1.8198254246637076
34251,8727,5,2.105889892690834
34251,8751,5,0.7333728617264343
34251,9195,4,4.683830120060288
34251,9234,4,6.5434618847236905
34251,9371,4,5.533305847787108
34251,9640,5,4.0006944688439905
34251,9879,5,0.8412635594594988
