user_id,book_id,rating,predict
3440,5531,3,3.4285714285714284
3440,5575,4,6.428571331360317
3440,5806,4,3.4285714285714284
