user_id,book_id,rating,predict
34698,2175,3,4.172260278513402
34698,2790,2,-0.9032240904492568
34698,3104,4,-0.9032240904492568
34698,3421,4,2.0967748799493293
34698,3572,5,-0.9032240904492568
34698,5146,4,4.096774193548387
34698,7430,4,4.096774193548387
34698,7656,4,3.0967764106161537
34698,8121,5,3.57708465593639
34698,8174,3,0.3567871909965774
34698,8347,4,4.905385709278349
34698,8470,5,7.921852013108996
34698,8523,5,6.067878598985963
34698,8996,4,0.30561672154415964
