user_id,book_id,rating,predict
35258,5065,4,3.829492234247019
35258,5430,3,3.8823529411764706
35258,6376,4,3.8823529411764706
35258,6520,4,5.129392615934612
35258,7137,4,5.26547143877272
35258,7179,4,7.39876242840425
35258,7647,5,7.319153202943427
35258,7649,3,1.843366083022108
