user_id,book_id,rating,predict
36390,796,5,6.147538565397284
36390,1541,5,4.32788277419898
36390,3571,5,6.836461184256965
36390,5608,4,1.8186219115663405
36390,6950,3,6.8088857915191205
36390,7288,2,4.417792071810784
36390,7415,4,8.319496805731095
36390,7782,5,-0.2251973663372926
36390,8042,4,2.409133047163513
36390,8244,3,1.6287234620338276
36390,8345,5,5.2934880747581765
36390,8450,2,3.579433357135043
36390,8458,5,4.216105864737735
36390,8820,4,4.62065349250722
36390,9027,3,5.401813563968998
36390,9062,5,5.690370620465739
36390,9135,5,5.301234616612012
36390,9148,5,5.651686780272075
36390,9382,4,4.1476651809900495
36390,9618,3,4.208352031531986
36390,9662,5,6.188152415215305
