user_id,book_id,rating,predict
36477,6431,4,4.0
36477,7392,3,4.512655081387536
36477,7524,3,4.0
36477,8291,4,1.0000037971029365
36477,8670,3,1.5298125867402033
36477,9034,4,2.1871436279692977
