user_id,book_id,rating,predict
370,3614,4,5.444543330184257
370,3918,4,5.589579251878069
370,4134,4,3.727272727272727
370,4289,4,6.313114014049085
370,4542,4,7.045640423538133
370,4548,4,6.827385385918151
370,6619,3,6.998534450017759
370,7509,3,7.853411055310767
370,8631,5,7.55754916180322
370,9047,3,-0.9526458106781237
