user_id,book_id,rating,predict
37119,4211,4,4.0
37119,5765,4,6.999999430790259
37119,6065,4,-0.999999583346785
37119,6156,5,4.0
