user_id,book_id,rating,predict
37829,6269,5,4.0
37829,6529,5,3.8504367804474406
37829,6689,5,4.0
37829,7064,5,1.0000002122522629
