user_id,book_id,rating,predict
38097,2174,4,0.5024529284975738
38097,2904,4,6.695550783224598
38097,3697,5,8.355003287860523
38097,3725,5,8.978270334954086
38097,5735,3,0.8463365271548771
38097,6048,1,4.6875
38097,8339,4,7.026858479500746
38097,9343,5,5.748593069468699
