user_id,book_id,rating,predict
38869,8610,2,4.781891481797869
38869,8646,3,2.6
38869,8734,2,4.2702602684250985
