user_id,book_id,rating,predict
39307,5976,4,3.6218366225420646
39307,6890,5,6.357165053838321
39307,7865,4,6.817762329488215
39307,7931,4,5.2652105469989605
39307,8077,4,4.377076733024821
39307,8078,4,3.3521587183701467
