user_id,book_id,rating,predict
39943,2560,4,6.599999775000104
39943,3972,4,6.839153281190178
39943,5081,4,3.6
