user_id,book_id,rating,predict
39964,5572,3,8.142846057582965
39964,6162,3,4.142857142857143
39964,8240,5,4.028209904307964
