user_id,book_id,rating,predict
40055,7488,5,5.535153240035729
40055,8629,5,0.8946077518494908
