user_id,book_id,rating,predict
40652,3338,3,2.4263208539714833
40652,3618,4,4.942588811456434
40652,3650,3,4.5674408417522
40652,6128,4,4.1
40652,7008,5,9.099999753537407
