user_id,book_id,rating,predict
40875,536,3,7.6151016893669965
40875,607,1,7.129390834201061
40875,817,4,3.1294117647058823
40875,842,3,2.213532347208234
40875,858,3,3.1294117647058823
40875,1259,3,6.622734893715895
40875,1263,4,6.71406290870115
40875,1298,3,6.125728124325175
40875,1308,4,2.614384336422032
40875,1341,2,3.434967311405483
40875,1350,3,6.774252720082007
40875,1412,4,4.364531519910169
40875,1450,3,6.5983056307873085
40875,1502,3,2.926570243968413
40875,1554,3,3.6479242128044986
40875,1629,3,6.574010237067538
40875,1659,2,6.21202794252955
40875,1668,3,3.0046929124566546
40875,1674,2,5.350481432936099
40875,1728,5,3.8579413844809105
40875,1731,3,4.155047878037177
40875,1905,4,4.309202238443287
40875,1931,3,4.795355923980443
40875,1991,3,4.737226976237428
40875,2043,4,6.398481250741735
40875,2116,3,4.215175035227345
40875,2118,4,4.182736578854298
40875,2119,3,2.7668163378823154
40875,2160,3,4.797617663594616
40875,2198,3,3.122346260586291
40875,2209,4,1.9933908272427936
40875,2269,5,6.163622118485644
40875,2382,2,1.6948117367871685
40875,2407,3,4.783510376225084
40875,2448,3,5.502732125207361
40875,2471,3,5.1224910213266295
40875,2489,3,2.516863781869664
