user_id,book_id,rating,predict
41575,2070,4,4.714285714285714
41575,3328,3,-0.28571140295724984
41575,3637,5,5.714285180305577
41575,3842,5,7.714280605567147
41575,4878,5,1.7142864791615358
41575,5452,5,4.714285714285714
