user_id,book_id,rating,predict
42118,843,2,3.5789473684210527
42118,1309,1,5.578946942938215
42118,1615,4,3.0425035703261534
42118,1913,4,5.674851847363062
42118,3283,4,7.578944840961503
42118,4497,5,8.578930613434142
42118,5364,4,3.5789473684210527
42118,7384,4,6.029346755747174
42118,9979,4,7.19240239658092
