user_id,book_id,rating,predict
4220,3531,3,4.380952380952381
4220,4292,4,4.380952380952381
4220,5114,5,8.888674636569629
4220,5675,5,4.380952380952381
4220,6138,4,7.380952073343824
4220,7833,5,4.997511883875606
4220,8207,4,8.380951912577338
4220,8226,3,7.106871350578606
4220,9995,2,4.077888705226876
