user_id,book_id,rating,predict
42305,1276,4,3.9186663211195367
42305,1437,5,5.297186694443038
42305,1541,4,4.262086766107787
42305,1559,3,4.156004875224987
42305,1560,4,3.4411417218044287
42305,2008,5,2.6796494040965637
42305,6544,5,1.7016318231800258
42305,6783,3,1.7151167808180214
42305,6964,2,5.683638654041196
42305,7460,4,4.7999087203290145
42305,8511,4,4.55489956374317
42305,9266,2,6.392481294933991
