user_id,book_id,rating,predict
42832,1568,4,8.882403933019068
42832,2528,4,3.5817254250708923
42832,3605,4,6.205663670483096
42832,3865,4,6.998840359576638
42832,4065,4,7.039053658530916
42832,4172,5,7.217261855203523
42832,4259,5,6.6605669563814764
42832,4957,4,3.9565217391304346
42832,6784,3,3.9565217391304346
42832,7631,3,3.2561844124288886
