user_id,book_id,rating,predict
43520,920,3,4.780803113568101
43520,1433,4,3.511157602484913
43520,1442,4,3.058095898361608
43520,1499,4,4.57159221508407
43520,1688,2,5.146210584709014
43520,3638,3,3.4210526315789473
43520,4189,5,0.8939915035384316
43520,4747,3,2.591386589414102
43520,6583,3,0.5703962968394825
43520,7166,3,2.719567429473792
43520,7582,4,6.732937753415208
43520,8024,3,4.083618715031635
43520,8300,3,6.37672323062449
43520,8385,3,2.0664721634671874
43520,9012,4,5.9163787470844955
43520,9145,4,5.016951294342826
43520,9809,3,2.5982083226313346
