user_id,book_id,rating,predict
45013,5043,4,0.909228150029425
45013,5952,5,1.4615389147436302
45013,8143,4,3.0663499580675797
45013,8644,5,4.903653018253853
45013,8976,5,3.3631632973169734
45013,9040,5,5.605919414507218
