user_id,book_id,rating,predict
45555,4702,5,1.5833333333333333
45555,6110,1,2.2296559268925193
45555,6599,3,-0.9626620457007828
45555,6626,1,2.1431103319263713
45555,6971,1,1.1919036428282594
45555,6988,1,0.09231697888718271
