user_id,book_id,rating,predict
46267,1293,1,1.9182264657953774
46267,1441,4,7.434360502901502
46267,1607,4,7.6249975630913855
46267,1712,5,6.376719390769003
46267,1790,3,5.791263079505512
46267,1911,4,4.016258772008443
46267,2031,3,-0.7650350442860621
46267,2063,5,4.8198425133937075
46267,2076,1,0.7865855836717266
46267,2618,4,4.597743137599337
46267,2754,3,4.736101170217263
46267,2824,2,3.4792532625960417
46267,6376,4,-1.3749959715974924
46267,9602,4,-0.08639757942706927
46267,9974,4,1.3220924397358815
