user_id,book_id,rating,predict
47075,3636,4,7.499997871199422
47075,4134,4,-0.49994818307004696
47075,4161,4,3.5
47075,5174,3,3.5
47075,6396,4,7.499998979989928
47075,6619,4,3.5054403329570687
47075,6734,4,3.5
