user_id,book_id,rating,predict
48093,4591,3,7.366272488240715
48093,5706,1,4.430929501580081
