user_id,book_id,rating,predict
48266,6371,5,5.591510543863278
48266,8851,3,6.4161647991700566
48266,9740,3,9.333331795790068
