user_id,book_id,rating,predict
49088,2180,4,4.4526135243674485
49088,2768,3,5.988422250541605
49088,2847,4,2.44161107188096
49088,2863,5,6.679544271817575
49088,2890,4,4.337936033776216
49088,2924,4,4.9388086848022414
49088,6192,4,7.34482645574429
49088,6446,4,8.34482642358617
49088,6713,5,7.344827159456814
49088,6831,5,7.78110899472553
49088,9614,4,5.042254575082496
49088,9764,3,1.9349680645285892
49088,9797,5,6.692625157647429
