user_id,book_id,rating,predict
49234,827,5,7.810774419097372
49234,962,4,2.7685172758575805
49234,1110,5,5.813249071235544
49234,1308,5,8.306032313909196
49234,1505,4,7.971831006237421
49234,1568,5,6.791076023430159
49234,1652,4,6.54294792284912
49234,3742,4,3.7948737458681645
49234,5597,4,8.270628609290354
49234,6124,3,0.7948729215698132
49234,6301,4,7.508148618034177
49234,6597,4,0.9846696024918686
49234,6952,3,9.42129300106771
49234,7097,5,6.453551349552496
49234,7554,4,6.13618177826111
49234,8794,5,8.54661285748207
49234,9470,5,2.5415728411334335
49234,9564,4,6.653326268874337
