user_id,book_id,rating,predict
49581,2915,3,1.9115689616144518
49581,3129,4,3.1666666666666665
49581,7944,3,4.552004840103297
