user_id,book_id,rating,predict
49683,2113,2,4.074134664314355
49683,2723,1,2.3883651195425335
49683,3345,3,3.3730994640354313
49683,4734,4,3.68
49683,5656,5,3.24241855271018
49683,5762,2,6.6799983772103975
49683,7549,5,4.544040832867402
49683,7972,3,3.68
49683,8449,4,4.561308476738488
49683,9777,3,2.588192027988708
49683,9859,3,2.792274393704731
