user_id,book_id,rating,predict
50290,4853,3,6.071428025833024
50290,4910,4,4.071428571428571
50290,5397,3,8.071427732660014
50290,5453,5,4.071428571428571
50290,6015,4,1.0714288348534202
50290,6358,4,2.061831130384541
50290,6899,3,8.071427711625912
