user_id,book_id,rating,predict
5127,6892,5,-1.1428531478618171
5127,6984,4,3.857142857142857
5127,8647,4,6.099027047243204
