user_id,book_id,rating,predict
53012,822,4,0.018548425624450804
53012,1065,5,6.704074307023228
53012,1508,2,3.321182457267333
53012,1538,4,4.142032807597717
53012,1544,5,5.36824584504331
53012,1682,4,1.7949997592633613
53012,1758,5,3.34329195326924
53012,2037,5,4.3786179145799755
53012,2085,3,5.727699995858268
53012,2098,4,2.8459933500450214
53012,2284,4,3.5540853891995914
53012,2390,4,5.343329265574139
53012,2449,5,4.900832798492991
53012,2464,5,3.939639152418921
53012,2517,5,3.6475870406284088
53012,2578,5,1.4731784794759561
53012,2601,3,4.614527344337837
53012,2664,3,4.725364194270895
53012,2810,4,4.477326182787705
53012,3219,4,1.8201447760917264
53012,3388,4,4.568028031562058
53012,3519,4,5.056991886467039
53012,3585,5,5.351447996143004
53012,9702,4,9.018514286598615
