user_id,book_id,rating,predict
53099,4760,3,4.07961441164697
53099,4935,1,3.8595159496419957
53099,7114,3,3.5536024499917973
