user_id,book_id,rating,predict
5572,5005,4,4.2727272727272725
5572,5267,5,0.2727279888725658
5572,6006,5,4.2727272727272725
5572,6164,5,4.082548326488241
5572,6263,5,0.9034211839435713
5572,6794,5,7.530899109373511
