user_id,book_id,rating,predict
586,3733,5,4.555555555555555
586,5900,5,4.555555555555555
586,7537,5,8.836509760593202
586,7557,5,4.872045253661691
586,7559,4,2.9181787435575672
