user_id,book_id,rating,predict
6007,2111,5,6.956414632446927
6007,3435,4,6.261198119918724
6007,5307,5,7.59133251954745
6007,7493,4,4.666666666666667
6007,8078,4,5.5751763551001865
6007,8243,5,6.903886389738103
6007,8982,5,7.456217193091206
6007,9021,4,7.666664951153631
6007,9213,5,7.243280392558411
6007,9790,5,4.666666666666667
