user_id,book_id,rating,predict
6300,4704,4,4.6
6300,5819,5,4.315759682323571
6300,7131,4,9.599998156089814
6300,7140,4,3.395944745540848
6300,7154,4,7.189958353590838
