user_id,book_id,rating,predict
7214,5306,5,8.598876522129615
7214,8432,3,8.267713564303499
7214,9393,4,7.207504776094986
7214,9447,4,4.508165138380906
7214,9922,4,4.480993877869666
7214,9966,4,7.484248826082199
