user_id,book_id,rating,predict
8226,3571,5,1.8821244390254772
8226,3839,3,3.969047325417343
8226,7786,4,5.1913329368940575
8226,7983,5,3.386964298552683
8226,8398,2,4.215294608553646
8226,8702,4,2.45360950663562
