user_id,book_id,rating,predict
8621,1045,5,3.3681453781303423
8621,1047,5,2.89133958108859
8621,1062,4,5.536446304247404
8621,1122,3,6.146852841811455
8621,1140,5,3.3246876881075744
8621,1192,5,6.236922736085024
8621,1227,4,4.5581961709231855
8621,1251,5,3.8612244943626743
8621,1264,5,3.9341277171613247
8621,1353,4,5.756679979948154
8621,2886,5,2.4074372914388893
8621,5712,3,9.407406583728942
8621,5981,4,3.112777537083838
8621,6136,5,3.906037077193102
8621,6278,5,4.407407407407407
8621,7393,5,4.915225607164418
8621,7776,5,6.629129580642234
8621,8164,4,4.833555675833509
8621,8502,5,6.218720689780982
8621,8844,5,5.4832215461609355
8621,8869,5,4.725661520550504
8621,9138,3,4.220178511803393
8621,9527,5,4.065259847956102
8621,9926,3,4.506899273152732
