user_id,book_id,rating,predict
8949,1599,5,4.940349337627336
8949,1790,3,5.368396841551239
8949,2234,3,4.991822988420447
8949,2378,3,3.9576240817289903
8949,2462,4,3.7632773073359895
8949,2575,4,6.661525140639304
8949,4972,4,5.807361627176945
8949,6328,3,1.4545516789431658
8949,7751,3,5.527792786666867
8949,8007,1,3.4545454545454546
8949,8449,4,-1.0574829929011202
8949,8570,3,3.4545454545454546
8949,9519,4,5.377725489930151
8949,9621,4,5.425924895147368
8949,9820,1,1.493334475813672
