user_id,book_id,rating,predict
9370,4346,3,3.6
9370,8772,4,3.9184013690960073
9370,8938,4,3.4888424652230734
