user_id,book_id,rating,predict
9650,6240,4,5.417278596769166
9650,7753,3,3.6666666666666665
9650,7868,4,3.6666666666666665
