user_id,book_id,rating,predict
9826,1092,4,-1.0227206389823702
9826,1182,4,-0.03168187841676984
9826,1490,4,3.7224711503694157
9826,1543,3,2.318770324788386
9826,1607,5,1.9070963896209363
9826,1729,4,6.168576142816788
9826,1730,4,2.8640012772730445
9826,1736,4,2.8387787872415235
9826,2009,4,4.34203763790262
9826,2113,4,3.962793160436152
9826,2383,4,4.773602177987709
9826,2384,4,4.8519782294173845
9826,2412,5,2.85633482324053
9826,2422,4,5.374325802784657
9826,2423,4,2.864422604843373
9826,2497,4,3.6888730292492107
9826,2574,4,3.007263073756249
9826,2596,4,4.275608695276132
9826,6699,3,3.826923076923077
9826,7237,5,8.369239941207743
9826,8143,4,7.442373148998248
9826,8550,4,2.813782711399694
9826,8638,4,3.7638091186362965
