user_id,book_id,rating,predict
10089,3222,4,4.444233293513146
10089,3930,5,3.861134107658855
10089,5399,5,4.798168372470999
10089,9265,1,3.9494205056992477
10089,9311,4,2.4510192805678312
