user_id,book_id,rating,predict
10136,817,4,4.703785714081116
10136,884,3,4.048449176105968
10136,886,5,3.200197253811059
10136,1385,2,3.303515243553167
10136,1491,3,3.6565076044224853
10136,1591,4,4.443538467215152
10136,1629,4,3.81328620515227
10136,3103,3,3.31679716314223
10136,4519,2,3.5620890013111572
10136,4624,5,3.4699044937954575
10136,4831,4,4.041206231112873
10136,5307,5,3.715851117421737
10136,6040,3,3.7637182222479906
10136,6649,3,3.5977514039994745
10136,7332,3,3.3953969516874487
10136,8563,4,4.265832062988447
10136,8948,3,3.7417871981056114
10136,9070,4,2.716386424647217
10136,9538,4,3.301663088493369
