user_id,book_id,rating,predict
10205,5000,4,3.9696950253285577
10205,5611,4,3.7834549462033333
10205,6193,4,4.205822987823364
