user_id,book_id,rating,predict
10214,6444,4,3.990140215029167
10214,7217,4,4.043076695197469
10214,7807,4,4.063939799658523
10214,8158,4,4.225989844870382
10214,8321,4,4.138632468031413
