user_id,book_id,rating,predict
10248,2874,5,4.8517459121640005
10248,3557,4,4.786278459160984
10248,4065,4,4.270137298975108
10248,4084,5,4.195282059459874
10248,7824,4,3.525147803172265
10248,8860,3,4.03028448813807
10248,9434,3,3.650695726652147
10248,9493,4,4.681647638422124
