user_id,book_id,rating,predict
10293,7022,5,4.974724036043385
10293,8456,5,4.599574428726883
10293,8789,5,5.772301468433017
