user_id,book_id,rating,predict
10342,1180,5,-5.6544465850282855
10342,3123,1,0.30241234606291956
10342,3726,4,0.8360898120132889
10342,4071,3,0.33047784053522555
10342,4960,4,3.081363733262937
10342,5374,3,3.1943159858081565
