user_id,book_id,rating,predict
10435,7890,3,3.512224975107415
10435,8703,3,1.4043452295182282
