user_id,book_id,rating,predict
10523,2902,4,3.9999658035950048
10523,4160,3,3.999623401402474
10523,5318,4,3.9994060279078507
