user_id,book_id,rating,predict
10559,7579,3,3.421340232006496
10559,8320,5,4.274934963419762
