user_id,book_id,rating,predict
10628,348,2,3.622524906970026
10628,644,3,4.700542829321931
10628,673,4,4.299753888252913
10628,807,3,3.2316643309417397
10628,1087,2,4.11891570848253
10628,1160,4,3.447621337933872
10628,1212,4,3.2702521255627333
10628,1353,4,4.356698203368664
10628,1471,4,4.707754466306996
10628,1582,2,3.254406835410136
