user_id,book_id,rating,predict
10753,2946,2,3.0158382714095353
10753,3123,5,3.5884462183106494
10753,5937,4,3.9307618081302445
10753,6363,4,4.230338713136518
10753,6709,3,3.2758044442163414
10753,7511,3,3.7629447931192885
10753,7987,3,3.6284985408409804
