user_id,book_id,rating,predict
10780,5200,3,3.195796709785836
10780,7057,3,2.8158771290713593
