user_id,book_id,rating,predict
10846,3012,2,3.3616889406848753
10846,3493,5,4.253328571589838
10846,3742,3,4.541725895774897
10846,4252,5,3.5379173509470756
10846,4666,4,3.3058404261038046
10846,4853,2,2.611265758635432
10846,5335,5,3.5473036946851697
10846,5698,3,2.6877893164558726
10846,7647,4,3.607767694086232
