user_id,book_id,rating,predict
10862,6013,3,3.0326939541773843
10862,7038,4,3.4464271295322586
10862,7476,3,3.982822199505784
10862,7614,3,3.15846424741902
