user_id,book_id,rating,predict
10869,1608,3,4.724836683026881
10869,1720,3,4.443900580367076
10869,1724,5,4.62789338176211
10869,1906,4,4.22599303677491
10869,1932,5,4.105102600100075
10869,2083,5,4.274061326270012
10869,2134,4,4.579526333474874
10869,2237,5,4.357389777283127
10869,2317,5,4.150865309344098
10869,2545,5,4.590715360426106
10869,3571,4,5.034753682493797
10869,4210,5,4.84990892852063
10869,5112,5,4.794636052930969
10869,9073,5,5.75730998127105
10869,9148,5,3.994751778870422
