user_id,book_id,rating,predict
10908,3967,3,2.9793441693539813
10908,5803,3,2.8022051869224
10908,6052,4,3.8970265076929893
