user_id,book_id,rating,predict
11085,589,4,2.9307833253237
11085,752,3,5.45311389138655
11085,861,3,3.3312675490879085
11085,904,4,2.262087215366196
11085,945,3,1.1609462030922342
11085,1000,4,3.708378453489668
11085,1110,4,4.200644363138953
11085,1134,4,3.183588455406663
11085,3260,3,3.567756825082261
11085,3571,4,4.034829795170907
11085,4203,4,3.9431390707230234
11085,4210,4,3.8619026098416542
11085,4648,4,3.756112213155494
11085,5000,2,3.904693711265387
11085,5611,2,3.8970502092683925
11085,5892,4,3.848396154279417
11085,6193,3,3.9637229190338785
11085,6203,3,3.9443811389526493
11085,6464,3,3.9025536990834238
11085,6983,3,3.804073825685085
11085,7687,3,3.914638156318954
11085,7725,3,3.8404346549351027
11085,9027,4,4.073098495097012
11085,9244,4,3.959745681705093
