user_id,book_id,rating,predict
11274,1338,1,1.5760663029244775
11274,1380,5,4.358857839059606
11274,1464,5,3.8937073482635607
11274,2098,5,5.248839699670857
11274,2172,5,5.127908537741934
11274,2289,5,4.228840407694358
11274,7338,5,5.007566787140371
