user_id,book_id,rating,predict
11384,4538,3,4.175781900812617
11384,8140,4,2.5065885757485478
11384,9627,3,2.7311195331353026
11384,9636,5,2.926677701787923
