user_id,book_id,rating,predict
11413,4297,4,4.652940825180337
11413,4495,5,5.010484517347178
11413,4649,5,4.599087455868615
11413,4766,5,5.224704168813145
11413,5114,5,4.734075587230604
11413,5452,5,5.184199329794295
11413,6093,5,5.550584595029768
11413,6097,5,4.114236067712673
11413,6959,5,4.660315303357013
11413,7276,5,5.295140850029435
11413,7306,5,4.694279958385196
11413,7526,5,5.016847209105006
11413,8192,4,4.586764165162963
11413,8218,5,4.876225957432707
11413,8455,5,4.121275380210994
11413,8856,5,4.474789914735236
11413,9661,5,4.277593375655029
11413,9665,3,5.015479329102247
