user_id,book_id,rating,predict
11576,3186,2,4.605297466907415
11576,4767,4,4.323324413606941
11576,6748,3,3.5910215197720805
11576,7425,5,5.0081587387021
11576,7693,3,4.923436243856976
11576,7912,4,3.4773037545155585
11576,7918,3,4.311955047945167
11576,8021,4,4.018417927692534
11576,8290,3,4.21939506372161
11576,8576,4,4.947416018962082
11576,9787,4,4.458221456220304
11576,9960,4,4.04840891220693
