user_id,book_id,rating,predict
11660,5442,5,3.14739202263377
11660,5575,5,3.757744772155046
11660,8177,4,3.734118991053653
