user_id,book_id,rating,predict
11839,193,4,5.521514944155207
11839,221,1,2.7740196180978343
11839,303,1,1.151034085534544
11839,592,3,2.6084728161487893
11839,719,4,3.020269562017878
11839,992,1,3.9772474537240696
11839,1358,4,3.5208021246146743
11839,1741,3,3.008485221095612
11839,1847,4,3.057189200465705
11839,1859,4,4.355605838942814
11839,1887,2,2.9738233974560973
11839,2016,2,3.300343177889371
11839,2021,1,3.2933926220094216
11839,2994,4,3.1361649515611414
11839,5143,3,4.141696309299074
