user_id,book_id,rating,predict
11887,4518,5,2.9706109319355796
11887,9152,4,3.9498229002846625
11887,9636,5,2.857532650057295
