user_id,book_id,rating,predict
11882,2236,5,0.5451594563374218
11882,5795,3,2.639131934463653
11882,5834,4,4.890363169891886
11882,6319,4,3.1376808505137417
11882,8068,4,3.379974059903601
11882,9890,4,3.4660315008279206
