user_id,book_id,rating,predict
11884,6402,2,5.041164926635134
11884,7546,2,4.947869927334093
