user_id,book_id,rating,predict
12035,5790,3,2.5643230728838304
12035,7126,3,2.8525952834284656
12035,7972,3,2.5448305971969867
12035,8754,3,3.1053891953036814
12035,8765,2,2.655260624752859
12035,8848,2,2.4197960265658254
