user_id,book_id,rating,predict
12196,2855,2,4.95279694706333
12196,6245,3,3.7947668402565276
12196,6358,3,3.79602799892242
12196,6587,1,3.4962472424769517
12196,6764,4,3.5350343647955027
12196,7259,3,3.549515098337589
