user_id,book_id,rating,predict
12242,6747,2,4.465567587744988
12242,7329,4,3.446763965329855
12242,8196,4,0.9292194041885387
