user_id,book_id,rating,predict
12396,4648,3,3.846335189352928
12396,5757,4,3.602220092152427
12396,7391,5,4.487463309410849
12396,7460,4,3.8055425818135347
12396,7657,4,3.582168022337167
