user_id,book_id,rating,predict
12493,470,4,4.329000730816714
12493,630,2,3.7021347252362222
12493,721,2,5.130279757967324
12493,892,3,3.0584659523059514
12493,983,4,4.185406570961946
12493,2146,3,4.814829996441317
12493,3502,4,3.6736097751023626
12493,4115,5,3.9989305263104713
12493,4323,4,4.254629711243835
12493,4405,3,3.734736333431108
12493,4407,5,3.7824190391582118
12493,4706,5,4.175303759200112
12493,4814,3,4.611375585587448
12493,6435,3,4.052885771729921
12493,6537,3,5.211954998697046
12493,6655,3,4.739005002349029
12493,7275,5,4.567934817833034
12493,7397,3,3.367803226569805
12493,7480,4,4.463687645574751
12493,7529,3,4.048962089196704
12493,8303,3,2.9441308773001973
12493,8362,4,5.018650985934155
12493,8521,4,4.609780445832245
12493,8712,4,4.726485895164457
12493,9072,2,3.077918248093634
