user_id,book_id,rating,predict
12541,7926,3,2.0021699092002647
12541,8443,3,2.000974462585611
