user_id,book_id,rating,predict
1325,881,5,4.346444967810553
1325,1384,4,3.7333337952357892
1325,1467,4,3.454335829118584
1325,1572,4,4.21790303869543
1325,1663,4,3.0406716304001677
1325,1689,3,4.030392736043062
1325,1727,5,3.8164194566675453
1325,1895,4,4.305857976435664
1325,2043,3,4.16158177543836
1325,2136,3,3.876451103779358
1325,2170,4,3.550787934262642
1325,2192,3,3.1497964653034334
1325,2259,3,4.454095040272741
1325,6278,5,3.4078670250768326
1325,7960,4,3.787487982898686
1325,7961,4,4.003279014569535
1325,8132,4,3.1172846950707926
1325,8617,4,4.170406774867842
1325,8750,3,3.185440093544181
1325,9152,3,2.616665634749599
1325,9195,3,3.5212905492400406
