user_id,book_id,rating,predict
13488,3377,4,0.8450404770818953
13488,4441,5,3.743307884131526
13488,5690,5,4.34438180320414
13488,6062,5,4.528104026360461
