user_id,book_id,rating,predict
13482,6013,4,2.6318627937572288
13482,7614,3,2.254937975417996
13482,7987,4,2.171791268812481
