user_id,book_id,rating,predict
13515,8351,5,4.104827575233649
13515,8720,3,3.0621802068390416
13515,9089,5,2.9559835956405767
