user_id,book_id,rating,predict
13541,2946,3,4.200770633759416
13541,4104,5,4.7399415925959385
13541,4270,4,5.354352249393985
13541,5424,3,3.582965141812273
13541,5713,4,5.2136447815282665
13541,6880,3,3.368126325516816
13541,6922,3,4.102899232103447
