user_id,book_id,rating,predict
13655,759,4,6.206781306975518
13655,889,5,5.006613049008804
13655,980,4,4.24695645543291
13655,1111,1,8.231019345333223
13655,1257,3,4.414186051752088
13655,1636,4,4.640794694773632
13655,1779,5,2.9764714033319457
13655,3839,1,3.0399423272271564
13655,5000,4,3.226531686706802
13655,5611,3,3.1557648388405335
13655,5892,3,3.596778121341946
13655,7818,4,2.9906908582286995
13655,8244,5,3.794611641020691
13655,8267,4,2.9656618316059182
13655,8450,5,3.1545190371854086
13655,9015,3,2.9964473814415062
13655,9148,1,3.281913096158291
13655,9556,3,2.949702569342391
13655,9562,4,3.1589774629170972
