user_id,book_id,rating,predict
13689,2872,4,4.356292022589202
13689,4011,4,3.727294079007641
13689,4123,4,3.68247879259595
13689,4787,4,4.326921576514806
13689,5065,4,4.345985149346657
13689,5762,3,4.393780963344283
13689,7108,3,4.89083000267759
13689,7305,5,4.654333956981443
13689,7487,3,4.501811404395034
13689,8105,5,4.4959579496033495
