user_id,book_id,rating,predict
137,3591,5,3.4014223845112386
137,6359,3,3.792685099264129
137,8878,3,2.742956451507945
