user_id,book_id,rating,predict
13848,8210,4,10.85957257584823
13848,8430,2,2.45421553915874
