user_id,book_id,rating,predict
1400,5081,4,3.350643258212872
1400,5364,4,5.536182785873697
1400,6996,4,4.12543217488343
