user_id,book_id,rating,predict
14030,4211,4,2.7152357943765857
14030,6315,1,3.9770737706989983
14030,6769,5,3.4204102424275895
