user_id,book_id,rating,predict
14118,4787,3,2.690333766337457
14118,5868,3,2.987523454378484
14118,5987,3,3.6987921212969157
14118,6068,4,3.0771800910383957
14118,6506,3,3.0795671928257353
14118,6657,3,3.127472715383524
14118,6748,4,3.5720904177936754
14118,6789,4,2.670192204368899
14118,6805,3,3.4004235293848684
