user_id,book_id,rating,predict
14332,5440,4,4.840386615279864
14332,6248,4,4.039171500772544
14332,6801,5,4.439079837303371
14332,7171,5,4.0930821668196815
14332,8593,3,3.505633028732745
14332,8610,4,3.745654958474154
14332,8734,4,3.758309028804557
