user_id,book_id,rating,predict
14695,4356,3,4.913871647427122
14695,4417,4,4.757944256513611
14695,6384,4,5.0537765993443715
