user_id,book_id,rating,predict
14746,299,3,2.720807539342741
14746,448,4,3.54465885709321
14746,719,1,3.5028258564836547
14746,732,2,3.1453464888328098
14746,761,3,3.0592884019394013
14746,777,2,3.0386169059303354
14746,955,3,2.7640805715788974
14746,973,2,2.993060171984264
14746,1063,3,2.79123467987558
14746,1436,2,2.7182814875535652
14746,1439,4,2.6208132274751996
14746,1481,5,2.9259691859242265
14746,1515,3,3.6556581412123923
14746,1615,4,3.73742041649065
14746,1661,5,3.4445620722162613
14746,1670,3,3.645110126724367
14746,5023,3,2.8991913590073692
14746,5593,4,3.1786584211211273
14746,7454,5,2.9081898798173587
