user_id,book_id,rating,predict
14756,4624,3,8.638342768585458
14756,4879,3,5.432308703063172
14756,6646,4,4.548976828675274
14756,6782,3,4.7184247473023255
