user_id,book_id,rating,predict
14910,8267,4,4.000673867287321
14910,8408,5,4.000899512621834
