user_id,book_id,rating,predict
14937,3368,4,3.628264284908696
14937,5184,3,2.6275561140505976
14937,5830,5,6.895111084024787
14937,6565,3,3.114344562733347
14937,6827,4,2.8398258534124583
14937,7259,3,2.952166369493103
14937,7555,4,2.990778284338589
