user_id,book_id,rating,predict
15026,1861,4,3.9458784786415775
15026,2413,4,3.8719410266757657
15026,6722,4,3.656686399266043
15026,7617,4,4.229865915337761
15026,7627,4,3.90436265042209
15026,7889,4,4.1753488753399015
15026,7978,4,3.8917488014940864
15026,8073,3,4.055524281537574
15026,8822,4,3.8638282744300443
15026,8990,3,3.8093009559664384
15026,9050,4,3.9320277733291684
15026,9079,4,4.054399345743269
15026,9241,4,4.059516192253011
15026,9421,4,3.5308135741547413
15026,9443,4,4.033019837218913
15026,9488,4,3.861256813717227
15026,9510,4,3.8574887760417726
15026,9524,4,4.263494010775707
15026,9585,4,3.8799059255658785
15026,9747,4,3.950628920050708
15026,9760,4,3.9642961401884977
