user_id,book_id,rating,predict
15085,4853,4,1.6697929339672402
15085,6132,3,1.8602916241460816
15085,6737,3,3.4934501861035114
15085,7491,2,3.2784432883315997
15085,7564,5,3.3174376472143354
15085,7582,3,3.007517223481545
15085,8389,5,2.8514094435690893
15085,8486,3,2.9998122520409676
15085,8644,2,2.81498861706386
