user_id,book_id,rating,predict
15219,3222,3,3.7386280337660014
15219,4766,3,2.7541036992620898
15219,5440,5,3.4119054366811743
15219,7306,3,2.19421033947566
15219,7887,4,2.802207599782795
15219,8655,4,2.236115738640523
15219,8898,5,4.2862079879352155
15219,9045,3,3.7315628162652885
15219,9088,3,3.030341639690603
