user_id,book_id,rating,predict
15236,3587,3,4.223916713217996
15236,3645,4,2.731218255063837
15236,3802,4,5.733740610814498
15236,4784,3,2.7145391866722823
15236,5808,3,2.6614238854954166
15236,5948,5,2.7421428150604252
