user_id,book_id,rating,predict
1530,2681,3,1.4871089855379835
1530,7306,3,2.7475373462011015
1530,7465,3,2.8336103033495896
1530,8661,2,3.4634912441616477
