user_id,book_id,rating,predict
15319,4342,5,4.581401624016322
15319,4919,4,4.356297785245254
15319,4990,4,4.513622517235168
15319,5441,5,4.66527412248913
15319,5480,5,4.359324663213593
15319,5909,5,4.257559297981687
