user_id,book_id,rating,predict
15388,8082,2,1.9412605425775027
15388,8476,2,1.1475331791063974
