user_id,book_id,rating,predict
15878,5029,5,0.02325467431522954
15878,5696,4,5.596048631271993
15878,6122,5,4.107934662115804
15878,6444,3,3.5046855461393647
15878,6856,5,2.620645595213274
15878,7050,5,-0.09994496304063816
