user_id,book_id,rating,predict
15974,4202,5,5.057777620842222
15974,4441,4,4.874979789972086
15974,5116,5,4.579143180871655
15974,5699,2,3.6564450840579172
15974,5754,5,5.024176095703563
15974,5870,4,3.956352467651409
15974,5983,2,4.292103241588486
15974,7248,5,4.500111608715951
15974,7755,3,3.1516928486439637
15974,7756,4,4.322778126391535
15974,7913,4,4.594670871986022
15974,8115,5,3.5663485793899206
15974,8210,4,5.396036647856773
