user_id,book_id,rating,predict
16105,5245,4,3.823235553106472
16105,6332,4,3.758667603581195
