user_id,book_id,rating,predict
16245,1420,5,4.57540703222567
16245,1514,5,3.846736491831216
16245,4704,5,4.435298687784094
16245,6194,5,3.762709912381717
16245,6317,5,5.168522909975124
16245,6587,4,4.414697944853366
16245,6607,5,4.374535293164621
16245,6704,5,5.202339426564302
16245,7227,5,4.737921858324698
16245,7738,5,4.863564457153951
16245,8280,4,5.012653613729668
16245,8929,5,4.60520634749952
16245,9158,5,4.276244214462523
16245,9864,5,4.952337387358667
