user_id,book_id,rating,predict
16257,3283,3,0.776366366653835
16257,4353,4,2.7858090193557454
16257,6117,4,3.7829112132806215
16257,6907,3,3.8060369044495723
16257,7183,2,3.899357785694025
16257,7259,1,3.9228075375231173
