user_id,book_id,rating,predict
16515,6055,5,4.724258773910166
16515,6141,5,6.070624584789316
