user_id,book_id,rating,predict
16550,1732,3,1.7175336634182847
16550,2235,3,3.5285703816043963
16550,2510,4,3.883248627570372
16550,2991,3,3.431807158039036
16550,3229,3,3.324714122930302
16550,5041,3,3.4718286880142646
16550,5505,3,3.2197417709513605
16550,7549,4,3.937524102043626
16550,7619,3,3.4835790118470236
16550,7681,3,2.9022199048356083
16550,7748,3,3.2185058242811637
16550,7991,3,3.0602986856406833
16550,8156,3,3.1993282508580916
16550,8868,3,3.022728241048522
16550,9116,3,3.2198458078654495
16550,9400,3,2.967422246501166
16550,9469,3,2.897028822134713
16550,9476,3,3.0372072986643928
