user_id,book_id,rating,predict
16650,4174,4,3.664878285850935
16650,4814,4,5.090278568243514
16650,5452,4,2.1111035446714848
16650,6010,4,2.0232623717537863
