user_id,book_id,rating,predict
16754,4399,1,4.914850952961099
16754,7333,4,4.944347719104668
