user_id,book_id,rating,predict
16766,6251,3,5.041338909885546
16766,8187,5,6.544603805131237
