user_id,book_id,rating,predict
16775,5531,3,3.620619877221139
16775,7480,5,5.332878787032764
