user_id,book_id,rating,predict
16773,3129,5,2.179358018436001
16773,3361,5,1.532038665190679
