user_id,book_id,rating,predict
16807,1625,4,4.403431184543458
16807,1995,5,4.534377582415756
16807,2669,4,4.239290112918924
16807,3024,4,4.160759821868901
16807,3080,5,4.352670536713508
