user_id,book_id,rating,predict
17045,2024,4,3.3102323622281977
17045,3645,4,3.4917027648042556
17045,5911,4,3.9853777393269763
17045,6102,4,3.9051389756153796
17045,6688,1,4.509043404781476
17045,6844,4,4.073599195192016
17045,7271,3,4.219922382167347
17045,7366,5,3.590324476420613
17045,7462,3,4.176671136738271
17045,7668,3,4.367087713111219
