user_id,book_id,rating,predict
17139,2867,4,3.7829688187211823
17139,3103,3,3.7772790736050337
17139,3267,4,2.8850355214065915
17139,3604,4,4.221590460052843
17139,4367,4,3.463803747409142
17139,4628,4,3.4048416538216997
17139,5453,5,4.041519132497631
17139,6431,4,4.0554668834452485
17139,6564,4,4.062771405460005
17139,6599,4,3.583188194250011
17139,6769,4,3.474792074914204
17139,7300,4,3.9607961959899636
17139,7518,5,4.400370614990685
17139,7864,2,3.6915564264777285
