user_id,book_id,rating,predict
17274,6895,5,3.956020037844505
17274,7386,5,4.334200319112297
17274,7540,5,4.465344663700933
17274,8168,4,4.551208504593907
