user_id,book_id,rating,predict
17358,2656,3,3.8107996722194275
17358,3721,4,3.6622850261728095
17358,5213,4,1.7955010303888095
17358,5943,3,3.917069657984289
