user_id,book_id,rating,predict
17386,4954,4,4.291074525441794
17386,5856,5,5.179385117654908
17386,6004,5,4.696209752566589
17386,7674,5,4.974831832276104
17386,8584,5,4.561217555863149
17386,8720,4,4.959139033749997
17386,8749,5,4.081471154758394
17386,8941,5,4.468028029340381
17386,9328,3,4.1319132173259545
17386,9394,4,4.35018454328695
