user_id,book_id,rating,predict
17389,6384,3,3.9861938737262417
17389,7980,2,4.0344827932239955
