user_id,book_id,rating,predict
17405,647,3,3.646098187700429
17405,940,4,3.693695964433679
17405,1103,4,3.772254218727078
17405,1349,5,3.4693386429843125
17405,1351,4,3.5690091063380804
17405,1401,4,3.4385875735918168
17405,1406,4,3.242430411550336
17405,1439,3,3.4953754691664685
17405,1535,3,3.545895354343401
17405,1599,4,3.578816357365549
17405,1689,5,3.605541572525279
17405,1819,4,3.4848337931721662
17405,1841,3,3.4037120394298386
17405,1879,4,3.3650737977737353
17405,1887,4,3.438407898586586
17405,2065,5,3.511019032005638
17405,2257,4,3.452693245707201
17405,2261,3,3.768766480450857
17405,2282,4,3.4727735183261625
17405,2380,2,3.4638975611725913
17405,2568,3,3.541535487689029
17405,2589,3,3.4318874570414675
17405,2687,3,3.4520407083745415
17405,2688,5,3.532981595634234
17405,2704,4,3.4694618695893964
17405,2746,3,3.4992666567037096
17405,2773,3,3.5380370785321076
17405,2785,3,3.261042819665388
17405,2853,4,3.5602392094762148
17405,2974,3,3.4491502542949766
17405,3098,3,3.428695902818122
17405,3112,4,3.456010700191927
17405,3162,3,3.4130963254483357
17405,3163,3,3.520933610518093
17405,3184,4,3.5357938476632786
17405,3262,3,3.3761426018574356
17405,3293,4,3.7192675058425753
17405,3455,3,3.395412969634142
17405,3459,2,3.316722961595002
17405,3517,3,3.728030406630976
17405,3622,3,3.5110562189697743
17405,3623,1,2.8942370390089702
