user_id,book_id,rating,predict
17560,3266,4,4.51661937340611
17560,4689,4,3.05413109370528
17560,4851,3,3.4363371655442574
17560,5291,1,2.2199565003674566
