user_id,book_id,rating,predict
17751,5787,3,3.844613004649467
17751,6704,4,3.213806846736387
17751,8367,3,3.2036762820800577
17751,8874,4,5.473020592610453
