user_id,book_id,rating,predict
1807,4732,5,2.3724275501075818
1807,5065,3,3.5143606800815945
1807,8858,3,3.5092656342529875
