user_id,book_id,rating,predict
18360,5009,5,4.830376515661203
18360,8390,3,5.050376208977972
18360,9058,3,5.4810423231536225
