user_id,book_id,rating,predict
18498,434,4,1.6208622503487722
18498,583,3,1.3937356427912873
18498,600,4,2.3024225852821347
18498,759,3,3.4621884543848367
18498,783,4,1.3637130255195453
18498,805,3,1.2203133322836397
18498,814,3,1.2402035379073446
18498,841,3,0.7778633152048844
18498,3486,2,1.8225710466978469
18498,3783,4,3.1143897398661053
18498,7159,3,3.2218604336039403
18498,7387,3,2.941257858537221
18498,7780,4,2.2018609200660526
18498,7796,4,2.1748219146595984
18498,7940,4,3.067614712137595
18498,8493,4,2.8268554887363733
18498,8966,3,2.2096633683154883
18498,9184,3,2.925322578325561
18498,9348,5,3.0066203695200544
