user_id,book_id,rating,predict
18496,3071,4,4.094422206280382
18496,9542,4,5.211483241093864
18496,9910,3,4.439137116200114
