user_id,book_id,rating,predict
19052,3114,5,4.276428004813869
19052,3233,5,5.5002986283820805
19052,3848,5,3.3824640811846933
19052,5859,5,2.8504169098276355
