user_id,book_id,rating,predict
19053,6312,3,4.748805495158603
19053,7406,5,4.6109400481123926
