user_id,book_id,rating,predict
19134,3624,5,5.038702582452576
19134,4207,5,4.977813011227687
19134,4649,5,4.9970180844351715
19134,5633,5,5.007411223835578
19134,6297,5,4.910734430080712
19134,6526,5,4.934732614417021
19134,6562,5,5.012128694253436
19134,6749,3,5.0598491352233035
19134,7364,5,5.147704792447552
19134,7850,5,4.971641590951104
19134,8213,5,5.128179910060519
19134,8753,5,4.822534360861131
19134,9272,5,4.689725049590492
19134,9509,5,4.692771781100646
19134,9589,5,5.030212060641188
