user_id,book_id,rating,predict
19178,6572,4,7.026501158630051
19178,6832,3,4.2535099277578565
19178,7869,4,4.125211202819058
