user_id,book_id,rating,predict
19202,3854,3,4.152146796382526
19202,3977,4,3.623918197623445
