user_id,book_id,rating,predict
19348,5078,3,3.14110261493083
19348,5553,3,3.8294478385089117
19348,6041,3,3.4468267731623596
