user_id,book_id,rating,predict
19564,5724,5,4.468828889031977
19564,6303,5,1.3017534086871367
19564,7255,5,3.1376462025132215
