user_id,book_id,rating,predict
19589,1173,4,4.36051999257863
19589,1424,4,4.222847545645416
19589,1543,3,4.28612600806243
19589,1596,4,3.677702322482329
19589,4875,4,3.9872227877461537
19589,5254,5,4.396681435026193
19589,5485,5,2.9363373790959306
19589,5870,5,4.021805135396032
19589,7126,4,4.040322055388111
19589,8299,4,3.6861633970317733
19589,8377,5,3.6901005360530754
19589,8649,4,3.800585657363852
19589,9427,3,2.531124743081951
19589,9635,4,3.5307355115329853
