user_id,book_id,rating,predict
19654,1836,4,3.488528962474759
19654,1921,2,3.477305574804749
19654,2127,5,4.599478969992015
19654,5731,4,3.417386678612205
19654,6006,4,3.1838444057625344
19654,6084,5,3.2837901777448133
19654,7850,4,3.3716558410230046
19654,8585,4,3.3454051210713804
19654,9156,5,3.324583548913496
19654,9162,5,3.1326930612140758
19654,9533,4,3.6412350713092114
19654,9933,2,3.069966192420858
