user_id,book_id,rating,predict
1967,4173,4,3.926691869388374
1967,5312,4,4.666816161686483
1967,5769,5,5.708364440777478
1967,6846,5,4.512507734860521
