user_id,book_id,rating,predict
19998,659,3,-1.5886625366559182
19998,1241,4,1.8713330327943483
19998,1300,3,3.7708876981844757
19998,1599,4,4.470703212031609
19998,1712,5,2.9149969505056745
19998,1794,3,3.4204036215517863
19998,1920,3,2.8880498528037863
19998,3847,4,3.768885451150726
19998,4284,5,4.683448171750136
19998,4295,4,4.5208566790417155
19998,5422,5,4.570609173990847
19998,7711,3,3.627046827968541
19998,9451,4,4.53664736649081
19998,9847,4,4.604428917888197
