user_id,book_id,rating,predict
20442,5690,5,3.99900922689953
20442,6898,3,5.000545429658137
