user_id,book_id,rating,predict
2061,4880,5,-6.570636625884195
2061,5325,4,4.239670934412631
2061,6884,5,3.906594227695972
2061,7921,4,3.7901208268339257
2061,8519,5,3.714304710709463
2061,8891,3,1.98279437257434
