user_id,book_id,rating,predict
20715,2765,5,2.5239305618834376
20715,8120,5,3.0694069903282686
20715,8914,5,5.067449803769284
