user_id,book_id,rating,predict
20728,5426,5,4.60591391186145
20728,5651,3,4.998109744569389
20728,7255,5,4.443394623660285
20728,7369,1,4.98388881384927
