user_id,book_id,rating,predict
2103,1908,2,4.346510524905633
2103,2806,3,4.052076823061931
2103,2817,3,4.62892518674323
2103,3141,3,3.493227149731964
2103,3412,5,4.165487748471385
2103,3986,5,4.503102532845374
2103,9961,4,3.679247555404374
