user_id,book_id,rating,predict
21070,220,1,4.4197524749947945
21070,384,1,4.118612753053975
21070,469,4,2.396098299901464
21070,781,2,2.472827274681901
21070,880,5,4.060972851614832
21070,1050,4,4.502436884485306
21070,1227,5,3.9688325050093787
21070,1251,5,4.124032511480152
21070,1304,4,3.913601107857687
21070,1363,4,3.757597867932819
21070,1394,4,3.972471300567392
21070,1398,2,3.765923110235634
21070,1450,4,3.927482358290132
21070,1609,5,3.7739685523334665
21070,4071,4,3.948792551761927
