user_id,book_id,rating,predict
21167,4710,5,3.1497034584145345
21167,6197,5,6.748109771011338
21167,6218,5,3.8615085641589135
21167,6396,5,6.832364369279285
21167,6477,5,7.825236813517257
21167,6756,5,6.201380326696044
