user_id,book_id,rating,predict
21234,3651,5,4.61567295980565
21234,3761,4,4.814357081673546
21234,3986,5,4.810656432829191
21234,4478,4,5.054289974899987
