user_id,book_id,rating,predict
21258,1284,3,3.695594633380966
21258,1608,3,4.137033677910131
21258,3888,4,3.357043949821795
21258,5757,4,3.641643773211626
21258,5803,4,3.316162498437777
21258,5815,3,3.3346129128161905
21258,6205,5,4.496751263385111
21258,6239,4,3.510254414119532
21258,6930,5,4.639404984084891
21258,8876,5,2.684869523922512
21258,9041,5,4.430807456010844
21258,9056,4,3.0466322936070496
