user_id,book_id,rating,predict
21290,2185,3,4.454044960532987
21290,2222,4,4.437476241399896
21290,3260,3,4.30451808658603
21290,4403,5,4.498468222958306
21290,4569,4,4.19146896730733
21290,4878,4,3.6068922459157053
21290,5021,4,4.424733463196375
21290,5098,5,4.7174510448889
21290,5308,4,4.100733203896366
21290,5608,4,3.838881243949419
21290,5824,4,4.280581223962498
21290,6075,4,4.175803168041557
21290,6158,4,4.271551808888705
21290,6221,4,4.192190653635368
21290,6493,5,4.282001678831387
21290,6560,4,4.315748007628941
21290,7036,4,4.181498090581839
21290,7100,5,4.510583067912305
21290,7203,5,4.618409970132724
21290,7801,5,4.140273103729831
21290,8058,5,4.519898204096053
21290,8110,5,4.665694615528662
21290,8395,4,4.567066349604211
