user_id,book_id,rating,predict
21294,7770,3,6.037744314380802
21294,7950,2,1.3710686223696502
