user_id,book_id,rating,predict
21302,5455,3,2.928512595173037
21302,6875,4,4.839245959574308
21302,6972,3,2.5909192307748885
21302,7562,5,4.345503977382263
21302,7677,4,4.3386871810668275
