user_id,book_id,rating,predict
21584,2982,4,6.881308821242667
21584,3379,5,6.364628336084271
21584,4284,5,6.5090118611971945
21584,6664,4,5.241229273057238
21584,7386,1,4.442638408940895
21584,7409,5,5.8677766979408545
21584,7668,5,4.231757038886689
21584,8696,5,3.497560312656503
21584,9123,5,7.244908099285647
