user_id,book_id,rating,predict
2169,7672,4,3.5376220412958683
2169,8041,5,3.629522416431592
2169,8671,3,4.354862748912536
