user_id,book_id,rating,predict
21794,5994,4,4.0656631243924455
21794,6976,5,3.5041805089825067
