user_id,book_id,rating,predict
21824,5722,4,3.5632603394970674
21824,5992,5,4.636692674300526
21824,6541,5,4.136318002911107
21824,6647,5,5.14978980523343
21824,7517,4,5.293934728346534
21824,7518,5,3.7765313328598875
