user_id,book_id,rating,predict
21848,2572,4,4.6236975497231505
21848,7060,5,3.2213932790179705
21848,7249,4,3.1842231266553718
