user_id,book_id,rating,predict
22044,6532,5,4.729289330743717
22044,6815,5,5.269517995683424
22044,7465,5,4.824913432163086
22044,8487,5,5.3484843121043575
22044,8956,5,5.01105341837969
