user_id,book_id,rating,predict
22437,3678,4,0.38521450178823136
22437,5130,4,2.235586662653512
22437,5451,3,2.018128457023912
