user_id,book_id,rating,predict
22468,3146,2,-0.1161096680269218
22468,5939,2,3.67974174688959
22468,6565,4,3.3590685355813714
22468,7400,3,1.9754164390130384
22468,7915,4,4.402488715661608
22468,8268,4,4.196036483477738
22468,8842,3,1.363206760727822
