user_id,book_id,rating,predict
22485,6848,4,4.3313535860442585
22485,7183,4,4.977862295795812
