user_id,book_id,rating,predict
22580,3222,4,3.035385153988402
22580,3235,3,4.393070771285102
22580,3867,5,3.349300715205713
22580,3950,2,2.6539781301140635
22580,4840,3,2.782497382533383
22580,4879,5,3.01251550072398
22580,5226,4,5.07975854536277
