user_id,book_id,rating,predict
22708,5701,5,5.028516030074197
22708,5910,4,4.987572885795608
22708,8090,4,5.030718710647193
