user_id,book_id,rating,predict
22877,5286,5,4.758442709700092
22877,5483,4,4.505656550971059
22877,6988,5,5.154953869276849
22877,7478,5,4.737746131715677
