user_id,book_id,rating,predict
22954,6626,3,3.089362385210762
22954,6971,5,2.795545304523679
22954,7339,5,3.3798767529396296
22954,7677,4,4.188928315307972
