user_id,book_id,rating,predict
23015,1747,3,2.8897587162795166
23015,1998,3,0.9938842466245257
23015,2236,5,-1.009666938998075
23015,2557,5,1.8217812316778663
23015,3392,3,2.97356433157548
