user_id,book_id,rating,predict
23047,1805,5,4.195484064526833
23047,1971,4,3.7518864784494577
23047,2050,5,4.284055281988539
23047,2894,5,3.5559824393304185
23047,3637,4,4.998418318790601
23047,3842,3,2.7998924587652594
23047,6387,5,2.9723018936596777
23047,7600,2,3.0200780793525857
23047,8208,5,3.7428550614256455
23047,8398,4,3.876358720557993
