user_id,book_id,rating,predict
23071,4827,2,1.9996430518496537
23071,5510,3,2.9969896861899787
23071,8976,5,2.997502979241357
