user_id,book_id,rating,predict
23137,3405,1,5.172967973757135
23137,5246,5,5.3900483427991155
23137,5266,4,4.029064097007419
23137,5594,4,4.7709685852783315
23137,5720,5,4.56500575685427
23137,5850,1,3.2846517444624928
23137,5904,3,2.678582176462334
