user_id,book_id,rating,predict
23212,6526,5,4.0590402102062795
23212,7019,5,4.198850409562011
23212,7364,5,3.593761037540218
23212,9156,5,3.9168291729015463
23212,9912,4,2.839474659300018
