user_id,book_id,rating,predict
23216,2759,4,4.6351766307242075
23216,4161,4,5.17328597068016
23216,5440,3,3.5429430692602355
23216,5632,3,3.4406037208509015
23216,5913,4,4.528006054361657
23216,5943,2,3.708519609444295
23216,7100,5,4.93308656966806
23216,8109,5,4.263793283127236
23216,8526,4,4.459350975373963
