user_id,book_id,rating,predict
23269,3347,5,2.668477333261725
23269,3471,4,3.6251499610785296
23269,4184,4,3.846037717692396
23269,4415,5,3.4360991227310036
