user_id,book_id,rating,predict
23672,3285,3,2.796696574943379
23672,5962,3,4.227386761567683
23672,6434,4,3.657422657653002
23672,8031,3,3.853622933460213
