user_id,book_id,rating,predict
23671,4956,4,3.9943303170575706
23671,6413,5,2.9976277899537958
23671,6879,3,3.001858254753372
