user_id,book_id,rating,predict
23873,5819,3,5.000792123699776
23873,8318,4,4.99940116485577
