user_id,book_id,rating,predict
23879,1321,3,5.2650431128310515
23879,2099,4,4.070919493340507
23879,2434,3,4.321190699367143
23879,2585,4,4.2835832556666915
23879,2656,1,4.21538720718492
23879,3506,2,3.6934776645999206
23879,3629,3,4.060844412637461
23879,3854,3,3.8654748846928157
23879,3917,5,3.9215028970321626
23879,4179,3,3.4482553777695335
23879,4689,5,3.2336080559593077
23879,5001,3,4.48549204962883
