user_id,book_id,rating,predict
23935,6608,2,2.5475263484223736
23935,7927,4,3.6320610193235825
