user_id,book_id,rating,predict
2394,5441,4,3.4669337478841884
2394,6196,5,2.3073591675986673
2394,6465,4,4.3330623077694534
2394,8784,4,3.860034951307993
2394,9310,4,4.664984808904762
