user_id,book_id,rating,predict
24017,3107,3,3.5858546539440503
24017,4450,4,3.439061963371342
24017,4833,4,3.7602656058477435
24017,5021,3,3.7715390142541
24017,5170,4,4.023886136543634
24017,5426,4,3.974922359866521
24017,5608,2,3.6684050886128188
24017,5821,4,3.9918902069091624
24017,5904,4,3.3791723665518782
24017,5970,4,3.9775782152100905
24017,6001,3,3.7674535794381923
24017,6098,4,4.059701703463627
24017,6205,4,4.248300898821565
24017,6208,4,4.323362368177674
24017,6974,2,3.4156426283912187
24017,7136,3,3.9777209505318503
24017,7760,3,4.031340742620666
24017,7999,4,4.307406052799209
