user_id,book_id,rating,predict
24029,3260,3,1.8323767670828228
24029,4132,3,2.7278866228672642
24029,5769,5,2.6454179139490295
24029,7121,5,2.751027694706041
24029,9859,4,2.062221716388041
24029,9900,5,2.123410964186479
