user_id,book_id,rating,predict
24092,210,3,3.1441950117127853
24092,279,3,3.140506484600307
24092,913,5,4.643196279861215
24092,980,3,4.220249802377681
24092,981,3,3.373432713485322
24092,992,3,3.881748690649967
24092,1229,5,4.411731107990569
24092,1265,5,4.698619690996916
24092,1329,4,4.360545261282699
24092,1412,4,4.232248086349212
24092,1429,4,4.319325858385297
24092,1523,4,3.5888127180983735
24092,1682,3,3.626415098599916
24092,1696,4,3.785748022771623
24092,1745,4,3.74387143974325
24092,1984,5,4.4968420273619465
24092,2068,4,3.5592524430009878
24092,2105,4,4.077154951518681
24092,2230,5,4.382826068237611
24092,2262,5,3.981909583660047
24092,2812,4,3.9648884498223422
24092,2971,4,4.619824076417361
24092,3986,5,4.217669433570469
24092,4850,4,4.596862091443098
24092,5580,5,5.188816326155553
24092,6189,4,3.9642499958657176
24092,6482,3,4.111762121632771
24092,6678,4,4.801650339643722
24092,8196,5,3.5881859460284318
24092,8835,3,3.401850724858717
24092,9086,4,4.089423068283069
