user_id,book_id,rating,predict
24091,1097,4,3.9132574708814465
24091,1115,5,4.156372996327138
24091,1507,4,2.9968854794733586
24091,1515,4,3.9998192844395826
24091,1856,5,3.844320110265439
24091,7564,4,3.822146211486237
24091,8843,5,4.106314370959065
