user_id,book_id,rating,predict
24138,2693,5,4.913823345752383
24138,2755,4,3.9459538032345867
24138,2761,3,8.078492552790848
24138,3174,5,4.612840739055462
24138,3601,4,4.43495826734473
