user_id,book_id,rating,predict
24274,3427,1,4.100104715463894
24274,3805,4,5.866858246636932
24274,4865,1,5.672284923540994
24274,5297,3,5.252023670053796
24274,8276,3,1.5046400232553268
24274,8923,3,1.0482795107167586
