user_id,book_id,rating,predict
24538,3721,4,3.1649016667337246
24538,5136,1,3.1697732846974493
24538,6391,2,3.452215945044771
24538,6704,5,3.65298995870131
24538,6734,2,3.6655573588674404
