user_id,book_id,rating,predict
24591,3474,5,4.884915161838823
24591,3478,5,4.99536985074365
24591,3725,5,4.893481866168278
24591,5414,4,3.933658753694503
24591,7197,4,4.555054296236936
24591,7265,5,4.7319857167125985
24591,7888,4,4.010344332967587
24591,8339,4,4.3869711296059535
24591,8705,5,4.341187948801199
24591,9164,5,4.4802370435400825
24591,9282,5,4.717330244891606
24591,9480,3,3.409875660649118
24591,9677,4,3.17480866034934
