user_id,book_id,rating,predict
24668,4382,2,3.210575709246152
24668,4945,4,5.701781793369268
24668,6613,5,4.872599354781188
