user_id,book_id,rating,predict
24746,8263,4,2.2429271998198947
24746,8447,4,3.9377870883419837
