user_id,book_id,rating,predict
24771,5624,5,3.8336488205652635
24771,6802,5,3.793002683051061
24771,7842,4,3.4770186749469207
24771,8280,4,3.6359812199658323
24771,8387,5,3.930539561487643
