user_id,book_id,rating,predict
24805,4287,3,4.322216388885805
24805,4717,2,2.5123045307453458
24805,5731,5,4.640768473740271
