user_id,book_id,rating,predict
2512,4287,5,4.994872447084766
2512,4677,3,4.615491921485899
2512,4919,5,4.922463490659406
2512,5691,5,4.994237795195503
