user_id,book_id,rating,predict
25138,4344,5,5.865987799565905
25138,6699,4,3.799561464949994
25138,6713,4,4.1194375787116675
25138,6764,4,3.120009537243384
25138,8166,2,1.316138342980211
