user_id,book_id,rating,predict
25160,2218,4,3.4816087686233246
25160,2309,4,2.7467160076797446
25160,6169,5,3.1991108001243918
25160,7003,2,3.18952445881171
25160,7365,4,3.226644144191112
25160,7664,3,2.56736624222232
25160,8944,3,3.0669625644456415
