user_id,book_id,rating,predict
25244,3012,4,2.3119609798992697
25244,7297,5,4.192266521917574
25244,7356,3,2.5421558658829078
25244,7875,4,2.6880901035760587
