user_id,book_id,rating,predict
2538,3867,3,2.234817250216507
2538,4055,4,4.061666236457976
2538,5255,3,4.195766832338108
2538,6207,3,3.6460295856077627
2538,6895,3,3.7955684131537177
2538,7129,4,4.198324743122629
2538,7279,3,3.9096005341862003
2538,7664,4,2.8164008198700103
2538,7715,4,4.244720393538955
