user_id,book_id,rating,predict
25416,580,5,2.702648924036994
25416,3041,4,3.680704454666961
25416,3181,4,3.073972719097357
25416,3939,4,2.9061373637791474
25416,4284,4,4.225006163317598
25416,4893,3,2.7522641099733773
25416,6194,3,4.23572685153414
25416,6937,4,3.4100534048824507
