user_id,book_id,rating,predict
25642,4778,5,10.252550730748496
25642,4853,5,0.33028332667956395
