user_id,book_id,rating,predict
2590,1077,5,6.52345695433655
2590,2211,4,4.600913263373997
2590,2239,4,3.9468123528615355
2590,2285,4,4.753922557722271
2590,2382,5,5.112584914849396
2590,2453,3,4.508380428065981
2590,2471,5,6.0408716221895755
2590,2472,3,3.09723876838902
2590,2504,5,4.747433064636172
2590,2669,5,5.038606023604071
2590,6891,3,3.550058915961484
2590,8103,3,3.9455531113373645
2590,8159,5,4.117833626653457
2590,9290,4,5.03047457581471
