user_id,book_id,rating,predict
25918,7422,5,4.762288491682233
25918,7438,4,2.499646811627312
