user_id,book_id,rating,predict
26009,6215,3,2.0068467303995368
26009,6315,3,2.0290494144221705
