user_id,book_id,rating,predict
26047,3587,4,4.574948069966945
26047,3836,3,3.19814187851558
26047,4072,1,4.889571480381073
26047,5822,3,3.7048842522043897
26047,6358,3,3.831722984671221
26047,6746,4,3.304114908767432
26047,7137,4,3.017727872763415
26047,7216,3,3.33399611615746
26047,7380,4,3.693353013118926
26047,7439,4,3.6427219352631885
