user_id,book_id,rating,predict
26057,7688,1,3.150199480702091
26057,8202,5,4.013926506517199
