user_id,book_id,rating,predict
26445,8212,3,5.043422919511459
26445,8233,5,4.954421781639451
