user_id,book_id,rating,predict
26556,5824,4,3.3092471363470874
26556,6560,4,3.4004353672245125
