user_id,book_id,rating,predict
2681,3385,4,3.1361362418780643
2681,3421,5,3.2248566319628726
2681,6317,5,3.2472784394356156
2681,6564,4,3.135877476654356
