user_id,book_id,rating,predict
26877,2649,4,2.9219727222494107
26877,4270,3,2.9540007804734705
26877,5226,4,3.4822824088513356
26877,5269,4,3.9923208989020615
26877,5529,4,3.587449279075315
26877,5996,3,3.823354077212806
26877,6966,4,4.313783464198653
26877,7146,3,3.3455458342273223
