user_id,book_id,rating,predict
26959,385,5,2.500433094920197
26959,955,3,2.8373668059764516
26959,3203,4,3.8902339615045465
26959,4211,3,3.7334117535200613
26959,5743,3,4.206852846096202
26959,7251,4,3.6486455653697796
26959,8066,5,4.141918822540054
26959,9177,4,5.110255318496105
26959,9639,5,4.401284579418674
