user_id,book_id,rating,predict
27082,3012,3,4.259493798602049
27082,4169,5,3.760243677638531
27082,4272,4,4.007348819451745
27082,4625,4,4.281118819056321
27082,4787,4,4.179036919430519
27082,6358,4,4.037177751946374
