user_id,book_id,rating,predict
27212,1803,1,5.547368900725144
27212,2258,5,5.056529215946725
27212,2608,5,5.204757271579632
27212,2783,5,5.099978963873299
27212,4410,5,4.983884558532172
27212,6010,5,4.913564580309054
27212,6245,5,4.761664754251087
27212,8028,4,5.091367334308919
27212,8995,5,4.94101613838981
27212,9270,5,4.8196286304329945
