user_id,book_id,rating,predict
27586,2185,3,2.9160578478490216
27586,4738,1,2.2646427166547873
27586,5246,1,2.2977497285553343
27586,5736,3,1.7839414334785153
27586,6004,3,1.9148066267394417
27586,6127,5,1.803769693784465
27586,6343,3,1.9528618659640649
27586,6464,3,1.8398717402923603
27586,6476,1,2.020809046502717
27586,6711,3,2.2289649048882123
27586,6983,5,1.7939388999106607
27586,7073,5,2.1515549645890415
27586,7100,3,2.0877804031454965
27586,7136,1,1.8030465709745525
27586,7303,1,1.9128062511958244
27586,7729,1,2.009440762639921
27586,7764,1,1.8114937000219689
27586,7847,1,2.112538054895639
27586,7903,2,2.091582476404171
27586,8001,1,1.9954965136600886
27586,8137,1,2.586841918259564
27586,8392,1,1.7627992311539076
27586,8395,4,1.9091991779109039
27586,8952,3,1.8481080273318515
27586,9105,3,1.8810531329579736
27586,9269,2,1.8741589947102788
27586,9619,3,1.9279752210547334
