user_id,book_id,rating,predict
27622,8124,4,2.6043153589985186
27622,8759,3,2.7252404184936365
