user_id,book_id,rating,predict
27708,4984,5,7.0733461132235025
27708,5594,4,5.251057989432074
