user_id,book_id,rating,predict
27938,3695,5,4.327858350537047
27938,5937,4,3.849020688440517
27938,6398,4,3.592816589087573
