user_id,book_id,rating,predict
27976,3911,5,3.6289673800921536
27976,4055,5,4.126654408256712
27976,4184,3,3.6518220793686944
27976,5354,3,4.042708176159645
27976,5704,2,3.6473580532602035
27976,6025,4,4.145891618218231
27976,7169,4,3.5609297908886837
27976,7579,2,3.609028142537136
27976,8654,3,2.2276799313196722
27976,8912,3,2.5515079917741965
