user_id,book_id,rating,predict
2807,3678,5,3.1612843408106652
2807,4835,4,3.485025513623457
2807,5130,3,2.677425313760401
