user_id,book_id,rating,predict
28097,6420,3,3.8111708672947735
28097,8308,4,3.895899532012615
