user_id,book_id,rating,predict
28124,1182,3,3.9024298301763958
28124,1212,5,3.7738130642942584
28124,1482,4,4.353920862190415
28124,1522,4,3.3104980418240446
28124,1577,5,1.4882953010788285
28124,4300,4,3.9628088434154414
28124,6706,4,4.225333494424829
28124,6785,5,4.509975410792389
28124,7233,5,4.294787463616864
28124,7726,3,4.004970383039055
28124,8582,2,4.582198258857102
28124,9406,3,4.149154851569033
28124,9627,3,4.376998165149628
