user_id,book_id,rating,predict
28129,647,3,2.0329215702589583
28129,719,2,4.192043027336808
28129,870,3,5.530078696785458
28129,969,4,2.040477055506875
28129,973,2,1.63204343884205
28129,4123,4,3.9791061319344943
28129,7478,4,4.051125935714358
28129,9305,3,5.078963654072294
28129,9757,5,3.661130911325023
