user_id,book_id,rating,predict
28607,3888,5,1.847220041814491
28607,3891,3,3.5768793974310653
28607,6388,3,2.8849261167313953
