user_id,book_id,rating,predict
28697,2262,5,0.34923861946621915
28697,4879,4,4.420549643692391
28697,8385,5,4.505213361535757
28697,8658,5,4.515924344014907
28697,9012,2,4.694992858900839
28697,9119,5,4.294971350125105
28697,9183,3,4.400915954946238
28697,9883,3,4.631700284782652
