user_id,book_id,rating,predict
28866,3556,2,9.096225129595073
28866,8504,3,9.987474007426046
