user_id,book_id,rating,predict
28893,3734,5,3.0559741263228615
28893,6245,3,2.412243595923128
28893,7410,4,3.4463567781317974
