user_id,book_id,rating,predict
28902,3661,4,4.20907270360511
28902,6928,5,2.2216265227058134
