user_id,book_id,rating,predict
29218,3678,4,0.17251966517841621
29218,5130,3,1.722940098313428
29218,5451,5,1.4909261931490354
29218,5778,5,1.689082601590667
