user_id,book_id,rating,predict
29255,2785,5,5.906462621503996
29255,3098,4,4.492272112547294
29255,3623,4,6.654570107210694
29255,3730,4,5.7914140223838695
29255,6931,4,3.477721968583473
29255,7497,4,5.429584023575339
29255,8505,5,4.128405444864515
29255,8777,5,3.782530410026806
