user_id,book_id,rating,predict
29266,5504,3,3.000048684027995
29266,6792,3,3.9926700758337446
29266,8777,3,3.94764139732254
