user_id,book_id,rating,predict
29330,4004,5,5.782158373827933
29330,4519,5,2.591570327672285
29330,5901,5,3.5246261230075357
29330,6024,5,4.744823282203807
