user_id,book_id,rating,predict
29495,2805,3,3.5986512093653342
29495,4097,3,3.9607791931050755
29495,5787,4,3.6668547790846273
