user_id,book_id,rating,predict
29608,4689,4,4.02025542784663
29608,4851,5,4.0265361465123855
29608,4930,4,3.9514101538028488
