user_id,book_id,rating,predict
29630,4449,5,1.9853512408817129
29630,6710,4,2.708604150242114
29630,6989,2,2.8487055677190254
29630,8473,5,2.8402667168399205
