user_id,book_id,rating,predict
29683,5994,5,4.086777457725154
29683,6110,4,4.926492683747765
