user_id,book_id,rating,predict
29953,1729,4,5.148404570643382
29953,1982,5,6.169721313729001
29953,2218,4,4.762811614100604
29953,2309,3,3.0857302456978446
29953,3013,3,1.5478711900811442
29953,3147,4,4.6712580414550455
29953,5838,2,3.158265848335139
29953,6207,4,4.218771910567741
29953,7003,3,2.1990757687762708
29953,7987,4,4.279632865378716
29953,8222,3,3.3329568443866693
29953,8339,3,4.284554724566107
29953,8705,3,4.464674996819832
