user_id,book_id,rating,predict
30118,3099,4,4.965355180343451
30118,3960,4,5.201701207787864
30118,5136,5,4.715327000807367
30118,5504,5,4.680049243919446
30118,6792,5,4.714859846545685
30118,6887,3,4.414683901766345
30118,7237,4,4.287363683643365
30118,7446,5,4.199002870168286
30118,7817,4,4.315204245455972
30118,8169,4,4.33598572573575
30118,8970,3,4.232398493667869
30118,9133,4,4.280719922970713
30118,9480,4,4.327997010514874
