user_id,book_id,rating,predict
30156,5733,2,2.1153161802290708
30156,7374,4,4.343544434701496
