user_id,book_id,rating,predict
30203,1128,3,4.458902741726589
30203,1591,4,3.9898722317864626
30203,1607,4,4.056660101067919
30203,1629,4,4.281276236486037
30203,1686,4,3.7421104303585935
30203,1693,4,4.23857877391905
30203,1812,4,4.060096229417606
30203,1931,4,3.9968621328207883
30203,2043,4,4.133679042792413
30203,2156,4,3.8805389276894195
30203,2198,4,3.948310345796475
30203,2269,5,4.255408321896793
30203,2285,4,4.1390409931954215
30203,2385,3,3.919024287869641
30203,2452,4,3.670965608690855
30203,2453,4,4.072682047906699
30203,2489,4,4.025764695147189
30203,2497,4,4.039210345495709
30203,2501,4,3.8171714347733063
30203,2574,4,3.942539861138268
30203,2596,3,3.8838944986452537
30203,2639,4,3.881732434640202
30203,2751,4,3.928121902975766
30203,2754,4,3.867318216355497
30203,2811,4,4.022226515910155
30203,2825,4,4.050810161883399
30203,3096,4,3.8344418764421566
30203,3174,4,4.089468919840554
30203,3182,5,3.8711950099341275
30203,3198,4,3.9929133198483147
30203,3280,4,3.854361990743683
30203,3291,3,3.8176630831025697
30203,3314,4,3.736548136877704
30203,3360,1,4.1204478405317255
30203,3362,5,3.7161119505153177
30203,3366,4,3.7679783178513966
30203,3416,4,3.419276249251033
30203,3492,4,3.8711067426703547
