user_id,book_id,rating,predict
30317,2682,5,4.929051711436408
30317,2684,4,4.9185042040464015
30317,2764,5,5.277191795984969
30317,2802,4,5.421648636845764
30317,2828,3,5.070737012464987
30317,3052,5,4.3436252489190865
30317,3132,3,4.117066526009375
30317,3166,4,4.786527679241342
30317,3188,5,4.893903716937813
30317,6396,4,3.974280165771241
30317,6614,4,4.17472666548138
30317,8327,4,3.2893261330932506
30317,8502,5,3.9794325585938086
