user_id,book_id,rating,predict
3031,7517,2,1.2451614119401007
3031,7864,3,4.281018471458327
3031,8222,3,2.8885549354695383
3031,8783,5,5.358459095400366
