user_id,book_id,rating,predict
30618,1844,5,7.214682106823015
30618,5514,5,5.44328299892514
30618,6102,3,4.429829231344705
30618,6132,5,5.729456024633862
30618,7241,5,4.4703629252033705
