user_id,book_id,rating,predict
30629,4450,2,3.0839327162661663
30629,5970,5,3.6438210725293625
30629,5998,3,3.7605538080002634
30629,6983,4,4.991893009227875
