user_id,book_id,rating,predict
30651,8481,1,4.1731515576980645
30651,8528,5,-0.6864509495447357
