user_id,book_id,rating,predict
30652,5001,3,3.664856452763257
30652,6108,3,2.735271178905119
30652,6362,4,2.0079361914230263
30652,6378,4,1.9179398113988444
30652,6408,3,1.8203273705283702
