user_id,book_id,rating,predict
30809,776,3,3.7304048308589066
30809,2001,5,3.47616422855555
30809,3736,4,4.6788789220165885
30809,5505,4,4.566890679758373
30809,5632,4,4.853020976485638
30809,6209,2,3.2962272695956973
30809,6844,5,4.010565381266856
30809,7913,4,5.3541663299563025
30809,8522,5,4.720157217701121
30809,8716,5,3.6046572100857133
30809,8976,5,4.6082906442918965
30809,9050,5,3.788244521138802
30809,9486,1,4.89881195399299
30809,9571,5,4.009310049934613
