user_id,book_id,rating,predict
30818,2258,4,2.886806687292723
30818,4808,2,3.7037476848820656
30818,5249,3,4.045256208920955
30818,5505,4,2.838403939628208
30818,6538,2,2.1653905261151483
30818,7681,2,3.106879413905044
30818,7939,2,3.47318746645951
30818,7991,4,3.0895021321303346
30818,8534,3,3.8315159149571265
30818,8561,2,3.2412476392587104
30818,8563,3,4.151425910823087
30818,8667,3,4.16778069999232
