user_id,book_id,rating,predict
30897,5453,2,3.8379823674798477
30897,7949,5,5.0222999891355125
30897,9091,4,-2.32063005079704
