user_id,book_id,rating,predict
30992,1321,5,5.394621100197895
30992,3506,1,2.525451232653918
30992,3629,5,3.1151005653069865
30992,4179,5,4.757664949137718
30992,4689,4,4.875545548944702
