user_id,book_id,rating,predict
3104,878,2,3.1577775313161447
3104,1514,4,3.3806583236186087
3104,1515,3,3.730252439435519
3104,5841,5,4.286124911737105
3104,6006,5,4.390903695313677
3104,6097,3,4.363483485916397
3104,6927,4,4.5946581012892365
3104,7898,3,3.3380932164182013
3104,8239,3,3.198492051973468
3104,8537,4,4.105668976292879
3104,9084,4,4.389044121378176
3104,9215,4,3.8503024797429557
