user_id,book_id,rating,predict
31186,2966,5,4.111333096980795
31186,7045,5,4.7458145150212765
31186,7201,4,4.555483212647438
