user_id,book_id,rating,predict
31844,6676,5,1.6286579828676904
31844,7221,4,2.2290763139467016
