user_id,book_id,rating,predict
31971,897,3,4.835003698548425
31971,1191,5,4.595077564353882
31971,1235,3,5.106267351018615
31971,1881,4,4.484618319204879
31971,1902,4,3.7602999927455465
31971,4071,3,3.9708184731691416
31971,4395,5,4.327341673631533
31971,5354,5,4.08522362361187
31971,5369,4,4.247643346593464
31971,6225,4,3.787273254003881
31971,6264,5,4.3775184549882304
31971,6825,4,4.011325304726801
31971,7990,4,3.319423843603765
31971,7998,4,3.9900720511578647
31971,8146,4,4.141812991471488
31971,8411,4,4.069602194154833
31971,8631,4,4.039878892318722
31971,8984,4,4.139422278680745
31971,9336,3,4.060286895566926
