user_id,book_id,rating,predict
3204,5730,5,4.985383118449952
3204,8336,4,4.0004389319683815
