user_id,book_id,rating,predict
32189,690,2,3.107454916405582
32189,822,3,4.355060019976052
32189,870,5,0.2674842921588123
32189,968,2,0.6593308714088701
32189,969,2,4.1474109184758685
32189,983,3,0.781659545821138
32189,1046,3,4.541553851286102
32189,1378,2,2.9628692684485354
32189,1404,2,2.6431709748383216
32189,1514,2,5.187751140050897
32189,2790,1,2.948354553336424
32189,3142,4,3.7063119161077713
32189,4692,5,3.2002477052355167
32189,8261,2,4.008159229453371
