user_id,book_id,rating,predict
32251,2096,5,4.721665561167715
32251,2311,5,4.9120977207143035
32251,2342,3,4.439598266055834
32251,4229,5,4.792620603555039
32251,4410,5,4.899489342038313
32251,8411,3,3.688606494252663
32251,8789,5,4.0509246561803005
32251,9456,5,4.473272344528143
32251,9826,3,4.409678708487329
32251,9838,5,4.879483913558276
