user_id,book_id,rating,predict
32985,3708,2,5.184855217340037
32985,4704,2,5.732259832767779
32985,6594,5,5.106121130977072
32985,7382,5,5.604063904824996
32985,7708,5,4.629190080264412
32985,7843,3,3.857765665331788
32985,8352,4,4.877902636002441
32985,8515,5,4.791831779170942
