user_id,book_id,rating,predict
3300,6465,3,4.332735268695809
3300,7003,4,3.8187005509812115
3300,7145,5,4.450685812659117
3300,7327,4,4.471422111177805
3300,7540,5,4.589651856256676
3300,7842,3,4.211702701638521
3300,8517,4,4.353562273665674
