user_id,book_id,rating,predict
33347,3831,5,5.07604746546702
33347,4707,3,5.0294374001103055
33347,4894,3,4.696359224422196
