user_id,book_id,rating,predict
3335,1792,4,3.7145988587522965
3335,1909,4,4.5723196262303585
3335,1920,4,3.748152982111084
3335,5230,2,4.172439177681129
3335,6358,3,3.112058579019412
3335,6820,5,4.63211397470757
3335,7077,3,3.982131910735654
3335,7573,3,4.366484320850594
3335,8138,4,4.199229714393186
3335,8379,4,3.9656258464080563
3335,8520,3,4.202318427862004
3335,9847,3,3.472314651968741
3335,9883,3,4.18898304265952
