user_id,book_id,rating,predict
33488,3972,4,3.2711959491942864
33488,4913,3,2.6710570434020138
