user_id,book_id,rating,predict
33554,2686,4,4.840936730230401
33554,3026,4,3.018613113942968
33554,3802,5,2.662552647041683
33554,5005,1,3.4563069191101112
33554,5064,2,2.632893313195448
33554,5334,2,4.254237293921166
33554,5418,4,4.325550176978255
33554,5624,5,4.669136726396841
33554,5828,5,5.0045452501030185
33554,6065,5,5.32257760764404
33554,6376,5,4.452776927602934
33554,7249,5,4.453572399766159
33554,7302,5,5.311519856335144
33554,7687,5,4.357244860333241
33554,8281,5,5.111837392334801
