user_id,book_id,rating,predict
33577,4086,4,5.268081052992979
33577,5970,3,0.4179070796800244
33577,7272,4,-2.8849176517766684
