user_id,book_id,rating,predict
33587,7072,4,4.241131426806884
33587,7299,5,5.192310494701443
