user_id,book_id,rating,predict
3376,5132,5,3.497708119327604
3376,5422,4,5.605913699558595
3376,6033,3,4.511984164144808
3376,6599,4,3.683248233788726
3376,6625,4,2.984966153481893
3376,7529,5,4.4504470481184875
