user_id,book_id,rating,predict
33802,4735,3,2.6452072716737636
33802,6694,4,3.356473493415149
33802,7643,3,3.2979281413439936
33802,7774,3,2.718754044379034
