user_id,book_id,rating,predict
33831,4529,4,3.6524506627052586
33831,4783,4,4.743261072258106
33831,5249,4,5.143907806835763
33831,5830,5,3.077009897743646
33831,5937,2,3.6827841565503143
33831,6058,5,5.242464862269718
