user_id,book_id,rating,predict
34186,5111,2,5.05299856435314
34186,6145,5,5.269739991430852
34186,6904,2,5.49144942851539
