user_id,book_id,rating,predict
34286,6855,5,1.8255743717283064
34286,7818,3,5.164577180112922
34286,8098,3,2.1558280664383647
