user_id,book_id,rating,predict
3439,3796,4,3.498111585169167
3439,6230,4,3.7389543308612234
3439,6372,4,3.506091685117477
3439,6674,4,3.8620337387264985
