user_id,book_id,rating,predict
34408,1372,5,5.091632114066283
34408,1475,4,4.80328973504655
34408,1647,4,5.010441478342025
34408,1933,4,4.43282635794779
34408,2033,5,4.815167141773984
34408,2588,4,4.513123520844829
