user_id,book_id,rating,predict
34495,6885,5,3.349561852504623
34495,7419,2,0.7027735273992093
34495,8075,5,4.548541112027182
34495,8340,5,5.4574841411151915
34495,9828,5,5.9529078170364595
