user_id,book_id,rating,predict
34492,4648,4,1.9865695187213062
34492,6800,4,0.25090342438346314
34492,7355,5,1.640296741511703
