user_id,book_id,rating,predict
34509,7129,1,1.822415251772191
34509,7147,3,6.4591183861499
34509,7221,2,3.2372467723404403
34509,7439,5,5.391723527593355
