user_id,book_id,rating,predict
34684,3107,4,3.658740478002078
34684,4403,5,2.1282571801947183
34684,5821,3,5.901433461259406
34684,5888,4,2.434381130896961
34684,6343,4,4.718880421066897
34684,6415,4,3.823302200821014
34684,8442,4,6.406201945751891
