user_id,book_id,rating,predict
34702,7427,5,4.771753276137613
34702,7457,5,3.5622821291808275
34702,8130,5,5.457889145172254
34702,8286,5,2.3618540702439508
34702,8334,5,5.0657093074283575
34702,8729,5,5.793024122593529
