user_id,book_id,rating,predict
34717,4073,4,4.597122192162558
34717,6365,4,3.870404360726319
34717,6412,4,3.8298830155670034
34717,6657,4,3.566301423494022
34717,6803,4,4.642757761530229
34717,7084,3,3.805137264340309
34717,7085,5,4.500210571306155
34717,7413,4,4.0973644234259154
34717,7801,5,2.951309354816829
34717,7847,4,4.61941635190812
