user_id,book_id,rating,predict
34894,3549,3,3.400922150463611
34894,4287,5,4.617764053578627
34894,4604,3,3.588514604934364
34894,4738,3,3.6785289933901004
34894,5691,5,4.8021190424613875
