user_id,book_id,rating,predict
34920,1180,5,3.0300270915647567
34920,4769,3,3.0018561151160568
34920,5022,3,3.0146902859384594
