user_id,book_id,rating,predict
34971,2434,5,3.456811076940844
34971,3678,4,6.52014570672467
34971,4415,3,5.947234774281631
34971,4484,5,5.3032416011625925
