user_id,book_id,rating,predict
34972,1321,5,4.891199093798889
34972,2537,5,5.018096102515673
34972,4126,2,4.9418311652765405
34972,5136,5,5.130820980164231
34972,5281,5,4.939214206931084
34972,5391,4,4.667903441134784
34972,5504,5,5.134442351390858
34972,5552,5,4.69816551550399
34972,5585,3,4.755779020879877
34972,6332,5,4.99608099128296
34972,6387,5,4.844229686335601
34972,6434,3,5.009003227366199
34972,6531,5,4.938125857074378
34972,6643,5,4.898855091705235
34972,6792,5,5.043142976485636
34972,6861,5,4.889154738053633
34972,7246,5,4.886348873635393
34972,7400,3,4.630576699651059
34972,7475,5,5.066793446010782
34972,7617,5,4.979399799162115
34972,7697,5,5.037263330698841
