user_id,book_id,rating,predict
34979,6898,4,4.339230189970158
34979,8760,3,3.822976568531809
34979,8995,3,2.664898427450238
