user_id,book_id,rating,predict
35158,4738,4,3.9511004171801325
35158,4752,4,3.9666586725426667
35158,4804,5,3.742091426406306
35158,4918,5,4.80570836545118
35158,5170,3,4.098827531356088
35158,5584,1,2.362139087026139
35158,5635,5,3.8576781952220487
35158,5720,4,4.7165308202148655
35158,5904,4,3.2227667700869724
35158,6026,5,4.393263262005674
35158,6205,5,4.3920379784943
35158,6803,4,4.2446973110435335
35158,6974,4,4.215410900905537
