user_id,book_id,rating,predict
35176,3146,3,3.2331037873879978
35176,3481,3,4.403231805264839
35176,3587,4,3.168917087603871
35176,4688,3,3.2481438347639644
35176,6033,5,3.528466451213813
35176,6264,4,3.572487155406189
35176,6446,2,3.133562178700643
35176,6769,2,3.4459745333247853
35176,7070,3,2.9903268117801116
35176,7247,3,2.4857359179333653
35176,7278,3,2.9389462241549538
35176,7436,3,3.4331203172911753
