user_id,book_id,rating,predict
35324,2829,4,3.4389849563981474
35324,3850,5,3.8894065677241856
35324,5230,3,3.5777595532160094
35324,5704,4,3.106706090260495
35324,6278,3,3.4399417375009245
35324,7808,3,3.569630231007565
35324,8224,3,3.6639957320980514
35324,8262,4,3.308165812991863
35324,8470,4,4.034938449055603
35324,8895,4,3.7623501679949296
35324,9849,5,4.956311139640074
