user_id,book_id,rating,predict
35350,5702,3,4.985265605640601
35350,6231,3,4.824554214539738
35350,6714,4,4.81424820379579
