user_id,book_id,rating,predict
35357,5633,2,3.8005311996720903
35357,6607,5,1.8131084305108347
35357,8221,4,3.742810919906255
35357,8695,4,4.664761235546103
35357,8899,3,3.6165876931298833
