user_id,book_id,rating,predict
35578,2059,5,3.279483385984552
35578,2101,4,4.459242503992216
35578,2312,4,2.4785503423971695
35578,2413,5,5.399136557674629
35578,2564,3,2.391825867424423
35578,5254,4,4.450605495461335
35578,9979,4,3.625824689902241
