user_id,book_id,rating,predict
35606,4004,5,4.175682289847734
35606,5628,4,4.5886345724955335
35606,6128,3,4.145434915128346
35606,6194,4,4.92231430842084
35606,6326,4,3.7458289270170635
35606,6364,3,4.059417350624417
35606,9384,5,4.578642784228348
35606,9650,5,4.796886222816273
