user_id,book_id,rating,predict
35738,6364,3,2.602259604909199
35738,6681,5,3.548221437256733
35738,6709,4,3.973215061631298
35738,7070,4,4.2196896289007
35738,7278,4,4.239902302344705
35738,7551,4,3.433389568679785
35738,7627,4,4.110899290690098
35738,8035,3,3.357299260486593
35738,8113,2,2.884803414161323
