user_id,book_id,rating,predict
35985,5521,4,3.7025607098218507
35985,5607,5,4.064376847992082
35985,5722,3,2.91876495042563
35985,6541,4,3.772923195893303
35985,7358,3,4.392590691967725
35985,7539,3,4.213747553292174
35985,7724,4,4.116284661810736
