user_id,book_id,rating,predict
36263,2902,3,3.284312969042069
36263,3409,3,5.318737043904207
36263,5065,5,3.1577334102680106
