user_id,book_id,rating,predict
36397,2548,4,2.7862839025461263
36397,3549,4,2.3861084367292413
36397,3863,2,2.804040971630555
36397,5264,3,1.7011896549407362
36397,6260,4,3.8916112667130207
36397,6657,2,3.302422783871626
36397,6950,3,3.8145491610958495
