user_id,book_id,rating,predict
36630,1844,4,3.5976934365260154
36630,3954,2,4.2858240487271555
36630,5312,2,4.199207067938099
36630,5808,2,3.6261274635429777
36630,5948,5,3.5434527321274834
36630,6234,3,3.5361857725101746
36630,6283,4,3.5929800428996397
36630,6364,2,3.2858258390164785
36630,6709,5,4.0325142826106495
36630,7137,2,3.482964355122444
36630,7749,3,3.4984195625665113
36630,7826,3,4.073307939235279
36630,7872,3,3.5381101477529535
36630,7987,4,4.018742465232034
36630,8143,3,3.7514752051161393
36630,8212,2,3.8083160848535225
36630,8716,4,3.6665380567348063
36630,8801,2,3.800855479231783
36630,8874,2,2.655114433126282
