user_id,book_id,rating,predict
3675,5730,4,4.9707662368999035
3675,8336,3,3.000877863936764
