user_id,book_id,rating,predict
36828,5428,3,2.942426057838378
36828,5562,4,3.425976797573943
36828,6431,4,3.2524044306209356
36828,6929,4,3.182043712340569
36828,6996,4,3.5365598180328415
36828,8135,3,2.9327060130730844
36828,8222,4,3.250214083112521
