user_id,book_id,rating,predict
36855,4966,5,2.014319023907367
36855,6248,2,3.4485521323722166
36855,6270,4,2.7808714206428737
36855,6805,5,3.4956107914021035
36855,6964,5,5.217063840178297
36855,7305,4,2.6035281425004118
36855,8626,3,3.562562033330504
36855,9028,4,1.4013759856460881
36855,9484,5,3.8533992295337915
36855,9638,3,3.822668855331316
