user_id,book_id,rating,predict
37033,3268,5,2.8975997839044383
37033,3763,4,3.9241920934888936
37033,3794,4,2.9885628340676718
37033,3805,4,2.756659759557029
37033,4455,2,4.264983417313707
