user_id,book_id,rating,predict
37030,8718,4,4.755392194359981
37030,9380,4,4.191635588321624
