user_id,book_id,rating,predict
37188,6525,2,1.5064053594163762
37188,7058,5,2.994484672861708
