user_id,book_id,rating,predict
37301,2752,3,4.118782730699397
37301,3385,3,3.303083402920308
37301,4417,4,3.2239020099084157
37301,4664,4,2.3817820519184805
37301,5955,3,2.6401866802570737
