user_id,book_id,rating,predict
37330,7550,5,2.000488227424004
37330,7963,3,2.0001735565011005
