user_id,book_id,rating,predict
37820,5029,3,3.053714376156748
37820,6599,4,3.4679699401257937
37820,6899,1,3.2966985501258326
37820,8781,3,2.7921207578464737
37820,9731,3,3.648424820534171
