user_id,book_id,rating,predict
37963,4625,4,4.162235208517757
37963,5254,4,6.200201513584523
37963,6081,4,5.160869752939589
37963,7084,2,5.19910811197248
37963,7413,3,6.561307509245418
