user_id,book_id,rating,predict
38111,3981,5,6.268022282521092
38111,4415,4,6.284806239788892
