user_id,book_id,rating,predict
38112,5302,4,3.5301047033869235
38112,5660,5,5.874509214646944
38112,6756,5,4.650446310459886
38112,7818,5,5.011179522510576
38112,7960,5,4.397052245735384
38112,8196,5,4.016373006488457
38112,8592,5,4.356475091077859
