user_id,book_id,rating,predict
38155,1747,5,6.391841668882312
38155,2222,5,5.612637430442192
38155,3531,5,4.084603198905282
38155,4287,5,3.9127587602171223
38155,4919,5,4.271775762688342
38155,4936,5,3.9238274453048576
38155,5285,5,3.878504840754867
38155,5441,3,4.313974294071033
38155,5480,3,4.792321199528386
38155,5708,3,3.03210265263658
