user_id,book_id,rating,predict
38161,4940,4,5.011084971142576
38161,6225,3,4.892783748089569
38161,9620,3,4.985501440996815
