user_id,book_id,rating,predict
38199,5841,4,1.809351164200154
38199,5979,5,3.4620683674979897
38199,6159,3,3.2226195732709875
