user_id,book_id,rating,predict
38267,4071,3,5.9504324477532045
38267,5286,5,2.9020223363820215
38267,6518,4,2.8501024571394082
38267,6664,3,3.59720526126306
38267,6880,4,5.152570765432017
38267,7664,3,4.887688103083262
