user_id,book_id,rating,predict
38273,4133,4,2.6010453716106574
38273,5508,4,3.7323845717625437
38273,6891,3,2.993778503298505
