user_id,book_id,rating,predict
38347,4152,5,4.001810946460411
38347,4902,4,5.006261230645348
38347,5628,3,4.988097669937331
38347,5699,2,4.001955234158763
