user_id,book_id,rating,predict
38663,5035,4,5.343678601004708
38663,5256,4,4.642273914388953
38663,6251,4,3.9704459654462
38663,7292,2,1.7180671215600878
38663,7360,4,4.6820062381767125
38663,8474,4,3.926007184171314
38663,8585,5,4.075572813774342
38663,8623,5,4.446556931296545
