user_id,book_id,rating,predict
38804,4071,2,3.1428063059664666
38804,4414,4,5.223304452597004
38804,4893,3,4.987171889312481
38804,7016,5,3.5599770651818945
38804,7433,5,4.004176260268865
