user_id,book_id,rating,predict
38840,1197,3,5.082890847914223
38840,1429,5,5.025074459299088
38840,1560,3,3.701000952242878
38840,1674,5,5.025014286277236
38840,6189,5,4.077859962279226
38840,8222,5,4.0775099237223005
38840,8535,3,3.873210123159783
38840,8636,2,3.4994431567220365
38840,8783,5,3.227642018092832
38840,9429,5,4.472544562029236
38840,9814,5,3.2458236819092297
