user_id,book_id,rating,predict
38925,4179,4,3.562891174137281
38925,5019,4,3.4342647506850787
38925,5976,3,3.3589554446025893
38925,6171,4,3.2962291759621296
38925,6196,3,3.7267468848413916
38925,6249,4,3.3449690615999064
38925,6564,4,3.2363977204229797
38925,6568,4,3.6096333591734266
