user_id,book_id,rating,predict
38965,6037,4,3.9994899243503172
38965,7979,4,4.000113708749917
