user_id,book_id,rating,predict
39016,3266,5,2.79366951358291
39016,4415,5,3.3821755213606597
39016,5653,5,2.782236587570573
