user_id,book_id,rating,predict
39210,3347,5,1.9412250057920206
39210,5939,4,2.6440406016701576
39210,6596,4,5.123672492300272
39210,7124,5,7.228216126955323
39210,7994,4,4.751870244886618
