user_id,book_id,rating,predict
39221,1036,4,4.6562894447448855
39221,1134,4,3.8398339790771665
39221,1143,4,2.408627514442013
39221,1165,3,2.4777454466493856
39221,1219,3,3.038081320180473
39221,1285,3,2.514958838620424
39221,1542,3,1.33172281721022
39221,2868,5,3.679612290372239
39221,4450,3,3.531332154580013
39221,5584,3,3.6769214493373443
39221,5854,3,3.4700420838641803
39221,5888,2,3.5807780617945233
39221,5998,4,3.7553348821019252
39221,6343,4,3.995231363583902
39221,7303,4,4.1290412481609255
