user_id,book_id,rating,predict
39230,3361,5,4.9721300950846885
39230,4397,5,4.7073030343000655
39230,6518,5,5.28038331252641
39230,7753,5,4.8840624966403645
39230,9417,5,4.807928651364828
