user_id,book_id,rating,predict
39329,3479,4,2.9988962979783267
39329,6543,4,3.5856994998647496
