user_id,book_id,rating,predict
39333,4804,4,1.2840962121907753
39333,6206,3,3.247616475219152
39333,6482,4,4.193500085978185
39333,7071,5,4.283898748586376
39333,7702,4,3.087737851331546
