user_id,book_id,rating,predict
39388,5606,3,4.622416380682497
39388,7862,3,4.200102862925257
