user_id,book_id,rating,predict
394,2867,3,0.8826011473341459
394,8676,4,2.034945738003654
