user_id,book_id,rating,predict
3945,4747,4,3.4869996041233913
3945,6010,3,3.411243133208722
3945,6040,3,3.010839491952065
3945,6270,3,3.1492865990592573
3945,6747,3,3.075136526853912
