user_id,book_id,rating,predict
3958,8488,5,6.384121526890097
3958,8886,3,2.769951461135437
