user_id,book_id,rating,predict
39608,2185,5,3.471792890115483
39608,3146,4,2.329525050452761
39608,4373,5,5.0620919273968115
39608,5131,4,4.4122580458744185
39608,5178,5,4.322097284133534
39608,5246,5,4.258029564428261
39608,5635,5,4.361365175817682
39608,5649,5,4.443306443580882
39608,5812,5,4.635268982384528
39608,5868,4,3.2143973589931276
39608,5869,4,4.577647296659881
39608,6145,4,4.7231171568011145
39608,6412,5,4.5394386793523225
39608,6789,5,4.89141455203671
39608,7073,5,4.634144212450959
39608,7084,5,4.496687173360694
39608,7148,4,4.16318316686649
39608,7185,5,4.50972909121582
39608,7413,5,4.633716325598405
39608,7560,5,3.9786912546290387
39608,7764,5,4.508216074969912
39608,7877,4,4.6206398890460925
39608,7936,4,4.525760476325796
39608,8001,3,4.611988794930912
39608,8205,4,4.472341900187415
39608,8274,5,4.67065905155059
39608,8392,5,4.427262558384704
39608,8395,4,4.3781745555340255
39608,8959,5,4.53015501110721
