user_id,book_id,rating,predict
3968,2425,4,3.021223896798726
3968,2432,4,1.2029634743573256
3968,2830,4,2.616949133366277
3968,3098,3,2.180237626822978
3968,3162,3,2.09515129797582
3968,3357,4,3.178495593996571
3968,3982,4,2.9097411124698946
3968,4423,2,1.6955354656164245
3968,4972,2,2.364969780324286
3968,5526,3,3.322160518343067
3968,7941,4,4.075646956429052
3968,8474,4,4.09357601186656
3968,8596,4,4.2541968750096455
3968,8781,4,4.883082906258645
3968,8898,4,3.7432268670894886
3968,9731,4,4.0548744229991485
