user_id,book_id,rating,predict
39949,5064,4,-5.731036055343353
39949,5520,5,5.703881159071133
