user_id,book_id,rating,predict
39980,1992,3,4.280671746560344
39980,3863,4,3.7282064371758503
39980,3880,4,4.121700300638172
39980,4752,4,4.062823076665886
39980,4918,4,4.076582324784038
39980,5131,5,4.100000434389588
39980,5172,4,3.6637445556932966
39980,5178,3,3.927106153656385
39980,5266,4,3.7974807529939967
39980,5272,4,3.9995230274831854
39980,5546,4,3.9427542322516747
39980,5584,2,3.954039261025284
39980,5635,4,4.035010797954867
39980,6098,4,4.12937324386402
39980,6111,4,4.115484061646972
39980,6127,4,3.9104572313372623
