user_id,book_id,rating,predict
40142,2024,3,4.76035757438382
40142,2474,5,5.181368137388118
40142,4357,4,4.675855816763059
40142,5708,5,4.899207036073323
40142,6996,5,4.784819907821662
40142,7292,4,4.397737093499235
40142,7337,4,5.092043997212477
40142,7943,4,4.88377401627357
40142,7985,5,4.9453833362987005
40142,8433,5,4.4948236976648435
40142,9471,4,4.631241884268176
40142,9554,5,4.559163373597302
40142,9563,5,4.884036509873351
