user_id,book_id,rating,predict
40164,3152,4,3.072822145179649
40164,6159,4,3.7920038809549625
40164,6170,3,3.112615075433016
40164,6638,3,3.396206019757346
40164,7175,3,3.065823687325143
