user_id,book_id,rating,predict
40550,1412,3,3.4846846802826077
40550,1862,3,3.237944265683602
40550,2119,4,3.3247115236158296
40550,2196,3,3.5729705507641616
40550,2269,5,2.3368804724562895
40550,2285,3,3.0970594589924607
40550,3836,3,1.9812990988959558
40550,5671,3,2.987875756508779
40550,6102,3,2.128477179405996
40550,6559,4,3.0152486994895975
40550,6597,2,2.7625814939945985
40550,6879,3,3.2127248063315585
40550,7788,4,2.866456599019433
40550,7793,3,3.2578359788158333
40550,7824,3,2.8754955512319644
40550,8783,3,3.3449002459854698
40550,9434,2,3.0826532853699193
40550,9814,3,3.3002384241435903
