user_id,book_id,rating,predict
40658,1180,4,-1.3202747961102004
40658,2070,5,2.0223707490275302
