user_id,book_id,rating,predict
40861,3146,2,0.3653757115013616
40861,5663,2,3.3393307698335377
40861,5852,4,3.4837056988587185
40861,6090,3,3.526117447325145
40861,6328,2,3.3289485126195633
40861,6432,3,2.006641346401276
40861,6883,4,3.199353890050413
