user_id,book_id,rating,predict
40917,3701,4,7.457421937353345
40917,4143,4,4.212578532629178
40917,4569,4,4.270546325000167
40917,4804,5,5.243085418377068
40917,5266,4,3.1981684007015234
40917,5272,3,4.606243969218826
40917,5736,5,4.397767977719288
40917,5850,3,4.122841591620809
40917,6303,5,4.620784724561013
40917,6493,3,4.535498631219122
40917,6657,1,4.7399000197809045
40917,6705,4,4.552533658298749
