user_id,book_id,rating,predict
40916,3802,5,6.5716074323921445
40916,6310,5,5.103666770840975
40916,8998,3,5.70813435600173
