user_id,book_id,rating,predict
41048,4995,3,1.9555652707795699
41048,7625,4,3.5511295998589394
41048,7722,4,3.5687487108232743
41048,8670,5,2.546472235950973
41048,8922,5,1.8438620290816363
