user_id,book_id,rating,predict
41053,6360,3,5.015069965237694
41053,7665,3,5.206030717444802
41053,7689,5,2.811243030399549
