user_id,book_id,rating,predict
411,4260,1,3.868250292284393
411,5730,5,4.009667449153571
