user_id,book_id,rating,predict
41169,2258,4,4.136531005569095
41169,4486,4,3.10222335450073
41169,5256,3,3.4949739960711605
41169,5753,1,4.059875111478691
41169,6326,1,3.3983964800147612
41169,9078,3,3.308246633270991
41169,9480,3,2.717500077860047
41169,9632,3,3.4576173546191167
