user_id,book_id,rating,predict
41206,3674,4,4.59808971949981
41206,4894,3,4.025025971082172
41206,5396,4,3.797454895956646
41206,6499,5,3.9139886735403335
41206,6587,3,4.264186795951347
41206,6594,5,3.9563833667702433
