user_id,book_id,rating,predict
41328,1327,4,3.981036418887407
41328,1388,5,4.038653528518787
41328,1492,4,3.960938268251095
41328,1896,4,3.9284603225806434
41328,1907,4,4.28746025932373
41328,2002,5,4.48983688782062
41328,2158,4,4.304261306290369
41328,2209,5,4.655365150131485
41328,2240,4,4.374735105737723
41328,2877,5,4.614393118864916
41328,3002,4,4.561535239815183
41328,8168,3,4.823154557794438
41328,8210,5,5.031050344151436
41328,9125,5,4.534313789906153
41328,9800,5,4.696057612557155
