user_id,book_id,rating,predict
41409,775,4,5.0431877876909965
41409,1309,5,3.8189729716055183
41409,1896,5,3.847571741135145
41409,1907,5,4.187428653503544
41409,1996,4,3.5745734667162443
41409,2168,5,4.527598812050289
41409,2479,4,4.620826432760029
41409,2492,3,4.716683094242301
41409,2541,5,4.644164273275143
41409,2648,5,4.95653337748773
41409,8009,4,4.569103052791254
41409,8186,5,4.579125206176622
41409,8719,5,4.541911221492329
41409,9044,5,4.661639892961748
41409,9120,5,4.75141514219438
41409,9800,4,4.624509238499064
41409,9877,5,4.512038292189712
