user_id,book_id,rating,predict
41412,4809,4,4.648607900768851
41412,5380,5,3.8199375673930214
41412,6030,4,5.090152942285503
