user_id,book_id,rating,predict
41495,380,4,4.496197384903941
41495,1329,5,4.316266093311272
41495,1480,5,4.452825394269706
41495,1665,4,4.132686528717636
41495,1735,2,2.6243673821460316
41495,1800,5,3.860169720403892
41495,1857,4,3.9154765951805697
41495,1863,4,4.015512926880442
41495,1884,4,3.4546550192380563
41495,2101,5,4.9748195487740645
41495,2125,5,3.9872613420744956
41495,2311,5,4.133013520934487
41495,2376,3,2.8337044744802466
41495,2397,5,4.32140158212766
41495,2504,4,3.8772694471616065
41495,4054,5,3.120503636308834
41495,5396,5,4.284085197184496
41495,5853,4,5.992156536006235
