user_id,book_id,rating,predict
41657,4803,1,2.619126602050525
41657,5702,5,2.1413071475027285
41657,6037,3,2.0052929007975733
41657,6639,1,2.273011045013492
