user_id,book_id,rating,predict
41896,6149,5,3.400467651109988
41896,6351,5,4.860980570103344
41896,6518,5,2.9579864811498986
