user_id,book_id,rating,predict
42,5730,4,4.999902381270688
42,6772,5,4.001129686845925
