user_id,book_id,rating,predict
42266,2686,3,2.63005475571149
42266,5712,5,4.238960705914778
