user_id,book_id,rating,predict
42296,5731,5,5.128162749603319
42296,7753,5,5.159720581228528
42296,8548,5,2.7407874641512584
42296,8880,5,5.397003926641664
