user_id,book_id,rating,predict
42350,6275,4,4.29080227739608
42350,7018,5,3.7216130574737116
42350,7057,5,4.441159209744627
