user_id,book_id,rating,predict
42529,3606,5,3.7155063495438734
42529,4071,3,4.459086173903037
42529,6110,5,5.8177306869407905
