user_id,book_id,rating,predict
42556,7790,5,8.741434188591978
42556,8447,4,0.9362473981920942
