user_id,book_id,rating,predict
42987,1904,5,7.190067815525371
42987,6598,4,3.971700554791453
42987,6776,3,4.857875767399926
42987,7299,5,4.282075835465696
42987,8097,3,3.5498224627402575
42987,8109,5,4.736815592663904
42987,8633,3,2.9957068436911367
42987,9037,4,4.285635219063171
