user_id,book_id,rating,predict
4306,5230,2,3.1378185623147927
4306,5514,3,3.603198710533473
4306,6485,2,3.0425829984180472
4306,6927,4,4.314138838807958
4306,7129,3,2.5833236047694443
4306,8802,3,2.4149704949178457
4306,9077,4,3.075575160014741
4306,9639,4,3.337437686095833
