user_id,book_id,rating,predict
4308,4097,4,5.028680369706849
4308,5698,3,4.637986228528129
