user_id,book_id,rating,predict
43140,4783,5,4.83141763957457
43140,6809,5,4.93920825962461
