user_id,book_id,rating,predict
43224,3701,5,1.6427696804848155
43224,4752,4,4.744402617375799
43224,4918,5,5.416516305679788
43224,5635,5,4.633929868895692
43224,5649,5,6.195345952965291
43224,5720,5,5.026674734645721
43224,6145,5,4.717583390289786
43224,6466,5,5.081228734669577
43224,6657,5,4.159840619281072
