user_id,book_id,rating,predict
43237,370,5,4.524206331654
43237,1032,4,4.484069696074254
43237,1175,5,4.600096838388553
43237,1357,5,3.693588390442427
43237,1391,5,4.620142376655339
43237,1479,5,4.868319297108924
43237,1634,5,4.89432045114691
43237,1665,5,4.651956470228189
43237,1731,4,4.767497599909533
43237,1760,5,4.758815690490355
43237,1862,5,4.618325355732917
43237,1921,5,4.5855736650950965
43237,2017,5,4.990592861839825
43237,2101,4,4.572664695739572
43237,2118,5,4.577088819162108
43237,2120,5,4.864213235890992
43237,3531,3,4.528614160186362
43237,4199,4,4.611534516809651
43237,4677,4,4.6807082516785785
43237,7171,5,4.638508913766152
43237,7945,5,4.437269004464268
43237,8222,5,4.727981519680105
43237,8374,5,4.700842303778623
43237,8970,5,4.821008717165434
