user_id,book_id,rating,predict
43243,7194,4,3.6764115012452985
43243,7877,5,4.541345383012237
