user_id,book_id,rating,predict
4325,7318,4,2.5014711553354836
4325,7957,3,0.037043005596503864
