user_id,book_id,rating,predict
43279,3270,2,2.8840638543176595
43279,8540,2,2.03060730075834
