user_id,book_id,rating,predict
43509,1295,4,3.231925251475638
43509,1658,4,4.108977638558068
43509,1702,5,3.8370137521613006
43509,1981,4,3.84868827194102
43509,1983,4,4.0539443003734865
43509,1994,4,3.775853858853875
43509,2443,4,4.125686063833879
43509,2665,4,4.159784940522377
43509,2779,4,4.091852905049832
43509,2795,5,4.544497946637815
43509,3107,5,4.215166356646454
43509,5170,4,4.532779262684651
43509,5821,3,4.6220440171605475
43509,6127,5,4.640127765802254
43509,7065,4,4.128850109527726
43509,7289,4,4.299637235725317
43509,7303,4,4.632696029330583
43509,7415,5,4.780690289206088
43509,7528,3,4.513159979858779
43509,7682,4,4.345560829225568
43509,8254,4,4.262756027410981
43509,8328,5,4.0443083729721
43509,8488,4,5.042202521362702
43509,8494,3,4.65886521845495
43509,8994,4,4.269598160733769
43509,9027,5,5.009282859210016
43509,9747,5,5.056764257836063
