user_id,book_id,rating,predict
43570,6693,3,4.264562692387635
43570,6829,5,4.220405945814122
43570,8693,2,4.218810097893125
43570,8790,3,5.342968480575934
