user_id,book_id,rating,predict
4357,5524,5,4.0625423699010055
4357,7060,5,4.378113853984991
