user_id,book_id,rating,predict
43629,2635,3,3.175798418738285
43629,3347,5,3.778890771691654
43629,4878,5,2.777834143301284
43629,5164,5,4.695482236675767
43629,5974,5,4.5780510479378815
43629,6221,5,4.499583306382804
43629,6658,2,2.646810764101842
