user_id,book_id,rating,predict
43755,4404,4,3.3218194167266915
43755,4975,2,3.513017267431394
