user_id,book_id,rating,predict
4380,7462,2,3.2526861180819737
4380,7501,3,4.095039633516162
4380,7783,3,3.3332648607124296
4380,8337,4,3.2799016837229473
4380,8452,3,4.107881326104852
