user_id,book_id,rating,predict
44079,5065,4,4.5917313471617485
44079,6293,2,2.9627886870859754
44079,6344,4,4.733527734644535
44079,7207,5,2.6495308029457707
