user_id,book_id,rating,predict
44092,4666,4,8.369301933554606
44092,5043,4,8.989692048631237
44092,5269,5,3.334922412743273
