user_id,book_id,rating,predict
44321,5002,5,0.08896318737852793
44321,7790,5,3.7780658054817136
44321,8263,5,3.3170282711602863
