user_id,book_id,rating,predict
44532,2099,4,3.4422363352722396
44532,2656,4,3.21776303874096
44532,3301,4,3.8417629934077273
44532,3651,3,4.083891824438182
