user_id,book_id,rating,predict
44652,3695,5,4.279304927809703
44652,4398,4,3.850715843045149
44652,4809,4,3.2314344067912297
