user_id,book_id,rating,predict
44841,3602,3,2.3905207661607975
44841,5394,5,3.3955522248282994
44841,5516,5,3.6527663583549685
44841,5593,4,4.192400771234407
44841,7843,5,5.139871420867179
44841,8972,4,4.124503711273878
