user_id,book_id,rating,predict
44975,4987,2,2.263199293641095
44975,6245,2,2.062044127869137
