user_id,book_id,rating,predict
45342,5670,5,4.888153580619174
45342,6704,5,5.021436802920936
45342,8033,5,4.904953415330696
