user_id,book_id,rating,predict
45642,2966,3,4.4845391697707075
45642,5267,5,4.639587725887558
45642,6562,5,4.975713981273371
45642,6794,5,5.061270640572713
