user_id,book_id,rating,predict
45720,4808,5,4.729005979366897
45720,5475,5,4.685210593698559
45720,5632,4,5.049201693116599
45720,5660,5,4.160094787472195
45720,6081,3,4.221766192649008
45720,6379,5,4.0495245954631836
45720,6538,5,4.548890209242683
45720,6899,5,4.138215466303642
45720,9003,2,3.385697221907563
