user_id,book_id,rating,predict
45821,6075,3,3.5381421790402774
45821,8500,5,4.28202304038609
