user_id,book_id,rating,predict
45956,5241,4,3.999718669681733
45956,6712,4,3.001805754829566
45956,7867,3,3.0028321194072465
