user_id,book_id,rating,predict
46053,4203,4,5.426798804752447
46053,7373,5,7.852091348729848
