user_id,book_id,rating,predict
46105,6408,5,3.3910553007681417
46105,6452,4,3.8262076244766687
46105,6651,5,3.764619659696874
46105,7406,2,3.2520469586216034
