user_id,book_id,rating,predict
46149,2656,5,5.570099043812136
46149,3301,4,4.751059254451141
46149,3328,3,4.128647069729392
46149,3888,5,4.173125124502388
46149,3895,5,4.16042699998945
