user_id,book_id,rating,predict
46146,1904,5,3.928055736495061
46146,6891,4,3.6374177037568756
46146,7886,4,2.994672783736363
46146,7893,2,3.2643605702438556
46146,8103,2,2.444135055231096
