user_id,book_id,rating,predict
46153,2457,4,4.420339216024022
46153,4143,5,4.293957040137883
46153,4314,4,4.005421874190045
46153,5259,5,4.935105205701679
46153,5360,4,4.4678029346158326
46153,5405,5,5.371006267583487
46153,5597,5,4.2766346208950266
46153,6597,3,4.2699617080084336
