user_id,book_id,rating,predict
46190,4907,3,2.433422099329003
46190,5633,3,2.5423589354218383
