user_id,book_id,rating,predict
46431,1258,3,2.712281711882934
46431,1329,4,2.6675160995581897
46431,2191,5,1.7872422383661855
46431,4670,3,4.093667485635319
46431,4729,5,3.5788329613610457
46431,4777,5,4.109366028885237
46431,5785,5,4.267141317907937
46431,5853,5,3.943906429292193
46431,6385,5,4.251165620592751
46431,6898,5,4.425683709791171
46431,7386,4,4.31944490078024
46431,8210,5,4.072993284817294
46431,8924,3,4.496238901901022
46431,8937,4,3.959234723997187
46431,9194,4,4.400868958233469
