user_id,book_id,rating,predict
46503,5502,5,4.001372094030405
46503,8172,5,4.000909860035911
