user_id,book_id,rating,predict
46591,2656,5,2.764871793889125
46591,4417,4,3.3246280706648235
46591,6197,2,3.179928649443955
46591,7171,4,3.1814849932299776
