user_id,book_id,rating,predict
46644,4615,3,4.9263615752805485
46644,4875,3,5.237918884375805
46644,6159,4,3.059125800452507
46644,7107,4,4.173516397869725
