user_id,book_id,rating,predict
46656,1141,4,0.07427060996949786
46656,1777,5,2.400408355596518
46656,2108,4,-0.18419395540056271
46656,2572,3,2.7468986463483187
46656,3041,5,-10.332327891828847
