user_id,book_id,rating,predict
46715,5820,3,4.434242854709288
46715,6809,5,5.200271027154723
46715,7424,2,5.352402659400688
