user_id,book_id,rating,predict
4673,1609,4,4.394491574944874
4673,6233,4,4.223999109235975
4673,6235,4,4.050205371426959
4673,6956,3,3.671087547244408
4673,7759,4,3.9801892408684925
