user_id,book_id,rating,predict
46841,3796,5,4.734052478335649
46841,3986,5,3.418180998561195
46841,4126,3,4.738316680104823
46841,6225,3,3.5771422683349536
