user_id,book_id,rating,predict
46995,6015,4,4.703221615744585
46995,6899,5,5.501862301655086
46995,7761,4,4.4476774396967995
