user_id,book_id,rating,predict
47047,1468,5,4.427209989377398
47047,1505,5,3.979908697593034
47047,1743,4,3.090099169849061
47047,1749,2,4.006499603455459
47047,3281,3,3.9722715451204937
47047,5154,5,5.232338685285278
47047,7157,5,4.638713681744878
47047,7247,3,4.870253156537046
47047,7960,5,4.834764275890773
47047,8587,3,4.424833105982033
