user_id,book_id,rating,predict
4715,169,2,2.99760525566107
4715,183,4,3.4332453224858366
4715,324,4,2.993990836080742
4715,348,4,2.433491966119417
4715,536,4,4.983211209643413
4715,752,4,4.459769982714858
4715,764,4,3.3370447465701445
4715,821,2,3.606421999693813
4715,842,3,3.298100395368274
4715,940,4,3.4637629408185973
4715,950,5,3.2469362494756435
4715,978,3,3.3593238235589578
4715,991,3,3.330086141750596
4715,1044,5,3.532389539861845
4715,1072,4,3.5328906596126846
4715,1081,5,3.644433752001991
4715,1098,3,3.5034802021416303
4715,1152,5,3.1933986899055067
4715,1264,4,3.5392194071908647
4715,1268,3,3.6969426580426408
4715,1300,2,3.969257257665803
4715,1324,3,3.832056215628129
4715,1353,3,3.444189530582245
4715,1400,3,3.455365648840288
4715,1502,4,4.279329001231035
4715,1532,3,3.5923763930613344
4715,1670,5,3.905131560477198
4715,1671,5,3.650478709267869
4715,1723,4,3.6219524074942244
4715,1737,4,3.1897933980983058
4715,1767,3,3.4010290525511304
4715,1798,4,3.6347517782127454
4715,1899,3,3.4143718038868633
4715,2046,3,2.9751043539567914
4715,2065,5,3.5431008711304277
4715,2104,3,3.2837845115917967
