user_id,book_id,rating,predict
47169,4995,5,1.5847887679426023
47169,5735,4,4.989570374546767
