user_id,book_id,rating,predict
47290,5881,3,3.2731201971764508
47290,6128,5,3.8701864538376602
