user_id,book_id,rating,predict
4738,7207,3,3.010945565266338
4738,7417,5,5.263622254615892
4738,7953,5,2.7230509869069035
4738,8648,4,3.9443237537693854
