user_id,book_id,rating,predict
47437,1625,1,3.936664530754559
47437,3331,4,4.337074057063591
47437,3392,4,3.3760347850603663
47437,4151,4,4.515147550434928
47437,4945,4,4.2188449985122425
47437,6385,3,3.2406979770724442
