user_id,book_id,rating,predict
47561,2896,4,4.437485963123994
47561,5893,3,3.3024224322401565
47561,5943,3,2.8980855032887733
