user_id,book_id,rating,predict
47596,3438,3,6.22941363472898
47596,5002,3,4.843687107543161
