user_id,book_id,rating,predict
47680,1790,4,0.8093946906986735
47680,5944,4,3.2433791707675037
47680,6364,4,3.4905576988767244
47680,6607,4,3.7378149726349417
47680,7107,4,3.9463688007456716
47680,7380,4,4.317392545079024
47680,7978,4,4.125983635962101
47680,8283,4,4.348589394727252
47680,9421,5,4.461544497329457
47680,9508,4,4.170667354526055
47680,9510,4,4.308270279459172
