user_id,book_id,rating,predict
47975,4591,2,4.82637426264377
47975,7472,2,1.7664652342678826
47975,7790,5,4.892811677455485
47975,7937,3,4.564326246780168
47975,8441,5,4.25996694023424
