user_id,book_id,rating,predict
47972,2185,5,3.034352929758093
47972,3950,1,0.5332577738267914
47972,4143,5,0.932771439399845
47972,5406,1,0.29063000725849375
47972,5608,1,1.229565793137328
47972,5887,1,0.3751721383941774
47972,5970,1,2.1928029926435304
47972,6136,1,0.5998815944099043
47972,6209,1,0.997869768371711
47972,6525,2,2.1966930096077104
47972,6789,1,3.2285365653585574
47972,6861,1,0.7804604490620813
47972,6983,1,1.153044081068202
