user_id,book_id,rating,predict
48002,8344,5,4.006597947851028
48002,9099,3,4.00082272300603
