user_id,book_id,rating,predict
48063,6843,4,4.603476306423975
48063,7402,4,7.2844852615316
