user_id,book_id,rating,predict
48368,1129,3,-3.729369708880332
48368,4107,5,2.8431628057453078
48368,4911,4,2.150984626949875
48368,5979,5,2.0783813896012755
