user_id,book_id,rating,predict
48438,3825,3,4.536729357486932
48438,6842,5,0.10792006501531759
48438,6959,4,3.6738451616883383
48438,7611,2,2.668001027241118
48438,7666,5,4.686516678737766
48438,8339,4,5.132200418199657
48438,8700,2,4.261968889406399
48438,8705,5,4.8209651297614045
48438,8753,5,3.6803160113466804
