user_id,book_id,rating,predict
48513,1985,4,5.071089736078052
48513,2305,4,4.894139604502641
48513,3896,4,4.6889426419763005
48513,8696,4,2.8271287881010396
48513,8896,4,0.8980783341805711
