user_id,book_id,rating,predict
48590,1372,4,2.426527931514505
48590,1475,4,2.564206828588331
48590,1647,5,3.287466930674098
48590,1787,5,3.198324579411077
48590,2033,5,3.533881021981533
48590,2292,5,3.2825126579305963
48590,2588,4,3.3018763990781568
