user_id,book_id,rating,predict
48600,2256,5,5.2583994632921875
48600,3405,4,4.48113847749583
48600,3554,4,4.900789520054158
48600,4373,4,5.1488075050310025
48600,4878,4,3.021539708318104
48600,5476,5,4.070130650105295
48600,5552,4,3.9247234755641296
48600,5643,5,3.9015267358012053
48600,5712,4,3.609420998950316
48600,5727,4,3.443014501997639
48600,6004,4,3.56275503428137
48600,6127,5,3.4325536207544403
48600,6221,4,3.762040506794428
