user_id,book_id,rating,predict
48636,6518,5,4.54553563437125
48636,6907,4,4.194060906602075
48636,7227,4,5.082029347273242
48636,7339,4,4.220319499908049
48636,7518,4,4.913468800504884
48636,7898,4,4.21098232702183
48636,8286,5,5.276922219864983
48636,8352,4,4.1733388498380375
