user_id,book_id,rating,predict
48755,2236,5,3.5278786050203608
48755,2310,2,4.737408844087805
48755,2318,5,3.872324264933576
48755,2388,5,3.9688948424140964
48755,2414,4,3.7514038255062125
48755,3810,5,4.300453559281596
48755,4597,4,4.691762987803355
48755,5455,4,4.784847813866404
48755,6138,4,4.752154364398278
