user_id,book_id,rating,predict
48946,3139,4,4.217539853078578
48946,4015,5,4.3652169418806155
48946,4284,5,4.803358693410221
48946,5783,4,3.687000122087668
48946,7022,3,3.1666579160232904
