user_id,book_id,rating,predict
49079,5979,5,3.2101324818738073
49079,6038,4,4.572639069490456
49079,8279,4,3.062978293725133
49079,9352,4,4.0684395382051175
