user_id,book_id,rating,predict
49271,2560,4,4.006737126662474
49271,4702,5,5.002698703180369
