user_id,book_id,rating,predict
4956,1998,5,4.560414274178464
4956,3146,2,0.4248978581880323
4956,4732,4,3.738129327480237
4956,5355,1,3.118335123454008
4956,5697,2,4.083584333416697
4956,5845,4,3.6437159713149145
4956,6255,5,3.4995277263867077
4956,7739,3,3.890350221174031
4956,8257,5,4.052592369353894
