user_id,book_id,rating,predict
49614,7879,5,4.721379980746659
49614,8048,5,4.003860404550874
