user_id,book_id,rating,predict
49755,5979,4,3.7043365891677213
49755,6006,5,3.7774297362607507
49755,8013,5,4.644543595425059
49755,8432,4,3.6427323154356808
49755,8619,5,5.8154554424790765
