user_id,book_id,rating,predict
5009,1960,3,3.066535195177361
5009,6594,1,3.054375215516647
