user_id,book_id,rating,predict
50621,3499,4,3.2046509256818254
50621,3721,4,2.405528982854301
