user_id,book_id,rating,predict
50631,3328,4,4.223531103439667
50631,5308,4,3.7962157607849214
50631,6031,4,3.78331276744539
50631,6120,4,3.132782253394014
50631,6159,3,4.2712938148232364
50631,6805,3,4.187686091060672
