user_id,book_id,rating,predict
50806,7037,4,5.000189889812068
50806,7438,4,4.9991916242885965
50806,8498,5,4.610526725579071
