user_id,book_id,rating,predict
50812,4804,5,4.397996946959207
50812,4918,5,4.498661437593358
50812,5131,5,3.8295081777702977
50812,5974,5,3.318859440183529
50812,7532,5,3.251744254299421
