user_id,book_id,rating,predict
50994,5259,4,3.256266992897265
50994,5441,4,4.195160806545443
50994,5597,3,4.342024069461174
