user_id,book_id,rating,predict
51019,5965,5,3.1061876501514485
51019,6052,2,3.8846087515523577
51019,6396,3,3.1920691143254745
51019,6735,5,3.303967697648561
51019,7535,3,2.9747459534921994
51019,7595,5,3.5022139589504846
