user_id,book_id,rating,predict
51156,4746,4,4.108714805433863
51156,6315,2,4.847648937236718
