user_id,book_id,rating,predict
51284,6559,4,3.9380991654477984
51284,7767,5,4.414343648341554
