user_id,book_id,rating,predict
5129,5164,3,2.9590603162883866
5129,5459,4,3.849722645345907
5129,5585,3,4.362314903451185
5129,6694,3,2.681855948684315
5129,7184,3,2.445987820834069
5129,7482,1,3.6087825126846527
5129,7659,2,3.666237448441141
5129,7676,3,2.440185338384949
