user_id,book_id,rating,predict
51302,2146,3,3.894888316226781
51302,5698,4,3.2341621120903845
51302,6207,2,3.2633333560134234
51302,6282,4,3.4726810332295783
51302,6537,4,4.29930009852382
