user_id,book_id,rating,predict
5135,1440,5,4.140059284760939
5135,1929,4,4.375497523562084
5135,9073,4,3.6475706239488175
5135,9650,5,2.966644635905883
