user_id,book_id,rating,predict
51391,5266,4,0.23152913414864718
51391,6711,4,4.124497608770385
51391,6993,4,4.741769542078581
51391,7061,5,1.7240745790095806
51391,7085,3,5.245420768753791
51391,7125,4,4.0736554817225255
