user_id,book_id,rating,predict
51689,4235,3,2.7627523811294985
51689,4591,5,2.8903336202734278
51689,7472,3,2.8962339357411353
