user_id,book_id,rating,predict
51716,7216,2,2.6028122586083677
51716,7417,3,2.8855468446367185
