user_id,book_id,rating,predict
51746,1495,4,4.613593506393158
51746,2386,4,4.781787727964391
51746,2479,4,3.8816321591641296
51746,2992,5,4.110087043447763
51746,3064,4,3.8939199268968148
51746,7769,4,4.847712172640488
51746,8676,5,5.0996420641836515
