user_id,book_id,rating,predict
51796,5111,5,3.925773430065888
51796,7196,5,3.9470835593957294
