user_id,book_id,rating,predict
51862,3930,5,57.33288642707743
51862,7293,5,4.184361654275338
51862,7562,5,6.915205808079348
51862,7826,5,6.077931465707972
51862,8150,5,4.082564479689461
51862,9281,5,59.220121943435224
