user_id,book_id,rating,predict
51926,4154,5,3.396412684896294
51926,5845,4,4.569737427070094
51926,6963,5,4.680007952272023
51926,7425,5,4.95505072951242
