user_id,book_id,rating,predict
52017,6034,3,4.982497674303511
52017,6674,3,3.0569617236768547
