user_id,book_id,rating,predict
52586,3850,3,4.985425044871791
52586,6364,3,3.8372862990613648
52586,8430,4,4.631714587208529
