user_id,book_id,rating,predict
52634,4088,1,2.5672026973066733
52634,4372,4,3.4269461841621354
52634,4486,3,3.88078647704441
52634,5022,3,3.3969493454046846
52634,5489,3,3.2274647487901063
52634,5822,4,3.5553515347518063
52634,6387,4,2.9256510697430986
