user_id,book_id,rating,predict
52719,3721,2,2.515246673278331
52719,6206,3,2.2770573519547876
