user_id,book_id,rating,predict
52724,1756,4,5.549292509551748
52724,3448,4,2.6901866508905203
52724,5849,3,4.09139767926025
52724,6630,3,3.737820570270493
52724,6642,4,4.90626214600962
