user_id,book_id,rating,predict
53251,4043,5,4.883379342359263
53251,4489,1,3.4229143406140263
53251,4497,4,4.941050685519361
53251,5701,5,5.113708560415613
53251,6706,2,3.995770156579778
53251,6785,5,4.996971599065816
53251,7273,5,3.951151387690187
