user_id,book_id,rating,predict
53288,3888,3,3.2649184808316978
53288,4648,3,3.5527102512627495
53288,5406,3,2.736649629683602
53288,6421,2,2.4656463959123984
53288,6679,2,3.1003685485736745
53288,6747,2,3.4443121065487463
53288,7134,3,4.304250608691116
53288,7657,4,3.431885728767617
53288,7745,3,5.351984684960149
53288,7957,5,4.142250915824692
53288,8183,5,3.8459847054971092
53288,8622,4,5.676040447133061
