user_id,book_id,rating,predict
5548,2379,4,3.4628841647649944
5548,2885,3,2.453588676180088
5548,3207,4,3.335158012665733
5548,5354,4,2.900723586601244
5548,7352,5,3.8994695355281146
5548,7407,3,3.6427015858449
5548,8132,3,3.8857850692485525
5548,8750,3,3.993146065272372
5548,8992,3,4.019467837227566
