user_id,book_id,rating,predict
566,4740,4,4.999183722529855
566,7942,5,4.99765893685647
