user_id,book_id,rating,predict
59,5730,4,4.8657466086353445
59,6160,4,4.463588381694672
59,8336,5,4.437866527052324
