user_id,book_id,rating,predict
5949,5022,4,4.313401869925267
5949,5070,4,4.902114148452313
