user_id,book_id,rating,predict
6003,7762,4,4.623565288103953
6003,7918,4,3.5078485297766813
