user_id,book_id,rating,predict
6033,4272,3,4.999787508104526
6033,5841,5,4.999947912758601
6033,6875,5,5.002869561777157
