user_id,book_id,rating,predict
6052,3405,4,0.16362966301824505
6052,3421,3,1.9706776191649942
6052,3572,4,2.099778758996994
6052,4071,3,4.321691899642937
6052,4732,3,2.3119987312551222
6052,5035,3,2.372320462374622
