user_id,book_id,rating,predict
6154,6846,5,5.393366999880168
6154,9078,4,4.778175589253673
