user_id,book_id,rating,predict
6202,4990,3,1.8884131058331062
6202,6961,3,2.658945740912958
6202,7489,5,2.731332316606621
