user_id,book_id,rating,predict
6340,1712,4,1.4511492818554685
6340,1832,3,2.8569246760998364
6340,2424,4,2.324057150890651
6340,2688,4,1.9302655560187427
6340,2803,4,2.698217866085332
6340,4295,5,5.129760123774033
6340,5054,4,4.206477045244373
6340,7665,1,4.357107596802241
6340,9021,2,3.579921621874118
6340,9193,3,4.201026261912116
