user_id,book_id,rating,predict
6360,615,3,3.8724777995437307
6360,647,4,3.9342548166093954
6360,775,3,4.488985630862075
6360,807,1,2.601589876962837
6360,896,3,3.291833081624613
6360,950,5,3.56831820502772
6360,973,1,2.8288214076938987
6360,1016,4,4.546832145096801
6360,1072,5,3.924648572574709
6360,1187,3,3.2556436531686943
6360,1268,4,4.066855050170665
6360,1300,3,4.166302773394168
6360,1310,2,3.6556450396391327
6360,1406,4,4.607159101149046
6360,1557,5,4.216102417460833
6360,1579,3,3.9469634934896547
6360,1594,3,3.359590652320488
6360,1599,5,4.474426671181391
6360,1794,4,3.0850738244141307
6360,1813,5,3.5436530121290555
6360,1866,3,3.049747315020206
6360,1879,2,2.78493992554304
6360,1990,3,3.11120649943525
6360,2005,1,3.5325229529847704
6360,2251,5,3.9824618449760774
6360,2281,5,3.256851600449688
6360,2371,3,3.1826817183699854
6360,2575,2,3.7720875843491797
6360,2598,4,3.816329377243291
6360,2708,2,3.0354192988056137
6360,2742,5,2.8132152486187936
6360,2787,5,1.4042442928858474
6360,2796,4,3.8657741632943545
6360,2856,4,3.484134524627335
6360,2914,4,2.789092765888607
6360,2945,3,3.152756877076099
6360,2948,4,3.956810346964465
