user_id,book_id,rating,predict
6370,5853,3,2.5480966875123103
6370,8107,4,3.344125337022499
6370,8406,5,3.6408343104053236
