user_id,book_id,rating,predict
6503,2784,4,2.935339279592956
6503,2928,3,3.030469759816641
6503,3591,3,3.021276453720851
6503,3726,2,3.4584591012445944
6503,3896,2,2.855019890094817
6503,5418,3,3.2185628722938695
