user_id,book_id,rating,predict
656,4398,3,2.304499238556871
656,6157,5,2.9148082139101703
656,6274,4,4.269954574229884
656,7397,3,2.873152502372301
656,8195,3,1.5545478610333818
