user_id,book_id,rating,predict
6586,7176,5,3.2067938711396233
6586,7468,4,1.869218265226911
6586,8218,5,2.194953390488671
