user_id,book_id,rating,predict
6726,5882,4,5.0031097256496935
6726,6157,4,5.4550944204908225
6726,7249,4,4.021958833445114
