user_id,book_id,rating,predict
676,4153,3,3.4309654503889133
676,4640,4,5.135758340403187
676,6326,5,4.282099239291366
676,6364,4,3.731460571538119
676,8045,5,5.304195769840488
676,9021,2,1.7787700028332298
676,9243,3,5.144111844327297
