user_id,book_id,rating,predict
6856,279,3,3.3832568002682586
6856,385,4,3.431157109477007
6856,655,3,3.2204240273415774
6856,781,2,3.375574542998953
6856,858,4,3.924189919287861
6856,1293,3,3.8510370153553053
6856,1341,4,4.191189054685639
6856,1482,3,3.2428678528059596
6856,1558,3,4.18717482545745
6856,1610,2,3.5798923915036287
6856,1757,3,3.7483648670990677
6856,1786,4,3.232073515934732
6856,1791,3,3.113174472339962
6856,1808,4,4.256562959251033
6856,1867,4,3.2217831569605155
6856,2068,3,3.2746377079024995
6856,2118,4,3.9846898575654963
6856,2221,4,3.447424565532926
6856,2268,4,3.5506813819486123
6856,2288,4,3.6049893724935456
6856,2636,5,3.9242945976887205
6856,2642,3,3.615631601463138
6856,2742,3,3.054625463942029
6856,2799,3,3.6777208916116226
6856,2864,4,3.9825954670297845
6856,2897,4,3.6870560853242953
6856,3056,3,4.119631190123149
6856,3135,5,3.678378384153784
6856,3221,4,3.6192617438754895
6856,3228,3,4.13915181889355
6856,3249,4,3.852550726737411
6856,3568,4,3.3549804292175596
6856,3667,3,3.4112700660112356
6856,3692,4,4.037770812553532
