user_id,book_id,rating,predict
6930,3885,4,5.547276424442816
6930,5237,4,3.7710799646136537
6930,5851,3,3.8449844479088013
