user_id,book_id,rating,predict
7136,1604,5,4.09570084719387
7136,1608,5,4.487561631362665
7136,1852,4,4.41114994036824
7136,3796,4,4.124324036006656
7136,4126,4,4.215178528388033
7136,5108,5,3.935631786057088
7136,5169,4,3.9227999747725297
7136,5406,5,3.963660618543516
7136,5913,5,4.170886213972598
7136,6503,5,4.0155746240141
7136,8197,4,3.8902141229937865
