user_id,book_id,rating,predict
7140,3260,3,5.002713234318197
7140,4161,3,3.3914052335875224
7140,4174,4,3.40870631156752
7140,5102,3,3.067390681943873
7140,5922,3,3.8562331184818124
