user_id,book_id,rating,predict
7165,1106,3,3.2083539965143255
7165,1303,4,3.2149694384211633
7165,1624,3,3.4977694470546843
7165,1666,5,3.489229650148878
7165,1771,3,3.2721742614739036
7165,1887,4,3.546047543613276
7165,2052,4,3.7668875598474036
7165,2297,3,3.618520430883059
7165,2366,3,3.9106248195859803
7165,2544,4,3.5519117288753317
7165,2600,3,3.301262811685783
7165,2732,5,3.4199941040281727
7165,2763,4,4.190554553769979
7165,2809,3,3.3135723139045807
7165,2952,3,3.3246099104481086
7165,3002,3,3.022714489227598
7165,3088,3,3.3948220791356474
7165,3346,3,3.3675572407259566
7165,3400,3,3.2708449979067082
7165,8949,4,3.5803777615641215
7165,9472,4,3.3780139213747535
7165,9722,3,3.6499711554238403
