user_id,book_id,rating,predict
7275,6057,4,4.193615091703477
7275,7430,4,5.21204413864238
7275,8072,4,3.7559584603415916
7275,8412,4,3.6898862582773035
7275,9647,3,4.088377875820653
