user_id,book_id,rating,predict
7630,4478,4,0.11784417894961918
7630,5853,3,3.2820816304521894
7630,6040,4,1.657453084874247
