user_id,book_id,rating,predict
7705,5713,3,5.462865548955795
7705,7146,3,5.734314556931702
7705,7577,4,4.002223593107032
