user_id,book_id,rating,predict
7729,2829,3,2.710464864194989
7729,3418,4,3.877879782777188
7729,4808,4,3.530347813818463
7729,7221,3,3.681079367604725
7729,7439,5,4.757925748254998
7729,8283,5,4.626260652459321
