user_id,book_id,rating,predict
7753,8393,4,3.99998366630857
7753,9119,4,3.999158608376194
