user_id,book_id,rating,predict
7787,3181,5,3.4276597515033
7787,4723,3,5.487486500392995
7787,7257,5,5.382510836590846
