user_id,book_id,rating,predict
797,721,3,6.929667942676055
797,1740,2,5.844014295089419
797,4451,4,3.837552939112757
797,5241,3,4.697369992093273
797,8814,3,2.8389384579621826
797,9012,3,2.3018151007407464
797,9206,4,3.9133653459010755
797,9718,3,2.9718139815252353
