user_id,book_id,rating,predict
814,7778,3,-59.091370459134666
814,9024,5,5.271064111251439
814,9143,4,-1.877493550406867
814,9371,4,3.079819827205179
