user_id,book_id,rating,predict
8226,3571,5,3.348436786509745
8226,3839,3,3.232903879705968
8226,7786,4,4.142455311993524
8226,7983,5,4.450936993643467
8226,8398,2,3.2771049075541563
8226,8702,4,4.194616342459675
