user_id,book_id,rating,predict
8296,6090,4,3.0079682085100945
8296,6871,3,3.3331186971678726
8296,7841,3,2.7436059208861003
8296,7995,3,4.976314135482342
