user_id,book_id,rating,predict
8362,1156,5,3.9808643383575237
8362,1294,5,4.515205157984724
8362,1304,4,4.041551340077723
8362,1363,5,4.268386045755508
8362,1412,3,4.2933268240801885
8362,1429,3,4.093639378517666
8362,1450,5,4.544979548431184
8362,1479,4,4.177525277133734
8362,1496,5,4.389650983769755
8362,1602,5,4.63266039335822
8362,1665,2,4.061345140404598
8362,1690,3,4.040227964467461
8362,1727,4,3.750323422593361
8362,1880,4,4.028734556578834
8362,4995,3,4.154424511249559
8362,6598,3,3.6051613022512816
8362,6614,5,3.7274125923524233
8362,6653,5,3.964812400467045
8362,6681,3,3.973762067732098
8362,6776,5,3.9799004481202105
8362,7551,5,3.6402820728063916
8362,9211,4,3.7679450553346028
8362,9254,3,3.999941316011232
8362,9525,4,4.218517625178361
8362,9609,5,4.269951105751796
8362,9727,3,3.582970418113658
