user_id,book_id,rating,predict
8503,5078,1,1.961183528076983
8503,5812,5,2.020603770086668
8503,6723,3,1.9807866790509872
