user_id,book_id,rating,predict
8542,3102,4,2.9547547270952035
8542,4861,3,3.073140483102793
8542,9216,5,5.680546982478037
8542,9330,5,6.144502167295151
