user_id,book_id,rating,predict
8700,4323,4,5.475085382773451
8700,4649,5,5.6778893586289065
8700,6084,4,4.687782144738179
8700,6647,4,4.825070313774006
8700,7364,5,4.490089649797137
8700,7468,5,5.188506244989402
