user_id,book_id,rating,predict
8813,821,3,-2.7671153566442763
8813,1792,4,1.4081331656852634
8813,3122,3,2.3828242947214915
8813,3421,4,2.9488068960366034
8813,4606,4,3.7010268608282253
8813,9659,4,4.320158289940702
