user_id,book_id,rating,predict
8945,4482,4,4.6065716208850205
8945,6142,5,4.66963437258258
