user_id,book_id,rating,predict
8955,4958,5,0.3438571011973508
8955,6764,4,3.970057025131546
8955,6769,1,5.31765298237611
