user_id,book_id,rating,predict
9095,4297,3,2.998638705048159
9095,5575,3,3.803627147580361
9095,6769,4,4.458166558104458
9095,6857,3,3.1661456912889627
9095,6865,4,4.12042416616603
9095,7248,4,4.112100685106604
