user_id,book_id,rating,predict
910,6674,4,3.2048179621835917
910,6879,3,3.029163390851657
