user_id,book_id,rating,predict
911,6300,1,4.5076281483904985
911,7331,4,3.1492008361097232
911,8867,5,2.703066161764836
