user_id,book_id,rating,predict
9239,4210,3,2.6981436588544514
9239,6158,5,3.3279234329143312
9239,6248,2,1.4301566195194408
9239,6931,3,3.5912366882542788
9239,7267,3,1.5166066417890756
