user_id,book_id,rating,predict
9301,5943,3,1.7250699642550453
9301,7374,3,4.60401469510513
