user_id,book_id,rating,predict
9599,1239,4,2.3264179667034623
9599,1853,4,1.5200548204937836
9599,2235,3,3.4154818819843498
9599,3638,3,2.071722713904907
9599,4633,2,1.928938661101939
9599,5041,4,3.7882940365437294
9599,7145,4,3.8926475333839945
9599,7601,3,2.922964528474445
9599,7748,4,3.8557890775052144
9599,7838,3,4.689395814668607
9599,8175,3,3.840423518896356
9599,8243,3,4.02073963754986
9599,8593,1,2.705360779964288
9599,8876,3,3.3152839111770858
9599,8884,3,3.7827664951440507
9599,8973,4,3.9972135084965768
9599,9213,3,3.917361682068008
9599,9645,4,3.9280201492381464
