user_id,book_id,rating,predict
9653,4717,4,4.186555084363045
9653,5142,3,3.0021888794768246
9653,6764,3,3.7305318415471738
