user_id,book_id,rating,predict
9667,5325,3,4.005305644509956
9667,9183,4,4.054741236806656
