user_id,book_id,rating,predict
971,3310,4,3.0224404142467263
971,5280,3,4.000591797868312
971,5881,5,4.004729580322746
