user_id,book_id,rating,predict
9953,1125,4,3.69950466591525
9953,1793,4,1.7297376237767477
9953,1992,4,2.500457451325838
9953,2171,2,4.304103770664632
9953,2505,3,3.9418203027158563
9953,3760,3,2.7928387435033475
9953,4353,3,2.7375908155805515
9953,4364,5,2.587452327859383
9953,4756,3,2.698344337032486
9953,5318,1,2.264316031634751
9953,5423,2,2.438148025911799
