user_id,book_id,rating,predict
10122,2505,4,4.070759289116349
10122,2560,3,4.147355999306536
10122,3413,3,4.0471252331234595
10122,4748,3,4.073069513668042
10122,5005,2,3.996191454704971
10122,5008,3,3.3677011684165494
10122,5228,3,3.0597159028355874
10122,5610,3,3.7255082269567334
