user_id,book_id,rating,predict
10272,5405,5,4.5857427201725995
10272,6964,3,4.677048962759351
10272,7583,4,4.949365352060635
