user_id,book_id,rating,predict
10282,5851,4,3.966193871725635
10282,6458,3,5.319348425585188
10282,6799,5,4.18421043220807
10282,7273,4,4.346652142685274
10282,7545,3,4.198017047150941
10282,7754,2,4.058784517989817
