user_id,book_id,rating,predict
10332,7102,5,4.972521440795307
10332,7339,4,4.98726526300182
10332,7497,5,5.496379925779026
10332,8075,5,5.178091170017505
