user_id,book_id,rating,predict
10388,2263,5,4.599744901245721
10388,3222,5,2.472265079973095
10388,3331,5,5.0239334936166005
10388,4151,4,4.304654793505962
