user_id,book_id,rating,predict
10517,6414,5,4.58632170742457
10517,6782,5,4.585141757531421
10517,7181,5,5.00042377051509
