user_id,book_id,rating,predict
10676,3839,4,4.070660352582561
10676,5547,4,4.0580635583411375
10676,5749,4,4.161738131023204
10676,6048,4,3.1246196254630028
10676,6513,4,4.350837981483819
10676,6596,4,4.652380565546041
10676,7786,3,3.5689121949165172
