user_id,book_id,rating,predict
10807,4663,4,2.740530124871387
10807,6164,3,3.9274362192815664
10807,6385,3,3.2494264445370904
10807,6704,4,4.45636816137466
10807,6925,2,3.6497174519907833
10807,7421,4,3.839219014609868
