user_id,book_id,rating,predict
10803,5184,3,1.2379367943712658
10803,6137,4,3.3885806998767527
10803,6947,4,0.7535968806125899
10803,7305,4,0.7659279979706031
10803,7896,4,2.466552627778917
