user_id,book_id,rating,predict
10837,6676,3,3.842591244291535
10837,7034,4,4.260318777672424
10837,7108,3,4.111614498189004
