user_id,book_id,rating,predict
10851,3418,4,-2.7030672094044115
10851,6840,4,3.3974060428370008
10851,7147,4,-1.5745732407922945
