user_id,book_id,rating,predict
10883,2511,3,4.20272300220158
10883,3895,3,3.428561290767675
10883,4281,5,4.637624952155115
10883,5375,4,4.161518287893209
10883,5427,3,3.2839637117247964
10883,5572,4,4.264492180715424
10883,5677,3,3.7688289929379364
10883,5815,3,3.9217452544697315
10883,6020,4,3.6409066942544768
10883,7780,3,3.7003046674133344
10883,7940,3,3.7055841123576525
10883,8042,4,4.39681910002934
10883,8236,3,3.3466490242324776
10883,9007,4,4.06049888718184
10883,9148,3,4.2355846769071706
10883,9362,4,3.4241776943452575
10883,9464,4,4.136276089501096
