user_id,book_id,rating,predict
10915,1659,4,3.3698439427997524
10915,1686,5,4.260573433390863
10915,1693,5,4.37524227492165
10915,1880,4,4.103867559146791
10915,1931,4,4.1571240096697615
10915,2009,5,4.289820198953557
10915,2062,4,4.171583433608019
10915,2145,5,4.118003578083702
10915,2198,5,3.7019665026763837
10915,2239,5,3.899600810745817
10915,2243,3,4.625303945572375
10915,2306,3,4.325930537979259
10915,2382,5,4.295749419528541
10915,2416,4,3.8545786726253373
10915,2509,4,4.4330902829960825
10915,2654,3,3.8977376140053113
10915,2807,4,4.072344251464779
10915,2808,5,3.715214629884351
10915,2811,4,3.429326853971794
10915,4903,4,4.179866808912377
10915,6015,3,4.05208000689211
10915,6587,5,3.9163338931854037
10915,7933,4,3.6813442630342923
10915,9133,3,3.1096152846912486
10915,9480,3,3.305179446572862
