user_id,book_id,rating,predict
10959,3839,4,3.6326847067588597
10959,4281,5,3.6563620488900295
10959,5000,5,3.7082667116003405
10959,5547,4,3.69057010117003
10959,5611,4,3.7234788903465326
10959,5749,3,3.6893060697154874
10959,5892,4,4.377482604255903
10959,6193,4,3.7076047864172046
10959,6513,3,4.3868887533666365
