user_id,book_id,rating,predict
11031,128,4,18.618648818383964
11031,382,5,3.4383300355819095
11031,677,5,4.071507583062326
11031,690,2,6.716255514725435
11031,878,4,6.67103227530928
11031,973,4,2.5616271913162794
11031,1060,5,3.6345078279925205
11031,1087,5,3.12011983257188
11031,1250,1,3.3742163091673536
11031,1265,5,4.9047102862901015
11031,1378,5,3.566056276550708
11031,1557,4,3.5945811773236054
11031,6712,3,3.7570526530357884
11031,6895,4,3.669972969021143
11031,8947,5,3.33089692000374
