user_id,book_id,rating,predict
11176,2723,5,3.6723519293322147
11176,4674,4,4.368707621981897
11176,6646,5,3.778397823060261
11176,7221,4,4.179177794195088
11176,7265,3,4.026289942415934
11176,7919,5,3.725056776100264
11176,8563,4,4.417490282560582
11176,9427,3,3.984747572659614
