user_id,book_id,rating,predict
11342,1998,4,4.404131506037055
11342,2473,5,4.4114107241939635
11342,2681,5,4.455135724834379
11342,3582,5,4.5268034883967
11342,3591,4,4.498605346818608
11342,3890,4,4.6911837314596605
11342,4558,4,4.848594976962401
11342,5682,4,4.9436124710188025
11342,6524,5,5.652226135783673
11342,6708,5,4.302686325553899
11342,6978,4,5.387502148674306
11342,7117,5,4.988106136551936
11342,7611,4,4.541001857133688
11342,7753,5,5.056216384640726
11342,7878,5,4.6177022841547375
