user_id,book_id,rating,predict
11573,6159,4,3.608078838072375
11573,6694,4,4.219431211893036
11573,7432,5,3.9873319060182917
11573,7703,3,4.366226096141317
11573,7761,5,3.8608145094956843
