user_id,book_id,rating,predict
11605,892,4,3.4249689022833065
11605,1006,4,2.9241064960001175
11605,1087,5,3.518824010709653
11605,1358,4,2.995320301071829
11605,1408,5,3.0717614351347464
11605,1424,4,3.4414331490283425
11605,1428,3,2.7522410114690254
11605,1543,3,3.7831600981964097
11605,1616,4,3.2698168050510943
11605,1617,4,3.0159391770372825
11605,1831,4,3.4174183441784374
11605,1838,4,3.1314648700911816
11605,1870,4,3.3407423395364013
11605,1876,4,3.213157831488045
11605,2016,4,3.08625853815907
11605,2019,3,3.1808881670508105
11605,2057,4,3.6006739223480286
11605,2059,4,3.0963553279699694
11605,2121,4,3.492888362311685
11605,2135,4,3.376524069461374
11605,2166,3,2.99600731432971
11605,2173,4,3.7409492126925366
11605,2180,3,3.4133190727000455
11605,2200,3,2.696144387049745
11605,2212,4,3.5720480808779653
11605,2245,3,3.3517302142468006
11605,2249,3,3.4604766547758454
11605,2383,4,3.4380370749956306
11605,2384,3,3.325663948756945
11605,2391,3,3.0603126033837498
11605,2393,3,3.462768803867937
11605,2427,3,2.899576703993446
11605,2429,3,3.2465563731212486
