user_id,book_id,rating,predict
11734,5380,4,2.977094707509392
11734,5708,3,2.7325090837688997
11734,6608,3,3.38698240840909
