user_id,book_id,rating,predict
11754,4153,5,5.0914324630408725
11754,6134,5,4.842631522939367
11754,7418,5,4.938469069789985
11754,7541,5,5.140049767448198
11754,7961,5,5.110323049620519
11754,7969,5,5.109258323478818
