user_id,book_id,rating,predict
11846,6673,5,4.076734452136529
11846,6926,5,3.0862496570985796
11846,8612,5,3.9209861783620914
