user_id,book_id,rating,predict
11941,128,5,14.376056024010929
11941,878,5,5.299654961183847
11941,897,5,5.063812886959834
11941,1494,4,5.421875441696392
11941,1555,2,4.070370965865374
11941,1620,5,5.006145292024396
11941,1659,4,4.958679599179881
11941,1829,4,4.058269508453541
11941,1881,4,4.764609381588407
11941,2023,5,4.589288379938503
11941,2158,5,4.954181287264614
11941,2228,4,4.6233217650451115
11941,2339,5,4.5810951261134605
11941,5211,4,4.501252451603266
11941,5592,5,4.679916476904089
11941,7579,5,4.8210176186367555
11941,8009,4,4.39495324479346
11941,8998,5,4.599356857428871
11941,9313,5,4.352225175858821
11941,9921,5,4.4544261564375915
