user_id,book_id,rating,predict
12007,4511,4,3.8661928048059266
12007,5428,5,3.296188378839791
12007,8135,4,3.063830679415236
12007,9029,4,3.111957686853035
12007,9541,4,2.395788039632797
12007,9560,5,3.302837290457785
12007,9581,5,2.964485500848558
12007,9999,3,2.1536131134199326
