user_id,book_id,rating,predict
12033,3895,2,3.7047130909196593
12033,4415,5,3.8826220676750856
12033,5613,4,3.3138747269473363
12033,5697,2,4.659932695645399
12033,5815,3,1.729714446470561
12033,5981,5,3.470855601245753
12033,6387,2,5.443553871892085
12033,6756,3,5.6061950897557615
