user_id,book_id,rating,predict
12265,2872,5,4.437893380126767
12265,3847,4,4.319947565616292
12265,4133,4,4.569926776045703
12265,4346,5,4.406745588301785
12265,4625,4,4.059482319206384
12265,6810,5,4.6046318127711405
12265,7040,5,3.6147875763939683
12265,7382,4,4.181509595011855
12265,7566,4,3.7499954298203684
12265,7856,5,4.826687695809125
12265,8304,3,4.238328959561336
12265,8938,5,4.0230220654346285
