user_id,book_id,rating,predict
123,3931,5,4.810256889417932
123,6414,4,7.0505680045078964
