user_id,book_id,rating,predict
12492,6274,5,4.5436508040109
12492,6587,3,3.886102543868522
12492,6704,5,4.736980778697866
12492,8121,4,3.4108508549035648
12492,8414,4,5.568591763009807
12492,8547,1,4.35119691252709
12492,8867,5,5.596155182176982
12492,8914,4,3.8019295232707666
12492,9025,5,3.347486531752078
