user_id,book_id,rating,predict
12558,7018,3,0.7885831807042312
12558,8177,3,3.2666542846847175
