user_id,book_id,rating,predict
12559,7248,5,1.652133127690904
12559,7378,4,2.16818773905072
