user_id,book_id,rating,predict
12564,1111,2,5.2901998329435775
12564,1841,2,4.431866476435598
12564,2282,2,3.5600716039274496
12564,2568,4,3.6504528371757585
12564,2773,4,4.396793705141792
12564,3098,4,4.333171641350551
12564,3112,3,4.195653830707442
12564,3162,4,4.105291548127151
12564,3163,4,3.1756684180815427
12564,9348,4,3.8651069039233263
