user_id,book_id,rating,predict
12700,2308,4,2.7034113130824275
12700,3152,5,4.650437250619525
12700,6487,3,3.9112684889221767
