user_id,book_id,rating,predict
12718,5469,5,3.6139516608367654
12718,7667,3,4.173431176255466
12718,7960,4,4.148735920846153
12718,8592,4,4.5267674601499746
12718,8806,5,4.677171720912549
12718,8832,5,4.591794746219987
12718,9021,3,2.911334055029566
