user_id,book_id,rating,predict
12829,4902,3,1.565393978006246
12829,5714,2,2.8599628144930676
12829,6202,3,3.4013210562164526
