user_id,book_id,rating,predict
12851,909,4,1.135714696436368
12851,1059,3,3.3172337596983406
12851,1243,5,3.8348245128529808
12851,1359,4,2.4639902291518285
12851,1399,5,1.294907080961341
12851,1504,5,1.5462240091642152
12851,1531,5,4.894072907452967
12851,1604,1,3.0337421063336745
12851,3796,1,4.2161665823695325
