user_id,book_id,rating,predict
12936,2784,4,1.0347253450599134
12936,4043,4,3.285373369749135
12936,5701,4,3.7136867294067004
12936,5708,5,1.4760445834892562
