user_id,book_id,rating,predict
13159,6138,4,3.0517549725503628
13159,6956,2,3.450783716511862
13159,7020,4,4.032424036781003
13159,7502,4,3.70832275543856
13159,8753,4,3.7314466659643553
13159,9075,4,4.524377430021756
13159,9270,2,3.57801928499204
