user_id,book_id,rating,predict
13227,6776,4,5.867346930070655
13227,7541,5,5.706955703740795
13227,8482,5,5.714025947019952
