user_id,book_id,rating,predict
13249,448,2,7.984003198489997
13249,1303,4,2.8436459002085255
13249,1330,3,2.44655299639258
13249,1338,2,9.355581827223958
13249,1755,2,2.4132463861983844
13249,2004,2,2.2604943739585237
13249,2236,3,5.469732962459293
13249,3674,4,3.274921891865775
13249,4154,2,5.851226179418558
13249,4702,5,3.3120238577402885
13249,5075,2,1.8376587279694265
13249,5670,4,3.0452038158168824
13249,5919,3,4.277670277542053
13249,9119,4,3.1955525833989773
13249,9280,3,2.518930560295001
13249,9357,4,1.7626332799183395
13249,9472,5,2.298709904494683
