user_id,book_id,rating,predict
13280,1297,3,3.5388986808481153
13280,2388,4,2.9686014138465047
13280,4024,4,3.6378346669223482
13280,4421,4,3.0979679640357225
13280,5460,3,3.564214716521609
13280,5865,4,3.5762488698649237
13280,6947,3,3.9312576786502227
13280,7259,4,3.524193036666568
13280,8212,3,3.287083075417754
13280,8638,5,2.7312340631087624
13280,8688,3,2.5985809206126205
13280,8805,3,2.547464146982592
