user_id,book_id,rating,predict
13358,3637,5,3.1982373247256644
13358,3842,5,3.843290017413703
13358,5542,5,4.087076832180533
