user_id,book_id,rating,predict
13458,4004,5,5.2840744078587125
13458,5104,4,2.1758457428687055
13458,8449,4,3.130953111554159
13458,8867,4,5.769225287189823
13458,9946,3,4.334068005889695
