user_id,book_id,rating,predict
13580,647,4,3.2767001760079784
13580,764,4,3.65071323991962
13580,958,5,4.223896648210631
13580,1072,4,3.4498656943071326
13580,1481,1,0.7178716615814249
13580,1762,2,3.009576799014566
13580,1792,5,3.835334873573742
13580,1843,4,2.5231175036528892
13580,1879,5,2.8210333238417
13580,1921,4,3.457602056029208
13580,1939,4,3.513101657453357
13580,1984,4,3.3292699669129195
13580,2127,3,3.501679712984115
13580,2508,2,3.743017671893461
13580,2510,1,3.5070788043708636
13580,2534,4,3.4774523319990025
13580,2589,5,3.165131001014182
13580,2679,2,2.9933542119585517
13580,2704,4,3.7736408481055754
13580,2708,4,3.2853844855852836
13580,2710,5,3.5916232477026813
13580,2820,2,3.003105075519796
13580,2939,4,3.177193453275852
13580,2976,5,3.187464800812921
13580,3216,5,3.294261754146075
13580,3237,5,3.3932361328086253
13580,3354,4,3.567252742136784
13580,3468,3,3.0589090350497647
13580,3504,5,3.207704577459707
13580,3511,1,4.591976428909089
13580,3613,3,3.1784531038479535
13580,3634,4,3.179887884685948
13580,3676,4,2.8720614364037447
13580,3729,5,3.1007816492959113
13580,3791,5,3.309310452787821
13580,3871,3,4.477771065347026
13580,4337,2,4.59511738778024
13580,4392,2,3.028769605777533
13580,4431,4,3.3896397267196243
13580,4455,5,3.10690985605567
13580,4473,1,3.0049216367134
