user_id,book_id,rating,predict
13694,1115,4,3.000874997741419
13694,1351,4,4.634795935488053
13694,1535,4,4.483901959725125
13694,1986,5,3.2028593287952587
13694,2009,4,4.317737857564346
13694,2261,5,4.67473436140506
13694,2282,4,3.953636103667465
13694,2381,5,3.2457420137447723
13694,2568,4,4.333786580964775
13694,2607,4,2.7678880159215975
13694,2687,4,3.8757496915296903
13694,8505,4,2.441595446507344
13694,8777,3,2.722052493907516
13694,8972,4,3.8974569770736056
