user_id,book_id,rating,predict
1375,4766,3,4.3955907498101165
1375,6093,2,1.9606448308205997
1375,8021,4,5.128726365005911
