user_id,book_id,rating,predict
13967,4055,4,4.175972770751145
13967,6827,4,3.6510119862590185
13967,7273,2,3.7225176547540326
