user_id,book_id,rating,predict
14304,3493,3,4.484943649356082
14304,7508,4,2.214796765082779
