user_id,book_id,rating,predict
1435,434,4,2.2535042592941004
1435,583,3,3.0782244211186742
1435,1111,4,-2.143460379155729
1435,1791,4,2.363561796557752
1435,1968,1,3.829035183437999
1435,2054,3,3.978722879834992
1435,5815,3,3.1273836177576273
1435,6808,3,3.5129867271321915
1435,8780,4,3.2775350358732336
