user_id,book_id,rating,predict
144,6241,5,5.032301739987843
144,6265,3,4.617411123679188
