user_id,book_id,rating,predict
14445,4762,4,5.343283350207585
14445,7469,3,4.716791409359806
14445,7511,5,4.047585798365139
