user_id,book_id,rating,predict
14512,4558,4,3.1970500574739997
14512,5441,2,4.054776552244268
14512,5480,4,3.8018149437924755
14512,7460,3,3.3650888250577857
