user_id,book_id,rating,predict
1454,4711,5,3.3750669661031596
1454,5983,4,2.3259480030251645
