user_id,book_id,rating,predict
14895,6072,3,2.9823788881241127
14895,7259,5,2.98288230964126
