user_id,book_id,rating,predict
15106,1761,5,5.4543839996877095
15106,3502,4,4.489960261160844
15106,4189,5,5.74704280943885
15106,4344,5,6.570998352605153
15106,4704,4,5.02874407958883
