user_id,book_id,rating,predict
15352,4804,3,2.1990406691455435
15352,5631,4,2.4532171875798747
