user_id,book_id,rating,predict
15400,6215,3,6.1732666042457405
15400,7529,5,3.2407863318039327
