user_id,book_id,rating,predict
15495,3950,2,2.9303480819067103
15495,4911,3,6.165700325196297
15495,5696,3,2.6017561737709247
15495,6090,4,4.284213767252304
15495,7751,3,3.2831109218995964
15495,8566,2,4.75434087089319
15495,9065,4,4.232171721236849
