user_id,book_id,rating,predict
16228,5987,2,7.174857323316634
16228,7898,4,1.4260966207359242
16228,9782,4,5.2324853694864855
