user_id,book_id,rating,predict
1644,4493,2,1.479959618715999
1644,5019,4,3.085733726035664
1644,5226,4,2.8224408025243752
1644,5869,3,2.8462344010901317
1644,6084,4,3.825193922462457
1644,6746,4,3.4091100990751544
