user_id,book_id,rating,predict
16615,5605,4,2.4069378676156536
16615,7594,3,2.7801245947980724
