user_id,book_id,rating,predict
16753,5965,4,4.046730874952371
16753,6931,4,3.0646118084938085
16753,7023,3,3.7761364141787688
16753,7292,4,1.1477233674324276
