user_id,book_id,rating,predict
16788,3587,4,3.1448774673139273
16788,4850,3,4.1359146542157985
16788,5334,3,3.0810228338224985
