user_id,book_id,rating,predict
16835,4966,4,2.35135697050477
16835,5784,4,3.584162077687223
16835,6298,5,0.06480319736648799
