user_id,book_id,rating,predict
16886,756,3,1.1202275822917263
16886,1437,2,3.0816108382536536
16886,2310,4,3.214653991158337
16886,4295,3,3.1830165624435676
16886,5441,2,2.3658032168158343
16886,5485,3,2.821954640781128
16886,5656,3,3.148388900971989
16886,6260,4,3.155821822252112
16886,6872,4,2.9722779977967972
16886,7265,3,2.914893753199015
16886,7582,4,2.9923778404986243
16886,7676,3,2.979294170633308
16886,7758,3,2.969233024322863
16886,7843,2,3.014517926019626
16886,8102,3,2.8808400472073066
16886,8231,1,2.631057051308579
16886,8649,3,2.9585996459112467
16886,8781,2,2.6605873332218195
16886,8822,4,2.8777739598696916
16886,9427,2,2.987251215230194
16886,9488,3,2.854092339302893
16886,9528,4,2.850089596674645
16886,9638,3,2.954220869970752
16886,9731,2,2.5471747681067565
16886,9964,4,2.9483081754164
