user_id,book_id,rating,predict
16939,6431,4,4.643492847684065
16939,8222,4,3.732007109533924
16939,8291,4,4.14123427899812
