user_id,book_id,rating,predict
17030,2872,4,4.259979355056281
17030,3186,4,3.6417714267602395
17030,4168,2,2.9268676885228744
17030,4747,3,3.060797015098375
17030,5868,4,2.476577881080378
17030,7108,4,2.9167012667657275
17030,7482,4,3.043718216865869
17030,8300,3,3.1658630857198067
17030,8885,4,3.0450803944649754
17030,8971,3,3.4784226575679837
17030,9020,3,3.1105222887951816
17030,9177,4,2.946467441009967
17030,9224,3,3.428547830198633
