user_id,book_id,rating,predict
17041,5336,3,2.998684387793643
17041,7948,4,3.138961479634847
