user_id,book_id,rating,predict
17086,1104,3,0.3246429732290692
17086,2082,3,-11.118137745007804
17086,2119,5,3.7408475683044737
17086,3636,5,4.323249269705676
17086,4161,2,3.8555673467163984
17086,5671,5,4.363131737924551
17086,6218,5,4.582724648139899
17086,7793,5,4.34502744416984
17086,9331,5,4.265780328618375
17086,9450,5,4.4163024092709
17086,9586,5,4.705341101968177
17086,9643,5,4.241780535153937
17086,9850,3,4.860497424502067
