user_id,book_id,rating,predict
17114,5043,2,3.445527815420003
17114,5164,2,3.47981856617427
17114,5605,4,3.631174726084484
17114,5954,3,3.7995415052108963
17114,5992,2,3.0801891531766348
