user_id,book_id,rating,predict
17617,659,4,0.8228759608002743
17617,1055,5,2.1001612713932305
17617,1191,4,3.3978673404943502
17617,1378,5,3.229470135334547
17617,1591,5,4.085788556661933
17617,1689,3,4.324554396156426
17617,1914,4,5.036170547239832
17617,2027,4,3.5383257860989796
17617,6935,5,4.545266666789549
17617,7008,4,4.490580472832983
17617,8479,5,5.371021487510808
17617,9389,4,5.109330036107446
