user_id,book_id,rating,predict
17690,2689,3,4.4981367068476485
17690,2740,4,4.046408790958067
17690,3034,2,2.212457981560549
17690,3175,2,2.7645469242126532
17690,3348,5,5.635786573579484
17690,3374,1,3.106826719477905
17690,3375,4,2.8117632179533953
17690,3475,3,4.809301275496343
17690,3568,4,4.754522661010968
17690,3780,3,2.076145397692046
17690,3803,2,2.9335371760381985
17690,6829,1,3.6113706819341407
17690,8068,3,3.1299086304771064
17690,9516,5,4.211181983262131
17690,9890,3,3.2065192339837223
