user_id,book_id,rating,predict
17693,6372,3,1.715619914701099
17693,6899,2,2.4755405789248384
17693,6947,4,5.4435475268871265
17693,7167,4,4.436639275991204
17693,7246,5,2.3597793286746844
