user_id,book_id,rating,predict
17724,6149,4,3.184741555787795
17724,6328,4,2.5343764682114753
17724,7087,4,2.4253726156943407
17724,9163,4,2.0249390284212323
