user_id,book_id,rating,predict
17946,2548,5,3.5156674162513015
17946,3409,2,2.5853756744282546
17946,5373,2,1.9007612235324518
17946,5465,2,3.8248173779608816
