user_id,book_id,rating,predict
18195,1146,4,4.533918967978688
18195,1370,3,4.442080418574336
18195,1422,3,3.7600365646324616
18195,4054,5,2.0132750634469048
18195,5208,1,1.3449248297371579
18195,5787,3,2.447189383679609
18195,7720,2,3.4901462910211127
18195,7878,3,3.2839365222549333
