user_id,book_id,rating,predict
18235,1461,3,3.061131009872248
18235,1761,5,3.2584128859085353
18235,1809,3,2.8603283483147828
18235,1884,3,3.0669219791535847
18235,2021,3,3.850059867548697
18235,5344,5,2.080374819327047
18235,7279,3,2.5620750147605555
18235,8581,2,2.995565957970894
18235,8802,5,2.801791723875052
