user_id,book_id,rating,predict
18318,6769,3,4.864416053116724
18318,7129,4,4.963360100739258
18318,8627,4,4.849493114021636
