user_id,book_id,rating,predict
18359,5108,4,4.062564363707182
18359,5808,4,4.018027119123381
