user_id,book_id,rating,predict
18394,3674,3,3.763037270021573
18394,4252,2,3.8274087894695015
18394,4785,4,3.0340216576889714
18394,4796,5,3.8979214859754734
18394,4850,4,3.279859680138121
18394,4894,4,3.174816984665152
18394,5208,4,3.4622139410259223
18394,5212,5,3.6058733076953393
18394,5387,5,3.7803279154845204
18394,5413,5,3.6065888517258626
18394,5637,4,4.498542434053523
