user_id,book_id,rating,predict
18418,3057,3,2.4149782760307468
18418,6609,4,2.750142850067864
18418,8901,4,2.4394890699294773
18418,9887,4,5.304604200561823
