user_id,book_id,rating,predict
18421,4059,2,4.606277629728392
18421,4620,3,2.7372989926604103
18421,4699,4,4.57273661568363
