user_id,book_id,rating,predict
18605,5124,3,3.7363392827994883
18605,7240,4,4.25649370772826
18605,7455,3,4.178013714993688
18605,7508,3,3.376337387127869
18605,8122,3,2.998121570695613
18605,8449,3,2.1764661974453237
