user_id,book_id,rating,predict
18649,7619,3,4.389284320171399
18649,8803,3,4.076126041827629
