user_id,book_id,rating,predict
18771,4721,5,2.831712845766585
18771,5140,4,2.357265334490779
18771,7659,3,3.8470367102833336
