user_id,book_id,rating,predict
18849,5174,5,3.9888961263117686
18849,6269,3,2.948096832765202
18849,6292,4,2.806025733788857
18849,6689,3,3.83129973269725
18849,7064,3,3.740496988575094
18849,7536,3,3.8610186002253184
18849,7625,4,4.289956750309868
18849,7718,3,3.470000330458628
18849,7932,5,3.9224916535487866
18849,8267,4,4.258633313853686
18849,8408,4,4.366927794899215
18849,8584,3,3.491013481171734
