user_id,book_id,rating,predict
18861,3891,2,1.323590890092107
18861,5023,3,4.082887451375084
18861,5391,3,1.8104387372678352
