user_id,book_id,rating,predict
18906,3815,4,4.1041050339779215
18906,4606,4,4.413710553332876
18906,5126,4,4.391306405477486
18906,5318,4,3.5012994184274646
18906,6604,3,3.962502653376686
