user_id,book_id,rating,predict
18981,5131,4,4.874412457175623
18981,5720,5,4.687321055145015
18981,6803,5,4.040825664579736
18981,6900,4,4.578910720355908
18981,6974,5,4.489466449158503
18981,7415,5,4.3800594643507536
