user_id,book_id,rating,predict
1899,2902,3,1.5046168193059346
1899,4353,1,3.0297422369141804
1899,5423,1,0.5285017017734255
1899,5493,3,10.15310918908204
