user_id,book_id,rating,predict
19239,1504,5,5.094348861252747
19239,1613,4,4.733800306565881
19239,1621,4,5.197708276235404
19239,1725,5,6.164683098722557
19239,2164,4,4.819103653019952
19239,2187,3,4.799151726839497
19239,2416,4,4.564223937140563
19239,2654,4,4.672676827065258
19239,5237,4,4.094940779330412
19239,6257,5,4.053289193283321
19239,6857,4,4.094833937702997
19239,7402,5,3.974568161317622
19239,9053,4,4.303886769884967
19239,9282,4,3.9819053771251482
19239,9458,4,4.281425912967329
19239,9480,3,3.8327649652447997
19239,9718,3,3.455033239855633
