user_id,book_id,rating,predict
19336,7327,3,3.9728578001712265
19336,7701,3,3.606101907464613
