user_id,book_id,rating,predict
1935,3638,3,3.4501114382088613
1935,3726,3,2.830186475171512
1935,4850,5,2.619028437663076
1935,5180,1,2.5918867153769316
1935,5449,5,3.13121829513803
1935,5551,2,2.619612851758959
1935,6617,5,2.401756723545139
1935,8175,4,2.58722481298022
1935,8295,2,2.34662188963671
1935,8731,3,2.6041470161420226
1935,9391,4,2.598881600697694
