user_id,book_id,rating,predict
19437,4199,3,3.6893643722291793
19437,4449,3,3.327505051502996
19437,5132,3,3.949647813754911
19437,5441,1,2.8061649960000836
19437,5791,5,4.332168841846926
