user_id,book_id,rating,predict
19739,4991,5,3.0431653843521964
19739,6570,3,3.0640419487363615
