user_id,book_id,rating,predict
19759,2638,5,5.403058906982839
19759,3694,5,4.756406346246472
19759,4936,4,3.7478064976217103
19759,4945,5,4.63920102764293
19759,5285,5,3.7021652112365824
19759,5643,5,4.171348874973226
