user_id,book_id,rating,predict
19840,787,4,6.293364706182145
19840,790,4,5.898867328857987
19840,797,3,5.121560586467275
19840,1040,4,5.888649116992102
19840,1392,4,4.003067080448794
19840,1620,5,4.349587481878431
19840,2946,4,4.261019040434458
19840,3104,4,4.239615020032155
19840,3598,3,3.2919928880021425
19840,3733,5,4.889748402870513
19840,4850,5,4.982138178451032
19840,5008,4,4.344292418890534
19840,5670,5,4.399265497595577
19840,8411,2,3.1218812258105073
19840,9554,4,2.918870383466885
