user_id,book_id,rating,predict
19844,1372,4,5.253099166785199
19844,1647,5,4.573006917732959
19844,2588,2,4.488724576651119
