user_id,book_id,rating,predict
19907,4151,5,3.0516041883289966
19907,6312,2,3.041628490101366
