user_id,book_id,rating,predict
20414,881,4,3.924256757498483
20414,974,4,3.6231552588969773
20414,1148,3,4.386558267140755
20414,1156,4,3.437849277103439
20414,1168,5,4.053921226294888
20414,1298,4,3.942393922288291
20414,1303,3,3.7466315950495344
20414,1384,4,4.321311855484943
20414,1397,4,3.672794836545965
20414,1399,4,4.320574719422178
20414,1504,4,4.440801517164197
20414,1554,4,4.59390532732039
20414,1677,2,2.3428293167159207
20414,2193,4,1.511098716756175
20414,2257,5,4.212247954167692
20414,2400,4,4.172806621174155
20414,2763,3,3.623764649660009
20414,2859,4,3.721407226110958
20414,2924,4,2.8241370108931907
20414,2952,4,3.3719529667146855
20414,3523,4,4.461309072904215
20414,3543,3,3.1265770335829774
20414,3597,5,3.131205158497337
20414,3716,4,4.165714657429414
20414,3750,5,3.6593363164591683
20414,4244,4,3.386082008429289
20414,4276,4,4.788667815420925
20414,4379,3,4.383904434757997
20414,4703,5,4.250078398063656
20414,5004,3,4.2625442688332384
20414,5026,4,3.979096916991612
20414,5144,3,2.9740385808271332
20414,5293,5,4.094375758411022
20414,5369,4,4.454051975513119
20414,5564,4,4.203510856277564
20414,5802,4,3.90291334149103
20414,6438,5,4.299103126140458
