user_id,book_id,rating,predict
20654,8263,4,2.9372123691229035
20654,9221,4,4.12673110239178
