user_id,book_id,rating,predict
2075,4516,4,0.45291433204794274
2075,5484,3,1.2359019320138982
2075,6852,5,2.53966216686836
