user_id,book_id,rating,predict
20786,2001,5,4.36707548542509
20786,2638,3,3.4854628323189294
20786,3591,4,3.7678308865478103
20786,4721,5,4.242668324280296
20786,4747,5,3.7654711168343122
20786,6293,4,4.024592735317513
20786,6631,4,3.7109581019459252
20786,7388,3,3.773910101751274
20786,7508,4,4.022287388534075
20786,7542,5,4.068990995514836
20786,7582,4,4.100008433511356
