user_id,book_id,rating,predict
20905,4894,4,4.860804674051208
20905,4968,5,4.106013600714316
