user_id,book_id,rating,predict
2097,2625,5,2.828715371935991
2097,3132,3,3.426543360218627
2097,5455,4,3.596330159436063
2097,7468,5,3.823255624868519
2097,8995,2,3.620021822512914
2097,9270,3,4.106826284726206
2097,9352,2,4.942669080144562
2097,9702,5,3.9166053305028266
2097,9861,5,3.706740589447919
