user_id,book_id,rating,predict
21025,4450,4,4.748057180838321
21025,4975,5,4.284205646434206
21025,5998,4,5.7167008175842415
21025,7303,4,4.244231563422952
