user_id,book_id,rating,predict
21056,6565,2,3.3638369907415653
21056,7108,5,3.590308784067467
21056,8282,5,3.8991605077959446
21056,8335,3,2.630100529657382
21056,8340,2,4.37207718858191
