user_id,book_id,rating,predict
21055,6140,5,3.973819686472175
21055,6363,5,3.944715493977096
21055,6660,4,3.82237677236569
21055,6672,4,4.298369029858838
21055,6821,4,4.159666819863631
21055,6831,4,3.778362496975455
21055,7175,4,3.4056042015050565
21055,7207,4,4.5955006715812985
21055,7456,4,4.133169311700728
21055,7902,4,3.630396357884804
21055,8146,4,4.544423145980059
21055,8299,5,3.597819979681632
