user_id,book_id,rating,predict
21119,5428,3,3.464402871038411
21119,6598,3,3.1273241332722144
21119,6776,3,3.0528349769755385
21119,6929,4,3.8042408460183013
21119,7237,5,3.998917094928656
21119,7604,3,3.928469047785911
