user_id,book_id,rating,predict
21123,3915,4,3.8995292453140884
21123,4687,3,3.4770244025752355
21123,5229,3,2.847899569111582
21123,5356,4,3.758605159493148
21123,5381,3,3.2690835676897563
21123,8482,4,3.664021392734235
21123,9577,3,3.4138157190624008
21123,9911,3,3.7895239324522154
