user_id,book_id,rating,predict
21125,334,4,2.8042645304878038
21125,539,4,3.8972390430175237
21125,676,4,2.9331754208008345
21125,843,4,1.7309611053797989
21125,921,4,3.975251182862857
21125,1197,4,3.7334986513151285
21125,1268,5,3.4357857696931173
21125,1345,4,3.3406140398225967
21125,1406,3,4.273797453135899
21125,1560,3,2.4231941407528814
21125,1562,4,4.215824618841273
21125,1568,4,5.174694310827857
21125,1636,5,5.013415455174795
21125,1653,5,5.0763286294707415
21125,1889,5,4.738357905931063
21125,1891,5,4.912831855155538
21125,1901,5,4.811265949337827
21125,4403,5,4.215923349095149
21125,4957,4,4.212737131101173
21125,5098,5,4.966003057955447
21125,5124,4,4.643375350805861
21125,5174,4,4.3267863816524255
21125,5485,4,4.092832202017947
21125,9488,4,4.927372585690821
21125,9747,5,5.014266594358691
