user_id,book_id,rating,predict
21198,3708,4,3.632598889492633
21198,5808,4,2.0632330769087517
21198,7591,4,1.8983519790726762
21198,8305,3,2.122919450272981
21198,8474,4,2.8805337136843865
21198,8791,2,2.3656022039291993
