user_id,book_id,rating,predict
21324,2414,3,3.6745238190902745
21324,3235,4,3.9191953187248303
