user_id,book_id,rating,predict
21430,3112,5,3.7678838176380056
21430,3119,5,3.8056559981905482
21430,3517,4,3.481084320525793
21430,3622,4,3.657423910064384
21430,6134,4,4.242518391480035
21430,7352,5,5.166105527244713
21430,7371,5,4.823661385065911
