user_id,book_id,rating,predict
21443,4693,5,4.212386782938083
21443,4737,1,3.6433060569146725
21443,4738,4,4.85842061973616
21443,4910,4,4.224794358461663
21443,5375,4,3.487129639610573
21443,5594,4,4.6657229570122505
21443,5677,4,4.818613810826509
21443,6020,5,4.998354397070814
21443,6162,5,3.8463311746525504
21443,6476,4,3.8767660768080896
