user_id,book_id,rating,predict
21655,1473,5,5.957027175477183
21655,1483,5,6.994900483149179
21655,1803,3,3.686599466516696
21655,1818,5,6.2949017862706835
21655,1840,5,5.447533459551379
21655,1932,5,6.193859704936235
21655,2182,4,4.909092273623053
21655,2237,5,5.67580757457623
21655,5264,4,4.105233023598054
21655,6363,4,4.361616145433556
21655,6658,3,4.302155764837321
21655,7854,4,3.681013601615289
21655,8482,5,4.347447271229727
21655,8619,5,3.973741718240864
21655,9656,5,3.5843234470307754
21655,9811,3,3.7821815408164596
21655,9817,5,3.930614893814173
