user_id,book_id,rating,predict
21697,796,3,3.7117688805437026
21697,812,4,3.7133819127601755
21697,861,3,3.672746623365449
21697,904,3,3.219181444120501
21697,938,4,3.84536687804649
21697,942,3,3.4116357955549623
21697,962,4,3.727538756695155
21697,965,4,3.064137480087188
21697,1036,4,3.7370525585897703
21697,1110,4,3.374095815365591
21697,1122,5,3.686752203882341
21697,1130,4,3.643944489228177
21697,1134,3,3.6265103614267438
21697,2457,3,3.3977702046901284
21697,4123,3,2.827906001483003
21697,5854,3,2.872757972619222
21697,6004,3,2.943184228614389
21697,6339,3,2.584834451506809
21697,7674,3,3.2490497416107162
21697,8436,3,3.2220022910471364
21697,8509,3,3.4803532485213453
21697,9224,3,2.7079055942653114
