user_id,book_id,rating,predict
21839,4770,5,3.614863306478226
21839,5852,5,4.58891615057123
21839,6033,5,3.5732012695545072
21839,6827,3,3.7586801775858127
21839,7438,5,3.679282792726359
21839,7640,4,4.12839379011203
21839,8019,3,3.949743717353758
