user_id,book_id,rating,predict
21935,524,4,-7.304965505250797
21935,6935,3,2.9228993772738314
21935,7919,5,3.377489347638232
21935,9490,3,3.9853436815223007
