user_id,book_id,rating,predict
21961,5459,3,4.192633656300005
21961,5955,3,3.725304313528065
21961,6191,3,3.866343234076304
21961,6364,4,3.109699582427425
21961,6603,5,3.709978283019536
21961,6866,5,4.866918325918993
21961,7240,4,4.424959039977125
21961,7564,5,4.15721723479267
21961,7898,5,5.437163731295709
