user_id,book_id,rating,predict
21992,3950,4,4.022471726140822
21992,4225,4,4.736329122204798
21992,4421,4,4.039549299977623
21992,5108,2,4.37525801219126
21992,6241,4,4.728148156826668
21992,6320,5,4.31044960874763
