user_id,book_id,rating,predict
22001,4690,4,4.810863120907431
22001,6297,5,4.5635976285580195
22001,8669,5,4.6352509917577445
22001,9417,5,5.125262789190066
22001,9933,5,4.6096194591199104
