user_id,book_id,rating,predict
22044,6532,5,4.631677153491871
22044,6815,5,5.3240025399720565
22044,7465,5,4.694341867010996
22044,8487,5,5.420440282387357
22044,8956,5,4.963653821456293
