user_id,book_id,rating,predict
22138,1527,5,5.863025329325943
22138,3474,5,4.952601175504277
22138,3525,4,3.6996188933256926
22138,4173,3,4.419431939285268
22138,5954,3,3.67763640331699
22138,6376,4,3.7980061198285595
22138,7713,5,3.7919368435667655
22138,7765,3,3.7304786037502304
22138,7865,5,4.72703845739663
22138,9164,4,4.150294670116568
