user_id,book_id,rating,predict
22260,4615,2,3.1584290088949936
22260,7979,3,4.14408088339763
