user_id,book_id,rating,predict
22384,969,3,4.151912385637798
22384,1303,3,3.5452960991474125
22384,1511,4,3.3554982910583577
22384,1519,4,3.7898689908340772
22384,1620,4,4.181099466590707
22384,1629,5,4.351753625410022
22384,1731,4,3.5371360589576017
22384,1771,5,5.052166889566088
22384,1812,3,3.1969536687602473
22384,1914,4,4.31333055647076
22384,2210,3,3.6900741528409458
22384,2228,3,3.9335828794512224
22384,4493,2,2.901473541179177
22384,4519,2,2.8108689336491635
22384,4566,4,3.2319887062619195
22384,4870,3,3.849392240094752
22384,6607,1,3.006824013073974
22384,7650,3,3.470045545008995
22384,7814,3,2.685940390386429
22384,8238,4,3.3349068738658767
22384,8564,4,3.404883768370513
