user_id,book_id,rating,predict
22380,5375,3,3.957563041898386
22380,6162,3,3.9883050606662165
22380,6950,2,4.183890072172624
22380,7301,3,3.8838626955969464
22380,7442,4,3.958873924175088
22380,7618,3,3.9910598318249226
