user_id,book_id,rating,predict
22410,5704,5,3.913120592015174
22410,6215,4,3.9465948800706476
22410,6688,4,3.921051816286947
22410,7277,4,4.226118385994435
22410,7476,3,4.037760392115042
22410,7755,5,3.84477453612784
22410,8175,5,4.129842646077155
22410,8192,3,3.8127127804521046
