user_id,book_id,rating,predict
22618,5994,3,4.994381902504046
22618,7913,4,4.000819250996288
