user_id,book_id,rating,predict
2275,629,2,2.7783463512825994
2275,708,3,3.058685500583689
2275,1206,3,3.2712563237646552
2275,2902,3,3.88364622367815
2275,4160,3,3.911547901017708
2275,5845,5,3.50298480819884
2275,6784,5,5.321260439316271
2275,7721,4,4.72509790048558
2275,7770,4,4.203230300321552
2275,8221,4,4.949583665473475
2275,9220,3,3.1136875741920766
