user_id,book_id,rating,predict
22758,6169,4,4.481928657472772
22758,6405,3,3.4593684310229396
22758,6709,5,3.843546244055528
22758,6798,5,3.32904112784695
22758,7378,3,3.82923413894251
22758,7923,5,4.159459831891018
22758,7987,4,4.918838939023711
