user_id,book_id,rating,predict
22762,5002,2,2.3757326746049086
22762,7114,5,2.4545324632156875
22762,8263,1,2.639722580276169
