user_id,book_id,rating,predict
22813,790,4,8.935625822090424
22813,1309,3,6.774234405637728
22813,1330,3,5.621398150143663
22813,1507,4,5.0639574076754945
22813,1865,3,5.208338831093298
22813,1986,3,6.06994965230103
22813,1996,3,5.888858980037589
22813,2260,5,4.744780413420313
22813,2541,5,5.066351519256816
22813,2912,3,4.017474393386078
22813,4252,3,3.907775162498685
22813,7563,4,3.4472093234404966
