user_id,book_id,rating,predict
22859,5276,3,4.1006669582095014
22859,6432,3,3.3178518848089253
22859,6783,4,3.5401315552698547
22859,7460,3,3.6629296710906862
22859,7671,4,4.138538584099622
22859,8661,4,4.222744195050745
22859,8998,4,4.146330432570487
22859,9073,5,4.158974501874329
