user_id,book_id,rating,predict
22904,2099,3,2.249940540391031
22904,2585,3,3.6866516297153864
22904,3602,5,3.611046291741045
22904,4689,3,3.041653413008146
22904,4851,1,4.817122169490617
22904,6378,5,3.547786105992894
22904,6403,2,4.811949329058457
22904,6477,4,2.885273437700307
22904,7031,5,4.279576436679164
