user_id,book_id,rating,predict
22951,2413,4,5.329139494629023
22951,3302,4,4.3542138817112095
22951,3635,3,4.352144735288535
22951,9974,4,2.9450788000957937
