user_id,book_id,rating,predict
22962,4203,5,4.709236245844828
22962,7297,4,4.883390811255116
