user_id,book_id,rating,predict
23138,3571,5,5.019416733028214
23138,4281,5,4.979224378526516
23138,5112,4,5.020114663840637
23138,5608,4,4.773934398258654
23138,5611,5,4.925697130765604
23138,5710,5,4.988924597568693
23138,5850,4,4.818462046131368
23138,5892,5,5.056278838670342
23138,5902,5,5.00198940626635
23138,6208,5,4.9894655427084045
23138,6667,5,4.973491660491964
23138,7112,5,4.926265952817856
23138,7194,3,4.953735731277547
23138,7576,5,4.899679991966837
23138,7583,5,5.059982836337543
23138,7983,5,4.8904602593217685
23138,8050,5,4.927811512984524
23138,8267,5,4.959340138993347
23138,8345,5,4.928855783646285
23138,8402,5,4.971254199377753
23138,8408,5,5.014258008533482
23138,8702,5,5.041643968040298
