user_id,book_id,rating,predict
23433,1183,4,2.9980644600588255
23433,4919,4,3.8788793268698036
23433,5786,4,3.933613780449866
