user_id,book_id,rating,predict
23593,3847,3,3.7797815656567124
23593,4604,1,4.0710221813491145
23593,4956,3,2.268774347371124
