user_id,book_id,rating,predict
23756,2099,5,4.967864675164872
23756,2585,5,4.602439038549263
23756,3864,5,4.7561470296857475
23756,3977,5,4.750964548464999
