user_id,book_id,rating,predict
2383,462,4,-1.2472988723772613
2383,2022,4,2.402264632841195
2383,3320,4,2.5438161327832276
2383,4106,4,5.4403623934443495
2383,4489,1,2.804212876244009
2383,4778,2,4.10374779813291
2383,5146,5,4.1281379001882055
2383,5226,4,3.3670438917251646
2383,6274,3,4.306108129190164
2383,6895,3,2.790211878419499
2383,7169,4,3.757682963865956
