user_id,book_id,rating,predict
2394,5441,4,3.336313767938913
2394,6196,5,2.259997118467229
2394,6465,4,4.277409165715543
2394,8784,4,3.8570702650679434
2394,9310,4,4.602387244577752
