user_id,book_id,rating,predict
23971,3836,4,5.756180145583314
23971,7793,4,4.461238099173834
23971,7961,5,4.629772221038633
