user_id,book_id,rating,predict
24026,4191,5,1.9168904666418625
24026,4518,5,2.631662969107212
