user_id,book_id,rating,predict
24020,5046,3,4.084970207737073
24020,6030,4,3.600129598941838
24020,6625,4,3.7131956667106643
