user_id,book_id,rating,predict
24187,5065,4,4.017801591724931
24187,8644,4,3.94125421672351
