user_id,book_id,rating,predict
24208,3825,4,3.9543985178148864
24208,6379,5,3.6744401108305027
