user_id,book_id,rating,predict
24273,4055,3,3.966265087463851
24273,4202,5,4.29068439966677
24273,4516,3,4.300836958749069
