user_id,book_id,rating,predict
24312,1006,4,4.664675532497119
24312,2061,4,3.698757948476172
24312,2263,3,3.5060693991177465
24312,2581,3,4.306285774029053
24312,8813,2,3.2407005244498923
24312,9001,4,3.4596372672048186
