user_id,book_id,rating,predict
24385,716,5,6.141142526629049
24385,904,2,6.8397435351104034
24385,1103,5,4.574388744277196
24385,1302,4,7.394018401297387
24385,3839,5,4.45186465158214
24385,5112,5,4.5647556938707865
24385,5547,5,4.366210715694412
24385,6203,5,4.513412274086871
24385,8009,5,4.385895965383046
24385,8090,5,4.323009945339861
24385,8096,3,4.488151382761229
24385,8146,4,4.1504602611298065
24385,9363,5,4.202071057664062
