user_id,book_id,rating,predict
24419,6085,5,3.8541891102364647
24419,6466,5,4.79540201732095
24419,6839,5,4.546649490578079
