user_id,book_id,rating,predict
24572,3248,4,6.703810342410549
24572,4951,5,3.717083239615021
24572,6400,4,4.999778046947231
24572,6630,5,3.1662156862104918
24572,7493,5,4.615906626822295
24572,8285,4,2.4583295266875136
24572,8420,5,3.574450430814868
