user_id,book_id,rating,predict
24629,1756,4,5.55950740613298
24629,2572,3,5.50897411523936
24629,4958,4,4.615138612511806
