user_id,book_id,rating,predict
25353,5000,4,4.226115768126233
25353,5436,3,3.0556039101258285
25353,6293,4,1.3940601875646506
25353,6519,2,2.9398744742299217
25353,7164,4,3.69005834011986
25353,7566,3,2.8966495156647487
25353,7571,4,3.0905946837761067
