user_id,book_id,rating,predict
25625,685,2,4.940870066557129
25625,1302,3,4.617172664248436
25625,1491,5,4.32763579068884
25625,2057,4,4.381605223957467
25625,3273,3,3.8862008911664114
25625,3469,5,3.9792560994596924
