user_id,book_id,rating,predict
25763,2805,4,5.056996477990261
25763,6565,3,4.516482768890108
