user_id,book_id,rating,predict
25895,1401,3,1.8005525286443507
25895,1620,3,2.3580115169282343
25895,1798,5,3.2564527489853914
25895,1810,1,3.4793167230485316
25895,2024,3,2.834299675251884
25895,4493,4,3.4106901466569806
25895,6808,2,3.759500817669939
25895,8239,3,3.761477478723138
25895,9296,3,3.5149092277178644
25895,9887,3,3.7276102580860866
