user_id,book_id,rating,predict
25904,4804,5,5.518072792886881
25904,7702,5,3.5218184957582457
25904,8137,5,3.655273972091983
