user_id,book_id,rating,predict
2633,4566,2,0.07697429665661248
2633,4780,3,6.436015514713899
2633,5853,2,4.388092542191587
