user_id,book_id,rating,predict
26538,4331,5,4.982463100825385
26538,6230,5,4.017861971954159
26538,6598,5,4.983272469102527
