user_id,book_id,rating,predict
26571,1751,4,4.143954470873564
26571,6528,5,4.339024505815793
26571,7058,5,5.03545504361677
26571,7671,5,5.208518175559943
26571,8562,5,4.379645223807935
26571,8897,5,5.2536539320173965
26571,9073,5,5.186566198319707
