user_id,book_id,rating,predict
26653,4489,4,3.4161762979701
26653,5618,4,2.635046094955495
26653,5650,2,2.766597867413004
26653,6391,5,4.700542433093297
26653,6402,5,3.6456664840976574
26653,6519,2,3.280259943160946
