user_id,book_id,rating,predict
26667,3542,5,3.5476783481967384
26667,3783,5,1.5930095632331016
26667,4397,3,4.409485367950145
26667,4748,5,4.291981114052263
26667,5094,4,3.3114650096485625
