user_id,book_id,rating,predict
27054,4478,4,4.808773225915917
27054,6032,5,4.017655101656343
