user_id,book_id,rating,predict
27104,299,2,6.1595235040822685
27104,573,3,3.31429807019875
27104,671,4,3.778660593403865
27104,797,3,3.63345767567265
27104,973,3,4.761614109120067
27104,1025,5,3.6390739014645757
27104,1058,4,3.521853777017807
27104,1097,2,3.5315335951786633
27104,1160,4,3.677641440236857
27104,1303,4,3.2979629144447187
27104,1330,4,3.147214676800454
27104,1406,3,4.663231472854385
27104,1587,4,4.651728147809724
27104,1635,3,3.74030468478848
27104,2548,3,3.3645585257268826
27104,3582,3,3.5253449446305236
27104,4497,4,3.84019716173738
27104,4861,4,3.2604159852574686
27104,5094,3,2.9094356115449926
27104,5215,3,3.3096089459404316
27104,5682,4,3.5690683120486013
27104,5968,3,3.384547667869576
27104,6883,4,3.455529568336807
27104,7686,3,2.9724560576611525
27104,8273,5,3.2646062533570728
27104,8343,4,3.4146982611795362
27104,8463,3,3.27158135211032
27104,9112,4,3.487004495202894
