user_id,book_id,rating,predict
27204,4174,4,5.199294046732087
27204,6533,4,5.147506165952322
27204,6545,5,4.9276683629888565
