user_id,book_id,rating,predict
27253,582,2,-2.6506991418443553
27253,680,2,2.8732169915752652
27253,932,2,0.8097748567710337
27253,1157,2,1.992685998088826
27253,1788,5,3.5641258806514395
27253,5580,5,4.982694928323905
27253,9803,4,5.680548349631012
