user_id,book_id,rating,predict
27264,3035,5,5.414750886890379
27264,3058,4,4.963070568099143
27264,6372,5,5.006872635633271
27264,7126,5,4.5985505452892665
27264,7287,4,4.753869588133634
27264,7732,4,5.079794927331433
27264,8872,5,4.506399387675839
27264,9155,4,4.160515409355083
27264,9419,5,3.563382245653543
27264,9592,4,4.336606823412756
