user_id,book_id,rating,predict
27330,279,5,6.138513473024636
27330,854,5,5.018489035593841
27330,884,5,5.4343238641544245
27330,886,5,5.078205256407827
27330,946,5,4.809324412221418
27330,951,5,4.586682253115599
27330,1082,5,5.062090895560772
27330,1095,5,4.840701824441966
27330,1182,5,5.045257535270319
27330,1236,4,4.660346329717515
27330,1433,5,5.354741189483795
27330,4903,4,4.861585357678424
27330,5562,5,4.920996103286527
27330,6207,5,4.898026277048414
27330,6892,5,4.855543658505589
27330,7004,5,4.827934508893581
27330,7008,5,4.843629380154645
27330,7240,5,4.850585353705888
27330,7256,5,4.875451256778177
27330,7467,4,4.98933055623789
27330,7584,5,4.890555575353398
27330,8108,4,4.919871456033097
27330,8362,5,4.803316621391072
27330,8672,5,4.859634764417167
27330,9115,5,4.442160335214824
27330,9278,5,4.703876443284866
27330,9312,5,4.821423919520383
27330,9335,4,4.457768098677192
27330,9859,5,4.831481025390401
