user_id,book_id,rating,predict
27623,5325,5,4.565858407858309
27623,6250,2,5.364310920895668
27623,7327,4,3.8845501152665642
