user_id,book_id,rating,predict
27629,1950,3,1.584549799213164
27629,3142,3,2.8888909980254036
27629,6007,4,3.0585982670439615
27629,6364,3,3.6426561217340496
27629,8212,3,4.341918610273954
27629,8701,3,3.4291341692664496
27629,8716,4,4.0719443252460135
27629,9025,4,3.7952610385300347
27629,9037,2,4.160490608532098
