user_id,book_id,rating,predict
27640,5170,5,3.975544015964738
27640,5821,5,4.04464572052934
27640,6415,4,3.241051804995584
