user_id,book_id,rating,predict
28076,7748,3,2.973837958292169
28076,8626,3,2.27535980138402
28076,8896,4,8.050051856294264
