user_id,book_id,rating,predict
28111,2219,2,3.655969302160049
28111,2239,5,3.277615341203048
28111,2260,4,2.162993814200938
28111,2399,2,4.110557878935875
28111,2407,4,3.506533511013604
28111,2448,4,4.227942250152454
28111,2493,4,4.068256723291994
28111,2518,4,4.401266461161074
28111,2597,5,3.3154773920023928
28111,2631,4,4.230129694905945
28111,2785,1,5.376536767394719
28111,2907,4,3.0899135981255843
28111,2976,3,3.1291793140139053
28111,7468,5,4.09172496824055
28111,8753,5,4.214615265233962
28111,8791,4,4.490295660676281
28111,9125,4,2.8757580719254987
28111,9151,4,3.535544873979453
28111,9496,4,3.852085464708236
28111,9661,5,3.4762186338597436
28111,9803,4,3.8026095736539984
28111,9965,4,4.463645553441672
