user_id,book_id,rating,predict
28240,2752,4,3.276768552091334
28240,4956,3,4.1445251582953375
28240,6196,4,4.627655738242832
28240,7004,3,5.62403243627917
28240,7145,3,4.5350187343874255
28240,8652,4,5.219102590656067
28240,8705,5,5.104069104747234
