user_id,book_id,rating,predict
2847,3678,5,3.1957264324835397
2847,4835,5,4.3064194271006535
