user_id,book_id,rating,predict
2851,3604,5,5.262462860561534
2851,4370,5,4.6823918163891065
2851,4704,4,2.9036248039631487
