user_id,book_id,rating,predict
28745,1844,3,3.5459172441221893
28745,5274,3,2.8397412274178446
28745,5809,4,3.0079326386900047
28745,6802,4,2.9572177390763708
