user_id,book_id,rating,predict
28933,6419,4,3.9142654005392146
28933,6592,5,4.53751649362559
28933,6776,5,4.972847950512831
28933,8068,5,4.745226731675768
28933,8269,5,4.756277316942845
28933,8281,5,4.943337518752883
