user_id,book_id,rating,predict
2906,279,3,-0.036227195394247236
2906,657,4,2.906879599296066
2906,753,4,4.571671803087597
2906,1251,4,3.8741200801620392
2906,1263,4,3.775078599119997
2906,1276,4,3.8245393746240075
2906,1300,4,3.6425264491579195
2906,1302,4,3.3757670499923633
2906,1335,3,3.7622485429320434
2906,1433,2,2.4307292691001745
2906,1479,4,3.82620906655945
2906,1511,4,3.4701251001747524
2906,1665,5,3.7033039669741674
2906,1693,4,3.605928194753441
2906,1728,4,3.4727946367621243
2906,1766,3,3.502438942215355
2906,2867,3,3.4609963097833902
2906,3469,3,3.4637768005128473
2906,5078,2,3.593709168934048
2906,5884,4,3.376997361612659
2906,7201,2,3.6220872929086787
