user_id,book_id,rating,predict
29082,1882,5,4.889355640903842
29082,2187,5,5.335900910295633
29082,2873,5,5.160765518085266
29082,2893,5,5.0834364583913
29082,3007,4,4.112085746772996
29082,3467,4,4.7701338359028895
29082,4972,5,4.495517902416579
29082,5562,5,4.11472557138023
29082,7508,4,4.209806737984146
29082,8348,5,3.5238144234502493
