user_id,book_id,rating,predict
29125,4545,4,3.8508309303263024
29125,4853,3,2.3291575128587736
29125,4940,5,2.277754399590674
29125,6213,2,0.03633713990047216
29125,7237,2,2.220938160692948
29125,7240,4,1.3583789507069677
