user_id,book_id,rating,predict
29245,7984,4,1.1178317393232011
29245,8305,2,6.0043091073244295
