user_id,book_id,rating,predict
29458,2236,1,2.4281499733396714
29458,3602,3,3.2285839282507713
29458,4136,2,1.7508391332997737
29458,4169,2,1.8053331864015725
