user_id,book_id,rating,predict
29589,2318,5,4.599694259478728
29589,2548,5,4.291199698413261
29589,3481,3,4.368778757120877
29589,4144,5,4.564915676325664
29589,4260,5,4.402067202987147
29589,4274,5,3.8860740022184483
29589,4478,4,4.272163011757716
29589,4875,4,4.336520227921519
29589,5954,3,4.0007999507306256
29589,6071,4,4.254518692651931
29589,7438,4,3.9134285485207587
