user_id,book_id,rating,predict
29753,4274,5,6.518860331968425
29753,8464,5,7.466040597276866
