user_id,book_id,rating,predict
29793,991,4,5.566046583284219
29793,1029,5,6.409672751759567
29793,1770,5,5.415098849373901
29793,1800,3,4.339724319203854
29793,2018,4,6.373964253714025
29793,3267,4,3.618912216272541
29793,5562,4,4.049407534582516
29793,6355,4,4.224063343612957
29793,6592,5,3.939499076789691
29793,7640,5,4.352404673504221
29793,9768,4,4.4705533231992876
29793,9775,5,4.088427024335749
29793,9860,4,3.8910270829157723
29793,9954,3,4.406680138007201
