user_id,book_id,rating,predict
29873,4327,3,3.0075459146826624
29873,4558,4,2.997786069387676
29873,4945,5,3.0148688238924737
