user_id,book_id,rating,predict
30046,7202,2,4.588277665555768
30046,7255,3,4.425985700648601
30046,7381,5,4.541448454473011
