user_id,book_id,rating,predict
30057,7240,4,4.0872141746049815
30057,8017,4,3.044891458372822
30057,8473,4,3.7257131664634526
