user_id,book_id,rating,predict
30096,4990,4,3.999928511789989
30096,7167,3,3.999506872752656
30096,7483,4,3.5871590120604013
30096,8146,3,3.9965425636545304
