user_id,book_id,rating,predict
30134,5414,5,3.128201217549613
30134,6855,5,1.8138467794025157
30134,7600,4,3.0961290372632275
30134,7793,5,3.366318462102514
30134,7888,5,3.112287206109964
30134,8098,5,1.774518814800798
