user_id,book_id,rating,predict
30315,909,5,5.51541947986977
30315,1059,5,5.279433937963836
30315,1286,5,5.74803335190731
30315,1324,4,5.037728911527817
30315,1351,5,5.208893865527115
30315,1359,5,5.295709785257854
30315,1397,5,4.738832402192314
30315,1399,5,5.123100304996503
30315,1504,5,5.02115495285975
30315,1535,5,5.127355093356328
30315,1629,5,5.083836159430289
30315,1764,5,4.80178206955832
30315,1931,5,4.991185803407799
30315,1968,3,4.797514493273109
30315,2164,5,4.884368516633712
30315,2230,5,4.938613976633223
30315,5440,4,4.434566237240389
30315,8272,5,4.958451005451692
30315,8753,5,4.363362567017084
