user_id,book_id,rating,predict
30359,1485,4,3.960222887282332
30359,1500,4,2.951947621343345
30359,1620,5,3.349584631219475
30359,1915,3,2.778233406698944
30359,7662,3,3.1013734352348545
30359,8333,2,2.6152633796187255
