user_id,book_id,rating,predict
30623,8293,5,4.366033090242654
30623,8392,3,4.276550604013223
