user_id,book_id,rating,predict
30892,3726,1,3.486330377938543
30892,5226,4,4.222900240153303
30892,5636,4,3.139643957474832
30892,7275,4,5.155495879568399
30892,7440,5,4.3702028093829295
30892,8045,3,3.8032508731790995
30892,8525,4,2.300124717550956
30892,8724,3,3.113657594587385
