user_id,book_id,rating,predict
30899,4796,5,5.033506160076356
30899,5690,3,5.004481022713327
