user_id,book_id,rating,predict
3101,5787,3,2.2801023781614402
3101,6704,5,4.020871992504361
3101,8025,4,3.7870883210531887
