user_id,book_id,rating,predict
31103,4954,4,2.5787077078274985
31103,6136,3,2.425363637735704
31103,6145,5,3.581715565199398
31103,7222,3,3.248912580696128
