user_id,book_id,rating,predict
31149,4545,4,4.009161643372208
31149,5035,5,4.3686139721946216
31149,6295,2,4.186450938401273
31149,6799,4,3.669409297667859
31149,7302,5,3.1093439415807382
31149,7382,4,2.851412784257078
31149,7455,4,4.6234420067258775
