user_id,book_id,rating,predict
31197,4596,5,4.0310740955122535
31197,5526,5,3.585815505350425
31197,6396,2,4.168799839316634
31197,6477,4,3.876134976426841
31197,6608,5,3.391245262159655
31197,7091,5,3.5917345100414844
31197,7585,3,3.294150619619088
31197,7804,5,4.224841215881504
31197,7846,5,4.743228296549987
31197,8206,4,3.4232091981262833
31197,8251,5,4.837459582661578
