user_id,book_id,rating,predict
31488,5312,5,4.922819640658812
31488,7270,5,3.249047310775538
31488,7521,5,3.19793385023951
31488,8243,5,4.818909061272387
