user_id,book_id,rating,predict
31725,2457,5,4.415117768389229
31725,3624,4,4.373137606740408
31725,4207,4,4.271088069269809
31725,5393,4,4.509832188839533
31725,5455,5,4.45042229498914
31725,5769,5,4.433140373196416
31725,6691,3,3.7542550503640966
31725,6755,4,4.166085679775718
31725,7121,5,4.334488116216239
31725,7325,5,4.289686222633042
