user_id,book_id,rating,predict
32005,1747,3,5.539329220550812
32005,2473,5,3.798560527684801
32005,3448,5,5.003629694968929
32005,3591,5,4.819394542020475
