user_id,book_id,rating,predict
32119,7782,5,5.144441468256414
32119,8344,4,4.9472234022593256
32119,8394,5,5.021596738943901
