user_id,book_id,rating,predict
32194,1631,4,4.357008098898255
32194,1868,4,3.736391668344572
32194,3469,3,3.4556016674517918
32194,6664,3,3.839425523566808
32194,6822,4,3.7617426818417483
32194,8944,3,2.9551895353103843
32194,8961,3,2.3353096423249733
32194,9863,4,3.044910167453776
