user_id,book_id,rating,predict
32514,2744,5,4.219291864121022
32514,4389,5,4.999064050567022
32514,7720,5,3.0024129159146935
