user_id,book_id,rating,predict
32787,3383,1,0.36146715948694474
32787,6824,5,5.401765795981093
