user_id,book_id,rating,predict
32865,4423,5,4.987083561324295
32865,4757,5,5.047212771936902
32865,5910,4,4.0734794036886255
32865,6132,4,3.5297958169527424
32865,6422,4,3.5806446086870465
32865,7241,3,3.5960783710868363
32865,8228,4,4.013242111783043
32865,8763,3,3.6640683339032702
32865,8776,5,4.960128893154066
32865,8983,4,3.992108453191962
32865,9453,5,5.086954962249985
32865,9663,5,3.7257918769580174
32865,9747,5,5.0207898739470895
