user_id,book_id,rating,predict
3292,5078,3,1.9396246161036803
3292,7201,3,1.999075444991471
