user_id,book_id,rating,predict
33017,5575,2,3.712236682985594
33017,7270,4,3.5591988125700125
33017,7608,3,3.7074800861419765
