user_id,book_id,rating,predict
33153,3226,5,3.969283080641306
33153,3863,5,4.022841753830831
33153,4073,3,4.0336731409818505
33153,5172,4,4.004383335822992
33153,5546,3,4.22137930030219
33153,5821,4,4.211912503819536
33153,5998,5,4.478573204335608
