user_id,book_id,rating,predict
33244,3624,4,3.836922148476672
33244,4207,4,3.782040880206849
33244,5622,4,3.0346730644992723
33244,5633,4,3.704998274254611
33244,6562,4,3.662460718239315
33244,7016,3,3.9287009646898823
33244,7553,4,3.589832240703334
33244,8082,4,3.705703207564745
33244,8123,4,3.610292118659345
33244,9156,5,3.3696853392476847
