user_id,book_id,rating,predict
3346,3377,5,2.5400443542849906
3346,4104,5,2.6040296496112294
3346,4531,2,3.1331954924846297
3346,5180,4,4.44146084486753
3346,5792,2,3.6456022734867055
3346,7257,4,4.649943053154324
