user_id,book_id,rating,predict
33523,4840,1,1.7131293623682449
33523,5241,4,3.9352680485002223
33523,6234,4,3.8028887869755907
33523,7161,4,2.47633832554242
