user_id,book_id,rating,predict
33545,5008,3,3.810347959160266
33545,5124,4,4.459711204299504
33545,5334,5,3.9142883655427747
33545,6866,4,5.170742300315375
