user_id,book_id,rating,predict
33652,2894,5,6.5273708935104935
33652,4415,5,6.535013473412078
33652,5291,5,5.169974372766406
