user_id,book_id,rating,predict
33749,1645,4,3.973398045759502
33749,1868,3,5.162710476064516
33749,1940,3,4.672416123913312
33749,5469,5,4.558292206426007
33749,5731,5,4.74050025544631
33749,7788,5,4.343846656793173
33749,8874,3,2.6392684557311705
33749,9515,4,3.9713869798183565
33749,9523,3,2.637031068529856
