user_id,book_id,rating,predict
34297,539,4,2.433893970823444
34297,644,3,2.7250893883780436
34297,676,4,1.814293930485984
34297,750,4,2.5797512684844994
34297,796,5,2.786845492189382
34297,812,4,2.244688691251776
34297,861,3,2.5298427061946374
34297,904,2,1.93336742208458
34297,938,4,3.1219208581704776
34297,942,4,2.7176266562171394
34297,965,4,2.658937714264697
34297,1036,3,2.7424758274819374
34297,1110,3,3.718876227900152
34297,1169,4,3.2371153106814115
34297,1209,3,1.4865782631873525
34297,1219,3,3.0493159984071703
34297,1276,4,3.1829613984792067
34297,1285,3,2.9557819627442874
34297,1295,3,2.826770716190651
34297,1308,5,3.547031349073416
34297,1437,3,2.601486668400354
34297,1541,3,2.875311138535235
34297,1556,4,3.5755737202256066
34297,1658,4,3.5164324563249663
34297,1702,3,3.452021849481537
34297,1753,4,3.4678163969620646
34297,1769,1,2.974423569652151
34297,1773,3,3.587723641804251
34297,1776,3,2.943350708101695
34297,1994,2,3.1046121788654277
34297,2008,4,4.120050933102037
34297,2040,4,3.5540028525299325
