user_id,book_id,rating,predict
34419,5022,4,4.257388376679626
34419,7147,4,3.9623957940078816
