user_id,book_id,rating,predict
3453,5420,4,5.301959434224332
3453,7187,5,2.2854839670670675
3453,7332,3,4.407161897327786
3453,8667,3,4.776311918440076
