user_id,book_id,rating,predict
34637,3266,5,6.21196134704711
34637,6027,5,5.542951159252976
