user_id,book_id,rating,predict
34748,3260,3,3.0113290184711454
34748,3710,3,3.1154833338094
34748,6829,3,3.3434984996062145
34748,9166,1,2.136075563905707
