user_id,book_id,rating,predict
34787,474,5,4.342358430427416
34787,568,5,4.5659674719784205
34787,735,5,4.7703328914358885
34787,854,4,4.307589033620711
34787,900,5,4.250626510087449
34787,951,5,3.953984109401665
34787,989,5,4.371627243448806
34787,1124,5,3.89154927922899
34787,1191,3,3.888739202813486
34787,1235,5,4.728986450624088
34787,1236,4,3.4864669479756003
34787,1294,5,4.30307304975293
34787,1389,3,3.4168090442864343
34787,1451,5,5.082898288198448
34787,1586,4,3.9587617717783408
34787,1645,4,3.747884639818616
34787,1698,5,4.533945970639669
34787,1710,5,4.31054358764
34787,1761,5,4.0812763095947195
34787,1864,4,3.9922240175334838
34787,2011,3,2.496969540465006
34787,2290,3,4.713750636226687
34787,2321,4,3.6854343923787334
34787,2465,3,3.904856010030707
34787,2514,5,4.0618715278236674
34787,2766,5,3.8461257115207896
34787,2841,5,4.085901861126003
34787,2973,4,3.7926033799687473
34787,3128,4,3.7109200963757507
34787,3240,4,4.167352854744054
34787,3246,5,4.440755036325779
34787,3247,5,4.379132118466705
34787,3625,5,3.9612255744920772
34787,3671,4,5.108878225769317
34787,3804,3,3.7163003115525806
34787,3995,5,4.536229380523439
34787,4018,4,4.0440942282282615
34787,4120,5,4.239287081838103
34787,4228,5,4.666618391828843
34787,4585,5,4.399931407091671
34787,4701,4,3.9750507037900005
34787,4772,4,3.208296866866889
34787,4800,5,4.493434891554231
34787,4885,5,4.282163868028141
34787,4931,4,4.068788834073619
34787,5101,5,4.62034859870419
