user_id,book_id,rating,predict
34984,4486,5,5.306016436787513
34984,4496,5,3.5507749134709377
34984,4633,4,2.8786610288526235
34984,5041,5,4.078417557083801
34984,5249,5,5.039378926969626
34984,5505,4,4.420866383075558
