user_id,book_id,rating,predict
35152,4186,4,2.7492209454878145
35152,5377,3,4.049927359958351
