user_id,book_id,rating,predict
35396,7659,3,3.5636072582896823
35396,7958,4,4.918102666757325
