user_id,book_id,rating,predict
35403,4888,5,3.729395207816011
35403,7991,4,4.9449931527671325
