user_id,book_id,rating,predict
35436,3107,5,4.566072429396546
35436,4450,5,4.629121071364395
35436,4833,5,4.569337996816157
35436,5170,4,4.4564532949182265
35436,5608,5,4.711174720406956
35436,5821,5,4.45041135361225
35436,5970,5,4.7528027949981615
35436,6343,4,4.552550893447929
35436,6415,5,4.6681732612124565
35436,6711,5,4.972365265508085
35436,6803,5,4.491818532088025
35436,7760,5,4.611575805510903
