user_id,book_id,rating,predict
35545,5529,4,4.456518844420742
35545,5753,2,4.982706017377259
