user_id,book_id,rating,predict
35558,3142,4,4.251674351419714
35558,3181,5,3.6422259635622756
35558,4043,5,4.535280741715487
35558,5180,4,4.429621254231853
35558,7245,4,4.012332672353918
35558,7541,5,3.616649848908631
35558,7656,4,3.6905719449705883
