user_id,book_id,rating,predict
35615,3275,5,4.349950884660528
35615,4344,4,4.048018835440856
35615,5075,5,3.480428068752318
35615,5362,3,3.7645152805896664
35615,5391,4,3.082629391128772
35615,5440,5,4.157049937960068
35615,5697,3,3.2386514089955694
35615,6141,5,5.184047329830269
35615,6226,5,3.785975303007356
35615,7400,1,2.919989307961629
35615,7558,4,3.0980251784919877
35615,7745,3,4.669325206182484
35615,7759,2,3.865180482218877
35615,8148,3,3.2834775899597757
