user_id,book_id,rating,predict
35646,4004,5,3.9937237961725747
35646,4529,4,3.975887905241259
35646,5189,5,4.082006220856843
35646,5269,5,4.633697181614447
