user_id,book_id,rating,predict
35711,8874,4,3.5508372614272496
35711,9300,4,3.67838704045898
