user_id,book_id,rating,predict
35758,7134,5,4.704204733794619
35758,8622,5,4.92841490576861
