user_id,book_id,rating,predict
35763,1371,4,4.702268344914488
35763,3603,4,3.7088244681853793
35763,4341,3,3.0952963774116524
35763,4398,3,3.928752012918029
35763,4417,4,4.205959669442718
35763,4529,4,3.668679092281018
35763,4966,5,3.8473940625540575
35763,5937,3,4.239608956472843
35763,6040,4,4.21817033527573
35763,6568,4,3.608101235222838
