user_id,book_id,rating,predict
35795,4011,3,2.793910776669777
35795,4225,3,3.2597497616180307
35795,5900,3,1.9713802797836286
35795,6708,5,3.1367214771111755
35795,7154,4,2.5184089478037657
