user_id,book_id,rating,predict
36184,4604,5,4.39890869416019
36184,5170,5,5.264584953940783
36184,5172,5,4.483563458877259
36184,5821,4,5.179193812141649
36184,5998,4,4.551672715971433
36184,6001,4,4.468026751833147
36184,6205,4,5.084583874822057
36184,6493,5,4.504325606456312
