user_id,book_id,rating,predict
36265,5618,4,3.527846681352046
36265,6245,4,3.070041681935067
