user_id,book_id,rating,predict
36500,1277,5,4.001307322774682
36500,1925,5,4.903928533065974
36500,2140,5,5.2925684828995765
36500,4995,5,4.99086349096448
36500,6218,5,4.923377214157152
36500,7670,5,4.696782292730735
36500,8506,5,4.520454095692488
36500,8705,5,4.7956059205582875
36500,9622,5,4.530157075737036
