user_id,book_id,rating,predict
36724,1822,3,2.0068739766587402
36724,2171,4,2.4998774978898934
36724,6786,3,3.112692310739902
