user_id,book_id,rating,predict
3693,1711,2,2.2055552581691478
3693,2165,2,2.9736019375147498
3693,2425,2,2.8311968582003018
3693,3896,3,2.8659189487473617
3693,5114,3,3.742394324582235
3693,5215,4,4.150080004471437
3693,5355,2,3.023828880581348
3693,5427,3,3.454004481998455
3693,6959,3,3.9326040826291555
3693,9219,3,3.911481801906283
