user_id,book_id,rating,predict
36994,4606,5,3.246484973888981
36994,5045,2,2.7046688406250095
36994,5395,2,4.896691753511666
36994,6604,2,3.6178490308230637
36994,6844,5,3.0803403058419168
36994,7503,4,2.6514079626672102
36994,8305,3,3.0280990394741027
36994,8479,4,4.507806651926618
