user_id,book_id,rating,predict
37135,448,4,6.7324512507055845
37135,504,4,4.910060558498612
37135,797,5,4.468710422413388
37135,1025,4,3.726901271491842
37135,1277,3,4.207828277038012
37135,1357,3,3.7961409502076453
37135,1467,3,3.1313747614623835
37135,4346,4,3.7963514999793704
37135,7826,4,3.1554993913056286
37135,8213,4,3.991659596982173
37135,8425,4,3.2708768743708387
37135,9932,3,3.913490469755246
