user_id,book_id,rating,predict
37207,5918,3,3.863752820022385
37207,6019,5,3.331999106890306
37207,6072,3,4.159878332647772
37207,6300,3,3.2290019814245907
37207,7399,4,3.3176003555456894
37207,7648,4,4.080261379174545
