user_id,book_id,rating,predict
3727,8718,3,3.9454279053898325
3727,9530,4,4.046035962591643
