user_id,book_id,rating,predict
37275,2474,4,0.29099596430509544
37275,4465,4,2.1561385259433385
