user_id,book_id,rating,predict
37609,4831,4,5.5565193484657005
37609,7502,4,4.923703616895004
37609,7648,5,3.597111693789847
