user_id,book_id,rating,predict
37650,2459,3,3.102982913306121
37650,2505,2,3.285098273551355
37650,3159,3,3.1410638662803896
37650,3682,3,3.7801204223959517
37650,4945,4,3.1763380175485536
37650,6006,3,2.9702369680130696
37650,8246,3,3.0154672648318384
37650,9372,4,2.94061935939375
37650,9399,4,3.1340981784413557
37650,9773,3,3.1688462632630383
37650,9818,3,2.891640525444733
