user_id,book_id,rating,predict
37694,5682,3,3.7762233893523898
37694,8308,3,3.939978468346587
