user_id,book_id,rating,predict
37713,6497,4,4.194675817560569
37713,7446,4,4.335555401349955
37713,7793,4,4.011553696963588
37713,8327,4,3.2461696694139626
37713,8911,5,4.414031904556003
37713,8958,4,4.3650008683696635
