user_id,book_id,rating,predict
37769,7575,5,4.9915834935761545
37769,8081,5,5.001199128857024
37769,8647,5,4.992510781304661
