user_id,book_id,rating,predict
37815,7297,4,2.0352467581916223
37815,7768,5,3.29062607844769
