user_id,book_id,rating,predict
37938,4529,4,4.363530757557289
37938,5701,4,3.789105491789883
37938,6647,4,4.4129678149430065
37938,7210,3,4.269970463184112
37938,7720,5,4.041119525564657
37938,7833,4,4.221208692901467
37938,7878,5,4.5558090058460285
