user_id,book_id,rating,predict
38067,592,2,3.3126446645280416
38067,619,5,3.4858584293137778
38067,969,5,3.101508522158777
38067,1055,1,3.1444926957992587
38067,1191,3,3.5050936652814473
38067,1371,4,3.8692634594421706
38067,1415,5,3.9728827559934192
38067,1484,5,3.8501053413815427
38067,1621,4,3.215826887916898
38067,1705,5,3.6982380291072525
38067,1809,3,4.110232942384743
38067,1817,3,3.422213603366428
38067,1868,2,3.4324337478633873
38067,1963,5,3.747586221460447
38067,1969,5,3.8791775681344505
38067,2101,5,4.514801013904208
38067,2132,5,3.6968997465477424
38067,2156,3,3.3970925562938334
38067,2220,5,3.618012728448993
38067,2230,3,3.8284656426685215
38067,2686,3,3.1359578765061062
38067,2693,4,3.673776529603875
38067,2859,4,3.95069452978481
38067,3246,5,3.749166830357938
38067,3247,5,3.7805646615806596
38067,3252,4,3.83681815515601
38067,3358,5,4.273673261140901
38067,3562,3,3.8335477897546797
38067,3661,5,3.3234282886569257
38067,4534,3,3.785302535362568
38067,4603,3,3.741396064663763
38067,5055,5,3.5500830789336915
38067,5367,5,3.5387844428455706
38067,5537,5,3.59513716562019
38067,6063,4,3.437564630892126
38067,9182,5,4.056301821629011
