user_id,book_id,rating,predict
38187,5339,5,1.9805593217270894
38187,5493,5,2.2162482377035024
38187,5953,3,5.19995095926143
