user_id,book_id,rating,predict
38797,3448,3,3.711994495943312
38797,3931,3,4.382872024586166
38797,5441,4,3.6861447024777934
38797,5846,5,3.7933678070898336
