user_id,book_id,rating,predict
38839,3009,5,4.939960895703195
38839,4117,5,4.770046943787079
38839,4341,5,4.710773978987098
