user_id,book_id,rating,predict
38859,4173,5,4.674089973809197
38859,6331,5,4.260382401886796
38859,7662,5,3.326065376698139
38859,7784,2,4.052792248381445
38859,8420,5,4.2864982273718155
