user_id,book_id,rating,predict
39013,980,3,3.4613762319238686
39013,1304,4,3.6957160227033063
39013,1363,4,3.840113109536714
39013,1394,5,3.76338598027677
39013,1412,3,3.464738189269995
39013,1429,3,3.5099536471105504
39013,1450,4,3.8161744806960245
39013,1479,4,3.3444589796032393
39013,1484,3,3.3820240290951538
39013,1602,4,3.9589652259657635
39013,1630,4,3.838218828256915
39013,1636,3,3.663584426426251
39013,1653,3,3.6210161971732777
39013,1665,3,3.5167321885524956
39013,1674,2,3.0044842086374026
39013,1690,3,3.462725986466191
39013,1889,3,3.208953030243713
39013,1905,5,3.8161330751276683
39013,1962,3,3.6733572427823997
39013,2043,5,3.628967409574477
39013,2154,3,3.4230916462174594
39013,2239,3,3.213228523611771
39013,2452,3,2.6749569280946957
39013,2489,3,3.3084297765352613
39013,2501,3,2.958762938581089
39013,2611,2,3.486988546924526
39013,2614,3,3.0475310851639854
39013,2721,3,3.4444991193375305
39013,2825,3,3.478034347135786
39013,2871,3,3.4906413882684175
39013,2898,4,3.265267042049479
39013,2936,3,2.4175696854156214
39013,2947,3,3.240054274804365
39013,2978,4,3.6290437515067615
39013,3174,3,3.638165217542926
39013,3188,4,3.420321205426466
39013,3200,4,3.193932888977945
39013,3317,2,3.4881360777933503
39013,3362,4,2.9767520543873056
39013,3378,3,3.6327311777206246
39013,3462,5,2.911721143397682
39013,3478,3,3.461063450954378
