user_id,book_id,rating,predict
39026,5406,4,2.904517846045546
39026,5803,4,4.012556560377217
39026,6052,4,5.068242588359345
39026,6086,4,3.7718872114352147
39026,6563,4,3.6107194112060106
39026,6756,3,3.8437985305326623
39026,6977,2,5.836603498457295
