user_id,book_id,rating,predict
39105,845,3,1.9657964746672025
39105,2457,4,3.667483314140825
39105,4694,2,2.8982511975695946
39105,4762,4,3.2868623325545894
39105,5016,5,2.8758689261461408
39105,5422,3,3.8096237350257507
39105,5893,3,3.2403480919866636
39105,7438,4,3.248303751549069
39105,7535,2,3.585096558185607
39105,7610,4,4.3805367011353935
39105,7821,3,3.26496898775474
39105,8384,4,1.5704592638892692
39105,8772,4,3.088610230881305
39105,8968,4,4.299668370524366
39105,9369,3,3.8433415586512485
39105,9594,4,3.9903527246420323
