user_id,book_id,rating,predict
39238,4824,2,2.5163436725014234
39238,5698,2,3.6622160969401856
39238,7259,3,1.7572269366540205
39238,7912,2,0.4555316800628533
