user_id,book_id,rating,predict
39420,5602,1,2.9258538482868452
39420,7799,4,4.280536508054178
