user_id,book_id,rating,predict
39484,470,5,3.710129386871156
39484,761,2,3.606941534527717
39484,1113,4,4.114127119359458
39484,1392,4,4.15013985061875
39484,4956,3,4.1278534674141
39484,5606,4,4.263672566845341
39484,5935,5,4.187027068311387
39484,5948,3,3.510700424642109
39484,7715,5,3.9639184155494416
39484,7749,3,3.788551176358875
39484,8452,5,3.988005083965196
39484,8768,5,4.715993993506502
39484,9283,4,4.544028651480824
39484,9642,4,3.8252361124439886
