user_id,book_id,rating,predict
39491,7527,4,3.679622015699724
39491,8200,5,4.899349052828794
