user_id,book_id,rating,predict
39687,1401,5,6.829334769021753
39687,5124,4,4.016773987144272
39687,6287,5,5.429779320024611
39687,6927,4,6.983066284148541
39687,7556,5,4.470769319708414
39687,8060,4,4.083467542401857
39687,8813,4,2.720157929431463
