user_id,book_id,rating,predict
39698,7443,5,4.078875086684264
39698,7523,5,4.127239828085546
39698,8569,5,4.383958673169679
