user_id,book_id,rating,predict
39961,5542,4,4.667642399485381
39961,6214,5,-0.28172639119030585
