user_id,book_id,rating,predict
39998,3796,4,0.6613194496275616
39998,4126,4,0.7050953033653662
39998,4787,5,3.0157780865881865
39998,5169,3,-1.2052319446871187
