user_id,book_id,rating,predict
40004,3272,2,4.239029607369209
40004,3288,5,3.0998865157553874
40004,3438,5,4.339308204773461
40004,4235,4,3.684767482581072
40004,4591,2,3.8276861077935154
