user_id,book_id,rating,predict
4006,5414,2,3.1829945310067007
4006,5554,4,3.720088078041946
4006,6141,4,6.042674812250178
4006,7423,4,4.013337930859148
4006,8592,4,4.991549723584187
4006,8832,2,4.84331108403533
4006,9234,3,2.344968118483102
