user_id,book_id,rating,predict
40194,582,4,0.5777713293954587
40194,932,3,3.2035399818135017
40194,956,2,3.223576257382277
40194,1191,5,2.8932900949608276
40194,1302,2,0.9048487644202838
40194,1591,3,3.1930797838578076
40194,1628,5,3.32778397572495
40194,1629,3,3.8001625755785393
40194,4536,3,2.890118450318144
40194,8697,3,1.5440761389465356
40194,9235,4,3.658788291149886
40194,9959,4,3.446152233062211
