user_id,book_id,rating,predict
40387,4071,5,2.100150751824266
40387,5948,4,4.199522087591839
40387,6013,2,3.704614167270331
