user_id,book_id,rating,predict
40463,3267,4,3.700197632222681
40463,3481,3,3.637596476000961
40463,3836,4,3.729641260882473
40463,5307,5,3.538392610545955
40463,6356,4,4.946799634290206
40463,6497,4,3.4205869855779127
40463,6855,3,3.6961474991590797
