user_id,book_id,rating,predict
40560,7808,4,3.943163259474346
40560,8324,3,4.1630628475243885
40560,9812,5,3.838053088002929
