user_id,book_id,rating,predict
40642,1035,2,4.792504186786851
40642,1730,3,3.5033976834807885
40642,1764,3,3.8114067223845067
40642,1817,3,4.817266814601128
40642,2132,5,3.4627133164120876
40642,4451,5,3.602788195000056
40642,4903,2,4.0644585667624185
40642,5618,3,3.2429171701390587
40642,5794,5,3.3218286344960863
40642,6231,4,3.739254816395718
40642,6660,4,3.6177738444452707
40642,6912,4,3.6488285769569857
40642,7094,4,4.11717580502207
40642,7509,3,3.193700993188035
40642,7625,5,3.924792263726002
40642,8171,3,3.3600394532362383
40642,8397,4,3.6880608555208028
40642,8628,4,3.7875050227330904
40642,8711,4,3.6476553951882007
40642,8715,4,3.848405903885883
40642,8990,5,4.226049385186154
40642,9029,4,3.8824136130518005
40642,9789,3,3.281816983133589
40642,9879,4,3.7552846783162943
