user_id,book_id,rating,predict
40648,1793,3,-2.340262703797717
40648,2171,4,2.7812237195921927
40648,2749,3,2.709523769674947
