user_id,book_id,rating,predict
40920,5266,3,4.325894677599613
40920,6343,5,4.6053751709642246
40920,6703,5,4.129307021820985
40920,7061,3,4.503316403791903
40920,7202,5,4.7031493614182205
