user_id,book_id,rating,predict
40974,892,3,2.8503242138161062
40974,2082,3,12.113616437742722
40974,4783,3,2.185581972340652
40974,6688,2,2.778775772791958
40974,6822,4,4.08158544850703
40974,6929,3,3.1555903087399777
40974,7397,3,3.0150050296924444
40974,7755,4,3.000500612642273
40974,7794,2,2.7913217522202403
40974,8318,4,3.006565583055851
40974,8503,3,4.20923064499091
40974,8547,4,2.3728036311292264
40974,8647,4,3.8300306494425844
40974,8676,3,2.9195717618453574
40974,8850,4,3.8363732091908367
40974,9036,3,3.109468034707154
40974,9927,3,2.1569777795341194
