user_id,book_id,rating,predict
4103,6504,3,3.48660230116419
4103,6854,4,3.6247821735707078
4103,6899,3,2.816074710559075
4103,7184,4,2.8704529393526297
4103,7492,3,2.447121057585727
