user_id,book_id,rating,predict
41262,6332,3,4.391664038256217
41262,7475,3,4.2325816183016
