user_id,book_id,rating,predict
41268,3863,2,3.67946898966811
41268,4752,1,3.4305033332254853
41268,4918,1,3.9281570051378196
41268,5850,1,3.2106873618961957
41268,5892,3,2.117129494436302
41268,6020,4,2.3813497481677652
41268,6424,4,3.7355310699747006
41268,6904,1,3.2734229378798174
41268,7185,3,3.646476932769162
41268,7725,4,3.4494182602049084
