user_id,book_id,rating,predict
41305,843,4,4.589448780584749
41305,1104,3,0.3732438870199708
41305,2660,5,6.065353553149826
41305,3831,5,4.422715756293457
41305,6429,5,4.860051507774411
41305,6931,4,4.450133464675793
41305,7227,5,4.376603993792978
41305,7454,5,4.336190498533041
41305,7935,5,4.364200760378783
41305,7979,5,3.9856737407525746
41305,8395,5,3.565525816533931
41305,9265,5,4.126676290364892
41305,9799,5,4.26754312079551
