user_id,book_id,rating,predict
41310,1415,3,4.543844350542641
41310,3103,5,1.5122840530257344
41310,5897,4,2.226321766126991
41310,6926,4,4.022998811361531
41310,7993,5,4.441624747793981
41310,8365,3,2.6065050899840827
