user_id,book_id,rating,predict
4138,4055,4,3.926687029752963
4138,4911,3,3.524380493771937
4138,5019,4,3.4086769570183435
4138,6445,4,3.8502501347753033
4138,6892,4,3.7010421558863627
4138,7187,3,3.3270558301178528
4138,9978,5,3.3470921811462575
