user_id,book_id,rating,predict
41454,2966,4,4.538855749202884
41454,3481,3,6.083496917805205
41454,4866,3,4.70245666764831
41454,4984,3,4.598425554381021
41454,6770,4,3.3054491873248786
41454,7154,2,4.215322394200206
