user_id,book_id,rating,predict
41468,3864,4,1.7345647663546842
41468,4826,3,4.915046121748036
41468,6115,1,1.8480374442818215
41468,6531,2,2.5170874614887473
41468,6658,3,3.9140272645713705
