user_id,book_id,rating,predict
41557,6969,1,2.984614030298866
41557,7134,2,2.8278188166264338
