user_id,book_id,rating,predict
42124,2635,1,2.1910162834924587
42124,5453,4,4.172074250835006
42124,6149,5,2.9911313896191607
