user_id,book_id,rating,predict
42137,2505,4,1.932762951682553
42137,3950,4,4.0672962609676695
