user_id,book_id,rating,predict
42203,5643,5,3.696480069370888
42203,7768,4,5.175165772272347
42203,8659,2,5.257288463732697
