user_id,book_id,rating,predict
42430,4902,4,3.293064198984356
42430,6547,3,4.634482892778491
42430,7333,5,4.756382564123436
