user_id,book_id,rating,predict
42690,7051,4,4.717696119993058
42690,7999,4,4.776822331135423
