user_id,book_id,rating,predict
4271,7592,4,5.203243585666613
4271,7872,2,2.7164396729678195
