user_id,book_id,rating,predict
4300,6293,3,4.458868651381819
4300,6682,3,3.9548502691774905
4300,7339,3,2.880224227780193
4300,7566,3,3.2723824620459476
4300,7610,4,3.3925375808978093
4300,7721,3,2.9888545493571437
4300,7959,3,2.2887088948448158
