user_id,book_id,rating,predict
43388,4284,4,5.0177363337489265
43388,7769,4,4.998729655757461
