user_id,book_id,rating,predict
43473,776,4,5.309472485578133
43473,3802,3,2.902341972322083
43473,5258,5,4.127925506667582
43473,6595,4,2.801221849417532
43473,7503,4,4.507321379349174
43473,7735,2,3.1053332015257853
43473,7767,3,4.3552218365379005
43473,7808,3,4.2184660333683475
43473,7855,5,4.4904097501276965
43473,8262,4,4.2802463402427895
43473,8412,4,3.664647733535787
