user_id,book_id,rating,predict
43807,3191,5,4.691516112616354
43807,5344,5,5.136164628093881
43807,6614,5,4.144458064902212
43807,7446,5,4.303163709485926
43807,7993,5,4.643793422623126
43807,8432,5,4.202406954004417
43807,8911,4,4.563947053275141
43807,9234,4,3.184386960664197
43807,9922,5,3.911731817714179
