user_id,book_id,rating,predict
43826,4804,4,3.5058590298484087
43826,5546,3,4.422909620669046
43826,7051,4,4.615583539376559
43826,7061,5,3.8812295933098655
