user_id,book_id,rating,predict
43850,5979,2,3.148359600415
43850,7502,5,4.729119844200748
43850,7690,2,5.162631377026347
