user_id,book_id,rating,predict
44140,4717,4,4.679103105608609
44140,4934,5,3.6621460888498847
44140,5959,4,2.9873990737636937
44140,7182,5,5.079301059805486
44140,7246,5,2.442086054202539
44140,9544,3,1.8303156324210077
