user_id,book_id,rating,predict
44211,2457,5,4.540781293870544
44211,4143,5,4.4023528478445355
44211,5259,4,4.65848534302309
44211,5308,5,4.330700545698603
44211,5974,5,4.23220587087572
44211,6010,5,4.8996352158699334
44211,6657,5,4.56820612123691
44211,6671,5,2.7838084764221493
44211,6705,5,4.491484485996695
44211,6722,3,4.991370252565176
44211,6805,4,4.240628492338546
44211,7468,5,4.088899658205025
44211,9470,5,4.371071539550686
