user_id,book_id,rating,predict
44338,4818,5,5.3978613769709956
44338,5602,3,8.38417817233482
44338,7025,5,8.070357545890118
44338,7389,5,7.7323149487017355
