user_id,book_id,rating,predict
44361,5551,5,4.579050499732514
44361,6895,4,3.0697621448661634
44361,7769,4,4.345776577522123
44361,7771,5,4.5188815595454255
44361,7874,5,3.909297015325338
44361,8914,2,3.1938133129175608
44361,8923,5,4.516797759910896
