user_id,book_id,rating,predict
44484,4746,3,3.7291428073642887
44484,5302,4,2.843974625488888
44484,5624,4,3.8087023047868405
44484,6872,2,2.858439006129956
44484,7090,3,3.3405171073145565
44484,7179,4,3.4655813037761893
