user_id,book_id,rating,predict
44504,3389,2,2.841457354110177
44504,4143,4,3.59582024402041
44504,4648,3,3.7119045323561655
