user_id,book_id,rating,predict
4451,4968,5,4.176556726259987
4451,6355,5,4.999334368430199
