user_id,book_id,rating,predict
44674,4134,2,0.9746044961695874
44674,4616,3,1.5114103498475562
44674,4968,3,2.871842986599503
44674,5211,5,1.6419764661491256
44674,6352,3,3.990220720643769
44674,7115,5,1.0065993095205887
44674,7126,2,1.8536401272687115
44674,7477,3,2.226257669524388
44674,7497,5,3.3837586244157336
44674,8009,4,1.5742096721203152
44674,8090,3,2.2815670530025565
44674,8245,3,2.0606032463637405
44674,8282,5,3.953979100188152
