user_id,book_id,rating,predict
44791,8184,2,3.300904001093439
44791,8434,4,2.5729343613902205
