user_id,book_id,rating,predict
44918,3474,5,5.46130677843429
44918,3730,5,4.6378612543443944
44918,6854,5,5.3010729864667
44918,7788,5,4.556619883261968
44918,8171,5,5.05123576866773
44918,9312,3,4.968393193460028
