user_id,book_id,rating,predict
45007,3554,5,2.384246579813065
45007,3863,5,3.5165627350516613
45007,4073,5,2.7856797081079887
45007,4373,5,2.4041246116262673
45007,5246,3,4.237694549548254
45007,5546,4,2.56057281317274
45007,5850,2,3.2026769680847074
45007,6098,2,3.1223005513690083
