user_id,book_id,rating,predict
45212,6037,4,3.0007628805397157
45212,6215,3,2.0258225935416414
45212,6879,3,3.352936887942186
