user_id,book_id,rating,predict
45713,6522,4,5.132627761179689
45713,7206,4,4.208586297765271
