user_id,book_id,rating,predict
45767,4011,4,4.136501714840508
45767,4086,4,4.212623798000533
45767,4300,5,4.0347825585159836
45767,4787,4,5.208119034783232
45767,4804,3,5.1164925866792945
45767,4829,4,4.2331729234205975
45767,6081,4,2.990718306999804
45767,6116,5,4.131885465526717
45767,6473,5,3.9936311955430916
45767,6584,4,5.149570054403589
