user_id,book_id,rating,predict
46285,5651,4,4.256165937693098
46285,5720,5,4.13887078609398
46285,6145,5,4.212967324814502
46285,6493,4,4.379226270152927
46285,6584,3,5.168436255744156
46285,6974,5,4.3881219159213
