user_id,book_id,rating,predict
46397,5422,5,4.6513305845929365
46397,5618,3,3.3890056257219108
46397,6577,4,3.697374058979657
46397,7107,4,3.5236097925758183
46397,7140,3,3.625504050611756
46397,7467,4,3.4822410910619457
