user_id,book_id,rating,predict
46682,4835,4,3.61159660696717
46682,5451,3,3.8887751502535677
46682,5477,4,3.612860726892621
