user_id,book_id,rating,predict
46814,4225,4,1.7925899457341485
46814,7403,3,2.462313516437266
