user_id,book_id,rating,predict
46846,4818,5,3.086632360864593
46846,5854,5,4.820852666482428
46846,6412,5,4.7291339067122
