user_id,book_id,rating,predict
46934,6218,4,4.503796977440146
46934,6653,5,2.2990110870809346
46934,8729,3,3.3085431208696936
46934,9216,4,2.9391715333044495
46934,9330,4,4.7735729850406425
