user_id,book_id,rating,predict
46999,1948,4,2.947772855088631
46999,2258,4,4.037633938694139
46999,3174,4,5.300804161039348
46999,3601,4,5.206573335541135
46999,4721,4,5.874479827935152
46999,6854,5,4.608356160349505
46999,8237,4,4.871133781745149
46999,9115,3,3.4012152409275798
46999,9312,4,4.555320959560883
