user_id,book_id,rating,predict
4701,4465,4,2.700120852416917
4701,5449,2,3.008042755821647
4701,5868,1,1.9686141254474392
4701,6706,3,2.795121147630201
4701,7424,2,2.9869184891301126
