user_id,book_id,rating,predict
47040,4710,4,5.2175051496434985
47040,4910,3,3.451559701204957
47040,5475,4,4.551312956913626
47040,5572,3,3.984961838142306
47040,5791,5,4.900402385429052
47040,5830,3,3.983538964926572
