user_id,book_id,rating,predict
4730,5119,4,2.768549078101027
4730,7839,5,3.3024169865579425
