user_id,book_id,rating,predict
47378,1013,5,4.740433547089393
47378,2753,5,4.502329119497692
47378,2823,4,4.457384094239815
47378,2961,5,3.993588271321831
47378,2992,5,4.261194618456494
47378,4777,4,4.230969615039265
47378,7386,4,4.397714268078393
47378,7720,4,4.3652339391191335
47378,7860,4,4.256291040851646
47378,8309,5,4.468287401227989
47378,8696,4,4.418999437640146
47378,8923,4,4.4093993659404
47378,9018,4,4.126406902458292
47378,9045,4,4.412103907718909
47378,9615,5,4.3717376474494225
47378,9707,4,4.365899175779892
47378,9767,3,4.262997530622898
