user_id,book_id,rating,predict
47400,2070,4,3.1146199753768458
47400,2966,3,4.562096987653639
47400,6537,5,4.896333089426827
47400,6655,5,4.812279757096234
47400,7188,5,4.65698009154279
