user_id,book_id,rating,predict
47501,4297,5,3.3205202120730686
47501,6801,4,4.852946031279382
