user_id,book_id,rating,predict
47572,6544,5,5.054117028753832
47572,9023,5,3.8992700763419283
