user_id,book_id,rating,predict
4764,5480,4,5.2589705756048275
4764,5482,4,5.284213868522664
4764,7257,4,5.111398576111174
