user_id,book_id,rating,predict
47681,6865,3,7.01800119173216
47681,6887,4,5.440935847412107
