user_id,book_id,rating,predict
4775,2146,1,2.766203637308065
4775,5552,4,2.9510522961081946
4775,5628,4,3.252559736618584
4775,5696,3,2.698588713722529
4775,6137,3,3.350417157249639
4775,6367,4,1.8719659871786203
4775,7566,2,1.988390420344752
4775,7708,3,3.351138915700094
4775,8658,3,3.4989425287644997
4775,8960,3,3.674548296986681
4775,9188,2,3.3995418207258083
