user_id,book_id,rating,predict
47767,5702,4,4.6230554980524285
47767,6603,4,4.513424025991269
