user_id,book_id,rating,predict
47825,845,2,1.890450080549116
47825,990,2,2.3493480129783357
47825,2557,2,2.960713567959467
47825,2572,4,2.8241939534671916
47825,2635,2,1.8427875363020219
47825,2752,2,1.9640258302445854
47825,2855,2,2.1421809254820263
47825,2928,5,1.855558291511532
47825,3129,2,2.046990394618324
47825,4147,3,2.786466428099739
47825,4372,2,2.3870581779843816
47825,4465,5,2.9062616672194244
47825,4737,2,2.0563287436460733
47825,5005,2,2.8201276260403567
47825,5178,3,1.9940314307590667
47825,5255,2,2.034219836398208
47825,5334,2,1.9706240478907884
47825,5369,2,2.1497962331603673
47825,5761,5,2.888096981887598
47825,6149,2,2.1079057480121506
47825,6220,2,1.9951839816682089
47825,6573,2,2.701598741444781
47825,6620,2,2.054813585323746
47825,7009,4,1.9471384441525055
47825,7341,2,1.9086392213602528
47825,7461,2,2.9705695168318664
