user_id,book_id,rating,predict
47876,532,4,4.575721179424512
47876,735,5,5.090511222786356
47876,753,4,4.742822278473729
47876,854,5,5.126901710373651
47876,884,4,7.062694757826686
47876,951,4,4.805760701824059
47876,1082,4,5.719974169362221
47876,1385,4,5.230964785026105
47876,1392,4,4.1702196355653705
47876,1583,4,4.205145490772011
47876,5704,5,2.664160858159703
47876,7469,4,3.760881153791917
47876,7887,4,3.787520459202182
47876,9900,5,4.133722538424539
