user_id,book_id,rating,predict
47881,1372,5,3.461459971499492
47881,1475,5,3.7121502330343388
47881,1647,5,3.7378925201286517
47881,1933,3,3.586296668563423
47881,2292,4,1.2095565100835168
47881,2588,4,3.1139279284908508
