user_id,book_id,rating,predict
48072,4569,1,2.447891845916913
48072,4737,4,2.4678965169774534
48072,4752,2,0.9677266842110264
48072,4918,4,0.2392819509315407
48072,5651,4,1.0857945505745858
48072,6412,3,1.436248458782837
48072,6930,3,2.097720904930962
