user_id,book_id,rating,predict
48262,4205,4,2.3184130629845603
48262,4399,2,-3.5253773963454256
48262,4963,4,4.086594676088881
48262,5045,1,3.601856159313026
48262,5699,4,2.8811915380206763
48262,6209,5,4.068824784402931
48262,6316,4,-0.4046521320733669
