user_id,book_id,rating,predict
48432,4545,5,4.679369523383179
48432,4879,5,5.293709925655325
48432,6251,5,5.0413864681728535
48432,6518,5,5.090311576927715
48432,7625,5,5.265187988000335
48432,7722,5,4.47996557438192
48432,8171,5,4.609627229577629
48432,8397,5,5.050094284000339
48432,8715,5,5.267184570203739
48432,8790,5,4.403385300441505
48432,8990,5,5.392849928805494
48432,9217,5,4.475281345941644
