user_id,book_id,rating,predict
48475,3114,2,3.022561468843434
48475,3233,4,4.2711208230199045
48475,3848,3,2.751587508171885
