user_id,book_id,rating,predict
48483,3981,4,3.612248368629813
48483,4415,4,3.719518019301204
48483,4484,4,3.64141132733573
