user_id,book_id,rating,predict
48509,6081,4,7.9735198966847936
48509,7877,5,3.8464127630198797
