user_id,book_id,rating,predict
48544,4015,4,2.7133915148799725
48544,4511,4,3.5963493540256666
48544,5901,3,3.5312870249903203
48544,6007,4,3.36411266907041
48544,7032,4,3.155808861898042
48544,7944,5,3.616737170035326
48544,8163,3,3.0000969784893687
