user_id,book_id,rating,predict
48554,6290,5,4.6581754596072935
48554,6839,3,4.53547401055545
