user_id,book_id,rating,predict
48642,6360,5,2.938030930833864
48642,8096,5,2.7905639630365435
