user_id,book_id,rating,predict
48753,4765,4,1.1637760592649655
48753,7575,5,2.5067635785134685
