user_id,book_id,rating,predict
48825,380,4,3.923974468714872
48825,469,4,3.5568141698762297
48825,1029,4,2.9727767455944853
48825,1041,4,4.111026479606706
48825,1082,5,3.6289572385691655
48825,1090,4,3.433727202297715
48825,1160,2,3.6480727765266336
48825,3828,4,3.392013596150151
48825,4119,5,3.5939434997859734
48825,4441,3,3.9461882729646036
48825,5884,4,3.935300292644058
48825,6120,4,4.221253632461744
48825,6431,4,3.6708575135349055
48825,7307,4,3.6783217555668384
48825,7375,3,3.54959875709546
48825,8223,3,4.36923585428927
48825,8291,4,3.5543666779193734
48825,8524,5,4.036941091619745
48825,8666,5,3.516443439889616
48825,8755,3,3.5055184356299867
48825,8788,3,3.413977811953953
48825,9257,4,3.585319343325585
48825,9359,5,3.583301353671759
48825,9571,4,3.6210690331338045
48825,9903,3,3.5739738397193834
48825,9984,3,3.613037753020616
