user_id,book_id,rating,predict
48878,3129,4,3.7755577910472113
48878,4903,4,4.098370513219881
48878,6015,4,4.042870716763105
48878,6677,4,3.9871110506906744
48878,6929,3,4.099135376283319
48878,7207,4,4.349057001897603
48878,7987,1,3.702648248352661
48878,8594,3,4.335711442180444
48878,8636,3,4.237593124830149
