user_id,book_id,rating,predict
48930,3915,5,5.097743488782276
48930,4765,3,4.793418572330589
48930,5386,5,4.566254890292388
48930,5783,5,4.716189368909046
48930,6215,5,4.680664176859392
48930,6456,5,4.690377025460437
48930,6688,5,4.83482793819497
48930,7172,5,4.8072001839786145
48930,8697,4,4.574642572640286
