user_id,book_id,rating,predict
49015,752,4,3.4855281450646656
49015,830,4,2.5222292859560245
49015,842,5,4.178193744774531
49015,968,3,2.3772510756414915
49015,1062,3,3.453473826423572
49015,1192,4,4.45340073229746
49015,1203,5,3.1915177258028313
49015,1264,5,4.224894158018268
49015,1293,5,3.9775754939034313
49015,5178,4,3.6872367006391413
49015,5649,4,3.8362539704830083
49015,7657,4,3.8654816527010123
49015,7757,4,4.142866148384352
49015,7957,5,3.9553853459211745
49015,8269,3,4.215822519737426
49015,9104,4,4.09242354794246
49015,9511,4,4.471592853643672
