user_id,book_id,rating,predict
49322,5009,4,4.091741351004188
49322,5626,5,4.706866942456351
