user_id,book_id,rating,predict
49369,5635,4,3.0948195602304516
49369,7073,4,2.973971593547052
49369,7694,4,3.185555409885314
