user_id,book_id,rating,predict
49456,4765,3,5.485073463849071
49456,6772,4,0.686301546786654
49456,9549,3,1.661747182015291
