user_id,book_id,rating,predict
49491,671,4,4.512274558173989
49491,913,5,4.377147316613667
49491,1016,2,4.540862593896368
49491,1058,4,4.221077481927738
49491,1377,5,4.268336680134857
49491,1565,5,3.4312542366092496
49491,1698,5,4.074907652728955
49491,1867,4,3.8878344403072194
49491,1934,4,3.7275876186763406
49491,1961,3,3.8637369582523133
49491,2030,4,4.609426740575367
49491,2115,4,3.92578591629528
49491,2158,4,4.176843871558343
49491,2370,5,4.0434242236819635
49491,2622,5,4.148568845900585
49491,2666,3,4.0823968093179595
49491,2823,4,4.233364014750966
49491,2877,4,4.031648675825508
49491,3330,3,4.107692410995745
49491,3351,3,4.227977947083964
49491,3449,5,4.161854534427902
49491,3458,3,4.108136876459646
49491,3543,2,3.822173139109695
49491,3606,5,4.340568085159555
49491,3612,4,4.320591573230838
49491,3681,4,4.088511030227622
49491,3709,5,4.087288471588728
49491,3899,5,4.224462676738883
49491,3945,3,3.953934366165068
49491,4127,3,3.8441999333964274
49491,4134,4,4.144726629221013
49491,4277,4,4.2111015671489564
49491,4447,4,4.119365697736064
49491,4586,4,4.128974327175222
49491,4657,4,3.9417514677679146
49491,4709,4,4.147941344049064
49491,5123,4,4.1478628358978815
49491,5138,3,4.211363960433205
49491,5508,4,4.227286397906658
49491,5767,5,4.340980818759409
