user_id,book_id,rating,predict
49598,3761,3,3.172433660656841
49598,4421,2,2.0014625908543966
49598,4516,2,1.0194975247901588
49598,6234,3,2.4773365871727826
49598,6594,4,3.450229286762662
49598,7649,2,1.4547040064346968
