user_id,book_id,rating,predict
49789,4035,4,5.421109940740671
49789,5043,5,4.519518932016429
49789,5656,5,4.554983527585316
49789,6038,5,4.967902780421733
49789,6871,4,4.153619311886322
49789,7469,4,4.433071703531116
49789,7860,5,4.991453302429697
49789,7947,5,6.120413982263088
