user_id,book_id,rating,predict
49838,8089,4,3.989595722351443
49838,8204,4,5.016234534035794
49838,8392,5,4.558417041007221
