user_id,book_id,rating,predict
49914,4511,4,4.963950489336384
49914,5637,5,5.746521406862572
49914,5849,5,4.070585461833817
