user_id,book_id,rating,predict
50165,4161,3,2.5597187123413443
50165,5267,1,2.873477961433191
50165,6225,2,3.5099475640607616
50165,6794,2,4.033811900150737
