user_id,book_id,rating,predict
5017,7091,3,4.507557232369001
5017,7502,3,2.367631884334205
