user_id,book_id,rating,predict
50403,5471,3,5.115893552264654
50403,7028,3,5.236673337938283
50403,8032,3,3.7720286367074833
