user_id,book_id,rating,predict
50572,4765,5,4.289242691080287
50572,5618,4,2.820992464959386
50572,5723,4,3.9764733805116474
50572,5762,4,3.268283781378924
50572,6260,5,2.853379385373235
