user_id,book_id,rating,predict
50738,3222,3,3.269524404848732
50738,3867,4,5.21587396759811
50738,3950,2,4.447233558046995
50738,4829,3,4.2120836502347325
