user_id,book_id,rating,predict
50857,6786,2,3.9549907516770335
50857,7217,5,5.018400480791954
50857,7807,5,5.009513300773614
