user_id,book_id,rating,predict
50971,1512,3,0.7779193457285549
50971,1725,4,0.93241887275006
50971,2121,4,4.115887166736835
50971,2393,4,4.284449540335323
50971,2522,4,4.441205453187312
50971,2525,4,4.167178045090705
50971,2641,4,4.08660215185835
50971,5307,4,4.254837312243751
50971,6102,3,3.9903231400074763
50971,7129,5,3.3990232817707624
50971,7374,5,5.491014715968099
50971,8299,4,4.53079454836125
50971,9139,4,5.60135776000892
50971,9265,5,4.789616399914694
50971,9654,4,3.2146853858246467
