user_id,book_id,rating,predict
5101,3896,3,3.614506618890399
5101,8417,3,2.6775448667051873
5101,9188,3,3.0664568269892962
