user_id,book_id,rating,predict
51112,3113,3,-1.0747921882551204
51112,5944,3,1.9523139185435534
51112,7579,3,3.941915341012452
51112,8090,2,3.661100801842081
51112,9018,4,3.486649484642758
51112,9123,3,3.8776721061285766
51112,9554,3,4.293815663690521
