user_id,book_id,rating,predict
51487,5142,3,4.102557584690631
51487,7972,4,1.1565878727818968
