user_id,book_id,rating,predict
51593,2420,3,2.447178507783742
51593,2495,2,3.370333942090042
51593,5308,4,3.5722579534987338
51593,6805,4,3.5117167508860954
51593,7804,3,3.4584584274701364
51593,8777,3,3.6718691012407714
51593,9337,5,3.2692440241166185
51593,9352,3,3.5111839907887
