user_id,book_id,rating,predict
5170,7031,3,4.580123048846019
5170,7046,4,3.4565083466652213
