user_id,book_id,rating,predict
51740,2560,3,3.7494319079501723
51740,4878,3,3.167945552205362
51740,4903,4,4.187814220374078
51740,5713,5,4.509471448191246
51740,5779,3,4.191098414058683
51740,5786,5,4.518906367529169
