user_id,book_id,rating,predict
5177,4484,5,5.353634295641227
5177,5757,2,2.874696211293062
5177,6136,3,2.1747829186356533
5177,6792,3,4.995845868503697
5177,6801,5,3.0306720124275306
5177,6861,5,2.871582949115444
