user_id,book_id,rating,predict
51795,3721,5,3.29928182261828
51795,4737,3,4.981622333897411
