user_id,book_id,rating,predict
51794,5696,2,4.218930323157735
51794,5723,4,5.0469115660446935
51794,7357,5,3.9564779502806156
51794,7833,5,4.209862034324353
51794,8239,5,3.6731829302993253
51794,8430,4,4.896821628874756
51794,8666,4,4.117274808590727
51794,8789,4,4.43773050533836
