user_id,book_id,rating,predict
5190,4134,5,3.990696057844615
5190,4957,5,3.832568357202045
5190,5566,5,3.6093850633448854
5190,5791,5,4.752146466392395
5190,6519,4,3.5011977031982537
5190,7435,5,5.255822844371198
