user_id,book_id,rating,predict
51953,5971,4,5.033296516197806
51953,7153,5,4.723311262359831
