user_id,book_id,rating,predict
5208,6740,4,4.692195873597157
5208,7676,4,4.742653335185623
