user_id,book_id,rating,predict
52124,1512,3,3.670110759004052
52124,5354,3,3.822023388632903
52124,7281,3,4.117135544437265
52124,7738,4,4.00045064645964
52124,7754,3,3.423027480224018
52124,8276,4,3.8706218708834
52124,8347,3,4.405151524106575
52124,8896,3,5.562867177366535
52124,9084,3,4.022696672755572
52124,9574,4,3.6633705070059284
