user_id,book_id,rating,predict
52137,656,1,-7.653674738761417
52137,1215,2,-0.062393230738604366
52137,1240,2,5.6368270360852595
52137,1669,1,-0.6532241359849729
52137,1973,2,4.8496454732189616
52137,5344,5,3.1450910105623016
52137,8586,3,3.500362585166065
