user_id,book_id,rating,predict
5214,2886,1,-0.09835481507669219
5214,5476,5,-0.0727889956358192
