user_id,book_id,rating,predict
52223,5311,4,2.9833429285291757
52223,5526,5,2.8116860413703044
52223,5632,5,3.975886432164191
52223,5959,3,3.5344395444154193
52223,6051,3,4.311663911099975
52223,6097,5,3.4111018662710726
52223,6296,4,3.9935971845446048
52223,7423,5,3.1914554974020044
52223,7502,4,3.259472005969554
