user_id,book_id,rating,predict
52467,5140,4,4.0017516743058
52467,6450,3,4.000600082350047
