user_id,book_id,rating,predict
5271,5045,3,3.011751500033946
5271,5075,4,4.781843493077443
5271,5593,1,4.350488193652979
5271,5691,3,2.8324200717914874
5271,6544,4,3.2877837827276504
5271,7556,4,3.26982851540641
