user_id,book_id,rating,predict
52772,1115,3,3.8893177829707994
52772,2021,3,2.2009226211960344
52772,2036,5,3.2433083300361076
52772,2592,3,4.225277152445198
52772,2730,3,3.341355679721401
52772,5640,2,3.911080726049985
