user_id,book_id,rating,predict
52809,4115,5,6.405928058545887
52809,4545,3,6.0590300899298395
