user_id,book_id,rating,predict
52853,1257,3,6.346726684336626
52853,6097,2,1.843390815477688
52853,7194,2,1.7848757494737304
52853,7267,5,1.8901716111024045
52853,7939,2,3.3491879059646164
52853,8126,5,2.670582072700399
52853,8192,4,1.7925385298374583
52853,8594,1,0.6052011530108032
52853,9712,4,3.9827213421653522
52853,9996,4,2.6134570749999924
