user_id,book_id,rating,predict
52879,5136,4,4.177334474014418
52879,5504,5,4.16099290708869
52879,6571,5,4.381275764989428
52879,6691,4,3.6229778146824025
52879,6792,5,4.271390242169242
52879,6815,4,4.35357828231031
52879,8106,5,4.321893311487402
52879,8388,5,4.264814627611771
52879,8459,3,3.960326037595234
52879,9053,5,4.434666077872951
