user_id,book_id,rating,predict
53012,822,4,3.823759943368128
53012,1065,5,3.671064807270144
53012,1508,2,3.4846175715269183
53012,1538,4,2.5790538180734033
53012,1544,5,3.438541326098173
53012,1682,4,4.0031894447392515
53012,1758,5,3.8643635749706804
53012,2037,5,3.77163271797655
53012,2085,3,3.2958055746089827
53012,2098,4,4.27711380124696
53012,2284,4,2.726851259277643
53012,2390,4,3.6702378732610366
53012,2449,5,3.2189273978910604
53012,2464,5,3.143023799768745
53012,2517,5,4.385851272970665
53012,2578,5,4.374785659309841
53012,2601,3,2.904744580894919
53012,2664,3,2.6759440489021764
53012,2810,4,4.419116785837388
53012,3219,4,2.541339013170419
53012,3388,4,4.213413319813448
53012,3519,4,4.967182117421017
53012,3585,5,4.384711278935697
53012,9702,4,4.649106435890159
