user_id,book_id,rating,predict
53341,2442,4,2.8268120046479654
53341,3235,4,2.666241310580595
53341,3361,5,2.883465519609935
53341,3413,5,3.048499248423649
