user_id,book_id,rating,predict
53359,4496,4,3.0106162766683253
53359,7543,4,3.9962495857107982
