user_id,book_id,rating,predict
5593,592,4,3.051356810616948
5593,1160,4,4.157958499540722
5593,1168,1,3.8852845129171127
5593,1314,4,3.5135885472640758
5593,1410,4,3.9665986367572788
5593,1439,5,3.098252605333721
5593,1631,5,4.0202326561652955
5593,1712,4,3.389482099924784
5593,1741,4,4.298246674628712
5593,1815,4,4.1147787668525355
5593,2026,4,3.912541989979707
5593,2211,4,3.9813967078878756
5593,2247,2,3.8916707840395985
5593,2253,5,3.9584177664453946
5593,2397,5,4.897059101150815
5593,2464,4,3.740226529831242
5593,2648,3,3.9926923285133555
5593,2763,5,4.228256989494018
5593,2810,3,3.8693423923212675
5593,4295,4,3.3724351175133176
5593,5624,4,4.31511810467793
5593,5754,5,4.1817461252085435
5593,6802,4,4.3328811786938575
5593,7318,4,3.889818000196307
5593,8556,3,4.285987102738094
5593,8768,5,4.791708542154618
5593,9059,4,4.245518579709897
5593,9542,4,4.172495283057407
