user_id,book_id,rating,predict
5761,5819,4,3.081494635013028
5761,8024,2,3.3836000432562696
5761,8092,3,3.936290555315977
