user_id,book_id,rating,predict
5814,5043,3,3.507646268721947
5814,5618,3,3.4801312577732793
5814,6032,4,4.361809413343194
5814,6094,4,3.729804945664382
5814,6471,3,3.73195116038546
5814,6672,4,4.024786526134893
5814,6832,4,3.6203723368146834
5814,7738,4,4.469030049247726
5814,8550,3,3.411407103814049
