user_id,book_id,rating,predict
5817,1384,3,4.108616448070021
5817,2219,3,4.90046753408155
5817,2399,3,4.229439170591983
5817,2458,3,4.496489065671281
5817,2645,3,3.6506635509897865
5817,2666,4,3.6412324475453355
5817,2730,4,3.346849286289654
5817,2746,3,2.9111483038906867
5817,4972,5,2.9026620313781923
5817,6029,3,4.115428460680607
5817,6927,5,3.6700122355940583
5817,9722,5,3.1092818858489175
