user_id,book_id,rating,predict
624,1315,2,4.059078454038987
624,1635,5,4.2369366463471145
624,1797,1,3.9401098598430577
624,1895,4,3.3042441391244273
624,1969,4,1.247741857240218
624,7082,4,2.6462362753590694
624,7817,5,2.9252099806197025
624,8062,4,2.7842572058682333
624,9287,3,2.2605296267340615
624,9408,4,3.2101406423223215
624,9691,3,1.9258132481653543
