user_id,book_id,rating,predict
6445,6090,5,4.903092550736901
6445,7352,5,4.022824047602933
6445,7953,5,5.045406951636667
6445,9170,4,3.0875902679149934
