user_id,book_id,rating,predict
663,892,3,3.168952430153585
663,1380,5,2.7143880284955024
663,1788,5,4.512416585211069
663,1817,1,3.4389910442067215
663,1835,3,3.5576113513960665
663,2030,3,2.5181863859980034
663,2639,3,2.86442014959381
663,2754,3,3.3319021420120136
663,3025,1,3.7632141973398383
663,3280,3,3.262645884020618
663,5580,5,4.941456295598268
663,6959,4,3.516707802459737
663,8978,4,5.119345134306217
663,9566,5,5.129698948528265
