user_id,book_id,rating,predict
6849,4957,3,3.904680997149125
6849,5694,3,3.321599238605568
6849,7888,4,4.237015160365683
