user_id,book_id,rating,predict
6996,900,3,3.4875479868518715
6996,956,5,2.7448332246107885
6996,1921,3,3.2356836787037815
6996,1967,5,2.7395459328886034
6996,2024,3,2.732756534399566
6996,2026,3,2.5203862694329704
6996,2052,3,3.4835193245830736
6996,3930,4,3.2290042321393053
6996,5735,3,3.521153410408533
6996,6189,5,3.0186708175166705
6996,7045,3,2.626183444046881
6996,7833,3,2.8995880612045486
6996,8729,4,2.9549010946968597
6996,9472,3,2.5868755685263514
6996,9780,3,3.7843818779839733
6996,9803,2,3.0622378142649644
6996,9975,4,3.245940912256504
