user_id,book_id,rating,predict
7146,6222,3,4.892548494648215
7146,6528,4,5.830758579641604
