user_id,book_id,rating,predict
715,4055,5,3.3493905564094018
715,6456,4,3.84420903623941
715,7187,3,4.427297680909494
715,8232,4,3.3848850576261174
715,8382,3,2.359099182799808
715,8489,1,2.161854293750544
715,8529,5,3.4921053660233534
715,8930,3,3.611933706387524
715,9095,3,3.20641801910028
715,9743,4,3.1406064269621115
