user_id,book_id,rating,predict
7166,2829,3,3.1363065919238187
7166,4489,2,3.1850663125518195
7166,4879,4,3.418831600795397
7166,6355,3,3.4013278073661857
7166,7615,3,3.623545048152499
7166,7980,3,3.3042176465414927
7166,8342,2,3.488888155540057
7166,8379,2,3.199790012498898
7166,8417,3,2.697429543879888
7166,8499,2,3.538143529688762
