user_id,book_id,rating,predict
7188,1438,5,4.82388555764234
7188,1998,5,5.173192634738515
7188,2495,5,5.413042945394995
7188,2566,5,5.0659410248157775
7188,3612,5,5.216024788135004
7188,3680,3,5.076126388058225
7188,3886,5,4.592365561872862
7188,5455,5,4.888212474832584
7188,6595,5,4.654046974462359
7188,7549,5,4.921286221392785
7188,8186,5,4.88362797711071
7188,8464,5,5.0893091866047016
7188,8776,5,5.1305425659804875
7188,9453,5,5.337808383492293
7188,9934,5,5.128719650065309
