user_id,book_id,rating,predict
7221,6473,4,3.835999916257884
7221,8307,2,3.2519419799209204
