user_id,book_id,rating,predict
7696,7154,3,3.092272672254513
7696,7227,4,1.9438381890413279
7696,7251,3,1.9169639348673666
7696,7676,3,3.0302075844210337
