user_id,book_id,rating,predict
7802,2465,4,5.618318594389875
7802,2589,4,5.66082235155041
7802,2674,4,5.678352816680043
7802,6829,4,3.388473652769174
7802,7187,5,3.0025592256579436
7802,9631,2,3.6721531309945026
7802,9754,4,3.2199982243949345
