user_id,book_id,rating,predict
7922,1415,4,4.672214538528869
7922,2414,3,4.16975252360369
7922,2548,5,4.292389441709827
7922,2867,4,3.737603075867041
7922,2946,3,4.147596804250873
7922,3661,4,3.81260930425071
7922,4356,4,3.355445013919469
7922,6593,4,4.118560889030332
