user_id,book_id,rating,predict
8214,4710,3,5.093223292921506
8214,5508,4,3.3144826698669556
8214,5632,5,3.9410913571200936
8214,6887,5,3.664464163019612
8214,7164,5,4.258412585633034
8214,7423,5,3.9174867973448744
8214,7691,5,4.244410953439961
8214,7817,4,3.621775146061541
