user_id,book_id,rating,predict
8266,4344,5,3.5951173332182265
8266,4893,3,4.074537110271269
8266,5449,5,3.515079255096717
8266,7796,3,3.2252969200956203
8266,8658,4,3.6545468843229156
