user_id,book_id,rating,predict
8539,2906,3,4.505423892667362
8539,5948,1,2.9412194427363927
8539,6317,5,4.562721819876615
8539,7563,3,2.957251645337653
8539,7949,2,3.1518926961064953
8539,9722,3,1.4333354986888214
