user_id,book_id,rating,predict
854,4616,3,3.2697294724718184
854,5043,3,3.207466957140669
854,6854,3,3.666724709387986
854,7003,5,3.118293540815123
854,7474,4,3.4832837176521525
854,7549,3,3.062684512996347
854,8673,4,3.6543709123804087
854,8945,3,3.4609513149168145
854,9044,3,3.440933790707285
