user_id,book_id,rating,predict
8583,7780,4,4.998128097529028
8583,7940,4,4.001215593264808
