user_id,book_id,rating,predict
8590,1291,5,5.270736596145606
8590,1336,5,5.119946247520228
8590,1473,5,5.201994308326705
8590,4633,4,5.123483365689952
8590,8136,5,4.158309308278613
8590,8944,5,4.362603467200291
8590,9835,5,3.6496782263629965
