user_id,book_id,rating,predict
872,4346,5,3.7021977193634164
872,4482,4,2.9272574740010064
872,4625,4,3.7035206706631025
872,4919,2,3.2162010354519217
872,5649,3,4.716081557530149
872,5691,2,2.373681460131015
