user_id,book_id,rating,predict
8720,5256,3,3.395776130395475
8720,5553,3,3.473433894150383
8720,6679,2,2.3674185043286142
8720,6687,3,3.3819375927397357
