user_id,book_id,rating,predict
8745,4160,3,3.220702752258639
8745,5318,4,3.730040416001592
8745,6132,3,2.9850568464125593
8745,7001,5,3.2459987660892144
8745,7241,3,3.5793506441105905
8745,8763,3,2.9732674428555397
