user_id,book_id,rating,predict
8817,7025,4,3.752576596426633
8817,7684,3,4.11738771847914
8817,8848,3,3.4126262167382153
