user_id,book_id,rating,predict
8898,6446,3,3.599020869666484
8898,7307,4,3.479427619772851
8898,8547,4,3.446347652551678
