user_id,book_id,rating,predict
8970,4372,5,4.0866609855514255
8970,5645,4,3.211110696636505
8970,5893,2,3.190944545997635
8970,5939,4,3.122888306419242
8970,6813,4,3.0086094523905715
8970,7555,4,3.240408824679808
8970,7915,3,3.2447804680347923
8970,8153,4,2.9954427741359857
8970,8473,4,3.1982322796774056
8970,8875,4,3.0147937160917495
8970,9138,2,3.4429363140608666
8970,9514,2,4.022110556281716
