user_id,book_id,rating,predict
9339,1822,2,2.47983571498418
9339,3225,3,3.9974716207519276
9339,4045,1,3.2056798344281434
