user_id,book_id,rating,predict
9414,2536,4,4.755935061159805
9414,2766,5,4.444697289249442
9414,5202,5,4.5730550854638405
9414,5592,4,3.8873747265431957
9414,7227,5,2.796872537356769
9414,8485,4,3.1997228416558983
9414,9447,3,2.634858193041018
