user_id,book_id,rating,predict
956,2139,5,5.7561641488311945
956,6659,5,6.49761233934984
