user_id,book_id,rating,predict
9671,3436,3,3.071934713533851
9671,3733,4,4.227157248837768
9671,3867,4,3.398480062162875
9671,5286,3,4.061110971501913
9671,5553,3,3.279930541038021
9671,5663,4,3.7129133024695866
9671,5702,3,4.222362751800491
9671,5820,4,3.7561817372868793
9671,6033,3,3.962884949370957
