user_id,book_id,rating,predict
969,3828,4,3.6794735660403934
969,4960,4,4.8761762830432875
969,5865,4,4.670095663742561
969,5983,5,4.734135752458018
969,6688,3,4.479247165303618
969,7338,5,4.21939110975781
969,7651,3,4.86728492403606
969,8163,4,5.338917318885497
