user_id,book_id,rating,predict
9728,1125,1,2.0673899830598095
9728,1793,1,-0.3681553643173978
9728,2166,5,3.933558921118875
9728,5335,4,3.8655980003833657
