user_id,book_id,rating,predict
9819,5749,5,3.673792211371463
9819,7477,5,4.755439578487172
9819,8436,3,3.103710583886033
