user_id,book_id,rating,predict
9908,6527,5,4.427859629072009
9908,6642,5,4.559265772552045
9908,6720,5,4.576443099166905
9908,6992,4,4.006289133667364
9908,7649,3,5.2962198415009185
