user_id,book_id,rating,predict
9963,4834,5,3.7864773140955137
9963,5422,4,2.767052672785624
9963,7774,3,3.71940998741007
