user_id,book_id,rating,predict
9974,4566,5,4.841963483249704
9974,4723,3,5.198507054404873
9974,6317,5,5.5419063394200565
