user_id,book_id,rating,predict
1028,3678,5,3.650430611724484
1028,4835,5,3.767336698049409
1028,5477,5,3.7623781140160446
