user_id,book_id,rating,predict
10338,7444,5,3.1246009896625098
10338,7990,3,-1.4174828856712725
