user_id,book_id,rating,predict
10434,1559,4,3.498069339463523
10434,1696,4,3.7853587098337287
10434,5815,5,3.9356003857977884
10434,6550,1,4.045517761251159
10434,6861,5,3.793082919725077
10434,9013,5,3.997911328457873
10434,9096,5,3.8453323149862686
10434,9193,4,3.9720216078746553
10434,9937,3,4.316018152639672
