user_id,book_id,rating,predict
10451,2463,3,4.705227380905719
10451,2778,2,3.723568487147758
10451,4357,4,2.144183808938248
10451,6019,3,4.778136675197832
10451,7729,4,4.223329131837929
10451,9158,5,3.655469704047296
10451,9270,4,3.524226101991848
10451,9357,4,2.8358827584230015
10451,9395,4,3.7579532322830955
10451,9594,2,3.11989049861454
