user_id,book_id,rating,predict
10453,4945,3,2.9413153142576505
10453,7739,3,0.8866314499146469
