user_id,book_id,rating,predict
10576,1743,4,4.067019368875362
10576,1948,4,4.114339487898132
10576,1951,4,4.656347726608642
10576,5645,3,3.2909695729891557
10576,5660,4,3.9584386331853243
10576,6458,5,3.309449607163851
10576,6964,3,2.886379225625805
10576,7148,3,3.3400670133208004
10576,7157,5,4.8276084492148374
10576,7272,4,4.617774390635952
10576,7918,3,3.458230972045155
10576,8381,3,3.2958804008368676
10576,9166,3,2.2233426093914312
