user_id,book_id,rating,predict
10868,7436,5,4.68931345046191
10868,8210,3,4.301416670608823
