user_id,book_id,rating,predict
11122,1001,3,3.5381368155030763
11122,1092,4,4.064172494891903
11122,1610,4,3.945940896349208
11122,1877,5,3.369743972098803
11122,2212,3,3.578350200786414
11122,2367,5,3.9530341777869187
11122,2481,4,3.1876666853029323
11122,6257,3,4.107300673288604
11122,6639,2,4.042760769993718
11122,9065,2,2.9018956294471265
