user_id,book_id,rating,predict
11330,385,4,3.9922070798792806
11330,470,4,3.6951183470685436
11330,629,4,2.6818556595589897
11330,752,4,4.44506287263331
11330,842,4,3.9611659198045475
11330,886,4,3.991634771343701
11330,909,4,3.7788970662382577
11330,1002,4,3.9966944006574745
11330,1027,4,3.9620341286925576
11330,1054,3,2.886760029442196
11330,1174,3,2.883343506469666
11330,1235,5,3.6800218194047534
11330,1264,4,3.9226584627627483
11330,1308,4,3.9353008174553628
11330,3103,3,3.5293646967431864
11330,3186,4,4.1912396895940205
11330,5815,3,3.007576704443331
11330,6925,4,3.269287207584147
11330,7363,4,3.4230480061262782
11330,7651,4,3.28229021721218
11330,8977,3,3.185958198288707
11330,9163,4,2.670983200508225
