user_id,book_id,rating,predict
11442,3355,5,3.2923996572970005
11442,3693,5,3.260367934184476
11442,5570,4,2.31294003348759
11442,7750,3,2.911113735983658
11442,8062,2,2.7368511490231233
11442,8305,2,1.924323251670904
