user_id,book_id,rating,predict
11659,6138,4,6.611820690961629
11659,6972,3,4.852132500591287
