user_id,book_id,rating,predict
1187,920,3,3.235215948963342
1187,931,3,2.8915979708545723
1187,1046,3,3.2195628399928413
1187,1092,2,3.468533651394784
1187,1173,2,3.466729540275632
1187,1187,4,3.146877041810208
1187,1424,3,3.1875604653956597
1187,1482,4,3.354636158745528
1187,4834,2,3.0998344994927938
1187,5043,3,3.0952063257042015
1187,5553,1,2.8542412078607984
1187,6712,3,3.670571748457043
1187,6799,4,3.494589296042398
1187,7980,2,2.103554343178061
1187,8092,2,3.254312963039855
1187,8105,5,3.4810544668203702
1187,8258,3,3.3612783287142287
1187,8387,2,3.086709312374937
1187,8936,4,4.051626779697971
