user_id,book_id,rating,predict
11910,764,4,2.002909663057565
11910,781,1,1.6484132933036726
11910,991,4,2.524064359119313
11910,1081,3,3.353625009054442
11910,4674,5,4.23301115121329
11910,4694,5,3.898484689301195
11910,4769,4,3.964964604606727
11910,5631,3,4.156855958772303
11910,6355,5,4.169920610307884
11910,7087,3,4.034043374848025
11910,7582,2,4.070380440249214
11910,9419,3,4.273747340626891
11910,9464,3,4.07612473095393
11910,9715,2,3.945422649885686
