user_id,book_id,rating,predict
11931,6110,5,4.879197192022464
11931,6537,3,5.480968756002204
