user_id,book_id,rating,predict
12075,2784,4,2.768067399364275
12075,2790,4,2.5840059826492086
12075,3572,4,2.8481399712172877
