user_id,book_id,rating,predict
12140,3026,4,3.4826731786877647
12140,3448,5,2.8093556195843767
12140,4117,1,3.1976762207455804
12140,4966,3,2.927165875308112
12140,5524,4,3.941990629379965
12140,6555,3,3.368388789952428
12140,6884,3,3.8994393234510785
12140,6949,1,3.520578284398989
12140,7452,2,3.112358386399876
12140,7552,4,3.3243371983246086
