user_id,book_id,rating,predict
12276,659,3,0.8568121962618105
12276,849,2,1.7117579132192746
12276,1258,3,3.154417661804217
12276,1294,4,2.1420836766287317
12276,1301,3,3.208616099681149
12276,1388,3,3.32288740796777
12276,1407,3,2.943765067576742
12276,1514,4,3.909815294874425
12276,3645,4,3.0104432263458345
12276,4341,3,2.834817288189154
12276,4688,4,3.246049311774035
12276,5948,3,2.765954957371861
12276,6283,3,2.7866261142852613
12276,6620,3,3.0831094341820315
12276,6681,3,3.1705752294847844
12276,7307,3,3.697626974175158
12276,7372,3,2.6722877766276985
12276,8023,4,3.2421862581532745
12276,8393,3,3.8053153681896887
12276,8635,3,3.236655561474453
12276,9265,2,3.630051672388876
12276,9295,4,3.557478025723536
