user_id,book_id,rating,predict
12395,632,1,4.045375880600437
12395,928,5,4.263392955605108
12395,978,5,4.236556398323805
12395,1128,5,4.647345598641567
12395,1400,5,4.687764706457184
12395,1502,5,4.984178965088414
12395,1585,4,4.135121426109947
12395,1591,5,4.941003514518645
12395,1629,5,4.673661254825454
12395,1693,5,4.857153376775453
12395,1718,5,3.4644563008846694
12395,6597,5,4.2896649073217645
12395,7609,5,4.1315117965706065
12395,8278,5,4.676874522863441
