user_id,book_id,rating,predict
12460,7240,5,4.571101472901375
12460,7329,5,3.6647837086701864
12460,7529,5,4.827867089777797
