user_id,book_id,rating,predict
12485,2182,3,2.428691765134338
12485,2306,4,3.872717293153653
12485,4633,3,2.763615304402521
12485,5632,5,3.839800187247426
12485,6321,4,3.6116212298062744
12485,7423,4,3.94167776247727
12485,7924,3,3.7137710809533084
12485,8398,5,3.3679758466291916
12485,8851,2,3.686427774432052
12485,9066,4,3.8302414600134984
12485,9201,4,3.718529145740404
12485,9342,4,3.745500356392424
12485,9491,3,3.785496892447864
12485,9656,2,3.7548209721818093
12485,9817,2,3.8265111632430457
