user_id,book_id,rating,predict
12613,7587,2,4.00103841583465
12613,7929,4,4.911753006933633
