user_id,book_id,rating,predict
12647,1371,2,3.3316328340797234
12647,4699,3,2.9018476972088587
12647,6520,4,3.8860228336370413
12647,7417,5,4.215372389443788
12647,7522,3,3.840902855074394
12647,8433,3,3.976170579945303
12647,8731,5,2.858129856784421
12647,9403,4,3.2360688585100474
12647,9602,1,3.0813091988874177
