user_id,book_id,rating,predict
12901,580,4,2.4829666792178973
12901,4721,3,2.3556688410271
12901,4981,3,5.0354829049292675
