user_id,book_id,rating,predict
12928,2414,4,4.713450310114076
12928,4356,4,4.453693120200516
12928,7197,4,4.128915095198669
