user_id,book_id,rating,predict
13041,3260,4,4.949977210320578
13041,4211,5,2.7744827620424455
13041,4747,1,3.8774177499264777
13041,5979,3,3.08820904162348
13041,5987,2,1.309928099891394
13041,6771,4,3.838193039783002
