user_id,book_id,rating,predict
13581,5130,2,2.7140026234947663
13581,5477,5,1.3269978038590602
