user_id,book_id,rating,predict
13671,5174,4,4.085855944055539
13671,7107,3,4.182556234195546
13671,8024,4,3.754473946054371
