user_id,book_id,rating,predict
13828,1749,4,4.318017741139814
13828,4099,4,4.008357225224406
13828,5078,3,3.7149329422819966
13828,7201,3,3.2535832265598477
13828,7410,3,3.0845965484372737
13828,7684,3,2.960094283904332
13828,7785,3,3.1042478282889707
13828,7972,3,3.404140961393959
13828,8528,4,3.730368508588149
