user_id,book_id,rating,predict
13877,4693,4,4.399305683722647
13877,4954,4,3.4035237620424703
13877,6020,4,4.684902637470415
13877,6540,4,4.695888841118766
13877,7156,4,4.744725643597557
13877,7631,5,4.744802674436315
13877,8042,4,4.543526672458536
13877,8562,5,5.144740685532927
