user_id,book_id,rating,predict
1389,7757,3,2.4562967577935906
1389,8520,3,3.1023736267974176
