user_id,book_id,rating,predict
14068,4489,1,4.611808938134494
14068,7222,2,0.9674764242987619
14068,8638,4,2.7836499827381367
