user_id,book_id,rating,predict
14079,4778,5,4.473871066088918
14079,6075,5,4.953395348290046
14079,7058,5,4.471462247326006
