user_id,book_id,rating,predict
14086,3695,4,3.975404948669689
14086,5244,2,3.704141402843767
14086,5258,2,3.5627216788067155
14086,6085,2,1.9720871299079699
