user_id,book_id,rating,predict
14117,2474,3,3.0603334513529084
14117,4147,3,2.499886938132014
14117,4382,2,4.044922772747986
14117,4493,2,3.0836867614785155
14117,5897,4,3.4465210676422613
14117,6706,3,3.318918001132001
14117,6799,3,4.031435392370591
14117,7584,3,4.217356153845232
