user_id,book_id,rating,predict
14148,3211,1,3.4032057611186506
14148,3503,5,4.87223655670593
14148,6433,3,5.348426353415498
14148,6506,2,4.068526670476547
14148,6676,4,4.397562287347567
