user_id,book_id,rating,predict
142,6156,4,5.087446266810583
142,6889,5,4.670872502880014
