user_id,book_id,rating,predict
14247,3901,3,2.634644975737135
14247,5308,3,3.371713532010662
14247,5393,3,3.8789632635649895
