user_id,book_id,rating,predict
14252,3998,3,3.4127456427198393
14252,6158,4,4.202414040159641
14252,6234,3,3.512170179290548
14252,6931,3,3.581540105090561
14252,7384,4,3.756918867607719
14252,7872,3,3.416240712019747
