user_id,book_id,rating,predict
14595,1173,5,3.957740166885089
14595,1357,4,4.880396813585108
14595,2506,5,3.8921714360846984
14595,3400,4,4.388673330683375
14595,7896,5,4.531052216513151
14595,9530,4,4.0495816855323445
