user_id,book_id,rating,predict
14637,3637,5,3.837704749004317
14637,3842,5,4.7987229211241935
14637,3901,3,2.672186375972199
