user_id,book_id,rating,predict
1472,8636,2,2.725964975130747
1472,8783,2,2.5425880108203427
