user_id,book_id,rating,predict
14737,1614,4,3.193083725153774
14737,1652,4,3.7710119974558505
14737,1849,5,2.1694447504696246
14737,5016,4,3.2486611346807144
14737,5200,4,3.315800423252269
14737,5406,3,3.0471723990205337
14737,5697,4,3.1532708124523587
14737,6674,2,3.0845132602459193
14737,6747,5,3.3518268430996367
14737,6813,4,3.2645324150908577
14737,8197,4,4.365897602423848
14737,8298,4,3.6151534985780214
14737,9763,4,3.140461643082089
