user_id,book_id,rating,predict
14750,2236,5,4.418034100808169
14750,5029,4,4.193761597831561
14750,5919,5,4.313641687183701
14750,6503,4,3.5577344135565934
14750,8148,4,3.2665537769993005
