user_id,book_id,rating,predict
14779,6607,3,3.753078918572794
14779,6688,3,2.1857818449436444
14779,7277,4,3.628708262220365
14779,7855,4,4.247771722956425
