user_id,book_id,rating,predict
14957,4648,3,3.1661690000333964
14957,4693,5,3.7416027153160094
14957,4878,3,3.5205315309247642
14957,5000,4,3.6643914541438
14957,5611,4,3.6306272059523392
14957,5677,4,4.114677646028982
14957,6020,4,4.173895174658597
14957,6193,4,3.5765938961012242
14957,6203,4,3.491389376094534
14957,6221,2,3.053693064041549
14957,6540,5,3.749980588093718
14957,6667,4,3.8692728139627204
