user_id,book_id,rating,predict
15180,2236,4,2.3707698943427356
15180,3531,2,3.242037852341671
15180,4663,3,6.7359703846659045
15180,6138,5,3.6370193724792705
15180,6575,3,3.6784715992854786
15180,6584,4,2.934155842226009
15180,7067,4,3.498249065886094
