user_id,book_id,rating,predict
15199,2928,3,4.0749297382603
15199,6637,4,3.7298269842289065
15199,6750,5,3.444048378743796
15199,6770,4,3.761979862146868
15199,6791,4,3.5143309235579023
