user_id,book_id,rating,predict
15316,4126,3,3.100560642546225
15316,4342,3,3.0534403964773613
15316,4934,3,3.61228548551324
15316,5910,3,3.982797816786266
15316,6285,4,3.68274563852389
15316,6637,4,3.654541618746206
15316,8776,4,3.1103829115485047
15316,8875,3,3.3303252359261206
15316,8914,4,3.412883006787722
15316,9057,3,3.2135345109539575
15316,9070,4,3.6241063666309508
