user_id,book_id,rating,predict
15487,3260,3,3.881344055535112
15487,3888,4,3.8237066293597066
15487,4314,4,3.8995428368343035
15487,5566,4,4.211923057785342
15487,5811,4,4.391073046350696
15487,6260,4,4.422842456658503
15487,6596,4,4.394917271016881
