user_id,book_id,rating,predict
15662,2248,4,3.893048569625351
15662,4880,5,11.77806415346444
15662,5485,4,3.4591497873717074
15662,6231,4,3.759942271333913
15662,7265,4,3.7637651968374315
15662,8576,4,3.758497244576308
15662,9330,4,3.872021025786049
