user_id,book_id,rating,predict
15780,5783,2,2.8244233975199733
15780,8239,4,3.4193252365175195
