user_id,book_id,rating,predict
16007,3026,5,3.8838127357048187
16007,4147,4,4.18991569090766
16007,4199,3,3.751113499681196
16007,5441,3,4.043394131377591
16007,5964,2,5.390366067368851
16007,6575,3,5.399100785085488
