user_id,book_id,rating,predict
16156,6255,5,3.1587423643724013
16156,8019,3,3.156614882096956
