user_id,book_id,rating,predict
16200,4746,2,4.085785152964409
16200,5386,3,3.6242334304104746
16200,6191,3,2.996027332570667
16200,6607,4,2.7583822623947674
16200,7501,3,3.819694046473709
16200,7656,3,3.1161196581196275
