user_id,book_id,rating,predict
16259,5968,4,9.1122110742233
16259,6426,3,3.9362258007025916
