user_id,book_id,rating,predict
1627,1180,2,0.5443894025038485
1627,4769,5,2.402357945705077
1627,8367,4,2.667289771305007
