user_id,book_id,rating,predict
16654,3840,4,5.020644477205185
16654,5146,4,5.064318432209548
16654,6996,4,3.8504784093902655
16654,8262,4,3.73087151899389
16654,8996,5,4.419577019388164
16654,9576,5,2.4289339472543965
