user_id,book_id,rating,predict
16872,4918,5,4.173611132443701
16872,7389,4,2.7577886588824545
