user_id,book_id,rating,predict
16884,1747,3,3.7489822003495177
16884,2256,5,3.9123075319049674
16884,4136,2,2.9163492324001417
16884,4327,4,3.8441323458190135
16884,4482,5,4.345830137435516
16884,4945,5,4.910445219806103
16884,5142,3,3.7303814463807092
16884,5472,5,3.834337184774502
16884,5593,5,3.48904814405968
16884,5682,5,4.2137366453696785
