user_id,book_id,rating,predict
16946,1595,3,4.794356206520207
16946,6287,4,3.589881500551521
16946,6351,5,3.833702163290649
16946,7001,2,3.8176843698225893
16946,7424,5,3.717566336867532
16946,8352,5,3.6694308756248857
16946,8666,3,3.3340949621288782
16946,8974,4,3.67129476458136
16946,9896,4,3.0068225402187037
