user_id,book_id,rating,predict
17043,3986,4,3.3600237565187276
17043,6491,3,4.433483430413611
17043,7522,3,2.462321680026172
