user_id,book_id,rating,predict
17157,3842,3,4.0733517459689
17157,3895,5,3.730320776055573
17157,4833,3,4.483683066161109
17157,5200,3,4.096052720516486
17157,5266,5,3.8486661734382834
17157,5566,4,4.348354989379584
17157,5803,4,4.270586165845223
17157,5943,3,3.3367732465112594
17157,5965,4,4.0732037687372795
17157,6001,4,4.2712795717794325
17157,6086,4,3.584638734931258
17157,6239,4,4.3931527445316725
