user_id,book_id,rating,predict
17261,3606,4,3.737620010541443
17261,4136,1,3.4672416569421705
17261,4189,3,3.8033482032822765
17261,5140,4,4.679154243688342
17261,5489,4,4.3834067544047235
17261,5841,5,4.021767793415988
17261,7020,5,3.9142226298041525
17261,7385,3,3.8930694318848724
17261,7443,5,4.741908842222792
17261,7502,3,4.026994859800449
17261,7523,5,4.667132269579018
17261,7611,4,3.434903767487328
17261,7894,5,4.2617384684809725
17261,8262,4,3.6487720739018306
17261,8286,5,4.314308761440601
