user_id,book_id,rating,predict
17346,5994,3,4.979928745171108
17346,7602,4,4.557348433532582
