user_id,book_id,rating,predict
17503,7165,4,3.9889712688071444
17503,8342,2,2.998742015578384
17503,8897,4,3.98552950052527
