user_id,book_id,rating,predict
17592,2357,5,5.015780749488915
17592,2424,4,3.6557661489613373
17592,2498,4,3.914123937871424
17592,7131,4,4.304504281966073
17592,9100,5,4.568743575091974
