user_id,book_id,rating,predict
17679,564,5,5.471463143124894
17679,647,5,4.212271502193477
17679,784,5,5.1276563763731335
17679,787,3,4.686630402394704
17679,955,2,3.8518661121030817
17679,1072,5,4.673581626688548
17679,1579,5,4.618231310918435
17679,1587,4,4.749632016257897
17679,7399,2,2.6862614350538276
17679,8543,3,3.801235651064961
17679,8983,5,2.9178215356395087
17679,9497,2,2.575587493771777
