user_id,book_id,rating,predict
18155,2681,4,4.353911393757914
18155,4015,5,4.0721967350581885
18155,4663,4,5.200121096234466
18155,4981,4,4.150782445294974
