user_id,book_id,rating,predict
1831,622,3,3.2247676346300316
1831,1041,4,3.285335390921006
1831,1174,3,4.930784622227861
1831,1864,3,3.895690258246864
1831,2004,5,4.170952839593233
1831,2014,4,3.843180300811253
1831,2097,3,3.8650383728919597
1831,2481,5,3.859115062367404
1831,2521,4,3.4483739876797324
1831,2651,5,4.3285567694299525
1831,2716,4,4.171973264291298
1831,6604,4,3.986323962529742
1831,8094,4,4.195359770315839
1831,8576,4,4.5610611982344995
1831,8885,4,3.9412033174398964
1831,9044,4,4.636548156797948
