user_id,book_id,rating,predict
18411,1882,2,4.108675873146312
18411,1909,3,4.577782208736417
18411,6458,3,4.161494084897106
18411,9065,2,4.1489444241349585
