user_id,book_id,rating,predict
1849,5884,4,3.311573384879936
1849,6231,4,3.1614320293587124
1849,6295,4,3.2442088299314724
1849,7070,4,3.3001919009169898
1849,7278,4,3.3016452953494535
