user_id,book_id,rating,predict
18596,580,5,7.869031318011145
18596,1180,5,1.7193206388331572
18596,4769,4,3.009622144758456
18596,6392,3,6.428257198394408
18596,6456,4,5.151003215297697
18596,7562,5,5.246531444582439
