user_id,book_id,rating,predict
18623,4688,4,4.102121265181999
18623,5978,3,4.526479674459221
18623,6195,4,5.217751964448855
18623,6220,4,4.033515239142952
18623,7271,5,4.258008939377308
18623,7622,3,4.717129564433419
18623,7662,4,4.374473609166477
18623,8025,3,4.237307324068917
