user_id,book_id,rating,predict
18762,6971,4,3.538499330522498
18762,7287,4,2.3947135738642213
18762,7385,4,3.1472716155000016
