user_id,book_id,rating,predict
18820,2256,4,3.213680750080887
18820,3502,5,4.822661427790636
18820,3972,4,3.3574647965377222
18820,5136,4,3.9624457787834353
18820,5504,3,3.989540645835211
18820,5675,5,3.4118697407027407
18820,5869,4,4.123406566879172
