user_id,book_id,rating,predict
19098,4205,5,5.0438230026037765
19098,7849,4,4.754858378481991
19098,8168,5,5.237010997111957
