user_id,book_id,rating,predict
19124,2624,3,3.9661516066254032
19124,2646,4,4.099834602182397
19124,4071,5,5.052906582537468
19124,5469,3,4.565723099883154
19124,6956,3,3.100654958630623
19124,7887,3,3.840012743538243
19124,8575,4,4.368391448281254
