user_id,book_id,rating,predict
1920,564,4,6.588534583928156
1920,983,4,5.060185912850965
1920,1328,5,4.619962081120111
1920,1345,5,3.880632642531828
1920,1395,3,3.2210537203486145
1920,1499,4,4.816447361969044
1920,1688,5,3.0291386171685426
1920,1700,4,3.8626768457762317
1920,4856,3,3.5122523376084156
1920,5230,3,3.2295625209194228
1920,5553,5,3.1947905760119495
1920,5852,4,3.5768772661500594
1920,6090,4,3.6867542376278317
1920,6191,2,2.855709248879992
1920,6491,4,4.184152533620374
1920,6706,4,3.3838495798499313
1920,6905,5,4.174783234852148
1920,7087,3,3.1792063969994007
1920,7140,4,3.699898944743995
1920,7311,3,3.314780342254489
1920,7708,4,3.6953928766961104
1920,8582,4,3.5912212798895347
1920,8658,4,3.471176721613626
1920,8722,4,3.569764873959539
1920,9651,3,3.5620369176850932
1920,9787,5,3.6439585615169454
