user_id,book_id,rating,predict
19275,6108,4,4.131115953710367
19275,7543,5,2.7756186621685455
19275,8124,1,0.24495112089946014
