user_id,book_id,rating,predict
19304,3880,3,3.2434084422388842
19304,4174,4,2.835926445569703
19304,6098,4,3.534594470114919
19304,6986,3,4.806465969795717
19304,7085,5,3.771526863640106
19304,7206,2,3.2695833852344647
19304,7235,3,3.127003436081206
19304,7322,4,3.085954479482344
19304,7560,2,2.464649768258738
19304,7729,3,3.473179810066844
