user_id,book_id,rating,predict
19393,7614,3,3.4165383518081587
19393,9398,2,2.99791870962389
