user_id,book_id,rating,predict
19480,6757,4,4.179878765112045
19480,8168,3,4.52703994140029
19480,8636,4,4.480338192567278
19480,9429,4,4.444295461556077
19480,9653,4,4.225470064107037
