user_id,book_id,rating,predict
19564,5724,5,4.13540794000007
19564,6303,5,2.8455654729418027
19564,7255,5,3.966107408672164
