user_id,book_id,rating,predict
19720,5965,2,3.87179238703087
19720,6983,3,3.3552535485845603
19720,7780,5,4.664591867251859
19720,7940,5,4.079651385919503
19720,8208,3,3.756250718105097
