user_id,book_id,rating,predict
19748,5426,5,3.9161821606823497
19748,5850,4,4.149274861168148
19748,6494,4,4.589885686683411
19748,6979,4,4.319423653039801
19748,7488,5,4.016540044927247
19748,8110,5,6.577216894769039
