user_id,book_id,rating,predict
19889,6853,4,4.543496295237868
19889,7562,4,5.222508141414101
19889,7711,5,3.9107202815395388
19889,8284,3,4.255904044550235
