user_id,book_id,rating,predict
19941,449,5,4.817190537834513
19941,643,5,4.89164135349065
19941,783,5,4.9100132581087985
19941,805,5,4.96735540095232
19941,814,5,4.950597113041219
19941,1093,5,4.9700323081449485
19941,1304,5,5.047905700420772
19941,1351,5,4.9336160234477395
19941,1363,5,5.0971797067929945
19941,1394,5,5.111261736858687
19941,1450,5,5.099467840108983
19941,1461,5,5.001574429452439
19941,1535,5,4.942186697431655
19941,7143,5,5.037760884718214
19941,7804,4,5.057280828267344
19941,7887,4,5.083463236980177
