user_id,book_id,rating,predict
20192,2855,3,4.620369191855152
20192,4879,2,4.349831403127508
20192,5955,4,4.836796963589363
