user_id,book_id,rating,predict
20217,2752,3,2.26153543538425
20217,5485,3,2.139822463091482
20217,5618,2,2.3657216839121524
20217,6321,2,2.415453190560532
20217,6750,1,1.9490983580562886
