user_id,book_id,rating,predict
2026,2867,5,6.794825113138504
2026,5116,4,6.043137442043729
2026,5325,4,4.651864995172658
