user_id,book_id,rating,predict
20425,5585,4,3.476185499377465
20425,6010,3,2.9720482487518907
20425,6470,4,3.514050082656927
