user_id,book_id,rating,predict
20563,5635,3,4.54944920362812
20563,6584,3,1.1299818018912196
