user_id,book_id,rating,predict
20633,4043,5,3.5475603423508284
20633,4704,3,4.013223660464004
20633,6479,3,3.676000947564871
20633,6491,4,3.926178205360461
20633,6707,4,3.3146998689480545
20633,6799,3,3.5740577685351185
20633,7140,3,3.545642188414253
