user_id,book_id,rating,predict
20709,2169,5,2.0883525618663654
20709,6402,1,1.155202854864588
20709,7558,1,1.1349429039251469
20709,7759,2,2.104573284146073
20709,8626,3,2.373932824817316
20709,9361,4,1.6635162388809797
20709,9847,4,2.8912499845992055
