user_id,book_id,rating,predict
20733,8025,5,4.825338788126079
20733,8069,3,4.711205269695733
