user_id,book_id,rating,predict
20904,5733,3,5.386954536154999
20904,6532,4,5.260862592540788
20904,7306,5,4.165341665765917
