user_id,book_id,rating,predict
21229,5670,4,3.067588165744461
21229,5819,3,4.097793970560322
21229,8019,3,3.4178729742418463
