user_id,book_id,rating,predict
21370,7930,4,1.9397028651745771
21370,8063,5,1.6355936374370308
