user_id,book_id,rating,predict
21694,4910,5,5.237758909575961
21694,5887,5,5.057542930084947
21694,6339,5,5.077209494230167
21694,6388,5,5.013803900508217
21694,6464,5,5.111543031787755
21694,6979,5,4.814437895448955
