user_id,book_id,rating,predict
21846,4734,3,3.8407547459915032
21846,4766,3,3.694325293431408
21846,6263,4,3.7032577384458314
21846,6647,4,4.2652623674386065
21846,6972,3,3.5433083044299556
21846,8298,4,3.6480553731783294
21846,8543,5,4.166881758975524
