user_id,book_id,rating,predict
21982,753,4,2.4756731347242944
21982,1286,4,3.259505447845271
21982,1293,3,2.988451980718395
21982,1391,2,2.956079657446026
21982,1397,1,2.007390495726731
21982,1726,2,3.00489013663706
21982,1764,1,2.5364244748384634
21982,1827,3,3.3997256293658378
21982,1863,3,2.497978931229954
21982,1977,3,2.6870059028203013
21982,2007,2,2.989152128159648
21982,7919,3,3.5312962481902135
21982,8031,2,2.75518158783252
21982,8626,3,3.3551983579781877
