user_id,book_id,rating,predict
22033,3331,4,4.136842941272545
22033,7491,4,3.312678310598569
22033,8425,4,3.4483863463403246
22033,8594,4,3.715640276633657
22033,9643,3,3.8408153867685817
