user_id,book_id,rating,predict
22039,4502,5,3.284907961259359
22039,5023,4,1.9057473939999596
22039,6458,4,3.1810073385685866
22039,6604,4,3.004170007962809
22039,8932,3,4.037229349179951
