user_id,book_id,rating,predict
22239,564,4,1.5122326389923557
22239,667,2,1.8243045754786806
22239,717,3,1.988328995071088
22239,732,1,1.5303428308429452
22239,831,3,2.2911738362115956
22239,909,2,2.6508722684788815
22239,1244,3,2.770733652977672
22239,1297,2,2.5713948150038908
22239,1461,4,4.184952972228751
22239,3742,4,4.154309237893386
22239,5708,2,3.4422510855742696
22239,7943,4,3.822972818428078
22239,9069,3,3.98964230313888
22239,9327,3,4.065705514559635
