user_id,book_id,rating,predict
22296,4123,3,4.622380742360393
22296,7967,5,4.528717068815972
