user_id,book_id,rating,predict
22410,5704,5,3.8792767656213325
22410,6215,4,3.7764813998095006
22410,6688,4,3.876093505579088
22410,7277,4,4.1583631776153895
22410,7476,3,4.053184245244667
22410,7755,5,3.839629659550938
22410,8175,5,4.069128832496093
22410,8192,3,3.8414507852180457
