user_id,book_id,rating,predict
22444,382,5,3.901033075964724
22444,1383,5,3.881960916399146
22444,1843,4,4.050667850631215
22444,1875,5,3.7248478406761274
22444,2127,3,3.6580064378378103
22444,2260,4,3.7292870330579584
22444,2695,3,4.069169089432966
22444,2976,4,3.8105118953917088
22444,3100,4,3.963175395247114
22444,3274,3,3.885411484107546
22444,3279,3,3.6749929036950495
22444,3304,4,3.953684979092289
22444,3376,4,3.6636081791418915
22444,3398,3,3.597372721372691
22444,3743,4,3.4187997573014868
22444,3988,4,3.5948878101144466
22444,4010,4,3.352690220039685
22444,4042,4,3.4580970104186015
22444,4053,3,3.347398362393224
22444,4177,3,3.6336006651135575
22444,4180,4,3.6086773574876294
22444,4201,4,3.684022617765145
22444,4315,4,3.6962970474566568
22444,4375,4,3.6334581026635444
22444,4434,3,3.789909084711773
22444,4815,4,4.478440156179688
22444,5351,3,3.3037992380660466
22444,5492,4,3.7258778184341588
22444,5621,3,3.774224403747306
22444,5767,3,3.2925884245921493
22444,5816,3,3.3991313839156305
22444,5878,3,3.2122171421664616
22444,5991,3,3.5054600749899882
