user_id,book_id,rating,predict
22506,3377,3,4.222830789781684
22506,6727,3,4.046632148123331
22506,7251,4,3.8516650849451692
