user_id,book_id,rating,predict
22544,5733,4,3.180134569343891
22544,5884,5,3.4168015333113866
22544,5954,3,3.1961506055824422
22544,6532,4,3.145028805018134
22544,6592,4,3.161153981998925
