user_id,book_id,rating,predict
22623,5733,4,2.7302183332420364
22623,7306,3,3.705504310221511
22623,7465,3,3.8015184402327735
