user_id,book_id,rating,predict
22660,1527,5,4.576571049181839
22660,1726,4,4.0098250063673095
22660,2557,4,4.573897410952575
22660,3604,4,4.098136316255924
22660,4987,5,3.9669566651185537
22660,5102,3,4.013805240408319
22660,6040,5,4.2619502983016
22660,6608,2,3.8022120156808676
22660,7493,2,3.7926226177354985
22660,8923,4,3.539234093120468
22660,9003,4,3.874307801314357
