user_id,book_id,rating,predict
22761,2649,4,3.350608960480269
22761,4516,3,2.2737220007442738
22761,5116,3,3.5348376560512724
22761,6156,5,3.9124780787419575
22761,6316,4,3.8677516747340723
