user_id,book_id,rating,predict
22773,4004,1,4.22583759346501
22773,4441,5,5.020172400495908
22773,5256,4,4.027428075658692
22773,5978,4,4.598053138343122
