user_id,book_id,rating,predict
22798,5344,5,6.302960203476507
22798,9042,5,1.434874482236677
22798,9539,3,3.773708134366085
