user_id,book_id,rating,predict
22793,474,3,3.7963686436486936
22793,677,4,4.324506813808177
22793,900,3,4.314410542402078
22793,1090,3,3.8258309097617778
22793,1124,3,4.575633615223767
22793,4421,3,4.336187056470376
22793,4777,4,3.850695725090386
22793,4960,3,3.8753094467522278
22793,5460,3,3.9540907470319477
22793,5690,4,4.105223845914059
22793,5865,3,3.9576053978787433
22793,6156,3,3.7583762651693187
22793,7562,3,3.652691312209207
22793,8915,3,4.175848264018226
22793,8947,4,4.030128877850972
