user_id,book_id,rating,predict
22860,5791,5,4.839617268622466
22860,6292,5,4.340865712583279
22860,6703,4,4.964300788464385
22860,6941,4,4.924597727720677
22860,7167,5,4.903536082074664
22860,7618,5,4.459753327931978
22860,8244,5,4.3967117095174135
22860,8450,5,4.865277211578659
22860,8562,5,4.685950654795313
22860,8645,5,4.947093193231512
22860,9135,4,4.934371215962653
