user_id,book_id,rating,predict
2287,363,2,3.3758154804390546
2287,470,4,4.205565312647218
2287,634,4,3.819951718589145
2287,983,4,4.526482949756068
2287,987,5,4.457524139254803
2287,1044,4,3.7333050603251907
2287,1095,3,3.758545447009924
2287,1187,5,3.9991681798696748
2287,1198,4,4.119796399198634
2287,3481,3,3.7032882758149857
2287,4856,5,3.9908926733930694
2287,5254,4,4.049700450315114
2287,6033,4,4.021937793603574
2287,6394,3,3.7444396662364894
2287,6659,4,4.180179224868885
2287,6707,3,3.8165826324880023
2287,6905,5,4.224793875616429
2287,8013,4,4.156880976576263
2287,8385,4,3.7672286931374512
2287,8722,4,4.0091540656784606
2287,8960,4,3.5630207555222175
2287,8968,4,3.841235636536951
2287,9841,4,3.760103084000078
2287,9883,4,3.958160973139379
