user_id,book_id,rating,predict
22956,845,3,3.866260538850066
22956,4767,4,3.42071294027484
22956,5140,4,3.821558739624783
