user_id,book_id,rating,predict
23038,3421,4,4.368652902728034
23038,4763,3,4.263515506785051
23038,5189,4,3.771203307216639
23038,5699,3,4.2416647456759735
23038,6687,3,4.792213372797486
23038,7205,4,3.648499739377861
23038,7755,3,4.168419269504522
