user_id,book_id,rating,predict
23036,3215,5,5.21302149462143
23036,3382,5,5.175699093299047
23036,3408,5,5.1558213991237904
23036,3454,5,5.002837110252517
23036,7112,5,4.990163143041561
23036,7267,5,4.82789581104694
23036,7576,5,4.961588698104578
23036,7583,5,4.882300100299798
23036,7600,5,4.967752419999929
23036,7818,5,5.002408860900909
23036,8050,5,4.971685754026579
23036,9128,5,4.822161851465738
23036,9140,5,4.903608037827602
