user_id,book_id,rating,predict
23137,3405,1,4.575727607338625
23137,5246,5,4.160422814570493
23137,5266,4,3.993496337928639
23137,5594,4,4.5143398522394405
23137,5720,5,4.33282102993929
23137,5850,1,3.26055473566881
23137,5904,3,2.943743184739498
