user_id,book_id,rating,predict
23158,2638,4,4.5835458446791595
23158,4677,4,3.0283033002889654
23158,4902,4,4.416434063423881
