user_id,book_id,rating,predict
23318,6257,5,4.733595035859324
23318,6393,4,3.643346049660482
23318,7147,4,4.5480106310530415
23318,8160,3,4.717834171109109
23318,8524,4,3.384087063733784
