user_id,book_id,rating,predict
2374,6895,5,3.2690670054773183
2374,7022,4,3.2694241933878887
