user_id,book_id,rating,predict
23751,8023,4,5.060336088195939
23751,8926,5,3.6938418003385567
