user_id,book_id,rating,predict
23843,4615,5,4.488469628827507
23843,4787,5,4.150875994113191
23843,6300,4,3.710546293112032
