user_id,book_id,rating,predict
23855,580,4,0.006974311318316495
23855,1756,5,3.7556750776972514
23855,3041,5,4.73308927313306
23855,3881,5,4.665703732127573
23855,3939,5,4.37654046922435
23855,4071,4,4.2009114443012
23855,5119,5,4.497615715023056
