user_id,book_id,rating,predict
23869,2832,4,4.427543686135039
23869,2866,3,4.729971271862436
23869,3478,5,4.529256605849354
23869,8339,5,4.025575147953082
23869,8705,5,4.019307149332857
