user_id,book_id,rating,predict
24052,1554,4,4.237251707920081
24052,2108,4,4.031900387228262
24052,2168,3,3.586276850950473
24052,2257,2,4.033282238351502
24052,2484,3,4.277504900776706
24052,2586,5,4.1431545589144285
24052,4043,3,3.7584126652691507
24052,4729,3,3.9788845649272266
24052,7409,4,3.6500257415436663
24052,8738,4,3.5069112042559096
24052,8768,5,3.7402923438986937
24052,8923,3,3.4379786697633774
24052,9472,2,3.3067966853514847
