user_id,book_id,rating,predict
24238,6292,3,3.804104453194565
24238,6372,4,3.979887278651731
24238,6891,4,4.062694712745578
24238,7722,4,4.233624502127812
24238,7886,4,4.352664555616522
24238,7893,4,4.10617136224012
24238,8103,4,4.280837034385973
24238,8388,5,4.205449274867247
24238,8460,4,4.3867452319016715
24238,8645,3,4.359275314876272
24238,8667,3,4.134615462092603
24238,8709,3,4.152926075405524
24238,8872,4,4.425896554649562
24238,8909,5,4.18635357234232
24238,9047,3,4.331907759962108
