user_id,book_id,rating,predict
2426,2505,3,3.84502319547075
2426,2660,4,3.998059700751969
2426,2880,4,4.3338115438891665
2426,4252,3,4.152368998150765
2426,6240,4,4.0071308055670345
2426,6450,2,4.107800558849731
