user_id,book_id,rating,predict
24427,4352,4,4.975154033095943
24427,5538,4,5.077093570764891
24427,7038,5,4.849607645080769
24427,7446,5,4.834471011961749
24427,9216,5,4.971382238420465
24427,9330,5,4.7380784958210125
24427,9622,4,4.583203108528458
24427,9911,4,4.810199920989456
