user_id,book_id,rating,predict
2459,2442,2,3.0589985667017854
2459,4702,5,6.776624693116341
