user_id,book_id,rating,predict
24596,3270,5,4.135375360368787
24596,3603,4,3.234991047880326
24596,4117,3,4.141778782328781
24596,4356,4,4.110360760675905
24596,4740,5,4.809292511634958
24596,5812,5,4.355644253325402
24596,6157,4,3.386956113566944
