user_id,book_id,rating,predict
24645,6364,3,2.9007781855718773
24645,6693,5,3.0875691118956774
24645,8184,5,3.944634339387748
