user_id,book_id,rating,predict
24689,6596,4,4.459553049617287
24689,7126,4,4.3318975059042275
24689,7722,4,2.1207198310587168
24689,8005,2,4.332980514007977
