user_id,book_id,rating,predict
24751,3283,4,3.5275260039288003
24751,4405,5,4.670177706427697
24751,5918,3,3.538909214561614
