user_id,book_id,rating,predict
24760,582,3,5.934147557349897
24760,753,4,6.12851520083136
24760,1154,5,5.012897590496453
24760,1451,4,5.1447759797017065
24760,1623,4,4.765998015131552
24760,1950,5,4.511365821575836
24760,3123,3,4.150949012318693
24760,3645,5,4.082302664795976
24760,5312,5,4.108964535387855
24760,5806,2,4.392629753169401
24760,5976,5,4.239984233920084
24760,7270,4,4.32692113897393
24760,8160,5,4.020961283136622
24760,8688,1,3.581029345535716
24760,8826,5,4.097290595647225
