user_id,book_id,rating,predict
24799,4545,5,3.0043191773133513
24799,4940,5,3.2651865998079526
