user_id,book_id,rating,predict
24900,2161,5,2.3450500109059678
24900,3241,5,3.4101143057787673
24900,3447,3,3.475202809504262
24900,5442,3,3.890658736892809
24900,7157,3,4.725867752053569
24900,8695,4,4.0143572578389906
