user_id,book_id,rating,predict
25025,3502,4,1.8852662315545028
25025,3602,5,4.816919633682469
25025,4088,3,3.7788203748446385
25025,5430,4,3.964374080167352
