user_id,book_id,rating,predict
25050,750,4,3.6485171020631175
25050,1169,4,3.9627474505600553
25050,1556,4,4.023287092626599
25050,5521,4,3.9321796219555782
25050,5607,4,3.842461225368348
25050,6422,4,3.8559868446871794
25050,7724,3,3.924895031605781
25050,7932,3,3.8548103710940547
25050,8101,4,3.973822713009771
25050,9082,4,3.828478925277754
