user_id,book_id,rating,predict
25139,5820,5,3.3529503210905323
25139,5983,4,0.9356817106546602
