user_id,book_id,rating,predict
25179,1404,3,2.260878096939796
25179,2898,4,3.2253060149072663
25179,2990,4,2.6493967194375934
25179,5354,3,3.4489206102293384
25179,6128,3,3.3634771677100144
25179,6653,3,2.76320735918473
25179,7409,4,3.6765875866383895
25179,7649,4,2.5029787562048176
25179,8474,3,3.151088703883907
25179,8633,4,4.606564415359339
25179,8781,2,2.710959666760978
25179,9197,4,3.1868646442526276
25179,9731,4,3.121033454024581
