user_id,book_id,rating,predict
2526,1180,4,4.453674715091211
2526,4879,3,3.758703931975783
2526,5723,4,3.555223285825903
2526,5955,3,3.03462072997304
2526,6707,4,3.324226890733202
