user_id,book_id,rating,predict
25266,220,3,6.068077680940307
25266,592,5,4.2043879493488845
25266,756,4,4.448335761679232
25266,897,5,4.123489062628401
25266,913,5,4.030321635442111
25266,989,5,4.317152503895663
25266,1391,4,4.170301318867824
25266,1480,5,4.481335037742685
25266,1570,4,4.085102547168189
25266,1629,5,4.233404144672637
25266,1712,5,4.366855706458291
25266,1723,5,4.425043715888764
25266,1728,5,4.1724075125648366
25266,1815,5,4.471825755970511
25266,1857,5,4.497575055955383
25266,1901,5,4.596246085752982
25266,1945,5,4.343025773199123
25266,1946,5,4.417534022192695
25266,1979,3,3.991794279350347
25266,2007,4,4.23213837051598
25266,2030,4,4.955389480550835
25266,2066,4,4.258057589500061
25266,2105,4,4.443020882075065
25266,2195,4,4.189977487709603
25266,2210,5,4.144419892286427
25266,2287,5,4.44195167088408
25266,2339,5,4.1369743545333115
25266,2507,5,4.337840372841323
25266,2561,4,4.222056912370029
25266,2608,5,4.354051642870127
25266,2823,4,4.518165396391447
25266,2899,4,4.149116777877623
25266,2959,5,4.38579897623114
