user_id,book_id,rating,predict
25279,462,4,3.177021928794218
25279,7169,4,3.0389181486493673
25279,7392,4,3.8360136323031653
