user_id,book_id,rating,predict
25361,5649,3,2.017273993207163
25361,7912,5,1.153004610274446
25361,7962,1,1.990611167696278
