user_id,book_id,rating,predict
25411,1008,4,8.64486120735804
25411,2225,3,4.165449626537979
25411,2836,4,5.449395443919794
25411,2873,3,5.132335601090739
25411,3339,4,5.681434270882293
25411,3397,3,4.595734905744021
25411,3817,5,3.7521822671816247
25411,4399,2,0.5471550975212063
25411,9225,3,2.851538488109037
