user_id,book_id,rating,predict
2548,2132,4,3.73999621179917
2548,3695,3,3.366090065569087
2548,5996,3,2.9711295586996957
