user_id,book_id,rating,predict
2549,4615,3,3.3457521417803875
2549,4704,3,3.3448806167631298
2549,4957,4,3.618103605715482
2549,5369,3,3.5072424012310814
2549,5694,3,3.4963538106331216
2549,5704,2,2.328950011704366
2549,5968,4,3.6392370134012637
2549,6352,3,3.501219278080896
2549,7129,4,2.281668630248732
2549,8193,3,2.5299144807688054
2549,8496,4,3.0399413429617166
2549,8776,4,3.635872264531475
2549,8822,4,3.641488161366773
2549,8981,4,2.4740059438524415
2549,9453,4,3.805388703559146
2549,9488,4,3.656545511846888
