user_id,book_id,rating,predict
25518,3998,3,3.452242738177186
25518,7430,5,4.281484192667361
25518,7541,4,4.179774710372612
25518,8791,5,2.583142532742369
