user_id,book_id,rating,predict
25556,6037,4,3.9823284052889547
25556,7987,5,3.952063354076563
