user_id,book_id,rating,predict
25650,4331,4,2.614304375714996
25650,5524,5,2.655970093678186
25650,7540,5,2.19240124575788
