user_id,book_id,rating,predict
26031,3825,5,4.217123931861285
26031,4184,3,3.83532232524409
26031,8157,2,3.370838997998277
