user_id,book_id,rating,predict
26160,4281,2,5.209406380694227
26160,6595,3,4.22288116673326
26160,6939,5,4.700911542215763
26160,7417,5,4.698697104830961
26160,7439,3,5.228809853357619
