user_id,book_id,rating,predict
26408,5542,3,3.7287166064048023
26408,5965,4,3.632898125646714
26408,6499,5,6.510495293243055
26408,6520,5,3.696308082901263
26408,6635,4,3.7050453970362383
