user_id,book_id,rating,predict
26430,5714,5,4.268707390370926
26430,6855,4,3.182035245194783
26430,7446,5,4.6433549001382906
26430,8078,4,4.939431063332178
26430,8112,5,5.185910722283114
26430,8506,4,3.90228334274665
26430,8594,4,3.420736047040293
26430,9499,5,3.410399959657493
26430,9699,4,3.2091502250541892
