user_id,book_id,rating,predict
26615,5735,4,3.700718232614283
26615,6218,5,3.5094721734459555
26615,6431,4,3.7222532621757876
26615,7082,4,3.913509053403467
26615,7788,4,3.9629455340381363
26615,8291,4,3.8025181205177234
