user_id,book_id,rating,predict
26645,4272,4,4.004646825856549
26645,4735,3,4.980615585205929
