user_id,book_id,rating,predict
26667,3542,5,3.636178041230619
26667,3783,5,2.119358781279963
26667,4397,3,4.276509029133793
26667,4748,5,4.158340704272465
26667,5094,4,3.3630299315419676
