user_id,book_id,rating,predict
26720,2100,3,4.695025902805488
26720,4173,3,3.843214180530001
26720,4826,5,3.6029418528976223
26720,4951,4,4.209373323988636
26720,5884,4,2.7038324721916007
26720,6630,4,3.8693538215102476
26720,6890,4,4.44904764063441
26720,6976,5,3.7292554059252936
