user_id,book_id,rating,predict
26741,1475,3,4.4084652025775215
26741,2033,5,4.537362528893222
26741,2292,5,4.535452916569005
26741,3093,4,4.692015572601184
