user_id,book_id,rating,predict
26742,2171,2,2.0329659999256995
26742,4189,5,2.734793440088154
26742,4398,4,1.911705504408176
26742,6200,2,2.6968544641867616
26742,6324,2,2.334060001959505
26742,6533,3,2.8298715386335855
26742,6898,4,5.3347948475476095
26742,6975,2,2.3160163182002913
26742,7146,4,2.0334294325082998
26742,7841,2,2.723748338016556
