user_id,book_id,rating,predict
268,5065,5,4.405016608429835
268,7474,5,4.3410509625108205
268,8094,5,4.3274776625545845
268,8143,4,4.297147541348004
