user_id,book_id,rating,predict
26975,8876,5,5.246426236838455
26975,9210,5,3.9594377520841464
