user_id,book_id,rating,predict
26990,370,4,3.677893060792135
26990,1032,5,4.111823126186152
26990,1245,4,4.370541785787724
26990,1397,4,4.161013295970346
26990,1399,4,5.229684287389873
26990,1456,5,3.9549832391959567
26990,1611,5,3.829705602759707
26990,1626,5,4.229806788799133
26990,1634,5,4.270073308622799
26990,1733,4,4.19640656239982
26990,1760,5,4.400011275748427
26990,1764,4,5.079899657363405
26990,1862,5,4.208476765404956
26990,1864,3,3.9443470306524615
26990,2017,5,4.182023083280867
26990,2125,3,4.202423807960851
26990,2181,4,3.825087832588735
26990,2291,4,5.078676377605841
26990,2472,4,4.0941300393598725
26990,2619,4,5.0881694329164215
26990,2640,5,5.0428275704909336
26990,6708,5,3.46920662571262
26990,7539,4,4.234927435631318
26990,7613,5,4.61653400903534
26990,7927,4,4.370292383828849
26990,8213,5,5.162707403144508
26990,8575,3,4.227403081537897
26990,8783,3,3.8633452044905034
