user_id,book_id,rating,predict
27107,7380,4,5.598351125063116
27107,7439,3,4.254828650010237
27107,8283,3,5.6463138413443
27107,9243,5,5.1748442147491485
27107,9804,3,4.309082724020097
27107,9960,5,4.500616384616076
