user_id,book_id,rating,predict
27213,2291,3,2.929969687826973
27213,2619,3,2.9297888786378676
27213,2624,3,3.234751148531288
27213,5307,3,3.3134972591299983
27213,5671,3,3.0525579180321327
27213,6781,3,3.604260407152865
27213,7517,4,3.8697236022221304
27213,7573,5,3.1934547335390033
