user_id,book_id,rating,predict
27410,7467,3,3.8376570411640847
27410,9306,5,3.0710040928660014
