user_id,book_id,rating,predict
2778,3678,3,3.304193849182356
2778,4835,3,3.8852350615860214
2778,5130,1,2.877064259356347
