user_id,book_id,rating,predict
28118,5730,5,2.439641055995074
28118,6658,2,1.7026843796499267
28118,6800,2,3.1576185056491997
28118,7485,4,2.6218400641361157
28118,8398,3,1.9544608777396768
28118,8455,5,3.1619337849121503
