user_id,book_id,rating,predict
28110,7786,3,2.888982561431739
28110,8134,3,3.7736304646880967
28110,8236,3,3.8076597016721685
