user_id,book_id,rating,predict
28341,702,4,1.6492117178508303
28341,1309,4,1.7209032515903941
28341,1514,3,3.5373580491221466
28341,1758,3,2.7537898716990656
28341,1797,4,2.917600415152931
28341,6283,2,3.7255050757433907
28341,6405,4,3.819794757410264
28341,7944,4,3.4697026210745427
28341,9324,3,3.491080094846663
