user_id,book_id,rating,predict
28527,5405,3,4.923592523201588
28527,6446,3,4.5309717166717505
28527,6713,4,4.677470152290276
