user_id,book_id,rating,predict
29004,6893,3,2.1155562235201053
29004,6928,4,2.7685544659846633
