user_id,book_id,rating,predict
29071,2868,4,3.1997162819361784
29071,3486,4,3.439403729311409
29071,3637,3,3.3748702780290367
29071,4446,4,3.711122717903597
29071,5803,3,3.294463217701187
29071,6239,2,3.2680028323552306
29071,6332,3,3.3280787475076092
29071,6635,3,3.3993080038388923
29071,6735,5,3.394865014970042
29071,6950,5,3.54462059063748
29071,7475,3,3.128065049787639
29071,7780,3,3.8969183468297492
29071,7940,3,3.5542587348989696
29071,8082,2,3.2853314307990793
29071,8134,4,3.68110896244826
29071,8266,5,3.4470531372857964
29071,8844,3,3.624466676321603
29071,9149,5,3.5066002955058595
29071,9362,5,3.5599665425646494
29071,9382,3,3.6180723039334364
29071,9527,5,3.3020024230449114
