user_id,book_id,rating,predict
29121,7978,4,3.085253787994342
29121,9421,4,3.0480658559904112
