user_id,book_id,rating,predict
29238,4270,5,3.7135263946820536
29238,5812,3,3.751864472989903
29238,6101,3,3.213206742470972
29238,6272,4,3.7260365425061766
29238,6989,4,3.441922578981619
29238,8438,3,3.7248836176832976
