user_id,book_id,rating,predict
29340,4840,2,-0.031500212521990756
29340,6952,2,0.09782888716240778
