user_id,book_id,rating,predict
29427,1558,5,8.172672678319161
29427,7384,5,3.015889031950715
29427,9831,2,2.713729818370675
