user_id,book_id,rating,predict
29443,5246,2,2.8966949362836774
29443,5511,4,2.5861346235341642
29443,6270,4,2.351236990350349
29443,7197,4,2.3076147343735167
29443,7780,2,2.2095981842140886
