user_id,book_id,rating,predict
2952,7247,4,3.5402381859749856
2952,8243,5,3.373397766095348
2952,8400,3,3.804931625863651
2952,9213,4,3.568585883812653
2952,9722,1,4.705463454497271
