user_id,book_id,rating,predict
29535,2934,5,2.9590886908346556
29535,5369,3,3.827999160916201
29535,7557,4,0.6682696376163884
