user_id,book_id,rating,predict
29688,2028,5,4.854781182660693
29688,2103,5,4.8406050520435056
29688,2181,5,4.804293484899268
29688,2235,4,4.617471565054865
29688,2297,4,4.454069446240711
29688,2311,4,4.701625664092805
29688,2523,5,4.970633908490722
29688,2541,5,4.998935844996966
29688,2582,5,3.997344598989427
29688,2846,5,4.784954426390147
29688,6429,5,5.244922552247118
29688,9021,3,7.110161493177296
