user_id,book_id,rating,predict
29749,1793,3,2.6229285527625623
29749,3225,5,4.531357121852789
29749,3409,3,3.5002165585374767
29749,4951,5,4.5569653127951915
29749,5318,3,3.396349638693626
