user_id,book_id,rating,predict
29813,6081,4,4.813426215147756
29813,8293,3,4.43872434992492
