user_id,book_id,rating,predict
29819,1245,3,3.272883460649239
29819,1607,4,3.873344218629688
29819,1815,5,3.9409816516869416
29819,2034,5,3.413476274457212
29819,2098,2,3.4872132813416212
29819,2107,5,3.5591242973460226
29819,2284,5,2.3847875738507165
29819,2419,3,3.5503608319158904
29819,2552,3,3.308706945627357
29819,2574,3,3.654463681628445
29819,2578,4,3.093387834258504
29819,2691,4,3.1824743258943546
29819,2890,3,3.4801850516428834
29819,2931,3,3.099028724367142
29819,2939,5,3.811614597929899
29819,2942,3,4.014983885657655
29819,2975,5,4.1127330995065705
29819,3007,4,2.751641067373674
29819,3070,3,2.6251557414714286
29819,3090,3,2.7727402992073293
29819,3091,5,4.119306156736943
29819,3216,1,3.140267642111538
29819,3237,3,3.7170878736483393
29819,3254,5,2.8714114230721117
29819,3322,3,2.865739083917825
29819,3333,3,3.1374521075999358
29819,3511,4,3.6718098042981904
29819,3519,5,3.9729705261470416
29819,3613,5,3.92847000629066
29819,3642,3,3.0029645953212527
29819,3772,5,4.245454826902491
29819,3794,5,3.6713109561951884
29819,4040,3,3.2253037365759774
29819,4057,3,2.3426546362808804
29819,4062,3,3.841200190456057
29819,4081,1,1.971886613324014
29819,4129,3,3.3698410915733055
29819,4368,5,3.67209526191769
29819,4385,4,3.7469366762867775
29819,4447,3,3.235279606668728
29819,4519,5,3.1896452366501262
29819,4810,3,3.430662377091945
29819,4979,3,2.7071438922960867
29819,5231,4,2.5075082899517187
29819,5336,3,3.614549136518163
29819,5734,3,3.772789134339906
29819,6049,4,3.3447554817747602
29819,6375,2,3.631254679070318
29819,6425,5,4.094917458819946
29819,6453,4,3.744838751335435
29819,6726,4,2.173871032387857
29819,6917,3,2.0479185904937416
29819,6944,2,3.322169445244803
29819,7466,4,3.026545061813583
29819,7541,2,3.1760492500332154
29819,7808,3,3.1982114388405742
29819,8731,2,2.4062627191579713
29819,9119,5,4.008357321392822
