user_id,book_id,rating,predict
29853,3885,4,4.040024458011736
29853,4184,5,3.997883827969099
29853,4414,4,4.93987064789797
