user_id,book_id,rating,predict
29953,1729,4,5.362546187440872
29953,1982,5,5.233361104698921
29953,2218,4,4.983331219395332
29953,2309,3,3.1684088817469234
29953,3013,3,2.570848267753132
29953,3147,4,5.185076649767068
29953,5838,2,3.0651152089501785
29953,6207,4,3.5320865031424526
29953,7003,3,2.3720025140707586
29953,7987,4,4.117655153968701
29953,8222,3,3.3047007250091003
29953,8339,3,4.10332139179131
29953,8705,3,4.179710255211663
