user_id,book_id,rating,predict
30052,3146,4,1.4379876291384468
30052,5132,2,3.660798736047389
30052,6304,3,2.9829268622133225
30052,6799,4,3.4192514460724146
30052,7070,5,4.125713740844436
30052,7278,5,4.137110953295501
30052,7293,3,3.0393386769179846
30052,7307,4,4.3029977504760595
30052,7485,5,3.7521848205258848
