user_id,book_id,rating,predict
30143,462,2,0.8653453101192934
30143,1756,2,2.68328394667317
30143,2022,3,2.127716868127208
30143,2572,4,2.8622483523029745
30143,4054,4,2.782019280218358
30143,4785,3,2.50616734378263
30143,5704,4,2.5575211919957184
30143,6219,3,3.331010252765865
30143,6709,4,3.6646192418355614
30143,6996,5,3.3286926224373588
30143,7987,5,3.696792052170583
