user_id,book_id,rating,predict
30204,3438,1,1.1887381920998514
30204,4676,3,2.8102020099672864
30204,5053,5,2.8670775329269613
