user_id,book_id,rating,predict
30309,3629,5,3.5761195421446037
30309,3651,3,3.722248582182112
30309,4179,4,3.783193603666687
30309,5213,2,3.528097254644943
30309,5291,2,3.5919954044847584
30309,5670,2,4.145990344438973
