user_id,book_id,rating,predict
30410,5794,5,2.7669096493150325
30410,7671,4,2.8125491772767566
30410,7827,4,2.786536296645503
