user_id,book_id,rating,predict
30567,4723,3,5.009707883002069
30567,7550,5,3.963325631152086
30567,8043,4,4.0060992276323395
