user_id,book_id,rating,predict
30894,3606,3,3.3146651767751187
30894,4389,5,4.471421084877397
30894,5745,5,4.561694169844314
30894,5841,3,3.5762689504184486
