user_id,book_id,rating,predict
30964,3430,5,4.8102577058823925
30964,4436,5,4.679425881432106
30964,5078,4,4.924151788185275
30964,5427,5,4.700188566497102
30964,7192,5,4.6311260543033805
30964,7201,4,4.679816928134134
30964,7992,5,4.7567442955835455
30964,8180,5,4.733169095964641
