user_id,book_id,rating,predict
31022,2457,4,4.238232798669858
31022,4300,4,4.061806487924125
31022,6679,4,3.1722835787328383
31022,9145,4,3.1656772635691883
