user_id,book_id,rating,predict
31057,2263,4,4.837932359238133
31057,4482,1,4.3545606991798005
31057,5075,4,4.355621453456247
31057,5849,5,4.840941601627223
31057,6461,5,4.427346250376887
