user_id,book_id,rating,predict
31242,382,3,3.140979625270727
31242,392,3,0.8335546609688822
31242,434,2,1.071767546859843
31242,435,4,2.9382414304534983
31242,548,4,2.215166072537742
31242,583,3,0.8947564304395934
31242,645,4,2.02418657007752
31242,685,5,2.65836685477586
31242,797,5,2.477681544654297
31242,2070,2,3.5717307943007226
31242,3430,3,3.4388412509794377
31242,4436,3,3.582524644458435
31242,6301,5,3.3085214568168273
31242,6470,3,3.1265230919515705
31242,7192,4,3.345045881942693
31242,7526,3,3.14645609741673
31242,7905,3,3.2877239550813635
31242,7992,3,3.457202216220113
31242,8190,2,2.1809553958394585
31242,8797,4,3.4346896004234493
31242,8800,3,3.6146960317004644
