user_id,book_id,rating,predict
31447,2166,4,3.3767411898857826
31447,3235,3,3.7738710371750344
31447,3661,5,4.0670314605360245
31447,4366,4,3.543829691484655
31447,4953,3,3.223443158694838
31447,5471,2,3.7883135690171432
