user_id,book_id,rating,predict
31723,1125,3,2.1881216433600166
31723,1793,1,3.4079810654804463
31723,1822,2,3.1319374599617555
31723,2171,3,3.150681781359259
31723,2511,5,2.986155810008703
31723,2749,1,3.566537639118259
31723,3225,3,4.566365210073923
31723,4045,2,3.618541894023127
31723,4353,3,3.229092782892746
31723,4693,4,3.703220285819396
31723,5335,5,4.9051925655408155
31723,5423,3,3.3790801824856267
31723,5525,3,3.0996261951512585
31723,5572,3,3.621878235725231
31723,5594,1,4.634713009506977
31723,5677,4,4.761146414713342
