user_id,book_id,rating,predict
31725,2457,5,4.4145035922024105
31725,3624,4,4.390769262987904
31725,4207,4,4.300927917895042
31725,5393,4,4.5432256012535275
31725,5455,5,4.412347238702875
31725,5769,5,4.482698890359377
31725,6691,3,3.704136770760467
31725,6755,4,4.057883022106797
31725,7121,5,4.371664153664593
31725,7325,5,4.229250536303041
