user_id,book_id,rating,predict
31856,3041,4,7.733107687228293
31856,4186,4,4.708858227372186
31856,5606,4,4.431936317795449
31856,7524,5,4.349145218501233
