user_id,book_id,rating,predict
32068,3757,4,3.1616205562169437
32068,4036,3,3.5157559140027033
32068,6376,4,3.943846251302849
32068,6422,4,3.4567045592369148
32068,6638,5,3.947211874004
32068,7184,4,3.866885584942598
32068,7841,3,3.876986394433825
32068,8194,4,4.34425885079933
32068,9057,3,3.7648270614503954
32068,9237,4,3.4352132608898818
