user_id,book_id,rating,predict
32108,5790,4,3.9979146130773966
32108,6328,5,4.001093180039948
32108,8405,4,3.9799642455083224
32108,8586,3,3.9973990637596515
