user_id,book_id,rating,predict
3227,8950,5,3.9568506053355352
3227,9036,2,4.031805996320245
3227,9240,2,3.638111749600866
