user_id,book_id,rating,predict
32296,956,5,5.585367244910965
32296,3645,5,4.2842095540595
32296,5831,5,4.060646208897016
32296,6298,5,5.282571853723723
32296,6518,4,4.554187308608724
32296,7142,5,4.267250482490998
32296,7507,5,3.9095781468194897
32296,7905,4,3.6019536157586227
32296,8168,5,4.873564311999321
32296,9232,5,4.070045318973746
32296,9452,5,4.3908323834058125
32296,9620,4,4.598368341483568
32296,9988,4,4.070780085245786
