user_id,book_id,rating,predict
32353,7317,4,4.995856077590557
32353,7640,4,4.997584294570402
32353,8010,4,4.99676660205207
