user_id,book_id,rating,predict
3244,3572,4,3.46938756160732
3244,5939,4,3.882293411200293
3244,6060,3,2.8045368060529294
3244,7555,3,3.8636149062090492
3244,8521,5,4.063091023138294
3244,9084,4,3.29016425029544
3244,9294,4,3.817252982268436
