user_id,book_id,rating,predict
32469,1769,3,4.4065492554834815
32469,1994,4,3.681058854680765
32469,2656,2,2.919455929315549
32469,5815,2,3.505250338544291
32469,6522,3,3.649070252708312
32469,7202,4,3.311199424272786
32469,8657,3,3.4089951337308015
32469,8762,4,3.2429768109787376
32469,9295,5,2.8021778819082286
