user_id,book_id,rating,predict
325,5849,5,5.204010123572536
325,6351,2,2.1228879982481472
325,8239,3,3.263609915999983
325,9790,2,4.269714640404654
