user_id,book_id,rating,predict
32524,4750,4,3.4383609654485703
32524,4767,3,3.3065133010283723
32524,5532,3,3.79603423565735
