user_id,book_id,rating,predict
32703,870,5,2.7535957643408504
32703,920,3,4.788669618022499
32703,1404,4,3.3323287759126856
32703,1482,3,4.993523529804238
32703,1512,5,3.9993890088669533
32703,1522,3,5.309507674674935
32703,1538,4,4.806835310527907
32703,1610,4,4.609209968388112
32703,1723,5,3.8009263211189923
32703,1854,4,4.408403893989665
32703,2037,4,4.9459579845603585
32703,5379,3,4.119941291502255
32703,6264,4,4.31292474316167
32703,6577,4,4.1887968603221974
32703,8324,3,4.0032561962521624
32703,8417,4,3.9795422135363574
