user_id,book_id,rating,predict
32873,3225,4,3.907165648835777
32873,6253,5,4.067425283058715
