user_id,book_id,rating,predict
33024,4397,5,4.932417352364364
33024,6567,4,5.097735956679015
33024,7293,4,3.5716256918582454
