user_id,book_id,rating,predict
33193,5854,4,3.6941804261097597
33193,6072,3,3.982505976102228
33193,8820,4,4.429915087360363
33193,9678,3,4.079271676090866
