user_id,book_id,rating,predict
33239,7235,2,3.063597227857385
33239,7702,4,6.934800020452924
33239,8453,4,1.7251520188620368
