user_id,book_id,rating,predict
33396,2572,3,5.094423907459138
33396,3181,5,2.1879797014605313
33396,3499,3,5.017175238655814
