user_id,book_id,rating,predict
33403,845,3,4.713186755844191
33403,1166,5,4.548662691568501
33403,3347,5,4.3106805927187075
33403,3888,2,4.334006008858124
33403,5114,3,3.7872334685087012
33403,5913,3,4.076990807684861
33403,6051,5,4.338298628286152
33403,7104,3,4.06758501698903
33403,7363,2,4.206525061562712
33403,7745,5,5.035654525662239
33403,8270,3,4.305317338956596
33403,9352,3,4.038121260661463
33403,9490,4,4.337436970463092
