user_id,book_id,rating,predict
33480,3833,5,3.0052470518541967
33480,4585,4,3.006036675985404
