user_id,book_id,rating,predict
3361,1988,4,4.2674231910730365
3361,2852,4,4.5704898641918685
3361,3074,5,4.351383023807967
3361,3532,4,4.105403644401333
3361,7197,4,4.063211351958095
3361,7900,4,4.5557537655647895
3361,8598,4,4.435478874734412
3361,8655,4,2.5776534148695958
