user_id,book_id,rating,predict
33635,5146,5,4.678568566406752
33635,5354,4,4.850992504110034
33635,5399,5,5.043035915256866
33635,5580,5,4.929139501171171
33635,6025,5,4.945389052581609
33635,6033,5,4.859581660805139
33635,6639,3,4.919575300127739
33635,6827,5,4.67940576067072
33635,7008,5,4.848163232237506
33635,7169,5,4.911297706782502
33635,7651,4,4.988644761984825
