user_id,book_id,rating,predict
33653,1389,4,4.4023789711615855
33653,1645,3,3.6198473480117976
33653,8874,3,1.848984788638095
33653,9070,3,2.554899411313525
33653,9857,4,3.794665353266905
