user_id,book_id,rating,predict
33680,1372,5,5.13965458747797
33680,1647,5,5.330561007096746
33680,2588,5,5.115012435279722
33680,3538,5,4.8760905062291435
