user_id,book_id,rating,predict
34102,4449,4,4.728941370162122
34102,4750,5,4.788384468036745
34102,5140,4,4.5777240957821315
34102,5430,4,3.8915909499941206
34102,5790,3,4.44536265551329
34102,6935,2,4.383607529488202
34102,6945,4,4.753223696077873
34102,7357,2,4.370176418513618
34102,7556,3,4.270712020590586
