user_id,book_id,rating,predict
34127,6413,4,5.060194295046185
34127,6866,4,4.137954874355801
34127,7292,5,3.315971259983753
