user_id,book_id,rating,predict
34131,4803,4,4.334158982612347
34131,6637,5,4.073128003748808
