user_id,book_id,rating,predict
34175,2956,5,4.91088902577051
34175,4648,5,4.7679345731336
34175,5888,4,4.450679124309168
34175,5998,5,4.903594858391454
34175,6464,4,4.625133757609785
34175,6506,5,4.268324242415161
34175,6789,5,5.150240983070563
34175,6983,4,4.48014511436866
34175,7433,5,4.221879197253925
