user_id,book_id,rating,predict
3434,990,3,3.3092752137562953
3434,3129,3,3.802072469509528
3434,3896,3,2.698088236786745
3434,4367,3,3.4243788819697243
3434,4370,4,3.6526157249127325
3434,4395,3,4.207448202070864
3434,5551,3,4.550354736384898
3434,6548,3,3.7082381200136574
3434,6713,3,4.320663749126236
3434,7028,3,3.9057510843881467
