user_id,book_id,rating,predict
34357,6013,2,3.9966283326649643
34357,6520,4,2.9953928045503835
34357,7099,4,4.137344426562079
