user_id,book_id,rating,predict
34421,4824,5,2.5711440327283563
34421,6737,3,0.7255760488071243
34421,7199,2,3.1857815334373605
34421,7279,5,3.8649504036130975
