user_id,book_id,rating,predict
34583,3587,5,4.5251235728106876
34583,4958,3,4.251894015901314
34583,5714,3,3.903316358119916
34583,6446,5,4.341713860213226
34583,6713,5,4.359400230614917
34583,7987,4,4.1565844096802795
34583,8056,4,4.153931461907758
