user_id,book_id,rating,predict
34601,517,5,1.344685487557697
34601,1004,1,3.9391716185122636
34601,1066,5,3.7770984997918484
34601,1080,5,3.09437120163683
34601,1165,4,2.9132250666482067
34601,1284,5,3.8977728037072903
34601,1297,3,3.932582099431071
34601,2511,1,2.4023609982854914
34601,3783,4,2.8596067188701166
34601,5724,3,3.5341671978308877
34601,6434,4,3.3209313042000264
34601,6952,1,2.8617157958306745
34601,7956,3,3.042127638453115
34601,8942,4,3.0097764240609473
34601,9497,2,1.7812321602560217
34601,9513,1,0.4468940407565736
34601,9616,3,2.7166386888972682
34601,9917,5,2.9629469478370716
