user_id,book_id,rating,predict
34610,4666,4,3.4500485602440847
34610,4674,5,3.8692531329528426
34610,5628,5,3.9687861621628873
34610,6264,4,4.243348272405992
34610,7140,3,3.877960943215715
34610,7988,3,4.01573739305
34610,8184,4,3.9235311432742686
34610,8385,2,3.7657976188727735
34610,8690,4,3.8113136760423454
