user_id,book_id,rating,predict
34676,7659,3,3.709276952402689
34676,7726,3,4.290129372158817
34676,8061,5,3.6850302467522518
