user_id,book_id,rating,predict
3468,1684,3,4.3757358751935795
3468,2129,4,3.4581415940152422
3468,2646,4,3.1921505291399566
3468,2755,3,3.401334874035648
3468,2889,2,3.0433351514611457
3468,2898,3,3.5922740657882515
3468,3137,3,3.058638976877984
3468,5244,3,3.640940662794918
3468,7251,3,3.2171231824916386
3468,8401,4,3.512811410614392
3468,9653,4,3.1021907573970275
3468,9877,3,3.1680201811507094
