user_id,book_id,rating,predict
34768,1303,5,4.283962896853133
34768,2158,5,4.873346051480347
34768,2289,5,4.590792060437983
34768,2397,5,4.932780591620398
34768,2523,4,4.777564526305246
34768,2553,3,4.767689275527889
34768,2616,4,4.558595214055394
34768,2721,5,4.9676842546946345
34768,2857,4,4.340708524036626
34768,2954,5,4.581043874264716
34768,2988,4,4.657799303936321
34768,2993,4,4.605897008674171
34768,5354,4,4.589216553460194
34768,6848,5,4.456379058741785
34768,7459,5,4.476996336584245
34768,9602,4,4.587683234572494
34768,9778,5,4.678858256196164
