user_id,book_id,rating,predict
34777,4792,3,3.192748282183681
34777,5038,4,3.325273186103839
