user_id,book_id,rating,predict
34875,580,4,4.604527944948508
34875,4205,5,2.4650941240965154
34875,4531,5,2.528193317673428
34875,5312,1,1.0631013103590843
