user_id,book_id,rating,predict
35423,5170,5,4.066253892009679
35423,5736,5,4.710095450886411
35423,6145,5,3.914923866269855
35423,6881,3,4.85630285127231
35423,7190,3,5.443950028103734
