user_id,book_id,rating,predict
35532,3863,5,5.15593854650506
35532,4073,5,5.109627180391305
35532,4604,5,4.794417887461545
35532,5272,5,5.155563775348537
35532,5546,5,5.195477168102527
35532,5651,3,5.029144724247388
35532,5821,5,5.240448367547234
35532,5850,5,4.71414851216918
35532,6205,5,5.449730555676252
35532,6493,5,5.002002258338203
