user_id,book_id,rating,predict
35745,6567,4,3.1191871151314503
35745,6603,3,2.1824016583736343
35745,8390,5,5.060602330583136
