user_id,book_id,rating,predict
35818,4344,5,2.7910670570094815
35818,7843,2,3.5557102363459157
35818,8024,3,3.4953099095030957
