user_id,book_id,rating,predict
35878,708,3,4.119711999367289
35878,1085,3,3.60836932271028
35878,1100,5,4.417659172973778
35878,1125,4,3.869367414981626
35878,1793,1,3.569668808624866
35878,1822,2,3.7569576533817735
35878,2171,3,3.7882844783104126
35878,3493,3,3.4821580679161475
35878,4353,4,3.741214942884132
35878,4756,3,3.7992146694594062
35878,5423,4,3.793218703450173
35878,5505,4,3.712485211470603
35878,5525,4,3.8130171482556197
35878,5851,2,3.5962085315590144
35878,6134,3,3.5685545110903325
35878,6200,5,3.8762015855316387
35878,6306,5,3.725654644294929
35878,6324,4,3.7531384096228937
35878,6399,3,3.7429562226009456
35878,6533,4,3.7415038831613527
35878,6975,4,4.133432951932983
35878,7619,3,3.610548979911452
35878,7918,4,3.4565735475946413
35878,8003,1,3.3222270299198815
35878,9288,2,4.1941708719996855
35878,9628,4,3.6564710120908823
