user_id,book_id,rating,predict
35991,3103,4,3.6521134171620013
35991,5562,4,3.6040812557304225
35991,6664,4,4.286783332737148
35991,7271,4,3.3509230216926973
35991,7338,5,3.928636341708768
35991,7573,4,3.4975457678191604
35991,8035,4,3.6157978246894174
