user_id,book_id,rating,predict
36232,5183,2,3.9485656890170215
36232,6145,3,5.924732787464865
36232,7705,4,4.204673841133742
