user_id,book_id,rating,predict
36259,3260,3,3.4347161326494953
36259,3888,4,3.164608264614702
36259,4604,2,3.571933967016011
36259,5362,1,3.2137318650415523
36259,5757,2,3.037978285281535
36259,7220,5,3.0535273567226984
36259,7284,2,2.977518062749715
36259,7387,3,3.2416901600464394
36259,7554,2,3.175813717131684
36259,8196,5,3.123095550890408
36259,8200,3,2.945810212786669
36259,8231,3,2.974792197437293
36259,8586,3,3.213926742283679
