user_id,book_id,rating,predict
36375,3347,2,6.260351897507154
36375,4372,4,4.4770698118922345
36375,5489,3,3.617114459281499
36375,6115,4,3.542722799244294
36375,6136,4,4.164814941397115
36375,6248,3,3.760407862405787
36375,6433,4,3.924497100799873
