user_id,book_id,rating,predict
36427,4189,1,1.0459249323142144
36427,5765,3,3.8389089692589975
36427,6738,3,4.003057285921567
36427,6852,4,0.5799344375959647
36427,7640,5,2.900372021375591
36427,7921,3,3.1405390539632037
