user_id,book_id,rating,predict
36425,5631,3,3.627384680869128
36425,6429,4,4.142628626412866
36425,6755,3,3.6035697896833265
