user_id,book_id,rating,predict
36489,6026,4,3.6104405898857443
36489,6370,4,3.845712123477905
36489,6522,4,3.7615320776270744
36489,6525,3,3.2792118480513928
36489,6803,3,3.4871297825521195
36489,7202,4,3.512610042727437
