user_id,book_id,rating,predict
37019,1335,3,4.016955140941189
37019,1653,4,4.314408585300092
37019,1766,5,3.3032668249569177
37019,1863,5,4.425183274889491
37019,1889,4,4.20805479628053
37019,1917,2,0.7117542781525521
37019,5414,4,3.2935719860334145
37019,5566,4,3.2557442536528693
37019,7325,5,2.8345477898781395
37019,7788,3,2.8743302665544874
37019,9868,3,3.1979898772328808
