user_id,book_id,rating,predict
37074,3103,4,3.7021227241893646
37074,6396,4,4.022506261466817
37074,6734,3,4.171100220268446
37074,7176,3,4.636221876197058
37074,7650,3,4.23343593599839
37074,9634,4,2.957785499247632
