user_id,book_id,rating,predict
37209,2443,4,5.666395381514038
37209,3165,4,4.407499975700706
37209,3637,2,4.842873152404722
37209,5803,4,4.331781579441101
37209,5815,5,4.5301784114391435
37209,6203,5,4.834962848676791
37209,6339,4,4.7641865186109005
37209,6635,4,4.923653602614944
37209,6986,4,4.665027907713849
37209,8031,4,4.931963313021151
