user_id,book_id,rating,predict
37661,2585,4,4.914928470808912
37661,2886,5,3.6529383317837385
37661,2894,5,4.262359416754271
37661,3506,4,3.328108165207598
37661,3854,1,4.017732927035499
37661,3981,5,4.711583834508031
37661,4415,5,3.662103587078813
37661,4484,5,4.62806847510484
37661,4930,5,3.8973547668778106
