user_id,book_id,rating,predict
37677,5244,3,4.579267244239904
37677,5379,5,4.2511777819354
37677,5762,4,4.300901401226669
37677,6206,2,4.53836439612082
