user_id,book_id,rating,predict
37695,1100,5,4.177218112718708
37695,1187,4,5.091655174380599
37695,1400,4,4.387683312789722
37695,1790,4,4.256468688964606
37695,1866,3,5.442665941702615
37695,1911,5,4.105258795537364
37695,2018,3,3.618317672224621
37695,2037,3,4.465560071933699
37695,2048,3,4.114270549311967
37695,7545,3,3.0487506668475204
37695,8895,2,3.017030555546551
