user_id,book_id,rating,predict
37881,2146,3,4.540915998836141
37881,3283,4,3.2330773979282847
37881,3347,3,4.406486790200049
37881,4484,4,3.828795571741804
37881,4710,3,4.029465672452617
37881,5184,4,4.48244417784432
37881,5442,5,4.478590584496807
37881,6077,4,4.3511068934654755
37881,6537,3,4.1634122320759595
