user_id,book_id,rating,predict
37897,622,4,3.9857275354932025
37897,683,5,4.102500257285095
37897,1174,3,3.7367719201195833
37897,1192,3,4.349083317642442
37897,1345,4,4.104037615307219
37897,1414,4,4.219293356953932
37897,1471,4,4.610230647061657
37897,1568,4,4.537935160781052
37897,1666,3,4.494982814585656
37897,1680,3,4.244539901345177
37897,1717,5,4.599173946720637
37897,1749,3,4.187320980429548
37897,1817,4,4.726313927718658
37897,1966,4,4.528154527104974
37897,2037,3,3.9331947447257973
37897,2052,3,3.9967719971697075
37897,2076,4,3.398787705575118
37897,2103,4,4.397264604457112
37897,2158,4,4.828238356549976
37897,2159,4,4.537301842833534
37897,2168,5,4.857788874597326
37897,2221,4,4.712790934434834
37897,2238,5,4.388107661593469
37897,2332,4,3.9635989587452665
37897,5375,5,4.151551310865375
37897,5917,4,4.127048877662591
37897,8300,4,4.0127330461067245
37897,8899,4,4.232237294577507
