user_id,book_id,rating,predict
38094,6269,5,4.686238145995311
38094,6689,5,4.8758602580103245
38094,7064,5,4.935633556883676
38094,7533,5,4.608138561020694
38094,7536,5,4.841680732918885
38094,7718,5,4.80073328476453
38094,8076,5,4.816300518257258
