user_id,book_id,rating,predict
38151,5455,4,2.5820689858739674
38151,5526,3,2.4228629924663463
38151,6608,4,2.161401600210219
38151,6755,4,1.4179055770300175
