user_id,book_id,rating,predict
38179,3931,5,4.021170073250671
38179,5846,5,3.9960700325877925
