user_id,book_id,rating,predict
38306,2744,5,4.078076507891531
38306,5944,4,4.85654087306182
38306,7364,5,5.082124109342187
