user_id,book_id,rating,predict
3850,385,4,3.126621625673562
3850,870,5,3.87812678015855
3850,1046,3,3.121409746738129
3850,1442,3,2.9431266919238386
3850,1615,5,3.158853661098178
3850,1688,3,2.956221858873957
3850,3129,4,3.511546685540071
3850,6866,4,4.022637607227526
3850,7430,4,5.066775240879458
3850,8671,3,3.672804338071021
3850,9587,4,4.181693760655348
3850,9999,3,3.7743256809993064
