user_id,book_id,rating,predict
38548,2110,5,4.980950334288284
38548,5285,3,4.2020699519494835
38548,8517,1,1.3174012032902844
