user_id,book_id,rating,predict
38599,3629,4,3.5157632878640763
38599,4486,4,5.433246135446186
38599,5009,4,2.6663276161810616
38599,5249,4,4.99647903553047
38599,6055,3,4.5557835865166725
