user_id,book_id,rating,predict
38766,169,5,3.9440054921001195
38766,443,5,4.535612065078457
38766,504,5,4.852058554928668
38766,615,4,4.55351923624324
38766,831,4,4.5222913030636365
38766,927,2,4.613341074957521
38766,1351,5,4.515337003098837
38766,1391,5,4.5108305625778975
38766,1535,5,4.547226027413268
38766,1669,3,4.604003116414184
38766,1678,4,4.478400383972831
38766,1718,5,4.495504616693199
38766,1725,3,4.390265535865728
38766,1741,5,4.328569912655231
38766,1766,5,4.562560043105434
38766,1827,5,3.93672164691922
38766,1968,5,4.49182154803359
38766,1977,5,4.542601623339743
38766,2019,4,4.536283243255364
38766,2054,5,4.499846328563837
38766,2235,4,4.382109122841612
38766,2240,3,3.983845752060433
38766,2270,5,4.531534602266463
38766,2343,5,4.540333842883339
38766,2381,5,4.58395632788928
38766,2420,5,4.574979315906989
38766,2473,5,4.493936348009064
38766,3497,5,4.463975719443238
38766,3536,5,3.9224029325205225
38766,3663,5,4.458828787492092
38766,3910,5,4.463470626433355
38766,4194,5,4.457323942692217
38766,4256,4,4.527132125268799
38766,4965,3,4.500487374096863
38766,5260,3,4.556313299753163
