user_id,book_id,rating,predict
38881,4161,5,4.750918656175027
38881,4399,3,3.5590589886866275
