user_id,book_id,rating,predict
38899,6540,4,1.7543990478463702
38899,7736,4,2.3157942641223688
