user_id,book_id,rating,predict
38974,1304,5,4.236657136356183
38974,1341,5,3.91603158253777
38974,1363,4,4.444148169440159
38974,1394,3,5.277898660980279
38974,1412,4,4.818583477830989
38974,1429,3,3.9906136866959723
38974,1450,5,5.264397853965521
38974,1602,5,4.513662907137235
38974,1630,5,5.116310860083978
38974,1690,3,3.690491529972429
38974,1808,4,3.7840064120174217
38974,2006,4,3.5198275909971426
38974,2081,4,3.8024781667868477
38974,2125,3,4.340281729920001
38974,7993,4,3.247281896377633
