user_id,book_id,rating,predict
38992,4004,5,4.642224533251659
38992,4796,4,3.7878631946734687
38992,6593,5,3.412214592781738
38992,6693,4,1.984514691224561
