user_id,book_id,rating,predict
39048,3139,4,2.224851769136146
39048,6446,4,2.6454335886841935
39048,8281,4,3.6774457652672328
39048,8786,3,3.541279408563245
39048,8963,4,3.256660627774636
