user_id,book_id,rating,predict
39142,1327,5,3.6970598196130022
39142,1484,4,4.249909516521449
39142,1485,2,3.8477234602104846
39142,1565,1,2.843197146311076
39142,1676,5,3.114011061862249
39142,2066,3,3.9189780759538992
39142,2157,5,4.017629790464936
39142,2257,5,4.1981685125481185
39142,2259,5,4.150140258050269
39142,2284,4,3.6977957160643946
39142,2370,3,4.0680341993256475
39142,5332,4,4.018532444471281
39142,6128,5,3.987837525491898
39142,7307,3,4.050059439969469
39142,8432,4,4.229778673597838
39142,8577,3,4.092369630003287
39142,8635,3,3.8781808538282685
39142,8879,2,4.064242471921127
