user_id,book_id,rating,predict
39162,4826,3,3.6789460468384836
39162,6822,5,3.9393349056312488
39162,7176,3,4.290327474468303
39162,7210,3,3.7522585074410584
39162,7459,4,3.788719340136486
39162,7648,4,3.310769799149401
39162,9455,3,4.183425931976585
