user_id,book_id,rating,predict
39221,1036,4,3.9783940133506377
39221,1134,4,3.564713760319872
39221,1143,4,2.3543769282163884
39221,1165,3,2.516831108784736
39221,1219,3,2.9833678472675746
39221,1285,3,2.5123304936475916
39221,1542,3,1.7114985339986029
39221,2868,5,3.4691848125586775
39221,4450,3,3.608492758209159
39221,5584,3,3.6198018993157044
39221,5854,3,3.58771783210499
39221,5888,2,3.6930302260826045
39221,5998,4,3.711523037512901
39221,6343,4,4.044787191502069
39221,7303,4,4.171741816861651
