user_id,book_id,rating,predict
39317,6391,2,3.157748904309166
39317,6402,2,2.273577986466549
39317,7546,3,2.8978101282946946
39317,8134,3,3.1182025237112327
