user_id,book_id,rating,predict
3934,4699,4,3.869787040030475
3934,6231,3,3.2900047979394267
3934,7028,4,3.115086283579715
