user_id,book_id,rating,predict
39499,7790,5,5.1990961977223655
39499,8447,2,3.0468393234688524
