user_id,book_id,rating,predict
39670,2511,3,2.9675587346761056
39670,4902,5,4.524318620747592
39670,5184,3,3.2065445311974745
39670,6359,5,4.865761659457149
39670,6428,4,4.1644950511658125
39670,6872,3,3.838208105156615
