user_id,book_id,rating,predict
39732,6794,5,4.930268626668839
39732,6859,5,4.762346674843846
39732,6977,5,5.161333018458579
