user_id,book_id,rating,predict
40068,2638,2,0.7908850429972825
40068,3233,3,0.908521611772064
40068,3331,2,0.47314981037236903
40068,4663,3,0.8152859119419866
