user_id,book_id,rating,predict
40071,3849,4,4.189083266778243
40071,3954,4,5.641887022140389
40071,5202,4,3.982402358705638
40071,5280,4,3.612241678751877
