user_id,book_id,rating,predict
40104,1724,3,4.373557149645929
40104,3742,2,4.206344487846123
40104,3783,3,4.092506145035927
40104,5489,3,4.460916694339538
40104,5811,5,5.230969038749312
40104,6136,3,4.335161414184502
40104,7222,5,4.452965648038962
40104,7558,3,4.174269593253795
40104,8462,4,4.458756421048321
40104,8493,3,4.31720693691089
40104,8749,5,4.3255982011277165
40104,8910,4,4.263567448802463
40104,9179,4,4.2478705205057254
40104,9218,3,4.347622070243327
40104,9926,4,4.308816682537737
