user_id,book_id,rating,predict
40110,1263,3,2.3903114904775875
40110,2140,3,3.597531484141174
40110,2189,3,3.884935362478796
40110,2728,3,3.2758340436651445
40110,2825,5,3.9884000778829987
40110,2828,4,3.41160499691241
40110,3013,3,2.672811032866196
40110,7824,2,2.9767494427273196
40110,8755,4,3.176559654882259
40110,9257,4,3.8159751909326785
