user_id,book_id,rating,predict
40159,1761,4,3.777035503210317
40159,5420,3,4.739686124656221
40159,6065,4,4.831839665344086
40159,6567,3,4.947676441675537
40159,6673,5,4.929952434350757
40159,6857,3,4.861576692778626
40159,6984,4,4.26465827506315
40159,9737,4,4.985155673419305
40159,9975,4,4.975161392228284
