user_id,book_id,rating,predict
40308,5618,3,2.7439171074617663
40308,6432,1,2.2765895534920118
40308,6479,2,1.7890554745269354
40308,6646,3,3.3032236889732816
