user_id,book_id,rating,predict
40387,4071,5,2.0374184097757113
40387,5948,4,4.263857454224583
40387,6013,2,3.705851031469963
