user_id,book_id,rating,predict
40521,5529,3,4.837194012740338
40521,5873,4,4.8762747807635005
