user_id,book_id,rating,predict
40532,2070,3,2.3442172776282124
40532,2966,3,2.997241451694186
