user_id,book_id,rating,predict
40636,1992,4,4.976613908862553
40636,2442,4,5.875339214825855
40636,2635,2,5.372935316636404
40636,4262,5,5.142535141853996
40636,4364,5,2.5097985922447887
40636,4823,2,3.6272289501516592
