user_id,book_id,rating,predict
40641,6450,1,5.526208778289148
40641,6681,4,3.096134712955044
40641,6976,5,4.385022115553582
40641,7070,3,4.273133737444958
40641,7278,3,4.197846881760521
40641,7360,5,3.2260669271698452
40641,8194,5,4.131969067246322
