user_id,book_id,rating,predict
40983,3603,4,1.0097099250727355
40983,4740,5,-0.8788950407391347
