user_id,book_id,rating,predict
41053,6360,3,4.947363017071411
41053,7665,3,5.034052586452704
41053,7689,5,3.023141319509408
