user_id,book_id,rating,predict
41339,279,3,0.2968740428951997
41339,537,5,3.596857112677262
41339,817,5,3.947170202315706
41339,858,4,3.1475204591160137
41339,892,4,3.2167934033558003
41339,932,3,3.689598006816933
41339,1008,3,3.751834714369545
41339,1032,4,3.3888186679508676
41339,2139,4,4.038627049396814
41339,2310,5,4.322691274375048
41339,2442,3,3.761892921074245
41339,3305,4,3.5224392030820533
41339,3733,5,3.8236618722671443
41339,3742,4,3.5618442070496674
41339,3810,3,3.4876563569255077
41339,4059,5,3.1848622670496947
41339,4783,4,3.795395896140354
41339,4953,3,3.8018817553844952
41339,5675,4,4.023531672893136
41339,5786,3,3.573718056138657
41339,6071,2,3.8633139620842782
41339,7028,4,3.944289502524632
41339,7873,5,3.8075129383011324
41339,7900,3,3.368070317248674
41339,8034,4,3.5774933915282077
41339,8081,4,3.6206926149213903
41339,8705,5,3.6454847803245736
41339,9029,4,3.4854343633136504
