user_id,book_id,rating,predict
41408,3211,3,3.250461659739708
41408,3418,4,3.2654132929322373
41408,4388,3,3.610607145796181
41408,5474,3,3.2228401905404924
41408,6120,4,2.5495103230486142
41408,7050,3,5.103154654073087
41408,7374,4,4.409399361247713
