user_id,book_id,rating,predict
41458,2872,4,4.676257424399511
41458,8649,4,4.205687630173075
41458,8731,4,3.2856210945435618
41458,9065,4,2.753035457573234
41458,9519,4,2.5784440446353236
