user_id,book_id,rating,predict
41576,5183,4,3.175364828762729
41576,7792,2,3.2740630632773073
