user_id,book_id,rating,predict
41834,220,4,5.863701270263517
41834,989,4,4.540494299879455
41834,1511,5,5.369906183883793
41834,1555,5,4.284477195372522
41834,1717,5,4.655977270000045
41834,1829,3,4.586378056735116
41834,1881,5,4.441924592311965
41834,1963,5,4.390011246038517
41834,2066,4,4.383180466351482
41834,2093,5,5.368732375043106
41834,2098,4,4.283906641393222
41834,2158,5,4.426816695676086
41834,2361,5,4.391808404514033
41834,2458,5,4.681038272778821
41834,2461,5,4.7915126101712495
41834,2490,4,4.192512278585397
41834,2624,5,4.344117702908387
41834,2655,5,4.7923379276035005
41834,2713,4,4.691297471748911
41834,2730,5,4.462472688873006
41834,5508,5,4.566856960866202
41834,6456,5,4.210332233877341
41834,9043,5,4.322220880418937
41834,9622,5,4.223312562843108
41834,9640,5,4.276544784708527
41834,9819,5,4.243573078098052
