user_id,book_id,rating,predict
4190,6364,3,3.06768966637364
4190,7842,3,3.4323590771593135
4190,7874,4,2.1425576472542955
4190,8416,2,3.794569876858008
4190,8600,5,1.8923200270271148
