user_id,book_id,rating,predict
42226,6713,4,3.120724637071242
42226,7559,4,3.1343367252436223
42226,7979,4,2.6914228778425664
