user_id,book_id,rating,predict
4236,548,3,0.9104048863458627
4236,647,2,2.972417749255078
4236,931,3,0.9457705924454705
4236,1044,3,2.821811092595851
4236,1046,4,2.900148488951421
4236,1072,2,2.5955265421747074
4236,1081,4,2.2621419815885755
4236,1082,4,2.7900907042756935
4236,1173,2,2.8169550958184058
4236,4388,3,3.2566304512058046
4236,5280,3,3.064394251272292
4236,5524,3,2.855912359325026
4236,5853,2,1.5175846968730409
4236,6748,3,3.0905637397459174
4236,6866,4,2.967979176481043
4236,7207,3,3.6825796126764754
4236,7874,4,3.5358106693394538
4236,8503,2,2.1308730286350253
4236,8508,2,2.8102367282472986
4236,8523,4,2.8810717492074867
4236,8647,3,2.6615688877742443
4236,8845,2,2.982159542529552
4236,8868,2,2.9535076520069525
4236,9273,3,3.193101046956641
