user_id,book_id,rating,predict
42489,4415,5,4.879781293952886
42489,5502,5,5.003915007740588
42489,6378,5,4.994433999093399
42489,7966,5,5.000136402772461
