user_id,book_id,rating,predict
42503,5302,4,3.6353794476408154
42503,5624,5,3.675075844860061
42503,5948,4,3.0053723291016943
42503,7147,3,4.505515726807083
42503,8425,4,4.291185826463726
42503,8709,4,3.633675520687573
42503,8997,5,3.854513493406503
42503,9042,5,3.6095611071115
