user_id,book_id,rating,predict
42658,5045,4,4.197423508304675
42658,6748,3,4.138755629113444
