user_id,book_id,rating,predict
42742,2263,5,4.905798469109315
42742,2473,3,4.748737362400285
42742,2548,5,4.446104448956405
42742,2557,4,4.158430060650362
42742,3142,5,4.589042570913199
42742,3392,5,5.045592810284061
42742,3495,3,3.3767205363749206
42742,3582,5,4.7239905516452385
42742,3674,2,4.629302445483933
42742,4260,4,2.828019281437551
42742,4663,4,4.170186382920304
42742,4702,4,4.642744280229678
