user_id,book_id,rating,predict
42848,5521,4,3.9949363681730823
42848,7724,3,4.001685489632077
