user_id,book_id,rating,predict
42842,5854,3,3.1854728033459043
42842,5888,3,2.6393939395212636
