user_id,book_id,rating,predict
42971,5649,4,4.621951419116895
42971,6893,3,2.6696571206097808
42971,8362,4,6.019483470957004
