user_id,book_id,rating,predict
43081,2635,3,3.7946237025464375
43081,2855,5,3.0554528821654343
43081,3009,3,3.5302443518551416
43081,3409,2,5.023554771385699
