user_id,book_id,rating,predict
43132,4536,4,3.940209159029772
43132,4707,4,4.061424217510736
43132,4908,3,4.381676794562796
