user_id,book_id,rating,predict
43341,5762,4,4.279915909618799
43341,6213,4,4.093715389991782
43341,6446,4,4.1728172268439705
43341,6740,4,3.543170707025169
43341,7179,5,4.3250140246123445
43341,7527,4,4.690580976777275
