user_id,book_id,rating,predict
43364,3863,3,3.951673579739644
43364,4693,5,3.8543025056982514
43364,5021,3,3.9184641648862675
43364,5572,4,3.7988090121836073
43364,5631,3,3.6373198146894854
43364,5677,4,4.1576844641056745
43364,6208,4,3.8892280159750077
43364,6493,3,4.123800854208602
43364,6789,4,3.7939596297597364
43364,7203,4,3.8685963015464297
43364,7235,3,3.6567693629071867
43364,7477,4,3.672916543012206
