user_id,book_id,rating,predict
43388,4284,4,5.0162824165633815
43388,7769,4,4.997380829286842
