user_id,book_id,rating,predict
43467,3272,5,4.369700448582871
43467,4264,3,3.980662271982629
