user_id,book_id,rating,predict
43625,6527,5,5.051336251058771
43625,8563,4,4.878110774344588
