user_id,book_id,rating,predict
43745,3842,4,4.814241649465247
43745,5542,3,4.8464952267613715
43745,6872,5,3.92190879893706
