user_id,book_id,rating,predict
4376,4055,4,2.387970907841634
4376,4734,3,2.434632339062496
4376,4956,2,2.288583836952613
4376,6298,5,1.7198211440124385
4376,7151,4,2.222247805858524
4376,7366,5,2.33886733576161
4376,8920,3,1.7061578876950712
