user_id,book_id,rating,predict
43886,6503,3,3.463546746625312
43886,6881,5,3.4938070283289204
43886,7181,3,4.082399507152653
