user_id,book_id,rating,predict
44000,4123,4,3.3995246759514464
44000,5453,5,4.938858049646581
44000,5740,3,4.80266691433169
