user_id,book_id,rating,predict
44023,202,3,3.6365079279436263
44023,203,5,4.17091212590795
44023,210,4,4.197676624607155
44023,218,4,4.023410435824947
44023,220,3,3.118850024722495
44023,334,5,4.023879313921235
44023,384,3,4.09045183392125
44023,394,4,4.382758218153162
44023,419,5,4.359543599296
44023,517,3,3.574749572720471
44023,796,5,4.255800268999542
44023,812,3,4.1086582937810485
44023,841,5,4.480611600996028
44023,843,4,4.049035604034266
44023,861,4,4.233092497740746
44023,889,5,4.282337861176142
44023,904,4,3.6544127672179845
44023,938,2,4.5856700728585755
44023,942,4,3.998353427409412
44023,947,5,4.669287565524424
44023,965,5,4.01363037159125
44023,980,3,4.009985274496962
44023,992,4,3.399946262391669
44023,1036,5,4.404754998819529
44023,1134,4,4.001070923656743
44023,1143,3,3.7436847891185208
44023,1197,3,3.871367814925595
44023,1209,2,2.86006345623978
44023,1257,5,4.001637196852426
44023,1291,5,4.1697089840248305
44023,1336,5,4.248935454005585
44023,1470,3,3.9185386401507696
44023,1473,5,3.619515785277424
44023,1483,5,4.422666596790579
44023,1513,5,4.495743286348742
44023,1658,2,4.057573457578656
44023,1769,4,4.149772600054547
44023,1773,4,4.858397786015363
44023,1813,2,4.0897255767075755
44023,1818,5,4.271022088526515
44023,1891,5,4.901972166971458
44023,1893,4,3.8696077167361733
