user_id,book_id,rating,predict
44349,2956,3,4.0779429700758705
44349,4179,5,3.049025255355205
