user_id,book_id,rating,predict
44544,5291,5,4.946558759328952
44544,7110,4,4.957295362115699
