user_id,book_id,rating,predict
44703,2829,5,4.105604206146559
44703,4808,4,4.826429219610214
44703,5230,3,4.374740400255163
44703,6206,3,6.281674219643482
44703,6538,4,4.945277282407932
