user_id,book_id,rating,predict
44879,2790,5,3.171925095289412
44879,3421,3,5.0807942516601345
44879,4688,5,5.32608672592729
44879,5485,5,4.037665829044207
44879,5664,5,4.736755061315035
44879,6038,4,4.488996266733388
44879,7099,5,5.122086065793109
