user_id,book_id,rating,predict
44939,1355,5,4.713267650009017
44939,3864,5,4.854648480898805
44939,3967,5,5.07875797623314
44939,4038,5,4.900566264851468
44939,4174,4,4.873841623374717
44939,4248,5,5.0094559766362945
44939,5362,5,4.738180680952057
44939,5689,5,5.031685067020764
44939,6522,5,4.954221217720784
44939,6803,4,4.7782079113648095
