user_id,book_id,rating,predict
4501,3235,4,4.544634648851279
4501,5453,4,1.6897362797626834
