user_id,book_id,rating,predict
45223,6435,5,4.740172659782653
45223,6709,4,4.482910883488167
45223,7987,4,4.444888893970295
45223,8092,5,4.229145192311929
45223,8786,3,3.8419984417199333
45223,8849,4,3.8645594705562583
45223,8904,4,3.898228428220669
