user_id,book_id,rating,predict
45259,3107,3,2.7572869072003465
45259,3285,2,2.516355280218045
45259,5112,3,3.373052641564757
45259,5393,2,2.968939510951523
45259,6091,4,4.363558126705743
45259,6365,3,2.7967707927290797
45259,6667,3,3.9090995803061004
45259,6705,4,2.842124259857823
45259,7303,2,2.8435503061453224
45259,7672,2,2.9295737082518127
45259,9464,3,2.3540701342603714
