user_id,book_id,rating,predict
45353,3796,4,3.0522178942878835
45353,4826,4,1.9652830546138607
