user_id,book_id,rating,predict
45512,7189,3,2.7283759001254646
45512,7989,4,4.247714482590676
