user_id,book_id,rating,predict
45542,4211,4,4.8035350954416725
45542,5516,5,4.668394793080001
45542,5531,4,4.802963859164944
45542,5745,5,4.838607529992142
45542,6225,5,4.983495077155383
45542,6526,5,4.713766110101554
