user_id,book_id,rating,predict
45673,3825,5,4.992979596945184
45673,5312,3,4.984088550709178
