user_id,book_id,rating,predict
45703,4711,5,3.891977227031034
45703,5054,4,3.8653986038683867
45703,5474,3,3.5668406723571686
45703,5983,3,4.238717661007361
45703,6033,3,3.9625423817463576
45703,6706,5,3.7121565262524117
45703,6905,3,4.119170233516434
45703,7359,4,3.5420274218328656
45703,7397,2,3.7539696064214305
45703,7602,4,3.964088443102321
45703,7651,4,4.038712396666957
45703,7842,3,3.794460869313369
