user_id,book_id,rating,predict
4573,5021,4,3.5004963074552697
4573,5170,5,3.80979025721739
4573,5904,1,2.6327537985284053
4573,6208,4,4.168991339565584
4573,6260,5,3.9955269559705204
4573,6387,3,3.541802754243648
4573,7203,5,4.328313738882951
