user_id,book_id,rating,predict
4581,4640,4,3.400563952143915
4581,5146,5,3.122449945502363
4581,6764,4,4.495440250441854
4581,7771,4,3.8512216928641587
4581,8105,4,4.343164641544413
