user_id,book_id,rating,predict
45859,6410,4,3.567120084636301
45859,6499,4,1.1151385110667205
45859,6603,4,4.537973686833351
45859,6613,4,3.7449250845071744
