user_id,book_id,rating,predict
46044,7307,3,3.0427360503083167
46044,7476,3,4.89588783135845
46044,8243,5,4.477637245812547
