user_id,book_id,rating,predict
4608,3423,2,2.7607418166569766
4608,3761,4,5.352609909329428
4608,4451,4,3.380602836428557
4608,4908,4,3.253356679829522
4608,6060,2,3.379253678616905
