user_id,book_id,rating,predict
46338,4134,4,3.997666480805659
46338,4616,4,3.730239689880317
46338,5490,3,3.5270793303799923
46338,5656,4,3.759947779930335
46338,6132,3,2.7101764078790325
46338,6248,4,3.043068512380178
46338,6304,4,3.9217617494415826
46338,6526,3,3.738920314924907
46338,7570,4,3.721285185205483
46338,7720,4,3.6308408964765295
46338,7850,3,3.7830275754982132
46338,7878,3,4.0083352622488455
46338,8002,3,3.158093170594423
