user_id,book_id,rating,predict
46349,2790,4,3.444243076005309
46349,5521,4,2.6041852984714615
46349,7247,3,3.670507748297045
