user_id,book_id,rating,predict
4638,5762,3,3.0217078987711554
4638,5952,3,3.2839490572782646
4638,6352,3,3.2309961636980167
4638,6405,3,2.7714915052171762
