user_id,book_id,rating,predict
46498,3930,1,-2.3720804134341478
46498,5575,2,3.526362373572546
46498,5636,3,5.0440581154522395
46498,6263,4,4.860524226624372
46498,6813,3,4.035529714843926
46498,7507,4,3.700074618141665
