user_id,book_id,rating,predict
46507,812,1,1.7945438044455861
46507,1130,5,4.584694036498886
46507,1143,4,2.551550532940803
46507,2185,5,5.091142705725388
46507,2511,4,3.396009953006206
46507,3701,2,3.9416044978523783
46507,5246,4,5.042640452480747
46507,6412,4,4.303322862437022
46507,6969,4,3.8493613140172522
46507,7018,4,3.8510164996178275
46507,7801,5,4.25426685385211
46507,7877,4,4.262190678044231
46507,7940,5,3.6975600354823577
46507,7956,4,3.8508477060516473
46507,8344,2,4.112998749509248
46507,8436,5,4.376510833975894
46507,8500,5,4.840865062251538
46507,8642,5,4.216796828454663
46507,8942,4,3.8758917293737634
46507,9889,5,3.8872267556434728
