user_id,book_id,rating,predict
46591,2656,5,3.306432363392657
46591,4417,4,3.4166036816900336
46591,6197,2,3.662539861154565
46591,7171,4,3.390455330129608
