user_id,book_id,rating,predict
46709,7196,3,3.111647478519478
46709,8137,5,3.1054077803131097
