user_id,book_id,rating,predict
46704,3331,5,5.050011181230869
46704,3392,5,4.92372843308303
46704,4151,5,4.841308227702738
46704,4778,5,4.68606217733357
46704,5571,5,4.842990628688254
46704,5682,5,5.17213404293192
