user_id,book_id,rating,predict
4689,5628,5,4.774186947283429
4689,5994,3,4.747643580474374
4689,6963,5,5.248150011375378
4689,8035,4,4.393969959035095
