user_id,book_id,rating,predict
46922,3415,3,4.416208604105054
46922,4274,4,5.005025199020875
46922,5701,5,5.149627583920468
