user_id,book_id,rating,predict
46984,4252,5,3.9441110116367173
46984,4796,4,3.9956495668894965
46984,4894,3,3.745364690642129
46984,5387,5,4.132771073597891
46984,6240,3,3.714994876759312
46984,6426,5,4.117175250676528
46984,6894,3,3.937724970047114
46984,8560,4,4.09825984182891
46984,8789,3,4.199249140447886
46984,9459,3,4.149810599060866
46984,9934,5,4.189669129235115
