user_id,book_id,rating,predict
47009,6346,3,2.9363628871724345
47009,6749,2,3.0989319716092063
47009,7846,3,3.2510032065757355
