user_id,book_id,rating,predict
47091,3629,5,4.388672240436787
47091,3944,5,4.431192441884752
47091,4038,4,4.915770896792479
47091,4297,3,4.062920819344443
47091,6248,3,3.8363451935532167
47091,6290,4,4.662213393917044
47091,7288,5,4.017752643759836
47091,7314,5,4.7564307723587085
47091,7361,4,4.494179918422585
47091,7516,3,4.56913232138094
47091,8004,5,4.415999565688221
47091,8958,4,3.888169954106834
