user_id,book_id,rating,predict
47162,3283,5,3.8955470067659452
47162,6429,5,4.326344250969188
47162,6972,4,3.039979645983624
