user_id,book_id,rating,predict
47199,2528,5,3.8363914149146376
47199,3265,5,4.3241568935235515
47199,3865,5,4.461922225529156
47199,4172,4,4.588869575052924
47199,4259,4,4.6124031284771165
47199,4615,4,4.0830732975013
47199,5174,5,4.002126038964449
47199,6854,5,4.513241515280951
47199,7206,4,4.32028752535628
47199,8237,5,4.7101805428371675
47199,9115,5,2.8775528008302755
