user_id,book_id,rating,predict
47192,6431,4,3.714688128324445
47192,6485,5,2.394520500828838
47192,8187,5,5.074609796858441
