user_id,book_id,rating,predict
47326,5336,4,4.018501996053728
47326,6712,4,2.800939658505479
47326,7629,5,4.730088094491348
