user_id,book_id,rating,predict
47332,3854,4,5.727030604711431
47332,6290,3,5.2363324812889385
