user_id,book_id,rating,predict
4752,3598,3,4.597583996558736
4752,5226,3,4.452020623595148
4752,8617,4,3.3233790699408923
4752,8801,4,2.3515449371167536
4752,8814,4,3.0011284284004693
4752,9516,4,4.474965013395848
