user_id,book_id,rating,predict
47662,582,4,3.9705662058338262
47662,680,5,4.2204720885101725
47662,752,5,4.509525489521884
47662,1002,5,4.921727820752446
47662,1008,5,4.726489185297729
47662,2442,4,4.068890463383811
47662,2560,5,4.818702870991393
47662,3009,4,4.032056249034842
47662,3789,4,4.89781342175343
47662,4191,5,4.675788294586423
47662,4823,4,4.952053264171869
47662,6431,5,4.820758047148921
47662,8222,5,4.830655819765378
47662,8291,5,4.856709251530888
47662,8636,5,4.900983211214191
47662,8707,5,4.138801611538812
47662,8783,4,4.852459126539922
47662,9571,5,4.847608538072048
47662,9814,5,4.8803469544355655
