user_id,book_id,rating,predict
47796,3981,2,3.9338191292074574
47796,6574,5,3.585964437097884
