user_id,book_id,rating,predict
47790,4913,3,3.79506469493275
47790,5406,4,3.376279779924516
47790,5939,5,3.545729038187037
47790,6565,4,3.406569162536567
47790,7418,4,3.574479889388753
47790,8340,5,4.842570618435149
