user_id,book_id,rating,predict
47844,5735,3,3.4306664490226417
47844,6673,3,3.817966284803629
47844,7788,3,3.821013968581827
47844,7824,5,4.040048411570611
47844,8035,2,3.5689698592643664
47844,8887,4,4.985619888768186
47844,9074,5,5.295330602934628
47844,9343,5,4.972698711913539
47844,9434,5,5.29969226708953
