user_id,book_id,rating,predict
47901,1129,1,5.713927858550316
47901,6431,4,4.345862439184533
47901,6800,4,4.396043649335748
