user_id,book_id,rating,predict
48005,7094,4,3.9598988769063483
48005,7902,5,4.614144011253755
