user_id,book_id,rating,predict
48048,2797,3,4.05507056319971
48048,3939,4,4.0738073743666
48048,5275,3,3.409260489082639
