user_id,book_id,rating,predict
48053,4143,3,3.628125720137343
48053,4738,5,3.9150960566633604
48053,4918,4,3.991542673869766
48053,5178,4,3.620520151918287
48053,5246,4,3.688176461487527
48053,5635,4,3.688249865151039
48053,5887,4,3.1505885772266367
48053,5904,5,3.579940124111175
48053,6303,2,3.5978339140838873
