user_id,book_id,rating,predict
48215,2672,5,7.292657117155451
48215,5532,5,4.671961355401944
48215,6542,4,2.3080682010261055
48215,7164,3,2.574065141202168
48215,7183,4,3.6178990698081166
48215,7322,3,2.2205024681762033
