user_id,book_id,rating,predict
48366,5633,3,0.9154998859991395
48366,6562,2,0.809763307068637
