user_id,book_id,rating,predict
48405,4405,4,4.313769548797078
48405,5455,4,4.809820119125625
48405,5490,3,4.365037195570229
48405,5613,5,4.319355175049761
48405,6040,4,4.24269870256877
