user_id,book_id,rating,predict
48502,3230,5,4.2486279327368415
48502,4229,5,5.404435881285581
48502,4410,4,5.660932689946574
48502,5391,3,0.8063492321583157
48502,5440,4,1.4134876853441751
