user_id,book_id,rating,predict
48640,5602,5,5.021521289035199
48640,7389,5,5.086774494936345
