user_id,book_id,rating,predict
48656,1745,5,3.999021652690895
48656,1781,4,4.604464228809622
48656,5508,4,5.241253470241446
48656,7070,4,4.520370708517557
48656,7278,4,4.508500257400804
48656,8194,4,4.344765477825755
48656,9334,4,4.281696415973521
48656,9498,4,4.327817155637836
