user_id,book_id,rating,predict
48721,5164,5,4.433627555730373
48721,6206,5,4.3393731113705325
48721,6694,5,4.526524881843694
