user_id,book_id,rating,predict
48764,6734,4,5.989010522979139
48764,6740,4,5.624150995362505
