user_id,book_id,rating,predict
49250,5022,5,4.522704322401717
49250,5822,5,3.977975412020919
49250,6033,3,4.296164324385021
49250,6769,3,4.248504300065594
