user_id,book_id,rating,predict
49338,4011,4,1.2737618059090052
49338,4628,3,1.7153119351182453
49338,6015,3,3.9454955431684606
49338,6497,5,4.286147235304224
