user_id,book_id,rating,predict
49401,4649,1,3.404129535143219
49401,6084,5,3.8385122611514544
49401,6117,5,2.49479749362033
49401,7468,5,3.483070676514826
49401,8585,5,3.1018237628253758
