user_id,book_id,rating,predict
49497,3229,5,5.153456978365704
49497,3342,5,4.9276126652826315
49497,5041,5,5.0223844319063335
49497,5596,5,4.860227248856444
49497,7427,5,5.0031468402149075
49497,7681,5,5.07454856492989
49497,8156,5,4.9554065005426615
49497,8334,5,4.966355333243168
49497,8837,5,5.01479286087098
49497,8864,5,4.8997503600047425
49497,9095,5,4.911542012526257
49497,9297,5,4.824399093642884
49497,9469,5,4.966932551585664
