user_id,book_id,rating,predict
49852,3230,3,4.960697358571022
49852,4229,3,4.159820346809859
49852,4270,5,4.903524019445927
49852,4410,3,4.1615530262232845
49852,5537,5,4.369076383868206
49852,5735,5,5.027085732263256
49852,5765,5,4.296741729085524
49852,6156,5,4.047286121940935
49852,6202,5,4.291144366039824
