user_id,book_id,rating,predict
49933,5494,5,4.439149969244621
49933,5979,4,4.398413502856383
