user_id,book_id,rating,predict
50138,2686,5,5.185183274466664
50138,3009,5,5.139501123927994
50138,3142,5,4.836468734853616
50138,3423,5,5.142155677503972
50138,4903,5,4.704662580342964
50138,5035,5,4.632025584077156
50138,5428,5,4.96130511237534
50138,5873,5,4.778587137253655
50138,6015,5,4.683744982330605
50138,6471,5,4.519389846504624
50138,7004,4,4.560606195534849
