user_id,book_id,rating,predict
50169,4184,4,4.487816982829391
50169,7865,5,3.608885123669025
50169,8908,4,4.461013279915447
50169,9839,4,3.855777193565797
