user_id,book_id,rating,predict
50358,3624,4,3.589278687734437
50358,4911,4,4.349443755690493
50358,5622,3,4.036911172971848
50358,6301,4,4.74936153184276
50358,6541,3,3.6343425719405973
50358,6671,5,5.206169840964755
