user_id,book_id,rating,predict
50382,3825,5,4.254161536854102
50382,4415,5,4.383009372590318
50382,4710,5,3.9410203633216976
50382,5230,3,3.283035718439722
50382,5333,4,3.891178318399538
50382,5900,4,3.542130262393995
50382,6419,5,3.7981730792156125
