user_id,book_id,rating,predict
50390,2146,5,4.43303461666232
50390,5360,3,4.514762068463618
50390,6141,4,4.587025910821228
50390,6537,5,4.773634988041148
50390,7493,4,4.079141687285399
