user_id,book_id,rating,predict
50401,5824,3,2.673480833060893
50401,6560,2,2.6557393385799193
50401,6897,3,2.924946512919461
50401,6904,3,3.21960584617025
50401,7051,3,2.899979640272636
50401,7185,3,2.9948163692208176
