user_id,book_id,rating,predict
50416,3950,4,3.404368893251653
50416,6041,2,3.180042178133589
50416,6085,2,2.933007757778102
50416,6394,3,2.8947570257019613
50416,6829,3,3.644734348701499
50416,6958,4,3.3380321686431573
50416,7087,1,3.348874965593422
