user_id,book_id,rating,predict
50477,4765,3,3.1670273527171275
50477,5605,3,4.866731857870288
50477,6555,4,3.385250551779261
50477,6592,4,3.718936746127627
