user_id,book_id,rating,predict
50541,3139,1,7.145712916581822
50541,4840,2,2.3127799779470264
50541,4962,5,0.9425821657067623
50541,6499,2,5.576257068671528
50541,6646,5,2.577960244664511
50541,6856,1,2.770315048405104
