user_id,book_id,rating,predict
50597,7403,5,3.2477448820426336
50597,7967,3,3.062842959108753
