user_id,book_id,rating,predict
50633,6428,4,3.856347039277705
50633,7443,4,3.9342255272681363
50633,7523,4,3.931460840815321
