user_id,book_id,rating,predict
50751,5511,5,4.2249637335290995
50751,5645,3,3.897898543670572
50751,6136,4,3.137030132921096
50751,6504,3,3.3877844257500414
