user_id,book_id,rating,predict
50836,1183,1,4.78078912427618
50836,3447,5,4.643930731375875
50836,6993,3,4.999253394404367
