user_id,book_id,rating,predict
50917,4169,5,4.477924546308349
50917,5952,4,3.823140371858487
50917,6579,4,4.151798241513656
50917,6706,3,3.3083568929296496
50917,7126,4,4.892781556527201
50917,7652,4,4.337567143915967
50917,7721,4,4.5653603617481995
50917,9012,5,4.5226441751709565
50917,9390,3,4.814862272480374
