user_id,book_id,rating,predict
50927,2100,4,3.435017880488247
50927,3587,4,3.825163746440705
50927,4173,4,3.6389375101670556
50927,4908,5,3.777629063078297
50927,5935,4,3.7134996788686347
50927,6379,3,3.7362915115624484
50927,6890,4,3.7750571474417436
50927,7397,4,3.729247688296108
50927,8124,3,3.64855351550812
50927,8214,4,3.6914679999838023
50927,8420,4,3.5857289449993934
