user_id,book_id,rating,predict
50920,4770,3,4.564556375895145
50920,4784,3,5.751626949160867
50920,5452,4,4.82692850028332
50920,5708,5,4.835449624451586
50920,6124,3,4.523440673931827
50920,6710,5,4.312845820392618
