user_id,book_id,rating,predict
51199,940,3,4.311457737758773
51199,1174,5,3.605320895856459
51199,1187,4,4.25760691564601
51199,1328,4,4.282079589571398
51199,1490,3,4.395895596983488
51199,1499,5,5.237145844009177
51199,2681,3,3.8306229227663198
51199,4382,1,3.895090929841288
51199,4787,3,3.2290877608206814
51199,5820,4,3.925879418828173
51199,6699,4,3.8716209979243055
51199,6990,5,3.999070937683077
51199,7454,5,3.228648104465857
51199,7619,4,4.105542457713117
51199,8312,4,4.355994018553306
51199,8976,4,4.148647775625415
51199,9091,4,3.8245738539723817
51199,9791,2,3.7965745885468247
