user_id,book_id,rating,predict
51230,2185,4,4.139956623904631
51230,4143,3,4.073359382098319
51230,4573,5,3.761442363699513
51230,5489,3,3.9201179160507724
51230,5689,4,4.7171278375502705
51230,5887,4,3.411988087999613
51230,6722,3,4.7579768854194775
51230,7157,5,5.261881244298722
51230,7190,4,3.1689578074481046
51230,7437,5,3.448941164830188
51230,7452,4,3.7583850966761254
51230,7642,5,4.578149302305812
51230,7658,5,3.908538274035556
51230,8151,3,3.9563380636737158
51230,8219,5,4.8701091083248365
51230,8493,4,3.9606964019374615
51230,8511,5,5.518459365930244
