user_id,book_id,rating,predict
51269,3139,5,4.5270526196339524
51269,5009,5,5.3825816293072855
