user_id,book_id,rating,predict
51305,4823,4,4.808073672946265
51305,5102,3,4.552804810250979
