user_id,book_id,rating,predict
51322,7443,4,3.8791945855114207
51322,7773,3,2.4378176422696574
