user_id,book_id,rating,predict
5133,6295,4,4.41973011726635
5133,7285,4,3.190106601272768
5133,7439,4,4.385323966001643
5133,7556,3,3.5377965388419756
5133,7561,2,3.3612885540534543
5133,9694,3,3.735174840276944
