user_id,book_id,rating,predict
51788,4382,5,4.873315822592394
51788,5000,5,3.9954993242993737
51788,5164,4,4.894539222364628
51788,5611,5,4.155952490932912
51788,5618,4,5.635567470035364
