user_id,book_id,rating,predict
52106,3796,3,6.077843269071526
52106,4126,3,6.183517845121383
