user_id,book_id,rating,predict
52139,4880,5,9.98172882169769
52139,6772,4,4.26462455546712
52139,7068,4,5.540938814534611
