user_id,book_id,rating,predict
52232,580,5,5.090963340240201
52232,4441,3,4.184778390285684
52232,5126,4,4.122573377311442
52232,6055,4,3.9797328958097706
