user_id,book_id,rating,predict
52332,2829,3,5.100600222720493
52332,4624,5,5.570558193070818
52332,5632,3,4.7862524494381935
52332,7423,5,4.847985931404086
52332,8563,5,5.660406954285726
