user_id,book_id,rating,predict
52419,2442,3,5.047150101529656
52419,2686,3,4.931110776813028
52419,3152,4,4.085244237331281
52419,5765,5,3.467356072197748
52419,5779,5,4.085901011334192
52419,5809,3,3.3139015229244464
