user_id,book_id,rating,predict
52519,4403,3,2.8897914656574497
52519,5098,3,2.999826065101703
52519,7300,5,3.0049674938778645
