user_id,book_id,rating,predict
52630,3499,5,6.154305112499042
52630,4785,4,5.284720563928548
52630,5208,5,5.232878523423859
