user_id,book_id,rating,predict
52732,5169,4,4.849075892501075
52732,7694,4,4.56599026539241
