user_id,book_id,rating,predict
52853,1257,3,6.471467023923639
52853,6097,2,1.6403582902962643
52853,7194,2,1.8482812608800374
52853,7267,5,1.7905901156094086
52853,7939,2,3.3359822612411913
52853,8126,5,2.6404866903320565
52853,8192,4,1.69437621466844
52853,8594,1,0.7417881012306649
52853,9712,4,4.008688875923213
52853,9996,4,2.619155722324744
