user_id,book_id,rating,predict
53035,2112,5,4.576969059329514
53035,6947,3,4.413457058357254
