user_id,book_id,rating,predict
53030,3880,3,2.234941492854052
53030,5112,3,2.832377613386909
53030,5511,4,2.7925415408913423
53030,6091,4,3.0267629423510773
