user_id,book_id,rating,predict
53344,7017,5,5.0226993786811285
53344,7941,5,5.061397589584315
53344,8146,5,4.791452621646408
