user_id,book_id,rating,predict
53405,4366,3,4.733138415898847
53405,7200,3,2.881537007960416
53405,7337,5,3.278219182378742
