user_id,book_id,rating,predict
5486,6706,3,2.8959125011712494
5486,6769,4,3.3176064111299177
5486,8166,2,-1.7080992810792477
