user_id,book_id,rating,predict
5514,6631,4,4.427481138275749
5514,7205,4,4.4961190305922045
