user_id,book_id,rating,predict
562,6487,5,3.796841296266176
562,6937,5,3.925688350471334
562,7661,5,4.035988810371322
