user_id,book_id,rating,predict
5738,3104,4,2.445201981075427
5738,4502,2,2.173509260800595
5738,5104,5,4.510560862950804
5738,5664,5,2.3558747126647996
5738,6637,2,3.432654403694544
5738,6682,4,3.0241382005488893
5738,7023,2,2.6686738520087268
5738,7454,2,4.632493929717247
5738,7482,5,2.699236754596182
5738,7770,3,2.406068899023865
