user_id,book_id,rating,predict
58,5730,3,3.9959833318395157
58,5994,4,3.9037201884890154
58,7639,5,4.097791921457192
