user_id,book_id,rating,predict
5829,2224,3,2.877441095218926
5829,2303,3,2.8448710531649746
5829,2341,3,3.5682049613550535
5829,2549,4,3.4915206259039433
5829,2550,4,3.4755997353755275
5829,2605,2,2.8940966614781685
5829,2911,3,2.7559371175764986
5829,7476,3,3.8986736274201816
