user_id,book_id,rating,predict
5917,202,5,3.6889541149422715
5917,1666,4,3.443900606487644
5917,1841,3,2.9844466915946226
5917,2240,3,3.8121601797225946
5917,2367,3,3.3734055309484066
5917,2499,4,2.9357524344060173
5917,2695,3,3.0342497641545156
5917,2710,3,3.010202988406688
5917,2809,4,2.581024313056439
5917,2836,3,3.3774538686891256
5917,2952,3,2.967040350991838
5917,3212,4,3.7132555777849694
5917,3459,4,3.209593204045793
5917,3556,4,3.210445697314684
5917,4519,3,3.0659574689242066
5917,5237,5,3.026597969213736
5917,7650,3,2.8712251501214165
5917,7961,3,3.3146922953699995
5917,8207,3,2.660653123638699
5917,8324,5,3.332690286609063
