user_id,book_id,rating,predict
5935,3370,5,2.9973805350430327
5935,4870,4,3.42196455728274
5935,5244,3,3.9113833076049493
5935,5632,4,3.5212399828091066
5935,6189,4,4.023587091442615
5935,6292,2,3.6987520502965743
5935,6326,5,3.537714323137783
5935,7423,4,3.5826883334087807
5935,7430,4,3.5544380143009007
5935,7503,3,3.7217051024584062
5935,7969,4,3.3376768307184834
5935,8207,3,3.415727206248488
5935,8595,3,3.770160841033408
5935,8888,4,3.3240481099284445
