user_id,book_id,rating,predict
5965,3849,5,3.9921367134207415
5965,6691,3,3.7913173063144754
5965,7755,3,3.7734336875362073
5965,8141,4,4.162750590304052
