user_id,book_id,rating,predict
61,2019,2,3.4511540604312754
61,3638,4,3.599549669490452
61,8722,4,3.7568557167867147
