user_id,book_id,rating,predict
6378,7443,5,3.1662515528456017
6378,7523,5,3.1651431965170937
