user_id,book_id,rating,predict
6503,2784,4,3.3094441063009272
6503,2928,3,3.4664283209572258
6503,3591,3,3.3185947782066236
6503,3726,2,3.5653406451337766
6503,3896,2,3.1064526841901303
6503,5418,3,3.2847032027426155
