user_id,book_id,rating,predict
6558,4054,3,4.236969139033019
6558,4186,4,4.500110437336958
6558,7424,4,3.307195208928206
6558,7438,5,3.4989077859285436
