user_id,book_id,rating,predict
683,931,3,3.4512503631105
683,1111,2,2.944448466061826
683,1692,1,3.327897492412261
683,1866,3,2.862760246186666
683,1941,4,4.494387803404845
683,1943,2,3.864557427309428
683,4451,4,3.651569251847701
683,5364,4,2.715896755830701
683,6594,3,3.7407730444170757
683,8898,4,3.3518169186023234
