user_id,book_id,rating,predict
6959,4184,5,3.6739999809975226
6959,4951,4,4.703903417766545
6959,5679,5,4.3875585831528126
