user_id,book_id,rating,predict
7077,2752,5,2.6856187186226275
7077,4370,4,2.784094132351329
7077,7382,3,2.8096464020759786
