user_id,book_id,rating,predict
7110,6922,5,2.317960572395207
7110,8367,3,2.915158597737978
