user_id,book_id,rating,predict
7135,8995,5,3.193165531211035
7135,9270,4,3.8857909155816257
7135,9408,4,4.528425329895072
