user_id,book_id,rating,predict
717,4995,4,4.294544684315942
717,5041,4,3.853959151706793
717,5508,5,3.9873550726887377
717,6446,4,4.19521082220907
717,6872,4,3.1811863063396526
717,7179,4,3.50965151216326
717,7627,3,3.4932386469178995
717,7995,3,3.999258510538504
717,8045,4,3.567844682195633
717,8176,4,3.4733203486052826
717,8387,4,3.395364615890542
