user_id,book_id,rating,predict
7337,6354,4,5.519830105655448
7337,7540,4,5.8760012788298575
