user_id,book_id,rating,predict
7339,3571,4,2.9872541211926325
7339,5124,5,3.0210862061970296
7339,5822,4,2.7220413339718768
7339,6642,5,3.6368286624328356
7339,6720,4,3.588596052404068
