user_id,book_id,rating,predict
7811,532,2,4.2244379189064105
7811,568,2,4.409556008009958
7811,1572,2,4.44097702755762
7811,1715,3,4.29284912105555
7811,1895,5,4.361257412781056
7811,1908,1,3.639690414333314
7811,2029,4,3.7673915642001767
7811,2111,4,4.157307022035085
7811,2353,4,4.630364024903808
7811,4956,3,3.7422736548190554
7811,5783,4,3.8466251040437975
7811,5976,5,4.48691946689675
7811,6283,3,3.3625876168323474
7811,6315,2,3.3896582560183024
7811,7232,4,3.308440590750392
7811,7666,4,4.204067367097083
7811,7784,5,3.8871761910722604
7811,7931,5,4.407685100883461
7811,8214,4,4.559102489910618
7811,9741,5,4.170102513485684
7811,9862,4,2.9699205004017863
7811,9961,4,3.0866084432882426
