user_id,book_id,rating,predict
797,721,3,5.814733280749607
797,1740,2,5.428216912540412
797,4451,4,3.77244441658027
797,5241,3,3.8838812269795935
797,8814,3,2.6651068856173117
797,9012,3,2.6042171732295465
797,9206,4,3.3686974236877174
797,9718,3,3.726318121166739
