user_id,book_id,rating,predict
8016,3572,5,3.8642808500058834
8016,9012,3,3.5991985176662173
