user_id,book_id,rating,predict
8037,1372,4,3.3575970911555806
8037,1647,3,3.649086617012512
8037,3093,3,3.848617937962783
