user_id,book_id,rating,predict
8153,5851,3,2.0069741273816746
8153,6475,3,2.330976822817934
8153,7794,2,0.7265540510680477
