user_id,book_id,rating,predict
8183,4957,5,4.668425631564181
8183,5694,5,4.985507667280526
8183,6091,5,4.7292424254221785
8183,6672,5,4.950794316420289
8183,7206,5,5.006695144415989
8183,7272,5,5.031841505758724
