user_id,book_id,rating,predict
8278,690,4,3.6884859515983335
8278,1113,4,3.811855305216531
8278,1156,5,3.8098108612441695
8278,1314,3,3.830006380601035
8278,1397,5,3.8607905216272886
8278,1432,3,3.10823346972451
8278,1467,4,3.682561649269234
8278,1764,5,3.836285231071853
8278,2084,5,4.17410379545184
8278,2097,4,2.804264187652662
8278,2209,5,4.396298654178182
8278,2262,2,3.889456096652027
8278,2309,2,3.8924680047835283
8278,2342,4,3.9269930900900336
8278,2897,4,3.788979488394645
8278,3578,4,4.083940063412961
8278,3717,4,3.6705793851500133
8278,4044,3,3.9684906363652326
8278,4504,4,3.7553331889525414
8278,4603,3,3.0060898600780614
8278,4684,3,3.7919529075464147
8278,4815,3,2.6366629398163823
8278,4965,4,3.631693955144308
8278,5283,5,4.182435768943785
8278,5415,2,2.964964803391154
8278,5625,3,3.389589994000173
8278,5804,4,3.01643139353445
8278,6166,3,4.140625034100987
8278,7788,4,3.842186571561646
