user_id,book_id,rating,predict
8330,4956,3,2.8111032066047237
8330,5146,2,3.7523594032404435
8330,5241,3,3.7008159049019627
8330,7384,4,3.074245924797777
8330,7770,3,2.9798613741696567
8330,8065,2,3.126343919297235
8330,8239,3,2.8667457400878993
8330,8814,4,3.126006750354105
