user_id,book_id,rating,predict
8405,5428,3,3.3771199294275656
8405,5954,3,3.9209169648078195
8405,6295,5,4.311530059484589
8405,6720,4,4.555515701036958
8405,6854,4,4.186996036111579
8405,6871,4,3.973502491632414
8405,7082,4,4.158670155893366
8405,7248,3,4.213044415150494
