user_id,book_id,rating,predict
8726,5787,2,3.004226969605167
8726,6460,4,3.164532965836112
