user_id,book_id,rating,predict
8755,1097,2,2.6454903490520985
8755,1523,4,4.2147180959064885
8755,2362,4,2.9425075257273
8755,2687,4,3.6433577907370465
8755,5355,2,2.8530649706960243
8755,9349,3,3.311136159806523
8755,9516,4,4.135094064987442
8755,9828,5,3.214266310689959
8755,9860,4,3.9205294148758005
