user_id,book_id,rating,predict
884,990,5,3.1290941054508936
884,3191,5,3.629621701684357
884,5038,3,3.475653437742945
884,5976,3,3.0134085937382444
884,6817,3,3.192029055273051
884,7931,3,3.056863089140783
884,7953,4,3.4976597017727404
884,8151,3,3.9062114493697737
884,8243,3,3.027592136951845
