user_id,book_id,rating,predict
8896,1410,4,4.6450383272204245
8896,1732,4,4.3564925623440445
8896,1979,4,3.387187233236866
8896,2302,3,3.525790505770554
8896,3018,4,4.2157348409948865
8896,5041,4,4.214465807026375
8896,5743,4,4.142218379009473
8896,6304,5,4.079887165737321
8896,7430,4,4.324044397936308
8896,7570,4,3.98963332350616
8896,7841,4,4.174659061192568
8896,8002,4,3.875321604645773
8896,8012,4,4.080211982780531
8896,8295,4,4.1982621583928115
8896,8740,4,4.111303974722877
8896,8830,4,4.13657972567318
8896,9000,4,4.163771903955072
8896,9068,4,4.065642666572291
