user_id,book_id,rating,predict
9094,1111,3,4.365590187333765
9094,1357,3,3.690401522229792
9094,2052,4,-5.237267817999289
9094,2499,3,4.1870014139042215
