user_id,book_id,rating,predict
9182,6886,4,3.524395952712503
9182,6961,3,3.488244358004547
9182,7182,3,3.69834466122698
9182,7483,1,3.990263931742833
