user_id,book_id,rating,predict
9284,6764,5,3.945437075540476
9284,6990,5,3.557958985670855
9284,7564,5,3.875469531189773
9284,7582,5,3.996137508662371
9284,7610,5,4.837566774184114
9284,7698,5,4.878883080216672
