user_id,book_id,rating,predict
9316,6030,3,2.2357484304574786
9316,7457,4,4.097712000569827
