user_id,book_id,rating,predict
9331,5955,4,3.0596182147845616
9331,6095,4,3.8834180296008105
