user_id,book_id,rating,predict
9446,4495,5,4.634040854920347
9446,4668,5,4.687869321769992
