user_id,book_id,rating,predict
950,4894,4,2.498449688176427
950,6124,3,2.6578174575008577
