user_id,book_id,rating,predict
9532,2473,3,4.364420039132956
9532,3448,4,3.686713234059063
9532,4558,2,4.831279583270672
9532,4663,5,3.4575713162342794
