user_id,book_id,rating,predict
9633,4099,4,2.0883690600521483
9633,4496,4,2.2661793932697103
