user_id,book_id,rating,predict
9665,1359,5,5.543329300610127
9665,1563,4,4.631177431077398
9665,1880,5,4.697271222007648
9665,2393,4,4.750127575087988
9665,2416,4,4.510568302454687
9665,2515,3,4.547330437543004
9665,2522,4,4.75044282386618
9665,2609,5,4.98295898604528
9665,2622,5,4.543913229802075
9665,2654,4,4.505129005570623
9665,2808,5,4.425623653210312
9665,9371,3,3.7756674734285527
9665,9397,4,4.296189623072623
9665,9684,4,4.26712148236267
