user_id,book_id,rating,predict
9811,3828,3,2.902297250410077
9811,4516,3,2.0536047624495026
9811,4748,3,3.006529454193648
9811,6431,3,2.9618763166614364
9811,7003,4,2.953392526527213
9811,7593,2,2.9915087225198644
9811,7777,4,2.964319448121746
9811,8291,3,2.9457754077224982
9811,8670,4,2.9504433173047646
9811,8975,4,3.437135537340738
9811,8998,4,3.0364023938571307
9811,9546,3,2.9117228602494682
