user_id,book_id,rating,predict
9857,1716,4,4.878545957475859
9857,4173,5,4.046563922842505
9857,6420,4,4.422822143983977
9857,8465,4,3.7217606794042726
9857,8594,3,1.9934531029054563
9857,9299,4,2.528925603050864
9857,9441,4,4.308268384456117
9857,9959,5,3.949181050656928
