user_id,book_id,rating,predict
9867,4643,5,3.371815998262054
9867,4663,3,3.739270663006799
9867,4861,5,2.9098315020878807
9867,7019,4,3.580937375217862
9867,7417,4,3.6103591557938572
