user_id,book_id,rating,predict
9911,1551,5,0.8671710256292497
9911,2775,5,1.9225276507770865
9911,2994,3,3.650459938995743
9911,3067,4,2.918711348017426
9911,3501,4,3.6019701915800963
9911,9772,3,3.9028535853855373
