user_id,book_id,rating,predict
9941,5241,4,2.36267510636937
9941,5593,3,2.1375108747681786
9941,5911,4,3.211643663852483
9941,6287,4,4.372492362445761
