user_id,book_id,rating,predict
10113,6428,4,4.005109656578391
10113,7443,4,3.9561421275056574
