user_id,book_id,rating,predict
10120,469,3,1.967170067625276
10120,817,4,3.7808611528568163
10120,897,3,2.835133617392043
10120,1128,3,2.9035032804647463
10120,1191,3,2.682529276096026
10120,1259,4,3.398547282490248
10120,1286,3,2.103194601777573
10120,1350,4,3.376522728713189
10120,1397,2,2.6420236226806093
10120,1480,3,3.418191413835586
10120,1484,3,3.187210150036511
10120,1665,3,3.405627917449462
10120,1691,3,3.1663136712497524
10120,1809,4,2.859561850015438
10120,1863,3,3.327428626607347
10120,1976,4,2.597866106748634
10120,1991,2,2.6110741617368642
10120,2196,2,2.8779279187482394
10120,2210,5,3.319371245110899
10120,2376,3,2.619623426028507
10120,2471,4,3.0824479101465516
10120,2601,1,2.2270912606980002
10120,2608,3,3.127698752055519
10120,2642,3,2.7236828671736255
10120,2646,1,2.8057770976349943
10120,2825,3,3.324503585476232
10120,2898,2,3.1080300386069704
10120,2954,1,3.5724002256032237
10120,2959,3,3.2263140612760464
10120,3063,5,3.01904139249771
10120,3174,3,3.537075712129272
10120,3243,1,3.2517807077416854
10120,3244,3,3.253971107799995
10120,3246,4,3.116192465896851
10120,3247,3,3.0824192153911385
10120,3370,1,3.702602656245081
10120,3403,3,3.137492333326287
10120,3562,4,2.94886081476569
10120,3601,3,3.4017868296790184
10120,3826,4,2.8518303207320055
10120,3860,5,3.26637140722596
