user_id,book_id,rating,predict
10215,6791,4,1.8968075731961227
10215,7025,3,2.801263117124086
10215,7763,3,2.5644862353321014
