user_id,book_id,rating,predict
10624,1473,5,4.496755151982385
10624,1540,2,3.5776565064597037
10624,1604,5,3.9748580687668618
10624,1669,5,3.4716336153983613
10624,1850,5,3.4207738330626625
10624,1897,5,4.084569049170703
