user_id,book_id,rating,predict
10645,3645,4,3.5161243685476116
10645,4117,5,3.5942313169310083
10645,5786,3,2.946641106192033
10645,6892,5,3.515260604986212
