user_id,book_id,rating,predict
10777,2166,4,4.2968495400182585
10777,3733,4,5.0820534754417634
10777,4953,4,4.921023355469112
