user_id,book_id,rating,predict
11139,4536,3,3.449887604562413
11139,6032,2,4.4570734765401765
11139,6071,5,4.169843022001766
