user_id,book_id,rating,predict
11164,505,4,2.0563029167922116
11164,896,1,5.114989708725066
11164,1016,4,4.186900229103018
11164,1258,5,3.1438791812514006
11164,1492,3,3.7893839715313375
11164,1887,4,3.621488049854505
11164,2014,5,3.5335642068672697
11164,2031,4,3.7859082481051654
11164,2261,4,4.505673913657552
11164,2568,4,3.7714942969552414
11164,2746,3,3.5659340403266144
11164,2773,4,3.7502465809457206
11164,2925,4,3.8033695189445806
11164,2958,4,3.8000991254553025
11164,3035,3,3.885511698564116
11164,3108,3,3.6381148943258315
11164,3158,3,3.815082527760007
11164,3216,4,4.19128624834964
11164,3262,3,3.6569490847245745
11164,3381,4,4.4568346051214265
11164,5919,3,3.3538298432642937
11164,6592,4,4.21176836164925
11164,6959,5,4.539676285245086
