user_id,book_id,rating,predict
11225,4766,3,3.9900344495951874
11225,6269,5,2.99859786232517
