user_id,book_id,rating,predict
11231,5508,4,3.014355220977092
11231,6681,4,3.4204250142592403
