user_id,book_id,rating,predict
11575,7256,3,2.9299986062020444
11575,7594,4,3.870638751886491
