user_id,book_id,rating,predict
11595,4910,3,3.65962739640995
11595,5375,4,3.848613754990792
11595,5572,5,4.265536115304284
11595,6162,3,4.206947626998106
11595,6540,4,4.719506907300134
11595,7156,4,4.671924108067719
