user_id,book_id,rating,predict
11664,4284,5,4.807348387047993
11664,6191,5,4.842132918414233
11664,6385,5,4.402534022658538
11664,9223,3,3.6725263330372684
11664,9632,4,4.784038458519206
