user_id,book_id,rating,predict
11748,5274,5,5.215994888645078
11748,5634,5,4.338759578098484
11748,8416,3,3.7476063488150313
