user_id,book_id,rating,predict
11785,3261,2,2.4669380460476065
11785,3696,3,2.590653670833743
11785,3820,3,2.9503850292751705
11785,7517,5,4.182350000017331
11785,8681,3,3.622994507960838
11785,8688,5,2.4668113867031893
11785,9766,4,3.7504093829787744
