user_id,book_id,rating,predict
11839,193,4,3.93952192961675
11839,221,1,2.7502813953697935
11839,303,1,2.7077352180657055
11839,592,3,2.9496164368447224
11839,719,4,3.1053360960475818
11839,992,1,4.219466810970775
11839,1358,4,3.3305762477876466
11839,1741,3,3.1150968831982078
11839,1847,4,3.0625542968359487
11839,1859,4,4.0856951924859235
11839,1887,2,3.0316469372656143
11839,2016,2,3.248862372365285
11839,2021,1,3.5080069582177384
11839,2994,4,3.182216669725755
11839,5143,3,4.004467312634317
