user_id,book_id,rating,predict
1190,8627,3,3.4395741546614484
1190,8721,4,3.7280179250563017
