user_id,book_id,rating,predict
12033,3895,2,3.9380484865629835
12033,4415,5,4.084110660921242
12033,5613,4,2.8443957145530203
12033,5697,2,4.235087949712621
12033,5815,3,1.8398513820908442
12033,5981,5,3.0295597130024987
12033,6387,2,5.325730127940869
12033,6756,3,5.165472697873481
