user_id,book_id,rating,predict
12229,4987,5,4.131088533083931
12229,6051,4,4.215235684869544
12229,6769,5,4.330807979289725
12229,7164,4,3.987520401777122
12229,8462,4,3.978401738094444
12229,8741,3,4.31887459593745
