user_id,book_id,rating,predict
12282,3272,1,4.083687802705273
12282,4264,4,5.034094211388454
