user_id,book_id,rating,predict
12320,435,4,5.955562375721401
12320,927,4,4.562794768959549
12320,1016,4,4.252014066200985
12320,1063,2,4.205473826259804
12320,1258,5,4.208797559860622
12320,1417,4,2.7681316273136236
12320,3998,3,2.9822388674203664
12320,4199,4,4.260816862933993
12320,5078,4,1.8742526092429581
12320,5696,4,2.271989599980417
12320,5869,5,4.167798976527028
12320,8693,4,2.6298163260462397
