user_id,book_id,rating,predict
12395,632,1,4.039054174500713
12395,928,5,4.235127799269343
12395,978,5,4.252588847770159
12395,1128,5,4.657160773005409
12395,1400,5,4.671540099249735
12395,1502,5,4.95971796372071
12395,1585,4,4.175118767321674
12395,1591,5,4.9402768595347855
12395,1629,5,4.66808978792086
12395,1693,5,4.837199957984937
12395,1718,5,3.579545844342846
12395,6597,5,4.288929791124655
12395,7609,5,4.1414966188603985
12395,8278,5,4.67186675634305
