user_id,book_id,rating,predict
12469,3796,3,4.316693139792036
12469,6391,3,3.308063970340684
12469,6402,3,2.009651097172682
