user_id,book_id,rating,predict
12532,4260,3,2.821806511434258
12532,4516,3,0.38512258845361913
12532,5634,2,2.884366420380733
12532,6384,4,3.844345916591811
12532,6401,4,3.1217951172332628
12532,6687,1,3.5753001545459986
