user_id,book_id,rating,predict
12675,5040,5,4.306601296925135
12675,5308,4,4.398723016727525
12675,6275,5,4.649286507934036
12675,6805,5,4.2492600390502915
12675,7338,5,4.280379954581388
12675,7642,4,4.743798686813532
12675,7804,5,4.2081407735284
