user_id,book_id,rating,predict
12870,6532,3,3.020660651015126
12870,7306,3,3.9397481167382615
12870,7465,3,3.9397767006210174
