user_id,book_id,rating,predict
12937,5442,5,4.654840311236863
12937,5635,3,4.428481732586702
12937,5671,4,4.343747562461642
12937,5901,5,4.360594062809775
12937,6145,5,4.350335633441508
12937,6260,5,4.328135201445122
12937,6596,5,4.321481504145993
12937,6673,3,4.285029600583249
12937,7197,4,4.314620500409732
12937,7237,5,4.455505649416209
12937,7446,4,4.2669053893481275
12937,7857,4,4.326039545780996
12937,7939,4,4.3584547169069925
12937,8005,4,4.344787235800844
12937,8102,4,4.275160200673969
