user_id,book_id,rating,predict
12998,5399,5,5.105981206442575
12998,6234,3,3.925710614439536
12998,7405,5,4.449699336619106
