user_id,book_id,rating,predict
13001,504,5,5.847969720757396
13001,1625,4,4.716131205297134
13001,3119,5,4.711424461328244
13001,3273,5,4.730484314036254
13001,5592,4,4.67040686381571
13001,6029,5,4.292775550056708
13001,6251,3,3.8971998014241866
13001,6469,4,3.745377668094275
13001,6579,3,4.572046888336754
13001,6836,5,4.146517312740221
13001,6972,3,4.831633077224771
13001,7624,5,4.129260260136594
13001,8021,4,4.580419178076371
13001,9132,5,4.113140852825089
13001,9746,2,3.8527319892691057
