user_id,book_id,rating,predict
13051,6458,5,5.687006164276448
13051,7313,4,4.9371380481433045
13051,9145,4,4.095060733560109
