user_id,book_id,rating,predict
13264,4767,2,2.3142917269599055
13264,5102,3,2.246176394505846
