user_id,book_id,rating,predict
13344,980,4,4.993124748901169
13344,1572,4,4.186231939611859
13344,1636,4,4.342558496509614
13344,1653,4,4.2754290170951155
13344,1693,4,4.299696450479256
13344,1889,4,4.192967611582595
13344,1895,4,4.157119239952997
13344,1931,4,3.9904789089849872
13344,2031,4,4.02293856450848
13344,2198,4,4.106793998202951
13344,2262,5,4.71096678396168
13344,2324,4,3.8626340377142725
13344,2347,5,4.1980302779661365
13344,6891,4,4.199634544653044
13344,7886,5,4.0554279640804065
13344,7893,5,4.106966776535703
13344,8103,5,4.011565612555528
13344,8244,4,4.152045725403975
13344,8388,4,4.031117708113153
13344,8450,4,4.108994119899098
13344,8460,4,4.04844477354625
13344,8592,4,4.225738571272909
13344,9195,4,3.9221736970557366
13344,9382,4,4.13767339675049
