user_id,book_id,rating,predict
13372,3139,5,4.693912852110342
13372,4119,4,4.895279881166709
13372,4870,4,3.4569238403665157
13372,5189,4,4.644863163089474
13372,6354,5,4.663347135436123
13372,6392,3,5.052466757566054
13372,6822,3,4.051672126946336
13372,7090,3,3.7679471142635714
13372,7142,5,4.513568842497534
