user_id,book_id,rating,predict
1385,4134,3,3.384959100088103
1385,6304,3,3.371155428148195
1385,6619,3,3.4227338973532357
1385,6694,4,3.919814406795849
1385,7240,3,4.574828488495724
1385,7570,3,3.538001776657361
1385,7825,3,3.5524565398379893
1385,8002,3,3.637455962639669
1385,8830,3,3.118461180116415
1385,9000,5,3.3085974003467857
1385,9040,4,3.7464137732565947
1385,9047,3,3.402374901250857
