user_id,book_id,rating,predict
13890,7292,2,0.8886329951923435
13890,8170,3,3.965671028469367
