user_id,book_id,rating,predict
14165,3059,4,3.4119171091941105
14165,5430,3,2.912681989037136
14165,6041,2,3.850767117635687
14165,6931,3,3.639424071275646
14165,6958,3,3.804765933969844
14165,7166,4,3.871704021806472
