user_id,book_id,rating,predict
14241,3107,4,3.798913190512431
14241,3405,5,4.006188471352023
14241,3549,4,4.1656342200013725
14241,3554,4,4.049257092467774
14241,3839,5,3.7202439421318148
14241,4073,4,3.7993280618122625
14241,4373,5,4.135579106029412
14241,4604,3,3.6326493076269286
14241,4833,4,3.756009025699593
14241,5064,4,3.3409952153282507
14241,5172,4,3.841067893185124
14241,5547,5,3.7177159113950786
14241,5608,4,3.5467895932634397
14241,5710,4,4.468979744206584
14241,5749,5,3.7206834456381497
14241,5854,4,3.8930788591092864
14241,5904,4,3.7376569023072834
14241,6098,5,3.8257507168948908
14241,6513,4,3.6734926321348844
14241,6542,3,3.6583206855783796
14241,6722,5,4.024223886505516
