user_id,book_id,rating,predict
14264,4119,4,6.862887548808107
14264,7517,5,6.976723773575689
14264,8944,5,4.313601408446667
