user_id,book_id,rating,predict
14269,4597,5,5.427406376876773
14269,4767,4,4.6884544155204635
14269,5399,5,5.503204567468421
14269,6041,3,4.047626170709363
14269,6827,4,4.381175856595278
14269,7359,4,4.115643695655445
14269,8019,4,4.545137653598232
14269,8065,4,4.651259481569926
14269,8224,3,4.5361302378399415
