user_id,book_id,rating,predict
14539,2310,4,5.8404229831291214
14539,4765,4,4.145023249064094
14539,7422,4,2.97142046558095
14539,8383,4,2.8138050557158936
14539,8791,3,2.4135700170896746
