user_id,book_id,rating,predict
14731,6771,4,2.0716590817247758
14731,6969,4,3.8419774342838653
