user_id,book_id,rating,predict
14917,1371,4,1.4766365068482548
14917,1415,3,1.2212391095753894
14917,2388,2,3.3153165210609874
14917,2686,3,3.1495465899381925
14917,4202,4,1.7439773856574285
14917,4526,4,3.847644118784362
14917,4536,3,3.3809156600175188
14917,4956,3,2.461486504056849
