user_id,book_id,rating,predict
14954,2414,5,4.113019223782536
14954,2560,4,3.591141973660454
14954,4364,4,1.9521649213098247
