user_id,book_id,rating,predict
15112,3928,5,4.712035908714989
15112,4441,5,5.17492105382999
15112,4866,4,4.884585033770706
15112,6658,4,3.209058833507478
15112,8588,5,3.864324379282809
