user_id,book_id,rating,predict
1513,6892,4,6.348781867326113
1513,7008,3,5.8867349640625495
1513,7749,1,3.2692524188561056
