user_id,book_id,rating,predict
15211,6075,4,4.416306407345246
15211,7583,4,3.949571739305195
15211,7687,4,4.53698429148691
15211,8040,5,4.005069734208773
15211,8050,4,4.002757445033986
