user_id,book_id,rating,predict
15319,4342,5,4.312085543912932
15319,4919,4,4.379628988879431
15319,4990,4,4.342277532021289
15319,5441,5,4.210620606931049
15319,5480,5,4.262419838670762
15319,5909,5,4.140798807812384
