user_id,book_id,rating,predict
15400,6215,3,5.714226915900518
15400,7529,5,3.279272716329159
