user_id,book_id,rating,predict
15432,5749,4,4.710408353797618
15432,6519,3,4.537160306173106
15432,6529,3,4.335125932619699
15432,7533,5,5.332676744778097
