user_id,book_id,rating,predict
15431,2224,5,4.20801578997059
15431,2303,4,4.2024748768012055
15431,2341,5,4.7377060381051885
15431,2549,5,4.678314687291695
15431,2550,4,4.679382742368603
15431,2605,4,4.3561461398014085
15431,2691,4,3.4756361352279272
15431,2911,5,4.2396395200352766
15431,3407,4,4.156480805774028
15431,3510,5,4.4668080933817995
15431,3608,4,4.001709588926569
15431,7887,3,3.542621853525969
15431,7961,4,4.134449591789552
15431,8132,5,3.2652988970863293
15431,8416,4,4.078090148272377
15431,8750,4,3.3125761333169734
