user_id,book_id,rating,predict
15451,5724,3,3.990881176773258
15451,6209,2,3.972211360592783
