user_id,book_id,rating,predict
15553,2934,3,1.8061668107133184
15553,4015,5,2.0516343872293703
15553,5009,2,1.503918378617506
