user_id,book_id,rating,predict
15761,4674,4,2.6202599306840035
15761,5605,4,4.174355854686393
15761,5808,3,2.7353455745321833
15761,5935,3,3.974102300651969
