user_id,book_id,rating,predict
15814,6303,2,4.152014683179519
15814,6930,5,4.210579634519523
15814,7125,5,4.098936265137309
15814,7835,2,4.086036518223111
