user_id,book_id,rating,predict
15906,7675,3,4.110500103702151
15906,7722,3,4.061217820217497
15906,7825,3,4.2638643502242575
15906,8171,3,3.999085171404782
