user_id,book_id,rating,predict
15967,4762,5,3.967886785032508
15967,6282,5,3.954112025941571
15967,7722,3,3.548041476903099
15967,7923,3,3.003683767269235
