user_id,book_id,rating,predict
16024,4287,4,3.69920130616186
16024,5691,4,3.801585634787529
16024,7535,4,2.5380432624529377
16024,7553,4,3.5472082558922033
