user_id,book_id,rating,predict
16156,6255,5,3.1605694038059196
16156,8019,3,3.1584465419866183
