user_id,book_id,rating,predict
16201,932,4,4.920754741960563
16201,985,4,4.957885044131183
16201,1069,5,4.9692988528539
16201,1224,4,4.882778135185635
16201,2934,4,4.889168025373727
16201,3059,5,4.943934615435887
16201,4370,4,4.90454189601713
16201,4398,4,4.919597841423359
16201,4972,5,4.9439132437448885
16201,6988,5,4.902389569622869
16201,7476,5,4.932036277221689
16201,8463,5,5.004720166032887
16201,8485,5,4.950733816304631
16201,8544,5,4.94314062432301
