user_id,book_id,rating,predict
16251,932,5,2.3673768707883514
16251,1898,3,3.042219482782387
16251,1905,5,3.1089532514308624
16251,1991,2,2.6435600401796635
16251,2189,4,2.790857605546859
16251,2241,3,2.95855087964713
16251,2569,4,2.6595869246249397
16251,2792,3,3.271490553526971
16251,3123,3,3.312957565126105
16251,4341,1,2.789107732111701
16251,7446,4,3.8358548842390645
16251,7993,4,3.706709289553643
16251,8084,1,3.1148443961427796
16251,8406,4,3.9778681577060855
16251,9164,4,3.613187750667252
