user_id,book_id,rating,predict
16263,3726,3,3.5810428620970716
16263,3761,5,4.195506720254639
16263,4274,4,3.890944869144568
16263,5888,4,3.666308563239425
16263,7023,4,2.9742074946985073
