user_id,book_id,rating,predict
16353,5962,5,4.526086598652101
16353,6643,5,4.6677389669595835
16353,6655,5,5.094497686538563
