user_id,book_id,rating,predict
16564,1604,3,4.600289965081671
16564,3796,4,4.14003815490285
16564,8088,4,3.3922356535848976
16564,8753,4,3.4080850707969255
16564,9361,5,3.408402006031512
16564,9813,2,3.1970383317525632
