user_id,book_id,rating,predict
16567,1625,4,4.579422710766198
16567,1998,3,4.309826883322011
16567,2557,5,4.104600192726108
16567,2638,4,4.291385129940142
16567,3119,5,4.425946590761939
16567,3392,4,4.463448755283242
16567,3606,5,4.347520870236942
16567,4643,5,4.04801159046148
16567,4861,5,4.206497666297392
16567,5234,5,4.508010708986123
16567,5968,5,4.14132383664781
16567,6631,3,4.253184522001538
16567,6886,5,4.592052337505557
16567,6945,4,4.159041217169918
