user_id,book_id,rating,predict
16658,5428,4,4.462849858559256
16658,6085,4,4.43474051021796
16658,7378,5,3.990015125429576
16658,7765,5,4.545131202473411
