user_id,book_id,rating,predict
16685,5183,4,4.848213331250128
16685,8178,5,5.531375532451559
