user_id,book_id,rating,predict
16841,735,5,6.920217919047692
16841,1215,1,4.420136246637761
16841,1789,4,3.6695937300782604
16841,6278,4,3.9187499882404024
16841,6396,5,3.8827752333764893
16841,6734,5,4.220987811275406
16841,6887,5,4.5542324603323445
16841,7468,5,4.552795806045284
16841,7817,5,4.602099336036189
16841,7927,3,4.012576916481406
16841,8626,5,3.902658124879662
16841,8866,2,3.8812616756246823
16841,8922,3,3.756678077310566
16841,9021,3,2.05713850735568
16841,9371,5,4.513729609685355
16841,9925,5,4.201404550194837
