user_id,book_id,rating,predict
16915,719,4,3.7133709932664174
16915,2082,4,4.0288649438255435
16915,2318,4,3.5029082782688064
16915,2336,3,3.8388457290730242
16915,3026,4,3.7921235963549615
16915,3493,4,3.8964218093356773
16915,4762,4,3.756202643492074
16915,4796,4,4.192961023950213
16915,5637,4,4.069566256426886
16915,6102,5,3.9051197053224342
16915,7495,4,3.589142840147895
16915,7778,4,3.6829192920205664
16915,7990,4,3.091088467284929
16915,8011,3,3.6293293113143625
16915,9247,4,3.8645397374528248
16915,9714,4,3.478663004547424
