user_id,book_id,rating,predict
17103,904,1,0.8715858804016972
17103,1134,1,1.902228372018967
17103,1985,2,2.449032545139086
17103,2416,3,2.824432511232308
17103,2654,3,2.7441347521850594
17103,2762,1,2.4295489489693964
17103,2808,4,2.7566979851411735
17103,4117,2,2.6860164011680325
17103,5809,4,2.76605736090439
17103,6215,3,1.7969326040768534
17103,6776,3,2.3260673815110247
17103,8976,5,3.121356260310193
17103,9349,2,2.3949905882534495
17103,9882,2,2.6443149322721062
