user_id,book_id,rating,predict
17184,3881,3,3.4272056333230623
17184,5377,4,3.4989193681698607
