user_id,book_id,rating,predict
17267,573,3,3.8093853655629824
17267,784,5,4.586111131775394
17267,992,2,2.887203496954151
17267,1063,3,3.671626604928211
17267,1072,4,4.329201949813509
17267,1309,4,4.177093578513481
17267,1384,5,3.512108343667398
17267,1430,4,3.849922673179034
17267,1436,3,3.6161016488714255
17267,1481,4,4.944056231892366
17267,1661,2,4.5383352558894146
17267,1711,4,3.136664033695479
17267,1755,5,3.559849884537419
17267,1913,5,3.5192114207657386
17267,2073,3,3.5274336250013123
17267,5794,3,4.290685338904389
17267,6770,3,3.642499934144897
17267,6791,5,3.938723725516364
17267,8075,4,3.498633572100803
17267,9348,4,3.577223503591114
