user_id,book_id,rating,predict
17389,6384,3,3.971209091745109
17389,7980,2,3.9997407177740394
