user_id,book_id,rating,predict
17692,973,4,1.639095856128344
17692,4252,4,3.579478849779428
17692,4606,5,3.188234980791323
17692,5045,3,3.581418602879999
17692,5311,3,3.582044474931048
17692,6097,4,3.4055534154821667
17692,6102,4,3.6221746077811807
17692,6604,5,3.6796652928940325
17692,7524,4,3.8575256102854634
17692,8192,3,3.6567109228014854
17692,8262,2,3.2789535795517
