user_id,book_id,rating,predict
17745,5819,5,4.947196064062962
17745,7425,5,5.161072976498589
