user_id,book_id,rating,predict
17779,5387,5,2.435048502760812
17779,6446,4,3.4753257873558208
17779,8894,3,3.316769188606013
17779,9199,4,3.2052747135436452
17779,9391,4,1.9352372311998516
