user_id,book_id,rating,predict
17800,1102,2,5.2179092730564145
17800,1485,3,4.576538876170277
17800,1494,3,5.369025350320286
17800,1586,3,4.549102724277661
17800,2257,3,4.516196415862034
17800,2260,5,4.585201984158716
17800,2615,4,3.964127884072714
17800,5114,4,3.835368088980739
17800,5146,4,3.864701676570107
17800,5354,3,4.187499436300987
17800,7386,3,3.019746213091471
17800,7575,4,4.196341534331019
17800,9707,4,4.204117970296091
17800,9974,5,2.495771619029979
