user_id,book_id,rating,predict
18028,5979,4,4.085844679124727
18028,6077,5,4.373522982230005
