user_id,book_id,rating,predict
18024,5566,3,3.0839412151748373
18024,5892,3,3.977109132352503
18024,6689,1,3.0829794855556902
18024,6950,3,4.145203652845329
18024,6979,3,2.42529705138517
18024,7618,4,3.0145902650315444
