user_id,book_id,rating,predict
18059,5811,3,3.7297177330900912
18059,6861,3,3.500836881918534
18059,7050,4,3.668685089746761
18059,7374,4,3.924092942544136
18059,7888,4,3.708616240267823
18059,8327,2,3.4778082581501066
18059,8339,4,3.8758539388665105
18059,8584,3,3.526607171073841
