user_id,book_id,rating,predict
18346,1844,4,4.55282199891362
18346,3123,5,4.412731919990819
18346,3598,5,4.124841404684913
18346,4117,3,4.243881514153564
18346,5474,3,4.384677456468047
18346,5482,4,3.951598751189953
18346,5783,4,4.037295969177833
18346,6157,3,3.9667591111632388
18346,6351,4,4.199269180193012
18346,7068,5,3.7355011813839205
18346,7372,3,3.8312055246973604
18346,7664,4,4.152777587169258
