user_id,book_id,rating,predict
18444,4831,5,5.0952942512680375
18444,5136,4,4.588686919949109
18444,5757,5,4.697927348432035
18444,6747,5,4.794272504094122
18444,6792,4,4.441565843152107
18444,7020,4,4.704097144642748
18444,7502,5,4.526924816479295
18444,7927,4,4.255508739826423
18444,9056,5,4.478285489695715
