user_id,book_id,rating,predict
18462,4292,3,1.0953858186138814
18462,4620,5,3.8337346296746637
18462,4893,4,2.1839235678191553
18462,5081,3,1.4775786259901247
