user_id,book_id,rating,predict
1863,4606,4,4.081725617297927
1863,4732,5,3.3119657582289643
1863,6604,3,3.5711846362779096
1863,7318,3,3.6741067793300464
