user_id,book_id,rating,predict
18651,5702,4,4.53428216036756
18651,5884,5,4.699101981286364
