user_id,book_id,rating,predict
18862,4625,3,2.651707808825709
18862,6253,2,2.84519049281466
18862,6703,3,2.5305626257758695
