user_id,book_id,rating,predict
18980,5529,3,1.9604379903789169
18980,7495,2,3.8338960094837446
