user_id,book_id,rating,predict
18983,9069,3,3.3494364277882034
18983,9250,4,3.441788110908787
