user_id,book_id,rating,predict
19023,5722,5,4.985592042449163
19023,6053,5,4.922367008179497
