user_id,book_id,rating,predict
19066,4493,3,2.208855233224994
19066,6931,3,2.376380450296294
19066,8667,5,2.864380804493103
19066,9577,3,3.0426838836386927
19066,9959,4,3.8240052976297196
19066,9993,3,3.225190810901107
