user_id,book_id,rating,predict
1958,4160,4,4.449920140422893
1958,5318,4,5.344999780880391
