user_id,book_id,rating,predict
1975,2867,4,3.6595040697495933
1975,5787,3,3.4767528878159135
1975,5819,2,3.24297022894162
1975,5984,3,3.4508608612867766
1975,6706,5,3.6884575665449626
