user_id,book_id,rating,predict
19953,7711,4,4.679560982790425
19953,8146,5,4.295296545443446
19953,8727,5,5.629160017083562
