user_id,book_id,rating,predict
19980,1461,4,3.44408002874118
19980,1596,5,4.698517308249974
19980,2384,5,4.258610959116423
19980,2413,5,4.231429627353915
19980,7017,5,4.514667633895342
19980,7099,4,4.765987658262007
19980,7173,5,4.970589696012654
19980,7371,5,4.111009350597051
19980,7941,4,4.510013693859798
19980,8399,4,4.136505719832464
19980,8596,4,4.497655465165813
19980,8790,5,3.988170268636468
19980,8796,5,5.225038358248737
19980,8861,4,4.62466482713516
19980,8984,5,4.335099041322958
