user_id,book_id,rating,predict
20071,3423,2,2.0793756713423495
20071,6548,2,2.037479589022298
