user_id,book_id,rating,predict
20185,6673,5,4.2814094444452655
20185,7019,5,4.728690380629221
20185,7378,5,4.306056093253393
20185,8406,4,4.637429344100247
