user_id,book_id,rating,predict
20270,4943,5,4.005853869754752
20270,5730,5,4.007542241623596
