user_id,book_id,rating,predict
2042,3598,3,4.121300100147229
2042,5663,5,3.555764475135468
2042,5852,4,3.603465471017962
2042,6033,3,3.6760218281138077
2042,6799,4,3.637955650536304
2042,7120,4,3.982852582671339
2042,7359,4,3.330144871095001
2042,7771,4,3.3877851995965917
2042,8065,3,3.6259589406273256
2042,8115,4,2.66155685167687
2042,9392,5,4.118081575316373
2042,9743,3,2.653760751382327
