user_id,book_id,rating,predict
20560,5065,4,4.138367410081126
20560,6594,4,3.9657797148632064
20560,6885,3,3.5550222140635745
