user_id,book_id,rating,predict
20679,3447,5,3.3019618093957743
20679,6410,4,3.142983100086403
20679,6705,2,3.2679421025734525
