user_id,book_id,rating,predict
207,3896,3,3.4226970378667305
207,5114,4,3.598887527588725
207,5211,4,3.534310989484766
207,5394,3,3.201411170897579
207,6813,2,2.7525596450917527
207,7292,2,3.364418619176501
207,7372,3,2.8846890702853516
207,7468,3,3.7122233619668497
207,8290,3,3.372006065925599
207,8707,3,3.58885497856095
207,9217,5,3.660787957699622
207,9348,2,2.7708782721594525
