user_id,book_id,rating,predict
20712,7893,4,3.808720198767116
20712,7961,4,3.38042500108593
20712,8062,4,3.749733942453533
20712,8103,5,4.328866191560407
20712,8132,4,3.4530130886577686
