user_id,book_id,rating,predict
20710,4482,3,3.980567243794062
20710,5944,4,3.8741152885979817
20710,6134,4,3.825566199367381
20710,7313,4,3.8457811597150027
20710,8939,3,3.507503540632031
