user_id,book_id,rating,predict
20743,4969,3,3.582128367805238
20743,5312,4,3.8092485955913857
20743,5911,3,3.2267477853049056
20743,6844,4,3.5360802430917597
20743,7449,4,2.8542135582848687
20743,7462,3,3.4515846467739495
20743,7826,5,3.823835411235629
