user_id,book_id,rating,predict
20982,8222,3,3.412391903446492
20982,8398,2,3.6292593929351966
20982,8460,5,3.300085614301167
20982,8636,4,3.6078269084441534
