user_id,book_id,rating,predict
2145,4763,4,3.000827565981377
2145,8588,3,3.0006881564588377
