user_id,book_id,rating,predict
21520,3734,5,2.554174508793853
21520,3901,1,3.891727803151661
21520,4625,3,3.419442846825121
21520,5112,4,3.5242509583803843
21520,5720,4,4.2882098174912535
21520,6091,3,5.216788130799003
21520,6208,4,4.040674275879834
21520,6667,3,4.055187737893254
21520,6904,4,4.039384445605524
