user_id,book_id,rating,predict
21576,3448,5,5.279895258877655
21576,4748,5,4.359788387765081
