user_id,book_id,rating,predict
21668,3347,5,1.9958545010967645
21668,3430,4,3.506342579847426
21668,5040,4,2.2971219177727575
21668,5308,4,2.893975117332258
