user_id,book_id,rating,predict
21729,4919,3,2.9954576633498373
21729,6034,5,3.7694232421320746
21729,6142,3,2.9229353815648924
21729,6230,5,4.151116285778008
