user_id,book_id,rating,predict
21972,6976,3,4.033199822823044
21972,9126,4,4.325445328458151
