user_id,book_id,rating,predict
22127,2434,3,4.756766624739999
22127,3110,4,5.128764380886144
22127,4179,3,3.5891837784304648
22127,4486,4,4.669346942777119
22127,5714,3,4.042215796797255
