user_id,book_id,rating,predict
2227,3370,4,5.574254153363929
2227,3377,4,3.526503362672959
2227,4531,5,3.7470575042941254
2227,4908,3,2.5048179772968924
