user_id,book_id,rating,predict
22477,470,3,2.677738906592675
22477,655,4,1.7968057375562894
22477,1027,3,2.7573479391457782
22477,1054,3,2.5315448889201013
22477,1192,4,2.7207092678357725
22477,1930,4,3.3516714338730607
22477,1934,2,3.0470839925100095
22477,2052,2,52.40274338683759
22477,2261,3,3.138816705374561
22477,2502,4,3.120312209900621
22477,2568,3,2.929187321439607
22477,2773,3,3.2691201059984287
22477,2800,4,2.8399787017743607
22477,3119,3,3.406886944632441
22477,5164,3,3.219920064853028
22477,5656,3,3.3503383223731955
22477,6358,3,3.352313647625744
22477,6529,2,3.1675328822588615
22477,6599,2,3.439884106871129
22477,6694,3,3.1814926082025057
22477,6847,3,3.2765865984418308
22477,7187,3,3.3531917957603357
22477,7549,4,3.541075928736566
22477,8322,2,3.043245567972932
