user_id,book_id,rating,predict
22526,3637,1,2.677370688413457
22526,5200,2,2.629951171142631
22526,5426,2,2.7997881971642906
22526,5608,5,3.4478257777758863
22526,6911,1,2.751850737380156
22526,7100,1,2.6831106273610255
22526,7252,1,2.254543074317809
22526,7708,1,2.365105788206784
22526,7751,1,2.388682281848993
22526,7956,5,2.7480386616894075
22526,8125,1,2.728739736368102
