user_id,book_id,rating,predict
22565,3139,5,4.029353009596135
22565,4015,4,3.8438143234758186
22565,4106,4,4.034554387181326
