user_id,book_id,rating,predict
22711,2894,4,4.087244374992061
22711,5414,4,3.4304857716668
22711,5632,4,2.842593262800301
22711,6296,2,3.8057450113467204
