user_id,book_id,rating,predict
2272,4284,4,5.285976914224459
2272,4640,5,4.224767039074081
2272,5274,3,3.2431364323771
2272,5911,2,3.033289031790919
2272,6413,5,2.8813873753853954
2272,7008,4,3.516249677711404
2272,7495,4,2.8288309999943744
