user_id,book_id,rating,predict
22792,6093,4,3.8155394564104492
22792,6672,5,4.542575444598108
22792,7501,5,4.381897806629481
22792,8687,5,5.140233729430597
