user_id,book_id,rating,predict
22867,5275,4,3.5376409440196173
22867,8259,4,4.10589258512108
