user_id,book_id,rating,predict
22881,4693,3,4.318289275753382
22881,4910,3,3.888384803654376
22881,5375,4,3.23465675774301
22881,5594,4,5.462989460299585
22881,5677,4,5.794403993354768
22881,6020,5,5.775159728423908
