user_id,book_id,rating,predict
22923,7612,3,3.9963784621948406
22923,8235,4,3.014828494439029
