user_id,book_id,rating,predict
22986,4995,4,3.1296374567908725
22986,6887,4,3.2591512522531905
22986,7307,3,3.249872616531519
