user_id,book_id,rating,predict
23158,2638,4,4.763897813403758
23158,4677,4,3.4716844769242523
23158,4902,4,4.665028518218821
