user_id,book_id,rating,predict
23205,4919,3,3.847076237571022
23205,7483,3,4.026458480400397
