user_id,book_id,rating,predict
23423,2174,5,2.811087841362373
23423,2569,1,1.0391036734288452
23423,2693,3,3.3228343333021773
23423,2790,4,1.1799560569379692
23423,7563,5,3.4377409456081702
23423,8923,2,3.2888409115543746
