user_id,book_id,rating,predict
23477,1906,4,4.158640943586389
23477,2328,5,2.8439251688335423
23477,2910,5,3.9982481338188807
23477,4421,4,3.271143672659907
23477,5965,3,3.878715548860662
23477,6755,4,3.6665344202917804
23477,7124,5,4.429758596039385
23477,8208,2,4.66922370956703
23477,8677,4,4.1085730410695955
23477,9078,5,4.368250097250642
23477,9861,5,4.768271550374502
23477,9996,4,4.249580998002678
