user_id,book_id,rating,predict
23598,3347,5,3.8222894912562264
23598,4203,5,4.006742943149653
23598,6115,4,3.740302591596712
23598,6136,4,3.5047651520778227
23598,6352,2,4.593287529361334
23598,6839,4,3.9708711174616296
23598,7062,3,4.145295208926471
23598,7657,4,3.917032779897802
23598,7725,5,4.0450075920519195
23598,7897,5,3.590316623216184
