user_id,book_id,rating,predict
23592,6222,1,5.024766554827223
23592,8552,5,3.9008898754109707
23592,8680,5,4.946712456175469
