user_id,book_id,rating,predict
2362,629,3,3.317248258305065
2362,1040,4,4.2424750453373505
2362,3638,3,3.7941943281135817
2362,6326,2,3.109286116044152
2362,6808,3,3.534676496332289
2362,7169,3,3.4701812472407703
2362,7563,4,3.583061410225235
2362,9084,4,3.4462730729382196
2362,9169,4,4.099975343390577
2362,9187,3,3.7217383163545694
2362,9243,4,3.296945759263899
2362,9273,3,3.7889489232380904
2362,9645,3,3.767533984171162
