user_id,book_id,rating,predict
23684,3888,2,3.019417684008072
23684,4153,5,3.3549170873123697
23684,5465,3,2.3443537643645938
23684,6911,1,2.061761592405346
23684,7926,3,1.6306544663269131
