user_id,book_id,rating,predict
23841,2557,4,4.446913699130258
23841,2681,4,3.796828394003236
23841,3331,4,3.7078854943228627
23841,3591,4,4.055492748785095
23841,4677,3,3.774227740499839
23841,4721,5,4.716229759391489
23841,4936,3,2.087139217075887
23841,4981,3,4.909424221405839
