user_id,book_id,rating,predict
24026,4191,5,3.212917562313101
24026,4518,5,3.482997527315969
