user_id,book_id,rating,predict
24023,5258,5,2.577155979249574
24023,5269,3,2.8107703901338716
24023,5657,5,2.4059049704650626
24023,5841,3,2.971528643232677
24023,6101,3,3.3354869476215
