user_id,book_id,rating,predict
24108,4496,3,3.719475839265394
24108,5910,3,3.122102003984089
24108,7762,5,3.947174079888633
