user_id,book_id,rating,predict
24193,1352,5,5.876108572369084
24193,2100,5,4.77948871855076
24193,2434,5,5.183941448930927
24193,3110,5,5.245933450198234
24193,3917,5,4.965788889295336
