user_id,book_id,rating,predict
24213,6907,3,2.7496610063640774
24213,8300,4,2.6545155773307694
