user_id,book_id,rating,predict
24247,4968,3,5.025711179583675
24247,5211,3,4.442080027834518
24247,5607,3,4.246734066561159
24247,6047,4,5.005392680014648
24247,6192,4,4.0289313077651006
24247,6854,4,4.47213122021875
24247,7485,4,4.819749250999452
24247,8009,4,4.374694109003056
24247,8659,5,4.259939366585119
24247,8677,3,4.3460211101373165
24247,9199,4,3.9012033832510755
24247,9252,5,5.492263670135184
24247,9722,2,3.431708780833173
24247,9756,5,4.310681320217973
24247,9849,5,4.936430958785222
