user_id,book_id,rating,predict
24365,1625,5,3.641027255071439
24365,1756,3,3.959392677656587
24365,2191,3,3.655738284029524
24365,2414,4,3.5513919014405673
24365,3881,3,4.229535299400627
24365,4169,3,3.8460998718881543
24365,4729,5,4.1755134019215445
24365,5094,3,2.9774445143860655
