user_id,book_id,rating,predict
24568,1355,3,3.8516539538599095
24568,3736,5,4.604625275242922
24568,4107,5,4.677417011518304
24568,4597,5,4.709912878566196
24568,5399,4,3.4700661589403348
