user_id,book_id,rating,predict
24575,3104,3,3.70530221610549
24575,4893,4,5.951027297511708
