user_id,book_id,rating,predict
24607,5169,4,4.426831752106151
24607,5362,4,4.701893804549373
24607,5636,5,3.4480507354342302
24607,5887,5,3.505965177035025
24607,6230,4,3.8400458022582225
