user_id,book_id,rating,predict
24675,7993,5,3.851270574770235
24675,8911,3,3.6373339926025188
