user_id,book_id,rating,predict
2482,6085,4,2.9366195497612724
2482,6984,4,4.309295474500209
2482,7613,3,4.20015603767615
2482,7993,5,4.213886537055553
