user_id,book_id,rating,predict
2493,470,4,1.6483112929034458
2493,969,3,2.6772806423260582
2493,1152,2,3.587308897763021
2493,1300,3,3.3425520646710116
2493,1358,3,2.7319655095714444
2493,1406,3,2.71972576307546
2493,1424,3,2.9167862088316197
2493,3059,2,3.824266353275587
2493,3129,4,3.333286744015263
2493,5910,3,3.5560687219162133
2493,7001,3,3.2556644443722
2493,9808,3,3.9012858910629866
