user_id,book_id,rating,predict
24945,2205,4,2.323650305256952
24945,2683,5,3.483638087442251
24945,3587,4,3.8647263134103387
24945,3914,4,3.787039973457712
24945,6660,4,3.9549872187407926
24945,7033,5,3.8898354757987237
24945,7175,2,4.352403986767765
