user_id,book_id,rating,predict
24983,7065,2,3.5590015268058917
24983,7357,3,4.007987372481999
24983,7671,5,4.09846084368157
24983,7969,4,3.470522446805923
24983,8146,5,3.6402703596937336
