user_id,book_id,rating,predict
25096,5771,3,5.203249749219857
25096,6192,4,4.267601801374264
25096,7371,3,5.039805593103955
25096,7625,5,4.731753023349447
25096,7675,4,4.983215051091779
25096,7722,5,5.08347555154903
25096,8171,4,5.056032908444667
25096,8397,5,4.53409450532305
25096,8860,3,4.2826210364618
25096,8894,5,4.934829837913935
25096,8972,5,5.133799147750286
25096,9113,4,4.833349795285422
25096,9115,5,4.392185260298634
25096,9199,4,4.241758911532012
