user_id,book_id,rating,predict
25406,2548,3,3.6852735537454087
25406,3009,4,3.460040853577346
25406,3890,5,4.986477520250041
25406,3972,3,4.920305189575925
