user_id,book_id,rating,predict
25694,4624,5,4.458978723586473
25694,4796,5,3.9205922188842446
25694,4903,3,4.253035955348316
25694,6015,4,4.199798162926535
25694,7371,3,4.042361942477108
25694,7952,4,5.243892033520567
25694,7993,3,3.751093138079952
