user_id,book_id,rating,predict
25860,6008,3,3.0059994715155556
25860,7368,4,4.069067562905066
