user_id,book_id,rating,predict
25987,4373,5,5.1589893485471086
25987,5546,5,4.626837107807018
25987,6081,5,4.665523284334458
