user_id,book_id,rating,predict
26050,3842,1,3.64488598631917
26050,3845,4,3.1848163486788668
26050,3901,4,3.252524382071535
26050,3967,1,3.679831911781751
26050,5264,4,3.2049858170889656
26050,5489,5,3.369629641446922
26050,5803,1,3.322965860696438
26050,6271,2,3.387031528157239
26050,6434,4,3.4014421111398345
26050,6503,4,3.2052499647290635
26050,6635,1,3.6605884789020404
26050,6735,3,2.9167056850320963
26050,7324,1,3.8807365734504122
26050,7897,4,3.2424250633072313
26050,8082,4,3.487837209593251
26050,8231,4,2.9744369546598968
26050,8236,3,3.461106969433123
26050,8288,4,3.457832530527492
