user_id,book_id,rating,predict
26096,128,5,4.889197417341817
26096,385,5,3.6924586830901607
26096,532,5,4.371619223560728
26096,2388,4,3.9881643139353806
26096,2752,5,3.797730074153656
26096,3469,4,3.181174401683986
26096,3682,2,3.9034413446902354
26096,3733,5,3.74064017354903
26096,3946,3,3.6558097758242587
26096,5702,4,3.8599515087142384
26096,6310,4,3.8264466698786825
26096,6401,5,3.4226948351030457
26096,6555,5,3.6750599301520612
26096,7279,3,3.783259592902114
26096,7865,5,3.404377671414754
26096,8352,2,3.7588311060205886
26096,8705,4,3.724876234892636
26096,9211,3,3.73989556566285
26096,9250,5,3.9982299014397515
26096,9863,2,3.294844585171618
