user_id,book_id,rating,predict
26303,1616,3,4.911370321536009
26303,1696,1,5.137918159859039
26303,4777,5,4.673865891291811
26303,9603,4,4.700211219367524
