user_id,book_id,rating,predict
26315,8345,4,5.507211151405013
26315,8527,5,5.465088669173109
