user_id,book_id,rating,predict
26362,1612,5,4.9426312069474605
26362,1680,5,5.001423994344412
26362,1751,5,5.000219447679038
26362,1813,5,5.002083465599761
26362,4957,5,4.997720144463676
