user_id,book_id,rating,predict
26387,5169,5,5.1327105480290145
26387,7526,3,4.23356478486998
