user_id,book_id,rating,predict
26390,3602,4,4.240958751648396
26390,4071,1,3.6753271184646934
26390,4173,4,4.285453480544877
26390,4389,4,4.551118237187605
26390,5657,3,4.601779361334829
26390,6622,4,4.3464258245505025
26390,7216,4,3.8102443810518833
26390,7507,4,4.180901020687094
26390,7750,4,4.346431666226937
26390,7966,4,4.987498037146301
26390,8544,4,4.074969096704888
26390,8633,4,3.591375949113039
