user_id,book_id,rating,predict
26615,5735,4,3.7488419506327095
26615,6218,5,3.5640495008266986
26615,6431,4,3.6863340506412894
26615,7082,4,4.000544075439612
26615,7788,4,3.9795442705780046
26615,8291,4,3.7748876906118745
