user_id,book_id,rating,predict
26729,392,3,3.914911660730337
26729,564,3,4.237089896131215
26729,1058,3,3.0638715734250273
26729,1160,4,3.1985352769860635
26729,1377,3,3.395340686053096
26729,1662,3,3.180792368815845
26729,1788,3,4.177942098978369
26729,1851,4,3.7172102391026165
26729,1937,3,3.062169112388918
26729,2057,2,2.813012924459177
26729,2096,3,3.3527973818347214
26729,2257,4,3.2286225732310325
26729,6093,3,2.8552493843483684
26729,7175,4,2.4013485747014855
26729,7409,4,3.5434630304395385
26729,7579,4,2.76781773972762
