user_id,book_id,rating,predict
26742,2171,2,2.2236284592965623
26742,4189,5,2.732401682836216
26742,4398,4,2.0216279760311417
26742,6200,2,2.436956244037034
26742,6324,2,2.286717740337642
26742,6533,3,2.668527625457657
26742,6898,4,4.761580374277416
26742,6975,2,2.3607571353970718
26742,7146,4,2.177134035713726
26742,7841,2,2.756935925876866
