user_id,book_id,rating,predict
26780,5344,4,5.162286893850396
26780,6292,4,2.5106056997337847
26780,7945,5,4.304971180474327
26780,8645,4,4.043699137980808
