user_id,book_id,rating,predict
26782,5580,5,4.570798728176168
26782,5830,4,4.555551255974006
26782,6260,4,3.1142223151343975
26782,6396,4,3.183798530559441
26782,7315,4,2.50251196684661
26782,8334,3,2.8942728858872138
26782,8705,5,2.980192874628074
26782,8978,5,5.759963284610416
26782,9164,3,2.922366742541025
