user_id,book_id,rating,predict
26873,474,4,3.288788824362636
26873,870,5,4.497600805343344
26873,969,3,3.4353862017270553
26873,985,4,4.076402217649421
26873,1060,5,3.9590772631682176
26873,1069,4,4.003498728844378
26873,2414,3,4.429018586561544
26873,2790,4,3.703592937876996
26873,4398,5,3.816076948994114
26873,6060,3,3.759357031038454
26873,6518,4,4.473401481749381
26873,6564,5,4.419721811481362
26873,6842,4,4.484372209999083
26873,7459,3,3.9974188117142173
26873,8382,3,3.5951333540989303
26873,8433,4,3.677318145771067
26873,8463,4,4.438524913032248
26873,8736,4,3.8611785496949
26873,9521,5,4.07091873020704
26873,9958,4,4.320596836327446
