user_id,book_id,rating,predict
26954,6362,5,4.157770235765261
26954,6378,5,4.282681503980164
26954,6576,5,4.855456254484358
