user_id,book_id,rating,predict
27156,3502,5,4.020123586988359
27156,4449,3,4.393802065937788
27156,5535,4,2.984458788640122
27156,6643,4,4.032169877213194
27156,6655,5,4.894804137751645
