user_id,book_id,rating,predict
27211,4531,5,3.3565559357464716
27211,4597,4,4.885038496938642
27211,5792,2,1.923920166375844
27211,7046,3,4.593714366378353
27211,7810,5,1.7903809423579995
27211,7826,4,2.7470465494662775
27211,8535,2,3.782299372745756
27211,8633,2,2.688363448071448
27211,8783,1,1.7740025228697966
27211,8845,4,3.6348816785095677
27211,9129,4,2.6875372028709674
