user_id,book_id,rating,predict
27246,6885,3,4.778462718863652
27246,9215,3,2.9108692295712864
