user_id,book_id,rating,predict
27255,3742,3,2.9835832407946636
27255,6971,3,2.700866999642781
27255,7273,5,3.3999821794958898
27255,7708,3,3.2516962484281673
27255,8198,4,3.0973999874559333
27255,8822,3,3.1442629283378896
27255,9484,3,3.3761549742815435
