user_id,book_id,rating,predict
27290,3760,3,3.0375699726360903
27290,4756,3,3.1827234286766957
27290,5423,3,3.328131642469843
27290,5525,3,3.0417994506138646
