user_id,book_id,rating,predict
27382,3762,3,3.6798433015291594
27382,3922,3,3.4230948177088094
27382,5580,5,2.5484937114896313
27382,8146,4,3.938428794503674
27382,8727,4,4.025395729402984
27382,8863,4,3.5243767868822666
27382,8963,4,4.128999692018637
27382,9995,4,5.79610236328497
