user_id,book_id,rating,predict
27481,4123,2,2.9591741841606387
27481,4414,2,2.5139244280977318
27481,5987,3,2.76269362456478
27481,8519,3,2.790700401835571
27481,8713,3,2.692464726140185
27481,9094,4,3.0987038156474265
