user_id,book_id,rating,predict
275,4202,2,4.072099059155667
275,4531,3,5.301353228357005
275,8295,4,2.665932361158155
275,8323,3,4.815884064938351
