user_id,book_id,rating,predict
27819,3531,5,3.5478692161233054
27819,4717,5,1.9122115650696716
27819,5809,2,3.2563221051976208
27819,7720,1,2.8600593261063643
