user_id,book_id,rating,predict
27827,6070,4,3.9578835018760143
27827,7039,5,4.217297956218381
27827,7524,5,4.0256589751380245
27827,7759,2,2.2123540520389913
