user_id,book_id,rating,predict
27825,5189,5,4.316338692556225
27825,5628,4,3.9496609431732446
27825,6613,5,3.808430478365636
27825,7767,5,3.90825047788414
27825,8028,5,4.07049088215161
27825,8146,3,4.289029701051108
27825,8245,4,4.39146628536198
27825,8631,5,4.404608082891032
27825,8849,4,4.321024301767578
27825,8863,5,4.243367620622653
