user_id,book_id,rating,predict
27845,4740,4,4.29283393854216
27845,8105,3,4.609513313370128
27845,8600,3,2.670498957555482
27845,8809,3,2.5543147827242776
27845,9651,4,4.534702124828626
