user_id,book_id,rating,predict
28078,6855,3,2.907843421405718
28078,7197,4,4.074880150810046
