user_id,book_id,rating,predict
2811,4619,5,4.630213412387126
2811,4754,4,4.1705547596220365
2811,5006,5,4.1774373784559415
2811,5042,5,4.80683701364916
2811,5158,5,4.837318484793148
2811,7287,5,4.189434576292602
2811,7631,5,4.327372689743606
2811,8860,3,4.035393836183291
2811,9149,5,4.425789337269139
