user_id,book_id,rating,predict
28196,5918,4,4.058996625475458
28196,7751,5,4.665315352507133
