user_id,book_id,rating,predict
28221,5045,3,3.4675585786010568
28221,5472,4,2.992943041804126
28221,6019,3,2.9334160034606276
28221,6068,3,3.6063303698257063
28221,6596,4,3.1354128597362365
