user_id,book_id,rating,predict
2824,5733,5,3.2623429921920035
2824,6346,3,3.816980243957971
2824,6532,5,4.353585244121089
2824,7018,4,5.24859294098691
