user_id,book_id,rating,predict
28289,1904,3,3.572835558463103
28289,3981,4,3.6516873021683547
28289,4344,4,4.072043190074556
28289,4511,3,4.0614492534636355
28289,4707,1,4.024372495345158
