user_id,book_id,rating,predict
28376,6547,5,3.4806863121227285
28376,7681,3,4.219408091957639
28376,7901,5,3.3561305081184107
