user_id,book_id,rating,predict
28475,2111,5,4.15005922222863
28475,2143,5,4.357927488984162
28475,6592,5,4.0067511143161365
28475,7003,5,4.097030840871435
28475,7038,5,4.32618801266592
28475,7143,4,3.0824474132099042
28475,9058,5,4.618347700700447
