user_id,book_id,rating,predict
28538,3662,4,5.26394791324867
28538,3762,5,4.785745224320409
28538,3900,5,4.983777446576631
28538,3921,4,4.490128638038582
28538,8416,5,5.016297857019759
28538,9698,5,4.954730776952007
