user_id,book_id,rating,predict
2854,837,5,2.4799578375695703
2854,1265,5,4.403636009741735
2854,2024,3,3.4725406007498028
2854,5580,5,5.171884672520399
2854,5723,4,4.871124208665798
2854,7090,4,3.5351655783278955
2854,7579,3,4.145044375971044
2854,7874,5,4.754729218701632
2854,8045,4,4.419303657377758
2854,8682,4,2.685154343780516
