user_id,book_id,rating,predict
28575,6292,3,1.8411073661186517
28575,6855,2,4.169276310801519
28575,7786,4,3.8697809422268827
