user_id,book_id,rating,predict
28669,6756,4,4.770071502808426
28669,7503,3,3.926112857051458
28669,7912,4,3.828084888658893
