user_id,book_id,rating,predict
28995,8274,2,4.255224641603928
28995,8498,5,3.261251067732108
