user_id,book_id,rating,predict
29006,6929,3,3.0096457575059867
29006,7300,3,2.9999282213220084
