user_id,book_id,rating,predict
29490,5547,4,3.941847162843317
29490,5892,4,4.013482762408898
29490,5902,4,4.0611967519924415
29490,6269,3,3.9924780860650753
