user_id,book_id,rating,predict
29558,1793,4,1.4635873463901827
29558,1822,2,2.653508122882715
29558,2171,3,3.7647361597315827
29558,2749,3,3.561963808043907
