user_id,book_id,rating,predict
29598,1372,5,6.453285765347079
29598,1647,5,5.5812533360665455
29598,1787,5,6.0596744397730555
29598,1933,5,5.925453401815417
29598,2033,5,5.560750689475016
29598,2292,5,5.738363185527642
29598,3093,5,5.4191656502627445
29598,3224,4,4.856519722407492
29598,3251,5,5.012295162280499
29598,3272,5,4.744935264754134
29598,3288,4,5.175061549719566
