user_id,book_id,rating,predict
29605,4403,4,3.166896539761651
29605,4450,3,2.9105819299885725
29605,4804,4,3.5864984260393036
29605,5021,3,3.3840289002892097
29605,5246,4,3.670719558065702
29605,5584,3,2.7308721034287107
29605,5720,4,3.6543250305794763
29605,5970,4,3.080929333125618
29605,6098,3,3.281802996768116
29605,6145,4,3.656349697907649
29605,6205,3,3.6250693534863694
29605,6208,4,3.660671376812113
29605,7084,5,3.3071815409554968
29605,7085,4,3.4847327744288994
29605,7100,4,3.40468405106036
29605,7203,3,3.727748532534377
29605,7413,5,3.730800232313837
29605,7528,4,3.005050221064904
29605,7870,2,3.244609564193467
29605,8001,3,3.4027900083681843
29605,8058,3,3.643443350600049
29605,8110,3,3.79290023370449
29605,8137,3,3.4127434831153782
29605,8775,4,3.405523109573803
29605,8834,3,3.149107139318477
29605,8918,4,3.7362880299544687
29605,9035,3,2.588227230885244
