user_id,book_id,rating,predict
29830,4894,5,5.065577992660489
29830,8632,3,2.8280889324673995
29830,8843,4,3.4674444811492666
