user_id,book_id,rating,predict
30253,4737,4,4.936299485509693
30253,6711,4,4.596038748349558
30253,7125,5,4.8127345277647775
