user_id,book_id,rating,predict
30356,6653,5,4.525151120965013
30356,7812,5,4.021359574997859
30356,8141,4,3.675259575229836
30356,8269,4,3.7104905417890612
30356,8647,5,4.619229443160682
30356,8757,4,4.848482861761777
30356,8850,4,4.591808300470321
30356,8961,5,4.160663205339604
