user_id,book_id,rating,predict
30771,6889,5,3.8629363582003085
30771,8430,4,6.207865834261293
30771,9193,4,2.782973167010235
