user_id,book_id,rating,predict
31110,2145,4,4.068972625073133
31110,2157,5,4.526764916930663
31110,2224,4,4.29047313830882
31110,2280,4,3.989022038321208
31110,2303,4,4.214733522825798
31110,2341,4,4.108907534137022
31110,2549,4,3.8640844319816456
31110,2550,4,3.93278621353429
31110,5769,4,3.8719289289822796
31110,6704,5,3.996649172536775
31110,7115,4,4.080643750932778
31110,9968,4,3.048672111618494
