user_id,book_id,rating,predict
31131,2376,5,3.3694186284888863
31131,2541,5,4.760125374874194
31131,2597,5,4.047005571428525
31131,2990,5,3.7065609738608196
31131,3398,5,4.0317274108881955
31131,3539,5,4.961944109826056
31131,3575,5,4.882211642997405
31131,3602,5,3.903071735982527
31131,3658,5,5.421512269789096
31131,7459,4,3.4038588834838537
31131,8753,5,3.6541126940290463
31131,8856,5,4.512214041398696
