user_id,book_id,rating,predict
31252,7436,3,3.8876721718112233
31252,7750,4,3.7905023488682796
31252,8377,4,3.521507970607569
