user_id,book_id,rating,predict
31368,4693,4,3.766924379415282
31368,5594,3,3.817509981212637
31368,5677,4,3.9827489134808305
31368,6020,5,3.911106196879359
31368,6494,4,3.7295206212948595
31368,6836,4,3.966755673852328
31368,6979,4,3.63149099911283
