user_id,book_id,rating,predict
31505,1992,3,3.9069780650712427
31505,2024,3,3.4433850887819437
31505,2310,3,3.3998179798056647
31505,2681,3,3.531970164216008
31505,3392,3,3.7932452326989377
31505,3421,2,3.4105724046468704
31505,3495,2,3.357032937958466
31505,3602,3,3.596993228460423
31505,3845,4,3.0851027799522437
31505,4104,4,3.6796651054777514
31505,4694,2,3.033300337440888
31505,4880,2,3.3810384424293116
31505,4902,5,3.6705287125994457
31505,5027,3,3.6735932765746115
31505,5136,3,3.6948194352142982
31505,5256,3,3.4843714816631843
31505,6195,3,3.2462239943597284
31505,6202,1,3.4721683880098277
31505,6499,3,3.6741546073904323
31505,6547,3,3.576074037504134
31505,6734,3,3.8080355909504604
31505,6885,3,3.5676775166022257
31505,7090,5,3.366662881865443
31505,7249,2,3.3588452638006774
31505,7548,3,3.7306347571442555
31505,7629,4,3.6893564482623566
31505,7770,3,3.2292221667333525
31505,7949,3,3.814288311200486
31505,7952,4,3.3193642224738844
31505,8057,4,3.642161574900256
