user_id,book_id,rating,predict
3161,1154,4,3.8637199407595237
3161,2811,2,2.770177472860304
3161,2825,4,3.764158217498108
3161,4335,5,4.327517750209421
3161,6887,3,3.285548667554194
3161,7601,4,3.36081466000102
3161,8654,3,2.6874629064268367
