user_id,book_id,rating,predict
31745,685,2,6.411169775450287
31745,1016,2,4.377181378011083
31745,1726,2,3.3476172003243643
31745,1836,2,2.396162789172908
31745,1896,2,2.170334078186997
31745,1984,2,1.814115497232976
31745,2096,1,2.2954254314462923
31745,2127,4,2.7558270046238786
31745,2181,2,2.076628418747523
31745,2324,4,2.334652268530369
31745,2329,3,2.7563642996982947
31745,2565,2,4.162138114257029
31745,2582,1,1.8332683719917755
31745,3248,2,3.1231898531251985
31745,4136,3,3.186285464923755
31745,4649,1,2.365407387360109
31745,6297,2,2.434364528944844
31745,6526,2,2.826485126419314
31745,7503,2,1.0901796132757733
31745,7601,3,2.6884337593425247
31745,8585,2,2.482039369297759
31745,8884,2,2.791428832699861
31745,8924,1,1.9189205675842813
31745,9189,2,2.627821180195393
