user_id,book_id,rating,predict
31808,8411,5,2.8400845390004754
31808,8921,2,2.9626133569748014
