user_id,book_id,rating,predict
31856,3041,4,7.506329440855737
31856,4186,4,4.6626378317478165
31856,5606,4,4.422224972863033
31856,7524,5,4.376006099931442
