user_id,book_id,rating,predict
31927,4833,3,3.6541338342328062
31927,5608,4,3.2404571108547815
31927,5904,4,3.3712666768585287
