user_id,book_id,rating,predict
32205,2557,5,3.7472748100494275
32205,2635,2,3.3115293680952123
32205,2752,3,3.4679713637201006
32205,2855,3,2.867323656480896
32205,3267,3,3.451141749934522
32205,4734,4,3.7395637065876532
32205,6990,5,3.605214320075385
32205,7545,4,2.2020802356139364
32205,7557,4,3.0546257273961004
32205,8385,2,2.47601699931327
32205,8499,3,3.183174096403295
32205,8659,3,2.733418154383754
