user_id,book_id,rating,predict
32435,1093,2,3.266681659409656
32435,1359,4,4.600377718817135
32435,1366,4,5.421809573548228
32435,1451,4,3.7637326443859513
32435,1472,5,5.868411551126236
32435,2154,4,4.385991459457915
32435,4161,1,3.314605335060546
32435,6931,3,3.150989449111268
32435,9285,1,3.218652983479968
