user_id,book_id,rating,predict
32464,3385,5,4.415340316480519
32464,3603,4,5.072630538071392
32464,4284,5,4.336001284437286
32464,4870,5,4.658360957781362
32464,5754,5,4.537701798516132
32464,6298,5,4.537055509492811
32464,7264,5,4.487153780295444
32464,7333,5,4.206508318002795
32464,7409,5,4.3383219131698745
32464,8079,5,4.573109743561385
32464,8207,5,4.185962835676037
