user_id,book_id,rating,predict
32579,3796,5,3.3285687028833624
32579,4126,5,3.353816707665767
32579,5169,5,4.004035193805002
