user_id,book_id,rating,predict
32675,4878,3,3.439562499015924
32675,6221,2,3.56634758376883
