user_id,book_id,rating,predict
32831,2434,5,4.758281720480173
32831,2537,4,4.47563452644393
32831,3110,5,4.825039620815817
32831,3266,5,5.049290200584851
32831,3917,5,4.564757425793489
