user_id,book_id,rating,predict
32928,6072,5,4.419745973677251
32928,6676,5,4.281244505243931
32928,6740,5,3.8272045903156156
