user_id,book_id,rating,predict
33168,4864,5,3.2495161281589144
33168,8592,3,3.184588646278696
33168,9463,3,4.163521202752627
33168,9532,4,4.359749603589
