user_id,book_id,rating,predict
3356,6891,5,3.0048182173296927
3356,7893,2,2.9904728317069305
3356,8103,2,4.343641591432457
3356,8109,5,5.857280379780111
3356,8460,5,4.561729824929127
3356,8495,5,3.3982992263570084
3356,8970,3,3.4740852919734038
3356,9195,3,3.726469845348477
