user_id,book_id,rating,predict
33789,4104,3,5.324942949471902
33789,4202,3,3.605216896449037
33789,4856,3,3.3764206215285677
33789,5241,2,3.273213295734344
33789,6413,4,3.5519455544593366
33789,7424,2,3.647560382750326
33789,7794,4,2.971598140566881
33789,8348,3,2.8108646774619324
