user_id,book_id,rating,predict
33828,5784,4,3.4648618662827246
33828,7910,4,2.996874938924639
