user_id,book_id,rating,predict
33853,5255,4,4.665885662357523
33853,7190,5,4.545802166399507
33853,7216,4,4.754340572368291
