user_id,book_id,rating,predict
339,4723,3,2.655534375974887
339,4958,4,2.66639807777742
339,6363,4,2.7124192935645306
