user_id,book_id,rating,predict
3403,2226,4,3.9746289649745394
3403,2279,4,4.262397763000043
3403,2385,3,4.376205731104592
3403,4493,4,2.5965336370418926
3403,5146,4,4.770392112490319
3403,9743,3,3.1833247700056213
