user_id,book_id,rating,predict
34191,6341,5,4.434542549961607
34191,7524,5,4.736476373002346
