user_id,book_id,rating,predict
34257,5998,5,2.6368017234606995
34257,8086,4,1.3110894227993177
34257,8483,4,2.986982268297521
34257,8494,3,3.414435610444293
