user_id,book_id,rating,predict
34344,2649,4,3.5208049645465347
34344,3110,5,4.152029629095809
34344,3917,4,3.739020876740884
34344,3977,4,3.51020391205635
34344,5339,3,4.176989959209652
34344,6253,3,2.0612688333291613
