user_id,book_id,rating,predict
34540,370,5,4.7861333758666
34540,419,5,5.4007848582230995
34540,759,3,4.551270553008618
34540,805,3,4.577825781267871
34540,842,5,2.307836347742935
34540,980,5,4.622906085902104
34540,981,4,4.00009251722094
34540,1128,3,4.939157067102002
34540,1329,5,4.924019650902304
34540,1422,4,4.480629547815828
34540,1572,5,4.868500377674707
34540,1636,4,4.842257158338695
34540,1653,4,4.805473700466348
34540,1686,5,4.614997902318839
34540,1889,5,4.480080714825102
34540,1895,5,4.840674801778696
34540,1952,3,3.7784169906418485
34540,1962,5,4.801957547274283
34540,2038,3,4.203477992675349
34540,2126,5,4.341450980676383
34540,6518,3,4.193487837477893
34540,7857,5,4.07940530477406
34540,9049,5,4.267938899320669
