user_id,book_id,rating,predict
3467,2310,3,3.1978177533689367
3467,4677,4,3.2002903100438314
3467,6094,4,3.199295042961479
3467,7131,3,3.5184633000173444
3467,7390,3,3.1954186514369116
3467,7549,3,3.1569395712463018
3467,7841,3,3.129344808827974
3467,8120,5,3.6230910430942216
3467,8261,4,3.4315811397289253
3467,9973,4,3.498485731919597
