user_id,book_id,rating,predict
34791,4693,4,4.170713358473756
34791,5677,4,4.273992140691585
34791,6979,3,3.9750753449982916
34791,7159,4,4.035925382913999
34791,7945,5,4.804407606034298
34791,8966,4,3.957588676910354
