user_id,book_id,rating,predict
34897,7090,2,3.255543398386882
34897,8340,3,2.5729944556687747
