user_id,book_id,rating,predict
35032,517,5,5.820017589792249
35032,1604,4,4.806248426561332
35032,3726,5,4.641816641452199
35032,6230,5,4.608777185688652
35032,6332,4,4.447924778262298
35032,8096,5,4.655470601592496
35032,8269,5,4.806259195299058
35032,8298,5,4.703463372367948
35032,8543,5,4.62926052048668
35032,8714,5,4.554514876218443
35032,8798,5,4.64701902772316
35032,9044,5,4.483179063428666
35032,9139,5,4.365692707666091
35032,9363,3,4.757029879993795
