user_id,book_id,rating,predict
35087,4763,3,3.870292809985042
35087,7963,4,3.873810358233752
