user_id,book_id,rating,predict
35104,6110,4,4.294599349251696
35104,7060,4,3.7023570299962847
