user_id,book_id,rating,predict
35262,2400,4,4.4169022981916655
35262,2436,4,4.639150903727318
35262,2602,5,4.518632360608544
35262,4344,5,5.007879526650733
35262,4723,4,3.508249391227565
35262,6853,4,4.518146941787484
35262,7770,4,4.045993236103538
35262,8329,5,3.922056349532615
