user_id,book_id,rating,predict
35385,4252,1,4.137037370756615
35385,4501,4,4.114277637749311
35385,4762,1,3.598305367883908
