user_id,book_id,rating,predict
3543,4097,4,3.1557529888319618
3543,4323,4,3.880943000038994
3543,4770,4,3.7764951940922544
3543,5476,4,4.117288994071126
3543,7771,3,3.5713836836983988
3543,7948,2,2.256829346911331
3543,9022,3,3.328549706113105
