user_id,book_id,rating,predict
35443,6376,5,4.51426622794874
35443,7884,3,4.940112735545103
35443,8798,3,4.073705581420005
35443,8921,4,4.002690890580789
