user_id,book_id,rating,predict
35693,6015,4,4.036458787949012
35693,6929,4,4.0163278633580575
35693,7614,5,3.8137324251934883
35693,7932,4,4.017614570581565
