user_id,book_id,rating,predict
35871,6794,3,5.0414914121599965
35871,6859,3,2.7196215734915903
