user_id,book_id,rating,predict
35888,3854,1,4.371607132573827
35888,4930,5,4.148457880545468
35888,5074,5,3.8113354342384334
35888,5432,4,3.7877888372378354
