user_id,book_id,rating,predict
3600,1358,3,3.1205398046768917
3600,1451,5,4.407498190382945
3600,2121,4,3.2087421587176927
3600,2258,4,3.985626851163344
3600,5575,3,4.030367768616619
3600,5580,5,4.78566445010374
3600,6598,3,4.566949172759559
3600,6776,3,2.976089514308656
3600,7865,5,4.6427542193782845
3600,8177,3,4.703596906012885
3600,8490,3,2.4889901998156674
3600,8757,4,4.1450863472964565
3600,8978,5,6.061237277899391
3600,9566,5,5.0140578686434
3600,9739,3,3.291256248908067
