user_id,book_id,rating,predict
36007,2222,5,4.811525096271838
36007,5959,5,4.222908787234722
