user_id,book_id,rating,predict
361,6746,5,0.8784547524398314
361,8269,1,4.207863928639705
361,8937,2,3.7043500924288697
