user_id,book_id,rating,predict
36307,4403,5,4.070612409976677
36307,4450,3,3.7285118072271977
36307,4954,4,2.9769833103776566
36307,5098,5,3.9226407312535665
36307,5246,3,3.999678617792974
36307,5854,4,3.7120551013019325
36307,6098,4,3.8019888252532272
36307,6339,3,3.7775229649195294
36307,6343,3,3.7085418217659796
