user_id,book_id,rating,predict
36302,5631,1,1.7385079941151682
36302,8252,1,3.588892488853208
