user_id,book_id,rating,predict
36342,835,1,3.1268834032124335
36342,1183,4,3.4209610306577725
36342,1321,1,3.3157239970544925
36342,1352,1,2.9794325724948694
36342,2099,5,2.571997328642924
36342,3977,1,2.5469789690672666
36342,4179,1,1.5575583959261574
36342,6953,5,2.5458567779192602
36342,7115,5,3.3384618029257176
