user_id,book_id,rating,predict
36377,2310,5,4.30434076859439
36377,4136,5,3.5121243922639653
36377,4913,5,3.9428072035479134
36377,5094,4,3.4373389315816945
36377,5472,5,4.8354718802893695
