user_id,book_id,rating,predict
36420,5771,4,4.377446041304908
36420,7474,4,4.528195572718755
36420,7487,5,4.427894532692099
36420,8136,5,4.494754523948693
