user_id,book_id,rating,predict
36488,6642,5,4.965415289091907
36488,6720,5,4.820360466035584
36488,6890,3,4.4986289665112915
