user_id,book_id,rating,predict
36557,2061,3,1.6661014360159463
36557,3130,3,3.714840944422751
36557,3257,4,1.5959078608057153
36557,4784,2,3.1187423321427277
36557,8105,4,3.955917378561163
36557,8600,3,3.065893961354961
36557,9036,3,4.036127139373945
36557,9519,4,3.056239371101711
36557,9930,3,2.8582131416102983
