user_id,book_id,rating,predict
36563,4951,5,4.412258284434924
36563,5679,5,4.801792659145879
36563,6196,5,5.191611879469264
36563,6461,3,4.257017952570402
36563,6642,5,5.240079351348144
36563,6720,5,5.143268367460337
36563,6846,5,4.50387506181467
36563,7666,5,4.441461271493978
36563,8097,5,3.8148245807812313
