user_id,book_id,rating,predict
36837,5979,3,3.3507843870216267
36837,7384,5,3.2355700965608682
36837,7535,4,3.3698845177038224
