user_id,book_id,rating,predict
36843,5882,3,2.909533012224039
36843,6315,4,2.0026017870957307
36843,7449,3,3.158047911290623
