user_id,book_id,rating,predict
37263,7318,3,3.45230132631808
37263,7427,3,3.0192578227451046
37263,7942,3,4.195219299918721
37263,7978,4,4.4070869568391124
