user_id,book_id,rating,predict
37280,2146,5,4.106207539701944
37280,4711,4,3.8051349110376047
37280,6004,3,3.7858853125234733
37280,6051,2,4.5070626043852045
37280,6537,5,4.597778691848084
37280,6881,3,3.7850933344207878
