user_id,book_id,rating,predict
37342,3225,4,3.6189394363719476
37342,4404,3,2.916656341401124
37342,6570,3,3.220847834690955
