user_id,book_id,rating,predict
37373,7503,4,3.196251530029506
37373,8652,3,3.048680687911851
