user_id,book_id,rating,predict
3748,2902,1,3.2953857321108044
3748,4531,5,3.9678168405230334
3748,5045,2,3.480896795361924
3748,6055,5,4.696269479411829
3748,7277,3,3.9221627626410873
3748,7755,3,3.6224396834450685
