user_id,book_id,rating,predict
37547,1239,5,4.690364443750277
37547,1565,3,5.807746976106899
37547,1738,5,5.481700878512626
37547,2027,5,4.3756393369834985
37547,2449,2,5.185199715050398
37547,2496,2,5.639176859656559
37547,2798,3,3.753239741819898
37547,5819,5,4.593198056878641
37547,7491,5,4.421940801972294
