user_id,book_id,rating,predict
37615,1506,3,3.964203556424751
37615,1529,3,4.028329438041437
37615,1835,3,3.80673792899697
37615,2400,4,3.9057460492227056
37615,2521,3,3.72812427842422
37615,2974,4,4.090511068682392
37615,3098,4,3.85349967660401
37615,3112,4,3.962594334632088
37615,3162,4,3.9911667337120114
37615,3409,3,3.6384130607466707
37615,4784,2,3.8161516425420707
37615,6688,3,3.6156510272117597
37615,7625,4,4.152447979489048
37615,8171,3,3.868190107125219
37615,8318,4,3.808738533590304
