user_id,book_id,rating,predict
37624,4115,4,3.7523891381150007
37624,6714,3,3.560994504367483
37624,6905,3,3.5175157688862195
