user_id,book_id,rating,predict
3767,1357,3,4.165202118630072
3767,1364,5,3.8734562563469
3767,1432,5,3.3152272997971006
3767,1741,3,3.784071153487292
3767,2002,5,4.066688458819629
3767,2052,4,4.476133442160649
3767,2336,5,4.636586334325194
3767,4154,5,4.8298013414344005
3767,5830,5,4.200139221426866
3767,6772,5,4.99086767336739
