user_id,book_id,rating,predict
37739,4250,5,0.9772429223679384
37739,4653,5,-8.357381701900799
37739,6078,5,-0.7608376956787478
