user_id,book_id,rating,predict
37847,6673,3,4.206534838535645
37847,7824,3,3.562230095184841
37847,9074,3,3.139133213542788
