user_id,book_id,rating,predict
37868,6102,4,4.051459592742693
37868,6359,4,4.088406047571439
37868,6595,3,3.389357413335036
37868,7767,4,3.7686053137178646
