user_id,book_id,rating,predict
379,2902,4,4.080500994611694
379,3719,3,2.5152616464278723
379,6800,4,4.784063221500788
379,7039,5,4.894449901524119
379,7810,1,1.8904918593868372
