user_id,book_id,rating,predict
3808,462,5,4.163186859709089
3808,2867,5,3.1322053875425473
3808,4054,5,4.3910638972884115
3808,4780,5,6.261092506350886
3808,4893,5,4.149959354184034
3808,6572,3,4.359298282730491
