user_id,book_id,rating,predict
38139,5081,3,4.265442577594582
38139,7497,5,3.8855089387553567
