user_id,book_id,rating,predict
38165,3836,1,3.487398596733936
38165,6595,4,4.1785204726044105
38165,7216,2,4.479346053478316
38165,7503,2,2.6268036786798463
38165,7767,2,3.7260375138318107
38165,8262,2,2.853815100583823
38165,8477,3,4.217854827181792
38165,8924,5,3.6151822398041906
