user_id,book_id,rating,predict
38301,4573,3,3.7771310365898554
38301,5405,4,4.6835151943930295
38301,5724,2,3.773655171214501
38301,6391,2,3.3220907096318677
