user_id,book_id,rating,predict
38507,4752,4,3.987732287266126
38507,5111,5,4.251977419820299
38507,5272,4,4.008364945887322
38507,6303,4,3.7035362313282
38507,6412,5,3.9323511130881537
38507,7061,4,3.4799402334394993
