user_id,book_id,rating,predict
38637,1998,4,3.910200320294572
38637,2236,5,4.611485214714921
38637,2880,5,3.963494901145364
38637,3582,4,3.4867354357636753
38637,4558,3,4.019221931326129
38637,4643,4,4.112849201246915
38637,4663,4,3.8377780316088623
38637,4861,4,3.6312380090264407
38637,6410,2,3.5534959209959323
38637,6575,5,4.236015684762663
38637,8120,4,4.352382791479246
38637,8217,4,3.18659755479711
