user_id,book_id,rating,predict
3875,6241,4,4.790356675922633
3875,7537,5,4.778146256999357
