user_id,book_id,rating,predict
38861,5046,2,3.687373083637481
38861,8023,2,1.7109549109616125
