user_id,book_id,rating,predict
38886,5053,5,3.4497763527085414
38886,5334,5,3.595857896611999
