user_id,book_id,rating,predict
39242,3370,5,4.76708158131874
39242,8097,3,3.7731822745332786
39242,8826,5,4.605279672367892
