user_id,book_id,rating,predict
39459,1355,3,3.728316219307348
39459,2956,3,3.8639769485490745
39459,4038,4,3.8466846634894987
39459,4107,5,2.999593643904612
39459,4248,4,4.1637183242797695
