user_id,book_id,rating,predict
39498,6595,5,4.899278423670392
39498,7137,4,1.7588219790160875
