user_id,book_id,rating,predict
39698,7443,5,4.164581808316113
39698,7523,5,4.185188873480372
39698,8569,5,4.336369623723956
