user_id,book_id,rating,predict
39703,82,5,4.922404130717528
39703,87,5,5.879468015182471
39703,90,5,5.610384641478666
39703,97,5,5.741821224796267
39703,102,5,5.005261524694177
39703,103,5,5.405571373696174
39703,109,5,4.961753934674385
39703,113,5,4.860712083971055
39703,116,5,5.453038767670804
39703,117,5,4.971686016395828
39703,121,5,4.352522642679881
39703,125,5,5.817884977478236
39703,126,5,5.045063019574157
39703,130,5,4.297130233924809
39703,131,5,5.167983207924292
39703,138,5,4.47625558897723
39703,154,5,5.653033315665585
39703,157,5,4.96487468971611
39703,158,5,5.423257353891927
39703,162,5,5.5011487310675875
39703,168,5,5.321757503147879
39703,171,5,5.166849611074357
39703,172,5,5.454717186510202
39703,173,5,4.804459169479605
39703,177,5,5.365774003155298
39703,178,5,5.244412499255144
39703,180,5,5.212124036302284
39703,181,5,4.8155856232425815
39703,191,5,5.112675832417756
39703,198,5,5.342225145993041
39703,204,5,5.453072772475181
39703,205,5,5.2811594849984305
39703,209,5,4.740135340728705
39703,213,5,4.934668625724908
39703,225,5,4.969238233856565
39703,229,5,5.268463017308013
39703,230,5,5.013797662771895
39703,237,5,5.2578336858082295
39703,248,5,5.376126020721682
39703,251,5,4.784712358335955
39703,257,5,4.931281396125488
39703,582,2,4.727960355152315
39703,680,3,4.698947237803849
39703,913,3,4.739542839923923
39703,1041,5,4.797411389789536
39703,1099,5,4.8612863998432925
39703,1113,5,4.713108233153821
39703,1168,5,4.685058757512091
39703,1235,5,4.574140512854102
39703,1250,5,4.68286256500556
39703,1283,4,4.513990629524818
39703,1318,5,4.718126041697231
39703,1338,1,3.6446236071824054
39703,1364,5,4.698122195431323
39703,1555,5,4.802464740597727
39703,1570,5,4.684340426496782
39703,1666,5,4.598380924305367
39703,1877,4,4.559959281188765
