user_id,book_id,rating,predict
39884,878,4,2.5051898225032323
39884,1154,4,4.124722260171096
39884,1182,3,4.213179389590195
39884,1349,4,3.667639862602811
39884,1358,3,3.528909516810402
39884,1485,3,3.1622803651804468
39884,1494,4,3.2782417302000457
39884,1613,3,3.7515236015140037
39884,3222,3,3.729013709903581
39884,3946,5,3.9937218952837874
39884,4152,3,2.398329770625611
39884,4640,4,4.229353314984554
39884,5116,3,4.568916911599825
39884,5657,3,3.9359936118738266
39884,8221,5,4.355235719558657
