user_id,book_id,rating,predict
40283,4692,5,3.7493840501977536
40283,6024,4,3.603607760773836
40283,6791,4,3.302847367289928
40283,7287,3,3.1889342614330225
40283,7366,5,3.548410436114455
40283,7384,3,3.4784474649905355
40283,7988,4,3.650904800929032
40283,7995,4,3.3837531400426126
40283,8075,3,3.2277259275134647
40283,9503,4,3.427968762374033
