user_id,book_id,rating,predict
40305,1930,4,3.4279297314891144
40305,2008,5,4.139975755853638
40305,2372,4,4.088082089070188
40305,2416,5,3.7635405441486443
40305,5442,5,4.792114648376317
40305,7993,5,4.794078725917916
