user_id,book_id,rating,predict
40543,1321,5,3.4547628106695503
40543,3977,5,2.9318141664824866
40543,4388,3,3.2464214576858375
40543,4486,4,4.805371776924943
40543,5249,5,4.75549902003988
