user_id,book_id,rating,predict
40652,3338,3,5.106153879543323
40652,3618,4,4.582165928076558
40652,3650,3,5.055730797772468
40652,6128,4,4.205634728459163
40652,7008,5,4.380270878038253
