user_id,book_id,rating,predict
40711,3928,5,4.331441704315429
40711,4370,4,3.7977578856624716
40711,5364,4,3.8293826567515783
40711,5783,4,4.012880284942309
40711,6591,3,3.938599961463726
40711,7433,3,3.7851788968498123
40711,7515,4,4.181837423601487
