user_id,book_id,rating,predict
40850,1822,1,4.120958360904691
40850,2749,2,4.51677922825227
40850,4809,4,4.541013342316051
