user_id,book_id,rating,predict
40963,2070,4,3.7216562177622152
40963,2966,4,3.5353939176481135
40963,3123,3,3.1277481642961678
40963,4984,3,3.4555676695464914
40963,5019,4,4.1616766525777855
40963,6393,2,3.1355578708914207
40963,6935,3,3.358479711393946
