user_id,book_id,rating,predict
40979,7680,5,4.400980008925898
40979,7712,4,4.380958725010119
40979,7863,5,4.595206787343559
40979,8172,5,4.943516584400075
40979,8599,5,4.599433383432945
