user_id,book_id,rating,predict
41106,8181,5,4.893840221371224
41106,8437,5,5.0745284592761
