user_id,book_id,rating,predict
41119,5731,3,2.6093642342106
41119,8257,4,2.927293279117479
41119,9162,3,2.7497310001362685
41119,9383,3,4.186619053461913
