user_id,book_id,rating,predict
41386,1141,4,2.74789088541482
41386,1778,5,3.8928146745363894
41386,2108,4,4.2794958548407624
41386,2686,4,4.034002871736304
41386,3661,4,4.2568402480699925
41386,3840,4,3.8074882378544306
41386,3939,3,3.512872858631455
41386,4054,5,4.037703717822585
41386,4398,4,3.8602541276790747
41386,4699,4,3.756987701427296
41386,4893,4,3.8408529157980014
41386,5189,5,4.369869817495077
41386,5334,4,3.8082468745266036
41386,5424,4,4.180714827880886
41386,5779,4,4.044406179771531
41386,6895,4,3.77652135241288
41386,6922,5,4.423486542577035
41386,7019,4,4.285348146773345
41386,7518,4,4.423092502958558
41386,7592,4,4.328184335230128
41386,7860,4,4.379527338684437
