user_id,book_id,rating,predict
41524,3783,5,3.9578654879142925
41524,4207,5,4.727016824917028
41524,4831,5,4.827737276096129
41524,5511,5,4.825306551352793
41524,5660,5,4.7622199802198875
41524,5689,3,4.226642116463559
41524,5757,5,4.6720735850037824
41524,6270,3,4.770353501010531
41524,6722,3,3.130757886246956
41524,7725,3,4.727764637870691
41524,8231,5,4.5792061375757624
41524,8493,5,4.120558836172126
41524,8530,3,4.611003871477444
41524,9007,3,4.6641503517683125
