user_id,book_id,rating,predict
41598,1747,4,4.2226764848656035
41598,2222,4,4.297876603479744
41598,2236,5,4.1409665004589415
41598,4123,3,3.5701388781732266
41598,5142,5,4.016052343976466
41598,5183,3,3.617715761942496
41598,5532,4,2.8662201590068004
41598,5987,4,2.952002486925703
41598,6000,3,3.3369094278417752
41598,6358,2,2.8036548384513096
41598,7703,3,3.0932382871077597
