user_id,book_id,rating,predict
41806,6597,4,3.477980014442471
41806,7601,4,3.593249385804279
41806,8874,4,4.906700686616118
41806,8884,4,3.2456595953505696
41806,9523,1,3.1383114770966847
41806,9900,4,3.245407744182015
