user_id,book_id,rating,predict
4189,4477,5,4.740977939877704
4189,5958,4,4.5348634948724875
4189,6142,1,5.299627272929263
4189,6679,4,3.943559592816021
4189,6810,3,4.8814284246790685
