user_id,book_id,rating,predict
42068,5785,5,4.718574426684367
42068,5978,5,4.699987205502521
42068,6547,3,3.8745183428725944
