user_id,book_id,rating,predict
42123,3123,5,3.5859361817100286
42123,6320,4,3.6485580462059586
42123,7338,5,4.369236757831781
42123,7501,5,4.475508932989656
42123,8167,3,4.356257887186601
42123,8581,4,4.335383692008116
