user_id,book_id,rating,predict
42165,619,5,6.981204116110071
42165,5012,2,4.584372720757735
42165,5325,5,4.579286366502187
42165,7245,5,4.623098204416218
42165,8382,5,2.2270051465981933
42165,8404,5,3.407710565559316
42165,8891,5,3.4932350752117935
