user_id,book_id,rating,predict
42271,5682,5,5.14117689655086
42271,6978,5,9.183502371581987
42271,7360,4,4.792288840477286
