user_id,book_id,rating,predict
42375,470,2,3.786049354843252
42375,1059,5,4.663828642876969
42375,1258,5,4.755989254451792
42375,1279,5,4.467371394390836
42375,1324,5,3.5243889879682904
42375,1407,4,4.437178018764349
42375,1445,5,3.654569036083024
42375,1596,2,4.279179560135879
42375,1635,5,5.062701829615016
42375,1902,4,3.2853623548968667
42375,2007,5,4.649812249084752
42375,2123,5,4.806192690821377
42375,2235,4,4.817679742398925
42375,2338,5,4.618866052994145
42375,4496,5,5.002384800238878
42375,4767,3,4.591190668781181
42375,7721,4,3.71696377824711
