user_id,book_id,rating,predict
42373,1862,5,4.272392221056998
42373,1880,4,3.994682315943362
42373,2416,4,4.016648891025856
42373,2514,3,4.31238195024978
42373,2640,5,3.8470273894957505
42373,3602,3,4.228324969294747
42373,6842,5,3.0373430776017605
42373,8222,5,4.353055166761033
42373,8430,3,3.357755626204274
42373,8636,4,4.610410608652764
42373,9133,4,3.8980984967174517
42373,9429,5,4.188350187740803
