user_id,book_id,rating,predict
42473,3624,3,3.2663401645074988
42473,4207,3,3.2775529974762367
42473,5281,5,3.6454832257162426
42473,5622,3,3.331896010200858
42473,5633,3,3.2657817427886564
42473,5910,4,3.6043177318909163
