user_id,book_id,rating,predict
42658,5045,4,4.207712877788625
42658,6748,3,4.151040049443729
