user_id,book_id,rating,predict
42673,5110,4,3.505966028598749
42673,8035,4,4.104454475873601
42673,9343,4,3.4845308256864236
