user_id,book_id,rating,predict
42876,3719,3,2.593124337455472
42876,5699,3,2.3577828988613154
42876,7651,4,4.796668187688307
