user_id,book_id,rating,predict
43133,6740,3,4.562216056134978
43133,8130,5,3.7935760433956456
