user_id,book_id,rating,predict
43189,4829,3,3.843552042492097
43189,4853,3,4.147880279380676
43189,6013,4,4.3137574788605235
43189,6432,3,3.8989071091558936
43189,6965,4,5.093395744616236
43189,7511,5,4.080501066077119
43189,8551,3,4.779577347734452
43189,8976,5,4.399763552537356
43189,9447,5,3.493107697985065
