user_id,book_id,rating,predict
43269,3506,3,2.9460041133253116
43269,3854,2,3.146229821084683
43269,3944,4,3.420072470036868
43269,6249,2,2.3815623276786737
43269,6408,3,3.228226974137133
43269,7314,5,3.7165758233813895
43269,8109,4,4.49843275880162
43269,8415,3,3.682477928908705
43269,8477,4,3.3472784607105055
43269,8924,1,3.3875394267376726
43269,9071,3,3.6100370555120396
