user_id,book_id,rating,predict
43270,5854,4,3.4919842448540095
43270,6897,5,3.516764468998768
43270,7773,5,3.84617158034884
