user_id,book_id,rating,predict
43315,4486,5,5.982204924703042
43315,5249,5,5.291718326581053
43315,6058,5,5.665189891912711
43315,7069,5,5.504184802048446
