user_id,book_id,rating,predict
43510,4143,4,3.497344377315323
43510,5631,4,3.355331848533119
43510,6694,4,3.561008444739111
43510,7190,5,2.942407664550235
