user_id,book_id,rating,predict
43527,1294,4,4.143690700178546
43527,1338,2,4.434402619788056
43527,1389,4,3.5509406821814937
43527,2236,2,4.464685796130608
43527,5387,4,4.0422844620026455
43527,5520,3,4.07030401848408
43527,6499,5,4.015384608107603
43527,8187,5,4.279591628356328
43527,8296,4,3.931967512026026
43527,8374,5,3.9649605251782742
43527,8404,3,3.74965845554986
43527,8874,3,2.815742342577355
43527,9495,3,3.9172723729902983
43527,9631,3,3.397084231282663
43527,9766,3,3.796883327098533
