user_id,book_id,rating,predict
43992,5131,4,3.4318542790028395
43992,6900,3,3.245484210478714
43992,7206,3,3.1520928281116882
