user_id,book_id,rating,predict
44590,2983,4,3.8820314429367726
44590,3347,4,3.873582358781668
44590,8482,4,3.732211864842686
