user_id,book_id,rating,predict
44753,4411,3,5.0104769185285
44753,4702,5,3.0082179031648186
