user_id,book_id,rating,predict
44776,1318,4,3.8483283939987
44776,1444,5,3.8641245591516817
44776,1729,3,4.787932791342188
44776,1940,4,3.9201851059579
44776,2852,4,4.157776107519922
44776,2989,3,3.429724879150286
44776,3092,3,3.152857985746817
44776,5332,3,3.2520683580457153
44776,5575,3,3.4165481144024974
44776,7070,3,3.3771698450863594
44776,7278,3,3.3625736579253624
44776,8035,3,3.1193515102834524
44776,9425,3,2.9423293105249764
