user_id,book_id,rating,predict
44911,2934,3,3.632166877040121
44911,3674,5,4.181385655829935
44911,4252,3,3.497311718067692
44911,4364,3,3.4311097059976348
44911,4894,5,3.9077220911549837
44911,5008,4,4.195914074190592
44911,5487,4,4.268433430209001
44911,5964,5,2.7222798511211126
44911,6240,4,3.918377331766841
