user_id,book_id,rating,predict
44993,5480,4,3.548393241533808
44993,5575,5,6.9364803015163305
44993,5846,4,6.027239761907881
44993,6497,5,7.611476132160448
44993,6598,5,5.537054934130466
