user_id,book_id,rating,predict
45003,7248,5,4.894944490460581
45003,7993,4,2.9767566876305502
