user_id,book_id,rating,predict
45187,4824,4,3.3493902932515
45187,5787,4,5.316480535240888
45187,5851,5,5.023034574076948
