user_id,book_id,rating,predict
45229,7235,4,3.7181449206065755
45229,7252,4,3.732861690132478
45229,8342,4,3.471532952815394
