user_id,book_id,rating,predict
45267,904,1,-0.3905366731271611
45267,4210,3,4.738446488864178
45267,6358,4,5.895809106079048
45267,6544,4,5.044807291219822
45267,6785,5,7.785802828464091
