user_id,book_id,rating,predict
45688,784,4,3.2718423971278874
45688,1152,5,4.1726468671051204
45688,4831,4,3.7256095862636704
45688,8122,4,3.603212349242517
45688,9189,4,3.4421661264550516
