user_id,book_id,rating,predict
45719,5996,3,4.893620511793911
45719,6948,4,4.631404585484025
