user_id,book_id,rating,predict
45895,3850,2,3.6286983005200097
45895,5626,2,2.9525186958749643
45895,6298,3,4.610194269526456
45895,7859,3,2.516236482478274
45895,8221,4,2.7057319323881455
45895,8503,2,3.6270783147014605
45895,8504,3,2.8177588240975537
45895,8760,3,2.628354713123887
