user_id,book_id,rating,predict
45978,7451,5,3.974977163644676
45978,7992,4,4.953639081220254
