user_id,book_id,rating,predict
45999,2548,5,5.135242223337065
45999,6234,5,3.2970297273656737
45999,6497,5,5.8134667613917905
45999,7515,4,5.457414369710976
