user_id,book_id,rating,predict
46136,2457,5,4.554023780907826
46136,5360,5,4.754290478545322
46136,5405,5,5.385413942530057
46136,6815,5,5.007819805100062
46136,7097,5,4.611649393510554
46136,7222,4,4.381187066315913
46136,7535,4,4.096209652876101
46136,8487,5,4.912211676088083
46136,8958,5,4.133400217955582
