user_id,book_id,rating,predict
46191,3123,3,3.965281015644158
46191,3502,4,3.429568597473742
46191,3885,5,4.001924696716041
46191,5581,4,2.4993555073659097
46191,5939,4,3.4742042670276283
46191,6128,4,3.2030542207037622
46191,6565,4,3.3613946985626924
46191,6925,3,4.042446145735506
