user_id,book_id,rating,predict
46238,8769,5,6.052690137748103
46238,9089,4,3.957056910500449
