user_id,book_id,rating,predict
46273,8263,2,2.4186861938800357
46273,9221,3,0.7750469906837455
