user_id,book_id,rating,predict
46349,2790,4,3.4835758136948662
46349,5521,4,2.6423790652177264
46349,7247,3,3.655013132341448
