user_id,book_id,rating,predict
46433,3203,5,3.7635132163826146
46433,6077,5,4.213948063969834
46433,6419,5,3.8476252117619825
46433,7507,3,4.12397281200804
