user_id,book_id,rating,predict
46514,6159,4,3.714424562139972
46514,6638,4,3.706228216892262
46514,8727,3,4.091058708502986
46514,8976,5,2.8013925671741102
