user_id,book_id,rating,predict
46567,5054,4,3.377296304345462
46567,6031,4,3.4986101783280334
46567,6591,4,3.4928172674527875
46567,7433,3,3.3406001427761076
