user_id,book_id,rating,predict
46575,3888,2,3.1587851763367043
46575,4314,4,3.447041689130484
46575,6394,4,3.978456276370229
46575,7023,5,5.165524907699721
46575,7284,5,4.038586527550962
