user_id,book_id,rating,predict
46599,2528,5,3.980796525287835
46599,3575,5,4.452200400034382
46599,3658,5,4.674960540475767
46599,8899,4,4.036892064570219
46599,9044,5,4.461337017928817
46599,9194,4,4.375674318187511
