user_id,book_id,rating,predict
46617,5353,5,5.008145272944639
46617,5859,5,4.022454022342811
