user_id,book_id,rating,predict
46651,382,3,1.119142110844742
46651,449,3,2.2953088669858315
46651,1352,3,4.002264247664268
46651,2537,5,4.1085835719389125
46651,3736,5,4.069299741107972
46651,4415,4,4.136458454889166
46651,7688,5,4.11815538420902
46651,8932,5,4.345389354144548
46651,9319,3,4.134655267649364
