user_id,book_id,rating,predict
46778,6344,4,3.0516456617673215
46778,7017,4,4.5536717864293275
46778,7099,2,3.106086486089019
46778,7474,3,3.0597589720753144
