user_id,book_id,rating,predict
46838,3694,5,4.253325232378109
46838,4643,5,4.3593053924165
46838,4663,4,4.154909674806219
46838,4814,2,3.7162531241193473
46838,5643,4,3.8630285053812314
46838,6000,4,4.090334971078646
