user_id,book_id,rating,predict
46869,1998,5,4.997007159926913
46869,3931,5,5.036583544625974
46869,4297,5,5.028225240972614
46869,4415,5,5.015199465800333
46869,5285,5,5.0316423494943505
46869,7541,5,4.520001176925299
46869,7690,5,5.035475428020651
46869,9045,5,4.515324560625778
46869,9124,5,4.502971936292272
