user_id,book_id,rating,predict
46902,3542,5,4.488655412456577
46902,4831,4,5.377900427139562
46902,5054,4,4.043377866748492
46902,6575,4,4.3809127099591105
46902,8015,4,3.932244012563414
