user_id,book_id,rating,predict
47099,6694,3,2.9951395776717877
47099,7676,4,2.7675818552476334
