user_id,book_id,rating,predict
47102,2099,5,4.524619686542766
47102,2585,5,4.71139361437567
47102,2894,5,4.621477736118045
47102,3301,5,4.868253166497032
47102,3506,5,4.7992338499290135
47102,3651,5,4.81164410678196
47102,3842,5,4.901634451571483
47102,3967,5,4.888113256565159
47102,4038,5,4.701579574268868
47102,4689,5,4.880357317532322
47102,4851,5,4.372688310543534
47102,5001,5,4.749797251453675
47102,5502,5,4.7487502531850065
