user_id,book_id,rating,predict
47120,2880,3,2.0347239743114853
47120,5771,4,2.3560327151845937
