user_id,book_id,rating,predict
47165,9071,5,3.6392292711961525
47165,9435,5,3.6939354273869247
