user_id,book_id,rating,predict
47199,2528,5,3.920390943962939
47199,3265,5,4.342631631530946
47199,3865,5,4.489427569161355
47199,4172,4,4.603338264234072
47199,4259,4,4.617138709910762
47199,4615,4,4.120960682819891
47199,5174,5,4.034920337564143
47199,6854,5,4.532669463874438
47199,7206,4,4.326204875151145
47199,8237,5,4.70060001642255
47199,9115,5,2.944191539064403
