user_id,book_id,rating,predict
47291,7849,5,3.821630600438498
47291,8940,5,3.4410512011908456
