user_id,book_id,rating,predict
47303,1173,5,3.6729336095925498
47303,1188,4,3.6859499015802584
47303,1263,3,3.9359740680499815
47303,1345,4,4.022479606879855
47303,4107,5,4.0443339088024315
47303,5428,4,3.438363461526938
47303,6071,4,3.738377507279494
47303,8135,4,3.455258165031087
47303,8656,3,2.728587344089083
47303,9560,4,3.5456438059737265
47303,9581,4,3.4397676913605193
