user_id,book_id,rating,predict
47360,6081,5,5.185100685962793
47360,7051,5,5.062294435565161
47360,8967,5,4.251227184501417
