user_id,book_id,rating,predict
47393,4919,5,1.5866230426325647
47393,6222,5,1.4311085561185535
47393,6410,5,-0.512293700156309
