user_id,book_id,rating,predict
47753,3320,3,5.176626463890531
47753,3368,4,5.592355468252135
47753,6824,4,4.102278055653454
