user_id,book_id,rating,predict
4798,4711,3,3.1360458267512326
4798,6976,2,2.921259465845444
