user_id,book_id,rating,predict
47992,8957,3,4.633342495645122
47992,9059,5,4.76484482128923
47992,9188,4,4.5077160765013895
