user_id,book_id,rating,predict
48109,6771,5,4.187774960603422
48109,7104,3,3.9281608929268605
48109,7229,3,3.1917390392524467
48109,7849,4,3.725682851718452
