user_id,book_id,rating,predict
48244,4765,5,5.061229663348467
48244,7137,2,6.5633359743105535
