user_id,book_id,rating,predict
48377,3719,5,3.28114667291692
48377,7602,4,3.0972747563365735
