user_id,book_id,rating,predict
48570,5111,4,4.708453443041623
48570,6145,5,5.073214832209835
48570,6897,5,3.6932261810510725
48570,6904,5,4.165491880186159
48570,7196,5,4.2686844806643975
48570,7764,4,4.3253119140731116
