user_id,book_id,rating,predict
4897,250,4,5.954008273926863
4897,1784,4,4.152714829723891
4897,2412,5,4.741426700529045
4897,2445,4,4.488616072275832
4897,5527,4,4.172039624505421
4897,9297,3,5.2647773081102525
