user_id,book_id,rating,predict
49007,4414,4,3.2355457502709273
49007,4962,4,3.7413593152233227
49007,4969,3,3.918600749938895
49007,5472,4,3.749437391067936
49007,5637,4,1.3156210445306704
49007,5808,4,3.740147747255714
49007,6038,3,3.838739307956385
49007,6041,2,3.6957260441744992
