user_id,book_id,rating,predict
49342,2505,3,3.4169760132836635
49342,2660,3,3.021615195951667
49342,4104,3,2.8199566452061915
