user_id,book_id,rating,predict
49507,4674,4,3.5564359352432153
49507,5230,4,3.1437114556946737
49507,5645,3,3.269155240906807
49507,6770,4,3.7326747641066556
