user_id,book_id,rating,predict
49587,3014,3,3.406550333742601
49587,6708,3,3.286866255369514
49587,7016,3,3.5823675986213948
49587,7019,3,3.729388949032546
49587,7849,3,3.801957112113836
49587,7850,4,3.563446843286518
49587,8257,3,3.596844479489021
49587,8669,4,3.07334968311718
49587,9124,3,3.352805828336045
49587,9125,3,2.4624528041440024
