user_id,book_id,rating,predict
49603,3211,4,3.483462604368232
49603,3503,4,4.29371042976264
49603,3587,5,3.4141783575551816
49603,6053,3,4.219593425145363
