user_id,book_id,rating,predict
49659,6756,4,3.9734411883346197
49659,6820,3,4.143673801717373
49659,8025,3,4.70910238630376
49659,8589,3,5.288499756644762
