user_id,book_id,rating,predict
49757,4475,3,2.4069406302896734
49757,6852,3,4.05745537111711
49757,7176,3,4.5723332822772385
