user_id,book_id,rating,predict
49890,6794,5,2.8717913942514692
49890,6859,5,3.6620915519812893
49890,7062,3,3.4236123703440353
