user_id,book_id,rating,predict
50069,2473,5,5.212815948973595
50069,4750,4,5.107927810684045
50069,5852,4,4.081742460095155
50069,6414,4,4.503707748366456
50069,6699,3,3.4940953325319604
50069,7582,4,3.396403109396806
50069,7867,3,2.8794831684842235
50069,7896,4,4.176960903596257
