user_id,book_id,rating,predict
50178,6822,4,3.559532688845281
50178,7365,4,3.1171987604179447
50178,7604,3,2.836193686348273
50178,8079,4,4.734279480225446
50178,8081,3,3.6277302774078244
50178,9313,5,3.457710210222171
50178,9393,3,2.9966530524747275
50178,9398,4,3.2624784593115335
50178,9463,3,3.086210368352618
