user_id,book_id,rating,predict
50292,4633,3,3.667635038532679
50292,6189,4,3.464612117916492
50292,6316,3,4.090269440498973
50292,6321,3,3.15379798316623
