user_id,book_id,rating,predict
503,3493,5,4.788481869089191
503,4879,3,3.7369241962568847
503,7275,4,4.687036326316091
