user_id,book_id,rating,predict
50393,3275,5,4.695262595919642
50393,5043,4,4.347077841606409
50393,6352,5,4.865489522077447
50393,6977,5,4.648956306516666
50393,7097,5,4.409688120696415
