user_id,book_id,rating,predict
50404,4205,4,4.703832107390319
50404,4763,5,4.155197028340136
50404,6250,3,3.9222730090134275
50404,6265,3,4.286448027085948
