user_id,book_id,rating,predict
50530,1125,1,1.9436746888643828
50530,1793,1,-0.20313722347172192
50530,1822,1,1.3943869809765366
50530,2171,2,2.8904738749138423
50530,3409,2,2.731013617304915
50530,3760,3,2.6515351791852764
50530,4809,3,3.1840574044377603
50530,5423,2,2.761191440671044
