user_id,book_id,rating,predict
5064,4911,5,7.832413039397699
5064,6051,5,6.173164069057808
5064,7558,2,1.8402826416735998
5064,7745,5,6.07739973816744
5064,8213,5,7.222687823843097
5064,8753,5,4.100327987672731
