user_id,book_id,rating,predict
50663,6231,2,3.991406527452702
50663,6471,4,4.010374329038096
50663,7978,4,4.9432901059932135
