user_id,book_id,rating,predict
50679,4935,4,1.1465945741591588
50679,5002,3,1.6809145565926105
