user_id,book_id,rating,predict
51034,3423,2,2.3378889904260918
51034,8589,1,2.1095134108180047
