user_id,book_id,rating,predict
51041,7543,2,2.135596064302943
51041,8367,3,2.252333366444801
