user_id,book_id,rating,predict
51346,2146,4,2.879222943162749
51346,4451,5,2.978887981746599
