user_id,book_id,rating,predict
5166,5521,5,4.59788114167428
5166,6117,5,4.449498808173725
5166,7247,5,4.852135366577256
5166,7371,4,4.510836967412287
5166,7477,5,4.403843584892703
5166,7675,5,4.516055114819815
5166,8254,5,4.1792465576869695
5166,8631,5,4.213840772938344
5166,8710,4,4.25246045152975
5166,8994,5,4.174818289412407
5166,9336,4,4.4704505195883
