user_id,book_id,rating,predict
51773,4382,2,4.438159432163759
51773,4694,2,3.7386946978081914
51773,7037,5,3.1240434510880832
