user_id,book_id,rating,predict
51795,3721,5,3.3511986766529063
51795,4737,3,4.801435003721673
