user_id,book_id,rating,predict
51825,7120,5,4.353363617191765
51825,7511,3,4.322002383722141
