user_id,book_id,rating,predict
51830,6693,4,4.655271538443728
51830,7459,4,5.12760443062031
51830,7619,5,4.9745511866097765
51830,7681,5,4.635491631217851
51830,7991,5,4.6943417947333534
51830,8156,5,4.944999743584216
