user_id,book_id,rating,predict
51885,5535,4,3.371613442658219
51885,7329,4,3.2641714265773443
51885,8525,3,3.812102811769895
51885,9065,1,2.611185090936094
