user_id,book_id,rating,predict
52072,5428,3,4.702432461609494
52072,5554,3,4.601141714766896
