user_id,book_id,rating,predict
52104,7333,5,3.413696933884842
52104,8168,5,4.603803570923639
52104,8430,5,4.237443535224592
