user_id,book_id,rating,predict
52142,5041,5,5.021255670126843
52142,5505,5,4.985360201571275
52142,6352,5,4.738834897786436
52142,6691,5,5.034121088265384
52142,7112,4,4.634577208871936
52142,7576,4,4.718997673766759
52142,7583,4,4.431167447551571
52142,7619,5,4.985309244810536
52142,7681,5,5.167221534622993
52142,7748,5,5.015288852997619
52142,7793,5,4.856315041749257
52142,7818,5,4.556287558487147
52142,7991,5,5.1631756794924515
52142,8050,4,4.580838415061623
52142,8156,5,5.0881251184305905
52142,8254,5,4.99070762957583
52142,8868,5,5.12956867769236
52142,8994,5,5.004989653972433
52142,9116,5,5.11951992793327
52142,9128,4,4.570897894475717
52142,9140,5,4.79818836888922
52142,9234,5,5.249263153451893
52142,9330,5,4.79043591080421
52142,9400,5,5.095605478027476
52142,9469,5,5.165455442676261
52142,9476,5,5.149012679143464
52142,9539,5,4.618736975386703
52142,9586,5,4.8518398482680665
52142,9622,5,4.907203935743439
