user_id,book_id,rating,predict
52342,3967,5,5.210019703491778
52342,5029,5,5.019125794024809
52342,5803,5,4.969353554454804
52342,6086,5,4.344905072583228
52342,6122,5,4.902226224903899
