user_id,book_id,rating,predict
52466,9413,5,3.3246066929352702
52466,9548,4,4.994106157002163
