user_id,book_id,rating,predict
52503,1000,3,3.369028758939889
52503,1298,3,3.2314780690631695
52503,1400,3,3.658087590362107
52503,1554,3,3.5154546003914398
52503,4624,4,3.470920367884142
52503,5442,4,3.9530613107487493
52503,5469,3,3.6108868279919584
52503,6083,4,3.3798239910621097
52503,6189,3,3.564583931234312
52503,6756,3,3.655772218676835
52503,7124,4,3.693638595782808
52503,7993,4,3.9223317491317635
52503,8031,3,3.6401545216456035
52503,8320,3,3.6526594759471975
52503,8563,4,3.9483368654141935
52503,8695,4,3.8152094689753984
52503,8705,3,3.8119599743721784
52503,9164,4,3.9182278541911915
52503,9538,4,3.8466205576965073
