user_id,book_id,rating,predict
52583,169,5,4.288511701895073
52583,202,2,3.4297483234135306
52583,210,5,3.4574367967450237
52583,280,2,3.233696752657621
52583,384,5,4.083404852026787
52583,394,5,4.229594508741268
52583,415,5,2.76071926242966
52583,419,5,4.192338943821332
52583,449,5,3.4005979012588057
52583,548,2,3.2220395419732335
52583,600,3,3.223864089495838
52583,636,4,4.006481874132042
52583,643,4,3.3436287230957036
52583,655,1,2.3257250446469127
52583,683,1,3.4740314995925057
52583,716,3,3.400525499234531
52583,732,1,2.4218951510265105
52583,759,5,3.896632247770457
52583,783,4,3.3475798698058306
52583,787,5,3.3790842373048413
52583,805,3,3.4273494234380246
52583,811,4,3.0244914134330054
52583,814,4,3.399816517074125
52583,821,3,3.2441713135132737
52583,945,2,3.238933963752542
52583,954,5,3.841735169412816
52583,1093,4,3.5536002425675157
52583,1118,2,2.8205068660402186
52583,1147,3,3.1498213679576708
52583,1174,2,2.3620603310522874
52583,1244,4,3.3461090751541542
52583,1257,5,3.7803645710897036
52583,1345,5,3.3088323819134704
52583,1416,4,4.1663259789175395
52583,1425,2,3.38179736817595
52583,1495,5,3.5025763353298265
52583,1559,1,3.480441322536426
52583,1579,2,3.146440509855316
52583,1619,5,4.012579559935525
52583,1696,5,3.3266400423327402
52583,1701,5,2.5322031381158157
52583,1749,4,3.4537926374208126
52583,1803,2,2.884571112357764
52583,1818,5,4.052260700071493
52583,1824,2,3.3973428177378224
52583,1861,1,2.839001838610911
52583,1890,5,4.1889474699302
52583,1958,3,3.519626720885462
52583,2122,5,3.0277905540014878
52583,2134,4,2.841952025433959
52583,2152,2,3.4690635376331445
