user_id,book_id,rating,predict
5353,5593,3,4.7180177903606655
5353,6905,3,3.6546063989473794
