user_id,book_id,rating,predict
5358,3598,4,3.8603953474324317
5358,5474,4,1.854174070607204
5358,5482,3,3.8632960899681423
5358,6959,4,4.27731966503642
5358,7257,4,3.624854618478173
5358,7540,4,5.654664890065856
5358,7812,4,3.139604626234322
5358,7840,4,3.801353513570848
