user_id,book_id,rating,predict
5448,3436,4,3.87433165608283
5448,5333,4,3.8426956679142816
5448,5897,4,3.8576405736874126
