user_id,book_id,rating,predict
5688,3385,5,2.0349070192594874
5688,7794,3,3.1157287550575665
