user_id,book_id,rating,predict
5708,435,4,5.2608420623444525
5708,1072,2,3.4893515480609567
5708,1097,3,5.182133151680375
5708,1115,3,2.84965914961819
5708,1193,4,3.387367329748664
5708,1438,4,4.6154028883245735
5708,4335,4,2.372616591790254
5708,8860,4,3.9400180295521645
5708,9348,3,3.7434478946799734
