user_id,book_id,rating,predict
574,3123,3,4.42877626953541
574,4202,4,4.831766733966006
574,4388,5,3.8142865620275295
574,4531,4,4.100012107078336
574,4763,5,3.7809966517632905
574,5482,5,4.333765305170081
574,5851,5,3.7953826335039955
574,5935,4,4.121083898384463
574,6157,4,4.576380092534283
574,6250,5,2.5687983261343357
574,6895,4,3.815724394882133
574,7561,4,4.009748877595159
574,7651,5,4.506553250256806
