user_id,book_id,rating,predict
587,6543,4,4.857139154915786
587,6677,3,4.862250545069934
