user_id,book_id,rating,predict
5901,7776,5,3.677368650343149
5901,8309,5,3.9045449225770223
