user_id,book_id,rating,predict
6048,6160,5,3.9999942281619334
6048,6772,5,3.9995789653252807
