user_id,book_id,rating,predict
6126,6138,4,0.9911511197243406
6126,6595,4,2.6728498783225203
