user_id,book_id,rating,predict
6150,3760,4,3.9685018550689453
6150,4756,5,3.713546397549088
6150,6200,5,3.2814656364570736
6150,6324,4,3.7685340179389835
