user_id,book_id,rating,predict
6223,2707,4,3.9209810207584357
6223,3335,2,4.229240901144289
6223,4437,4,3.3954536594991986
6223,4617,4,3.0984531316026596
6223,8102,4,3.028249309029232
6223,8822,3,3.1634651896385844
6223,9488,3,3.1523022549122985
6223,9528,3,3.0480495963279286
6223,9585,3,3.1477129694461503
