user_id,book_id,rating,predict
6392,1929,5,4.819138808762212
6392,5532,4,2.2521989545117056
6392,5634,1,3.109636499530818
6392,6331,3,3.5301472046809814
6392,6485,5,3.087200991104787
6392,7765,1,2.7910452701299557
