user_id,book_id,rating,predict
6403,2752,3,3.5946198607967457
6403,5634,5,3.393681435338891
6403,7297,4,4.119253311669161
6403,7557,3,3.6913134525363724
