user_id,book_id,rating,predict
6523,4072,4,4.603404227186534
6523,4123,5,4.581147264164061
6523,4518,5,4.8320877640833535
