user_id,book_id,rating,predict
6658,324,5,4.783538198481004
6658,817,5,4.069374359706759
6658,1572,4,3.8721302743712984
6658,1660,4,3.6868885131511244
6658,1693,4,3.7812820273614536
6658,1766,4,3.8152915296868377
6658,1895,4,3.965518051979393
6658,1931,4,3.7668241152432653
6658,2023,3,3.6950678779418418
6658,2043,3,3.9116428892604493
6658,2097,3,3.728980311714072
6658,2198,4,4.030676734224728
6658,2334,5,3.9625723484849686
6658,2353,4,4.012910734348266
6658,2440,3,3.4895056448630934
6658,2451,4,3.8690290339439013
6658,2634,3,3.356114810053414
6658,2701,3,3.521893759930547
6658,3023,5,3.635801305642567
6658,3124,2,4.241685851275913
6658,3325,4,3.9078337095455473
6658,3428,5,3.953564090566699
6658,3489,5,3.7540199310072158
6658,3511,4,3.644900191833048
6658,3547,3,3.7917342683939532
6658,3654,3,3.6196742542184968
6658,3790,4,3.478700929380529
6658,3860,5,4.112268682344656
6658,3929,3,3.7496021239405937
6658,4108,4,3.6280803124408063
6658,4188,5,3.459348531013199
6658,4246,5,3.812743915052029
6658,4316,3,3.4924987915387566
