user_id,book_id,rating,predict
6665,6529,4,4.138318552777326
6665,7918,4,2.5135773609027123
6665,9288,4,-2.11130173640574
6665,9760,4,4.247699115252965
