user_id,book_id,rating,predict
6780,4770,4,4.918075236568589
6780,6964,3,3.02178628286109
