user_id,book_id,rating,predict
6781,5325,3,3.6329363757786304
6781,6032,4,3.7318251772790627
