user_id,book_id,rating,predict
6830,1955,4,2.57440869859741
6830,1985,4,2.9405551252595887
6830,2226,5,3.359667089448035
6830,3111,5,3.141062721676591
6830,3360,3,3.4957414161207048
6830,3477,2,3.2443912733458182
6830,5714,5,3.647925859216869
6830,6007,3,4.419877900657346
6830,9499,4,4.5420223624804565
6830,9658,4,3.906978028019155
