user_id,book_id,rating,predict
6841,2191,4,3.661573493831917
6841,3203,4,3.522847529804051
6841,6567,2,4.452374270850736
6841,6607,2,3.512097372868972
6841,7003,2,3.425004190749808
6841,7339,3,3.5863632455292844
