user_id,book_id,rating,predict
7065,592,5,3.97781822624732
7065,1041,4,3.271941106037392
7065,1160,3,3.6850946752660363
7065,1293,3,4.5862690476654056
7065,1383,3,4.015282139694577
7065,1968,3,4.004249841320678
7065,2192,3,4.111773142387359
7065,2193,3,3.7449173450068347
7065,2988,3,3.4336083143369645
7065,3027,4,4.274588802702818
7065,3100,3,3.602294700150989
7065,3250,4,3.9528251745694414
7065,3252,5,3.811991038650287
7065,3550,1,3.06459098470428
7065,3657,5,3.3764475823741704
7065,3739,5,4.428811623453541
7065,7575,3,3.6832304773674585
7065,9599,5,3.3796401930292017
7065,9793,5,3.42863562490309
