user_id,book_id,rating,predict
7132,4526,2,3.5838034087010646
7132,4969,3,4.04701538488548
7132,5009,4,4.67228529686637
7132,5420,4,2.673411004180537
