user_id,book_id,rating,predict
7258,3880,4,4.365145148695669
7258,4604,4,4.019841686170155
7258,5266,3,3.933575260608105
