user_id,book_id,rating,predict
7278,380,4,3.355333646578875
7278,474,4,4.302643643480054
7278,532,4,3.7441114019028787
7278,649,3,4.249091233708608
7278,753,4,4.000060458557194
7278,1060,4,3.8986641512662645
7278,1199,5,3.974071355359709
7278,1270,4,3.2346548398257378
7278,1282,3,3.1257849561990554
7278,1294,4,3.995652533620207
7278,1315,5,4.074411433299287
7278,1370,4,4.164717086754191
7278,3222,4,4.097724871371651
7278,5286,5,3.838038937175899
7278,5482,5,3.3890339285721014
7278,5784,4,3.203843312680471
7278,5976,4,4.431336769558712
7278,6191,4,2.7079879639675872
7278,6219,5,3.9691769552375273
7278,6594,4,3.7074152075485762
7278,6892,5,4.254849378576336
7278,7608,3,4.257514541483998
7278,7666,4,4.050602837313193
7278,7784,4,3.653658226801168
7278,7950,5,3.158767900707291
7278,8157,4,2.691654925052773
7278,9624,4,3.9731194120268953
