user_id,book_id,rating,predict
7433,3886,4,4.120889199703811
7433,5944,4,4.050845919793187
7433,6047,4,3.2003353314917735
7433,7478,5,4.1508141683375115
7433,8073,2,4.207325997914698
7433,9544,4,3.934488036521901
