user_id,book_id,rating,predict
7476,5881,5,4.946941148344538
7476,7923,2,4.954998443847562
