user_id,book_id,rating,predict
7565,6070,2,4.197010319123089
7565,7039,3,3.657957835496869
