user_id,book_id,rating,predict
7582,6232,4,4.1742824486919075
7582,8809,5,3.807138838773491
