user_id,book_id,rating,predict
7584,690,4,2.90554727505546
7584,1676,5,3.6191290381488046
7584,1796,4,3.777518834258372
7584,1937,3,4.422182889253397
7584,1963,3,3.5849737887746107
7584,2098,4,3.841498502244531
7584,2247,5,3.560504667929013
7584,2261,3,3.5218671748157577
7584,2423,5,3.2786758009255523
7584,3469,5,4.539564086647957
7584,5968,5,3.8140961582821604
7584,6007,4,4.039861755237101
7584,7176,5,6.639387255996423
7584,7453,5,3.2590800784089606
7584,8781,3,3.0936051511313867
