user_id,book_id,rating,predict
7611,8213,5,5.096472033810297
7611,8724,5,-1.2945610860873877
