user_id,book_id,rating,predict
7797,3896,5,4.095823114301388
7797,4717,4,3.455597760887753
7797,5449,4,2.942769767846544
7797,6748,3,2.176129166669783
