user_id,book_id,rating,predict
7865,2220,4,2.976831816950651
7865,2317,3,3.6524253219534413
7865,2686,2,4.0950031752307705
7865,4411,4,3.2268243042588223
7865,8134,3,3.1342074702537506
7865,8236,3,3.1659243220578857
7865,8398,3,3.2247407986809895
