user_id,book_id,rating,predict
7919,2236,5,4.224929663192524
7919,6385,3,3.07412126754205
7919,6820,2,3.0210157528980597
7919,7662,3,2.9789051193125795
7919,7952,3,2.6533856494022903
7919,8167,3,2.9466313018453025
