user_id,book_id,rating,predict
7945,3678,4,3.1917209660236514
7945,4835,3,3.0111945548932546
