user_id,book_id,rating,predict
7971,7502,3,3.262534032342798
7971,8974,4,5.502668254919714
