user_id,book_id,rating,predict
800,3436,5,4.254210330610338
800,4323,4,3.988631731447678
800,4706,5,3.8795547756632383
800,4824,3,3.8022267794343936
800,5205,4,4.549529617745499
800,5333,4,3.6392617462842924
800,5852,4,3.5906414296872673
800,6008,2,3.631625923193107
800,6128,4,3.708531773585834
800,6468,4,4.144482177337326
800,6491,4,4.217432751455778
800,6527,5,4.8260193201629455
