user_id,book_id,rating,predict
8112,1141,4,2.03641693812805
8112,2442,3,3.0961872311000427
8112,2752,4,2.6510634986779347
8112,2867,5,3.178372772528763
8112,3152,3,3.3603508462489504
8112,3385,4,3.5009324104191393
8112,3495,1,3.100188586674062
8112,4620,5,3.9959397525255174
8112,4811,4,4.065388462236035
