user_id,book_id,rating,predict
8118,2872,4,3.6542524610995097
8118,5628,5,3.429748780710976
8118,5822,5,3.3918469372382383
8118,7166,5,2.9484387646818986
8118,7183,3,3.1886768338271603
8118,7482,4,3.0113433596732904
8118,7794,2,3.0308937747867275
8118,8166,3,2.405859158230017
8118,8239,3,3.3260771136643017
8118,8326,1,3.304294729933887
8118,8453,2,3.571153018168221
8118,8809,3,3.498599162386987
8118,9158,5,3.1775006114936044
8118,9422,2,3.045040813131634
