user_id,book_id,rating,predict
8154,2917,5,3.2241184514203147
8154,3572,5,5.02368892607492
8154,4297,4,5.183124885465184
