user_id,book_id,rating,predict
8203,4205,4,5.327999275951282
8203,5435,4,4.107705553477153
