user_id,book_id,rating,predict
8259,5983,5,2.922324013719581
8259,8064,4,3.0788785777232817
