user_id,book_id,rating,predict
8430,3368,5,4.034747906230187
8430,4097,4,3.0726067297272035
8430,5280,3,2.3663520644897362
