user_id,book_id,rating,predict
8475,4356,3,4.989797416950876
8475,4803,3,4.99938261408122
