user_id,book_id,rating,predict
8508,6269,2,2.940311925815607
8508,6689,4,2.7585447259395517
8508,6931,3,1.6904667025260727
8508,7064,2,2.447872863059768
8508,7112,3,2.4755097467326537
8508,7124,4,3.255379248436501
8508,7533,2,3.093574980930767
8508,7536,2,2.80237420626735
