user_id,book_id,rating,predict
8511,5913,4,4.988207572862332
8511,6541,4,4.994721718716236
