user_id,book_id,rating,predict
8551,2108,1,4.761412674367565
8551,2797,2,3.99780223799933
8551,4055,3,4.013854397760175
8551,5537,2,3.8347321812817237
8551,6272,5,3.18197262241101
