user_id,book_id,rating,predict
8558,4297,4,2.7985321151564633
8558,5391,2,3.2810029900616065
8558,5406,3,3.3283585658510844
8558,5436,3,3.0143014318796384
8558,6388,4,3.027688299997889
8558,6813,2,3.2826084764273755
8558,7023,4,2.90058644827581
8558,7284,3,3.2283488873530928
8558,7558,3,2.97396234548921
