user_id,book_id,rating,predict
8586,5849,4,4.9583122514868565
8586,6379,2,4.484826710191587
