user_id,book_id,rating,predict
8715,4123,1,1.4877357107826343
8715,8583,4,3.5321951266026392
