user_id,book_id,rating,predict
8800,3471,3,4.308308328801806
8800,4596,2,3.83359541909892
8800,4643,4,2.441349489686744
8800,5436,2,3.2880367546507867
8800,6097,3,3.195108867507922
