user_id,book_id,rating,predict
8850,7402,4,4.505269456535712
8850,7726,3,2.298194253585372
