user_id,book_id,rating,predict
8945,4482,4,4.609556442588043
8945,6142,5,4.670533254084835
