user_id,book_id,rating,predict
9180,3368,4,3.6030115091531374
9180,4097,4,2.625167010651755
9180,5022,3,3.6508005468297706
