user_id,book_id,rating,predict
9187,4615,2,3.4608648170561973
9187,5428,2,3.019547779468148
9187,5485,3,3.2845994619243046
9187,5645,2,3.687934745602411
9187,6699,3,3.314381090338549
