user_id,book_id,rating,predict
9308,2511,5,3.72351278866163
9308,3153,3,3.4560018150318235
9308,3265,3,3.30903875856735
9308,6138,3,3.0933160251682845
9308,7780,5,3.729090071772021
9308,7940,5,3.8223585050369775
9308,9366,3,3.4368599386529244
