user_id,book_id,rating,predict
9454,1803,4,4.314014737408258
9454,1805,5,5.113056207317788
9454,2050,5,5.45136546506715
9454,6308,3,4.104686763779537
9454,6531,5,3.6135185284613653
9454,6931,4,3.248320847072365
9454,7289,3,3.427448786759237
9454,7697,5,3.9064957848419457
9454,9140,4,3.8055234471817787
