user_id,book_id,rating,predict
9650,6240,4,3.8142983606103047
9650,7753,3,2.4921043335244577
9650,7868,4,4.059065624587007
