user_id,book_id,rating,predict
9713,1146,5,3.510189696852176
9713,5580,5,4.953806806396762
9713,6738,4,3.604347572836982
9713,8944,4,3.2231452171797024
9713,8978,5,4.470977640362907
9713,9566,5,5.048354887824631
