user_id,book_id,rating,predict
9789,6546,2,3.651456200484144
9789,6577,3,3.5914242860997487
9789,6958,3,3.632578168984578
9789,7675,3,3.8687646447085724
9789,7960,3,3.62554914187013
9789,7978,4,3.7940764027072182
9789,8136,3,3.8996525341088772
9789,8414,3,3.522931577237518
9789,8894,4,3.909037697074586
9789,9020,4,3.5637284643970295
9789,9119,3,3.683252365102716
