user_id,book_id,rating,predict
9837,3139,4,5.150111387470868
9837,4850,5,4.694843697728308
9837,6617,5,4.8011046433757025
9837,6784,3,4.649589928071075
9837,7050,5,4.929154701868847
