user_id,book_id,rating,predict
9947,6245,3,1.109047516350706
9947,6460,4,0.7885765114782641
