user_id,book_id,rating,predict
10018,3481,2,3.3798069025920823
10018,6191,3,3.4584754398727786
