user_id,book_id,rating,predict
10371,7628,3,2.9792145082240418
10371,8325,2,4.000072129064447
10371,8454,3,3.862920748658392
