user_id,book_id,rating,predict
10444,7164,5,4.421899758824032
10444,9163,4,2.0693607371259812
