user_id,book_id,rating,predict
10518,4399,2,5.489699794293133
10518,6193,2,2.97166351064526
10518,6203,4,2.9840526361349404
