user_id,book_id,rating,predict
1080,6160,4,4.021761270095968
1080,7639,4,4.121365431457749
1080,8336,5,4.0403625810070976
