user_id,book_id,rating,predict
10869,1608,3,4.171420510117963
10869,1720,3,4.3525228874377255
10869,1724,5,4.30246970285112
10869,1906,4,4.357688617984465
10869,1932,5,4.433315872153107
10869,2083,5,4.345401843981205
10869,2134,4,3.6164856573772877
10869,2237,5,4.6909257053134095
10869,2317,5,4.343003271318849
10869,2545,5,4.710353456706643
10869,3571,4,5.039276187376472
10869,4210,5,4.594381256664686
10869,5112,5,4.59417414867597
10869,9073,5,4.18306626187843
10869,9148,5,4.188430286947503
