user_id,book_id,rating,predict
11014,656,3,4.531786156485448
11014,870,5,4.104144271075513
11014,892,4,4.099393932719559
11014,973,5,4.628998466468104
11014,1047,4,4.2934833183048795
11014,3502,5,3.9430934131569755
11014,5012,5,3.69802326244935
11014,5237,3,3.73271351700898
11014,6097,4,3.7530129534155097
11014,6995,5,3.765155598416782
11014,8438,5,3.781856135119186
11014,9079,4,3.3687914894504027
11014,9220,3,3.4815690294862613
11014,9241,4,3.3673045889707347
11014,9828,4,3.6922013795303674
