user_id,book_id,rating,predict
1103,8582,4,4.533398918895924
1103,9379,4,4.878361368267044
