user_id,book_id,rating,predict
11083,1575,5,3.5048081628948733
11083,1669,5,3.6145720630499922
11083,1803,2,3.149218483867017
11083,4314,4,4.2521542820088705
11083,4357,3,4.00291661836907
11083,6434,5,4.338073769384077
11083,7558,5,4.192795132790161
11083,7759,5,3.717580257610658
11083,8593,4,4.255983029938625
