user_id,book_id,rating,predict
11190,2082,4,4.97552516951245
11190,2336,4,4.949004500820856
11190,2473,4,4.117044520583168
11190,2934,4,4.148204897445884
11190,4071,4,3.753758777075083
11190,4395,5,4.162693618372621
11190,4796,5,3.6198183633899426
11190,5369,4,4.061813512665722
11190,6156,5,4.119897148098478
11190,6825,4,4.379371323659871
11190,6880,5,4.242812138815126
11190,7090,4,4.456153757941203
