user_id,book_id,rating,predict
11263,348,4,3.3609162808673982
11263,811,3,3.6734101706572577
11263,920,4,3.5860308657623
11263,1065,4,3.9747405222684224
11263,1076,3,3.4503342496158065
11263,1087,3,3.887377885924544
11263,1092,3,3.8458483167943602
11263,1173,4,3.7053227940043336
11263,1345,4,3.838233193790314
11263,1406,3,3.584355154713619
11263,1433,3,3.544561833079822
11263,1543,3,4.5139365377108565
11263,1551,4,3.8297717451270725
11263,1587,2,3.792483123020489
11263,1670,4,3.940773340835322
11263,1699,4,3.8729800149353166
11263,1990,4,3.8439941676802194
11263,2212,3,3.771617371085414
11263,2221,3,4.601055219966357
11263,2249,3,4.523694080046477
11263,2310,4,4.736019711814183
11263,2607,3,3.7191992933244054
11263,2742,5,3.703425637597518
11263,2772,4,3.9647044963080447
11263,2918,4,3.808788507631092
11263,3136,3,3.584317379550364
11263,3299,4,3.483533607842542
11263,3615,4,3.9013311080146154
11263,6213,4,3.765880486246607
11263,8513,5,4.733530516338995
