user_id,book_id,rating,predict
11274,1338,1,4.427777307745011
11274,1380,5,4.93941172335285
11274,1464,5,4.201874759066878
11274,2098,5,4.9213703048222515
11274,2172,5,4.994661209433454
11274,2289,5,4.840765020820918
11274,7338,5,5.06452716386933
