user_id,book_id,rating,predict
11419,6219,3,4.24751665526936
11419,7173,5,4.456726514027383
