user_id,book_id,rating,predict
12211,1602,4,5.76497142937804
12211,1630,4,5.1675923316978665
12211,2009,5,4.294555678180228
12211,2701,3,1.8368110055622222
12211,3340,3,3.650763624773428
12211,8269,3,3.3046005869639083
12211,8482,5,5.25913213920731
12211,8667,5,4.299604678298909
12211,9363,3,3.05401377337728
12211,9577,5,4.590178287418576
12211,9868,5,4.578753810261832
