user_id,book_id,rating,predict
12614,4152,4,4.12166041836483
12614,4972,4,4.280796004442468
12614,7360,5,4.309855111476206
12614,7561,4,3.878408107012599
12614,7826,3,3.718448704482648
12614,8035,3,3.7229364338345645
12614,8388,4,3.7611539542605237
12614,8802,1,3.481039397841476
12614,8876,4,3.412829022082949
12614,9023,4,3.6289495551265833
12614,9185,4,4.113439611633452
12614,9439,4,4.046195208950979
12614,9621,2,3.5273773420687666
12614,9675,3,3.4423941000884297
