user_id,book_id,rating,predict
12946,2,5,7.352756549432614
12946,3,4,0.23024342380861373
12946,4,5,5.659889310481105
12946,5,5,3.8001295435673734
12946,7,5,5.248720802793333
12946,8,4,3.4452791324793957
12946,10,5,5.27950150111875
12946,11,5,4.981813117802256
12946,13,5,4.728819198609316
12946,14,5,3.9298099181882664
12946,15,4,4.195434575630455
12946,16,5,4.841058454561664
12946,18,4,5.993475250533772
12946,19,5,4.72972147997623
12946,21,4,5.543768828986842
12946,22,3,3.7246787207713297
12946,23,4,5.571918803029131
12946,24,4,5.759953762501769
12946,25,5,6.164337833045865
12946,26,3,3.992574024496542
12946,27,4,5.662066047400423
12946,28,5,3.216804432719742
12946,31,4,5.719773742476347
12946,32,5,3.822975686901641
12946,33,5,4.6393862319810975
12946,35,4,4.261929229094113
12946,38,5,6.658361002312704
12946,40,5,3.3704196475170503
12946,41,3,4.850412469918059
12946,42,5,4.399929394198725
12946,43,5,4.533021240645821
12946,44,3,4.056077599659169
12946,45,4,4.196901333493053
12946,46,4,4.654065617484804
12946,47,5,5.897914307926716
12946,48,5,6.707293054344224
12946,49,4,3.4535592934695503
12946,50,1,4.271471959366847
12946,52,4,3.8590642071252272
12946,53,5,3.975049142106017
12946,504,3,4.170493869851233
12946,505,3,4.025026432875459
12946,992,4,3.965636779433411
12946,1106,4,4.291146945025948
12946,1984,5,4.254787867395201
12946,2007,4,4.139606700817157
12946,2079,3,4.136577297948484
12946,2236,5,4.002474243195807
12946,2600,4,4.102982928708844
12946,2625,4,4.015038166942549
12946,2651,3,4.0672331487974915
12946,3056,4,3.918184615218669
12946,3070,4,4.175411788486067
12946,3122,4,3.9431554140978675
12946,3585,4,4.115898224893512
12946,3636,4,4.048722995920865
12946,5446,4,4.050789645263037
