user_id,book_id,rating,predict
130,3591,1,4.126301043466176
130,5344,5,3.835937358347711
130,6847,3,3.7044934169432766
