user_id,book_id,rating,predict
13039,6992,4,3.1640407324431488
13039,7867,2,4.1776487622971485
