user_id,book_id,rating,predict
1305,3123,4,3.596179129865373
1305,3785,3,3.073562655041192
1305,5983,4,3.6405488204728567
1305,6249,3,3.1452425756133624
