user_id,book_id,rating,predict
13105,2896,4,3.168326288266529
13105,4457,5,3.383349495144184
13105,4861,3,2.5987211097525247
