user_id,book_id,rating,predict
13132,6197,5,5.501854709076509
13132,6239,2,3.812469392819174
13132,6346,5,5.396230834694792
13132,6800,5,4.139670577337343
13132,7393,5,3.9725791580863983
13132,7846,2,5.278709855859924
13132,7888,4,4.091127335818175
13132,8251,5,5.297871803593006
13132,8354,5,5.35065855792117
