user_id,book_id,rating,predict
13159,6138,4,3.5821921467685587
13159,6956,2,3.2307110897496942
13159,7020,4,3.935714020697793
13159,7502,4,3.954778059945295
13159,8753,4,3.9458388541010403
13159,9075,4,4.260019577814783
13159,9270,2,3.7671044052054103
