user_id,book_id,rating,predict
13158,3684,4,4.52239841687077
13158,4913,5,4.526067481179824
13158,8689,5,4.545877519368346
13158,8976,4,4.688974481609442
