user_id,book_id,rating,predict
13363,6138,2,2.4624651224268077
13363,6263,3,2.679076522143746
13363,7943,3,3.0576210458107775
13363,8021,4,3.0703569870092204
13363,9246,2,2.671375782100896
13363,9509,5,3.118690632640708
