user_id,book_id,rating,predict
13413,3116,1,3.3192572935563223
13413,6747,2,3.5580675998901845
13413,6750,3,2.8400004027817825
13413,6848,1,3.2980314707570684
13413,8425,4,2.9144349783952173
