user_id,book_id,rating,predict
13644,6673,5,4.372727550989769
13644,9710,3,4.213691481197095
