user_id,book_id,rating,predict
13684,5375,3,3.8875034827939228
13684,6162,4,3.86473311903536
13684,7167,4,3.8037638661225506
13684,7301,4,3.888528705747318
13684,7442,3,3.861840547685252
