user_id,book_id,rating,predict
1372,6426,3,3.176549630963708
1372,7845,3,3.1958744217631763
