user_id,book_id,rating,predict
13794,2,1,-22.112342383030533
13794,3,1,1.0865401603740175
13794,4,4,-6.8677946724814625
13794,5,2,4.321465681763371
13794,7,3,-2.9701393725338097
13794,8,2,4.122866420773711
13794,9,2,4.17238978875311
13794,10,4,-3.7252214530975296
13794,11,5,-1.6665222607327514
13794,13,3,0.08903446479581767
13794,14,3,4.471897987495021
13794,15,5,0.8086368665649348
13794,16,3,0.21174943887229425
13794,19,2,-3.235727329749931
13794,22,1,5.305781993445884
13794,26,2,4.555683800745139
13794,28,2,6.279420937938794
13794,29,3,5.5378718928747315
13794,32,3,4.745540229019178
13794,33,1,2.689283940226816
13794,42,3,2.1920588201446494
13794,43,4,1.3077689165317206
13794,48,2,2.238471609676968
13794,49,1,4.055365592547554
13794,52,2,2.9965750900067247
13794,54,3,1.110098155775101
13794,55,2,3.5464163560739297
13794,56,2,1.7981412261618064
13794,58,4,4.553821346334957
13794,59,3,1.922963607096705
13794,60,4,4.235896097494898
13794,62,5,3.029873765466635
13794,66,4,0.7807978743504025
13794,67,3,1.143139948556363
13794,592,4,3.842136726327664
13794,896,3,3.614781132432062
13794,992,2,2.7213905237562703
13794,1432,1,2.5549738461267957
13794,1487,5,3.8826827414890603
13794,1741,2,3.8296919739381434
13794,1758,3,3.8401424970235793
13794,2187,1,3.546414069911085
13794,2209,3,4.438301703027993
13794,2507,3,4.302700588410312
13794,2561,5,3.5416997396917247
13794,2600,2,3.1858332079148566
13794,2798,5,4.257113661102558
13794,2942,3,4.2836865522626395
13794,3090,3,2.773015912980238
13794,3210,2,2.8367464358390815
13794,3387,3,3.68153789083744
13794,3628,5,5.56165164965639
13794,3794,5,3.8380011930120355
13794,4091,4,3.140267167928723
13794,4653,4,4.860125311294157
13794,5089,4,3.655917077086658
13794,9761,3,4.074154438103054
