user_id,book_id,rating,predict
13856,4489,3,2.869326019608142
13856,5087,3,2.765040501439073
13856,5958,3,3.2823369827270668
13856,6748,3,3.096078462687826
13856,7397,4,3.25202392905315
13856,7543,4,3.387724729070352
13856,7557,4,3.294761187051364
13856,7843,3,2.812508563611533
