user_id,book_id,rating,predict
13865,3929,4,4.190557296743513
13865,5075,4,4.292020333391259
13865,9552,4,4.411503244483667
