user_id,book_id,rating,predict
1387,3678,3,4.0891872252292645
1387,5130,2,3.8575315464218014
1387,5451,4,3.9468419125834746
