user_id,book_id,rating,predict
14008,2902,4,4.499162508009553
14008,4670,4,3.677606225362401
14008,5249,4,2.9543878944234283
14008,5596,5,3.765717330263929
14008,6058,4,2.8893572285046325
