user_id,book_id,rating,predict
14023,6912,5,3.5901109916242047
14023,6956,3,3.9048495475756915
14023,7124,5,3.2287512398360843
14023,8134,2,3.014982324029332
14023,8236,2,3.012418569374457
14023,9149,3,3.0755993287407746
14023,9195,4,4.019966654699617
14023,9349,5,3.4283487175379124
