user_id,book_id,rating,predict
14148,3211,1,3.331222409050966
14148,3503,5,4.836347320846395
14148,6433,3,5.171672859494475
14148,6506,2,3.971797443306329
14148,6676,4,4.209346791246946
