user_id,book_id,rating,predict
14219,6084,4,4.040729707049352
14219,6420,4,4.449568576414641
