user_id,book_id,rating,predict
14285,6,4,2.1641462143278516
14285,12,3,4.186772984093571
14285,26,3,2.4866787959101946
14285,39,5,5.031327836437054
14285,41,2,3.4035822162155793
14285,53,2,2.5108534015220205
14285,469,3,3.48421932699215
14285,500,2,3.033433795144412
14285,649,1,3.40980868525239
14285,995,4,3.9547145144269105
14285,1081,3,4.362219657857793
14285,1182,4,3.5069831712567394
14285,1286,3,3.396608325930248
14285,1427,4,3.447306252023364
14285,1451,4,4.535951098555795
14285,1755,3,3.6935695055658964
14285,1757,3,3.8105431302911406
14285,1770,5,3.8654933902839974
14285,1829,3,3.6631998558918744
14285,1917,1,2.917706152412503
14285,1951,3,4.4132437343811715
14285,2073,3,3.827718831292685
14285,2323,3,3.6097873188502883
14285,2412,4,4.075957949842632
14285,2464,2,2.758237658329595
14285,2595,3,3.419894390785082
14285,2895,5,3.4957938272089275
14285,3029,3,3.5001891492323134
14285,3559,3,3.7740387172393066
14285,3620,3,3.960697894996076
14285,3640,3,3.9675028353472572
14285,3735,4,3.8307769715699185
14285,3857,4,3.745824484575853
14285,4092,5,3.627646549327515
14285,4387,3,3.8102417157774906
14285,4756,3,2.9912900197322614
14285,4827,4,3.7499863418411046
14285,4905,2,3.0142278162667804
14285,4924,3,3.141567840284283
14285,5434,5,3.9094015620632585
14285,5525,3,2.956251960630346
14285,5595,3,2.3384670410615733
14285,6200,3,2.74801346467662
14285,6264,5,4.567337767911851
14285,6306,3,3.1464332041250556
14285,6399,3,3.107397672263505
14285,6557,5,4.463903533620329
14285,6807,5,4.125459077149058
14285,7493,3,3.7018993253055528
14285,8987,1,3.304543515948652
14285,9440,2,4.004797731669056
