user_id,book_id,rating,predict
14287,8479,4,4.99530084433943
14287,8508,3,3.153173695847384
