user_id,book_id,rating,predict
14561,2672,3,4.6508707635870845
14561,4168,3,3.3184663396377756
14561,4331,5,3.7831425619553865
14561,4784,4,3.0763366284653664
14561,6024,5,5.007731781930038
14561,6287,5,4.9900920009988425
