user_id,book_id,rating,predict
14616,3320,4,4.309514777529022
14616,3734,3,4.831220747246716
