user_id,book_id,rating,predict
14636,2222,5,3.9000988766914966
14636,7989,5,3.0728390913606245
