user_id,book_id,rating,predict
1471,4403,4,3.48264613173419
1471,5087,3,3.7539682908901115
1471,5098,4,3.265758857088479
