user_id,book_id,rating,predict
14749,5701,5,4.374059527731719
14749,6413,4,3.9054862472654874
14749,7297,4,3.1657106803572597
