user_id,book_id,rating,predict
14770,3742,4,3.984485664103998
14770,4711,2,3.7874351931684087
14770,6677,5,3.9269612419040754
14770,8066,4,3.794674734919369
14770,8974,4,3.487253307550649
