user_id,book_id,rating,predict
15157,385,3,3.7801295994344906
15157,1106,4,3.7453060279512993
15157,1113,3,3.063709799779913
15157,1357,3,2.868817035059586
15157,1544,4,3.2693393979234084
15157,2236,5,3.5804093757482907
15157,3694,3,3.7700709835634076
15157,4475,3,3.567569475740244
15157,5853,4,3.441946857920386
15157,7172,3,3.319443577328344
15157,7974,5,3.590643163617182
15157,8593,3,3.45263373159948
