user_id,book_id,rating,predict
15274,3302,4,4.58500244126199
15274,3358,4,4.4142168690603505
15274,3656,2,4.244221906252499
15274,4149,4,0.4043860648235933
15274,4167,5,4.45073009654241
15274,4683,5,4.499802319333459
15274,8856,4,4.301946434839453
