user_id,book_id,rating,predict
15511,1792,3,3.362025545348149
15511,1940,4,3.119772104965477
15511,4004,4,3.632404061363128
15511,6234,3,3.321101058763816
15511,7137,3,3.276302977346686
15511,7503,2,3.778849880926867
15511,7872,3,3.353082192167323
15511,8011,4,4.189328101966884
15511,8226,3,3.7306870747791514
15511,9472,2,3.732119667899158
15511,9506,5,3.2595803864274493
