user_id,book_id,rating,predict
15578,385,4,3.2206631208076
15578,537,4,3.5964922216841733
15578,630,4,3.664849166218593
15578,2681,5,4.4923476996888
15578,3603,3,4.200690013866422
15578,3911,4,4.228857443411507
15578,4740,4,4.422032186622178
15578,4767,4,4.390148750367404
15578,6546,3,3.9652682487578854
15578,6738,4,4.513305379479681
