user_id,book_id,rating,predict
15653,3392,5,4.707506650164082
15653,4566,5,5.353967436897852
15653,4861,5,4.775299617425267
15653,5336,5,4.526240353763702
15653,7852,5,4.949617868534247
15653,8308,5,5.096669351858354
15653,8310,5,5.178982366032681
