user_id,book_id,rating,predict
15663,4987,4,2.434308133887751
15663,5442,4,2.965312518882518
15663,5820,2,2.4769169886303497
15663,6848,3,2.5244542834773513
15663,6984,3,3.1679323855173793
15663,6996,3,2.4694158627266822
