user_id,book_id,rating,predict
15730,2402,4,3.856858542246901
15730,2685,4,3.734637705792038
15730,2919,4,3.708366791927617
15730,7267,3,3.370435676869623
