user_id,book_id,rating,predict
15777,2388,3,3.606472876302672
15777,5335,3,3.860987751338963
