user_id,book_id,rating,predict
15776,5009,5,4.544200704822606
15776,8114,5,4.3549212225701694
