user_id,book_id,rating,predict
15858,5790,4,4.204037440206824
15858,5910,5,3.881367759383076
15858,7034,5,4.355357234408466
15858,7665,4,3.949990716676225
