user_id,book_id,rating,predict
15885,843,5,4.241909200268964
15885,2713,5,4.245284515085748
15885,5568,3,4.924231627497563
15885,7144,5,4.971620746151537
15885,7887,4,4.21780873576873
