user_id,book_id,rating,predict
15891,870,5,3.428197456641169
15891,968,3,2.01070058471938
15891,1173,4,1.8106245567349513
15891,1786,5,2.3273007869761786
15891,1798,2,3.4821122111664393
15891,1941,4,2.4171635606488424
15891,2350,4,3.3655128685448608
15891,5656,3,3.645040263369032
15891,7108,4,4.1698458465701025
15891,8193,4,3.6805464808936446
15891,8885,3,3.406279682951225
