user_id,book_id,rating,predict
16145,4417,5,4.114695293979934
16145,4853,3,3.8848213633553446
16145,6231,5,4.202634064287064
16145,6672,4,4.200003046249973
16145,6821,4,4.24689950425876
16145,7265,5,4.222934602006266
16145,7376,4,4.233063950182122
