user_id,book_id,rating,predict
16192,659,4,3.378229754814884
16192,677,4,4.1229584372226835
16192,690,4,3.452548235687867
16192,870,4,4.1436798001503
16192,969,4,3.379770773422935
16192,1115,3,3.7358799604615207
16192,1441,4,3.854318521128934
16192,1487,4,4.247191839500327
16192,7352,4,4.163226251649794
16192,7418,5,3.343035251316485
16192,7827,4,4.0573650099959995
16192,9833,4,3.522520958326407
