user_id,book_id,rating,predict
16290,2744,4,4.357909128221358
16290,3604,4,4.116200493937147
16290,4035,4,4.198849863337914
16290,5745,4,3.8987480885567734
16290,6372,3,4.6468053704490835
16290,6473,4,4.248494211416479
16290,7385,4,4.363527531528005
