user_id,book_id,rating,predict
16429,3637,2,4.894347685620723
16429,3967,4,4.496719032804317
16429,5465,3,4.144950408618015
16429,5803,4,4.2578536431974054
16429,6239,4,4.15318600811687
16429,6387,5,4.409439902873573
