user_id,book_id,rating,predict
16452,3146,3,1.3915468340610901
16452,5472,4,3.2693136995334817
16452,6905,4,3.946804789429004
