user_id,book_id,rating,predict
16593,3591,5,3.5019220623884664
16593,7273,4,3.4939086008641573
16593,7331,3,3.508577578311962
16593,8326,5,3.595544282673032
16593,8582,3,3.5187178069061775
16593,9273,3,3.5139815576464555
