user_id,book_id,rating,predict
1683,2191,5,4.479367089233451
1683,2701,5,3.296923545827753
1683,2755,5,4.732379972429548
1683,3203,5,4.313661824243827
1683,4729,5,4.643704345727217
1683,6128,4,4.6660534012524435
1683,6607,4,4.186657957662131
1683,8504,5,4.44140010213637
1683,8792,4,4.707097980746521
1683,8891,5,4.4029803522260424
1683,8937,5,4.633844267289492
1683,8973,4,4.5394031579851495
1683,9463,5,4.451344634727579
