user_id,book_id,rating,predict
16854,4144,3,3.5034392479043084
16854,5955,3,3.3835351828198705
16854,6072,3,3.8464595431023905
