user_id,book_id,rating,predict
16861,5465,3,4.507135337786049
16861,5962,4,4.499699538388555
