user_id,book_id,rating,predict
16927,2317,4,4.247319252046292
16927,4357,3,4.131402598150509
16927,5397,4,4.070295449059216
16927,6372,4,4.1376405986428235
16927,7167,4,4.252531238024719
16927,9166,4,4.143118504993359
16927,9390,5,4.174255297086275
16927,9464,4,4.2055576852800245
16927,9493,5,4.091911812905815
