user_id,book_id,rating,predict
17103,904,1,2.7345986889973215
17103,1134,1,2.846055805247678
17103,1985,2,2.77117533788621
17103,2416,3,2.946651017103643
17103,2654,3,2.9305917385933657
17103,2762,1,2.861999759430862
17103,2808,4,2.896827061300377
17103,4117,2,2.7770082107157883
17103,5809,4,2.8391581802173205
17103,6215,3,1.9775173347393047
17103,6776,3,2.335174135778745
17103,8976,5,3.1066077409530792
17103,9349,2,2.6055143530903986
17103,9882,2,2.664449773144137
