user_id,book_id,rating,predict
17152,822,5,3.7997936760022952
17152,1001,5,3.0070873916683527
17152,1081,3,4.536695544703646
17152,1174,2,3.475567951016152
17152,1198,5,4.591967506272416
17152,1281,5,3.785150802200144
17152,1310,5,4.3334521481888775
17152,1439,5,3.791833388947864
17152,1586,3,3.966428682638298
17152,1672,3,4.345738502538491
17152,1688,5,3.5183048604134584
17152,1843,1,3.24772032265835
17152,1920,2,3.7556061875034836
17152,1990,4,4.137069200712268
17152,2013,3,3.777639800271582
17152,2018,4,4.6060642254012425
17152,5054,4,4.011716107690269
17152,6546,4,3.577822559615934
17152,8525,3,3.6009541988849243
17152,9072,4,3.494351817981061
17152,9425,3,3.8116707092141837
17152,9883,3,3.829421910986614
