user_id,book_id,rating,predict
17161,3157,5,4.970107175907929
17161,3627,5,5.0311319702179995
17161,4000,5,4.844541080951422
17161,5490,4,4.2510473511832725
