user_id,book_id,rating,predict
17239,4699,3,3.77586517718996
17239,5054,4,4.04168410564018
17239,5258,3,2.9226892586625715
17239,5851,5,3.8225344389400493
17239,6215,2,2.4998996975993943
17239,6245,5,4.082399249548811
