user_id,book_id,rating,predict
17265,2263,5,4.923888199499048
17265,4189,5,1.5823800476024563
17265,7245,5,4.925773967710361
17265,7386,5,4.76041830656562
17265,7720,5,1.559909577750791
17265,7878,5,4.945740291907885
17265,8760,5,5.022621132363289
17265,9125,2,4.768091683729695
