user_id,book_id,rating,predict
17294,5753,2,3.9688221290630636
17294,6024,3,4.068137633352206
17294,6031,4,3.892922060643881
17294,6591,4,3.8250676137841295
17294,6727,4,3.867774547413044
17294,6769,3,3.7427100230720707
