user_id,book_id,rating,predict
1734,1258,4,4.282684763305706
1734,1286,3,4.25490650125144
1734,1660,3,3.537140148005113
1734,1704,4,3.925196053529599
1734,1796,3,2.8966113438679018
1734,6813,3,3.6543882930178166
1734,7001,3,3.579271826663266
1734,7046,5,3.821344942505074
1734,7438,4,3.2262750705128216
1734,8095,5,3.330228490242762
1734,8528,3,4.063679866017308
1734,8755,4,4.050502167063828
1734,8802,3,2.95217442608259
1734,9021,2,1.6312954234283787
1734,9257,5,4.291265153149947
