user_id,book_id,rating,predict
17363,1352,2,3.8751624714215716
17363,2099,4,3.823203645294989
17363,2585,5,3.9036177193501445
17363,3301,4,3.995239224469305
17363,3854,3,3.7668568811900425
17363,4851,4,5.048711333315591
