user_id,book_id,rating,predict
17428,6091,5,3.845653789188802
17428,7847,4,3.8048536003756683
17428,7870,5,3.935940969554326
