user_id,book_id,rating,predict
17441,3447,5,3.5332920927987708
17441,3694,5,3.8341308585685865
17441,4143,4,3.6198675922370485
17441,5649,5,3.6098338452092418
17441,6026,4,3.3700319890069874
17441,6911,3,3.5761720405997295
