user_id,book_id,rating,predict
17521,6642,5,4.921436493569747
17521,6720,5,4.792475534440836
17521,8663,5,4.923308133340903
