user_id,book_id,rating,predict
17598,4015,3,2.8203146168891666
17598,6070,4,3.1953702377932562
17598,6120,5,3.319670423581955
