user_id,book_id,rating,predict
17632,5254,4,3.8529094150555423
17632,5845,2,3.0293673900176903
17632,6071,3,3.2441374852070517
17632,6682,3,3.5577589060918102
17632,7561,4,2.9705961913974903
17632,7995,2,3.132146314824271
17632,8105,4,3.1373624429660794
