user_id,book_id,rating,predict
17834,4287,4,4.931708951335001
17834,4482,4,4.610602693176141
17834,4990,4,4.872830589005866
