user_id,book_id,rating,predict
17858,946,4,3.3389839608758516
17858,1045,4,4.4460620613390045
17858,8213,4,3.1905131762189036
