user_id,book_id,rating,predict
17993,4346,3,2.8032753751644686
17993,4814,3,4.062177074022195
17993,5733,4,3.3461719590875068
