user_id,book_id,rating,predict
18080,5856,5,4.71488224215117
18080,5887,4,3.7780980801030735
18080,7437,5,3.4940451404276396
