user_id,book_id,rating,predict
18099,6032,5,2.8464420434690645
18099,6677,4,3.657227786050995
18099,6939,4,3.023522329250075
