user_id,book_id,rating,predict
18143,5362,3,4.969049498383283
18143,6391,4,4.950732325015345
18143,8330,3,4.949369339372364
