user_id,book_id,rating,predict
18156,6316,3,4.599458311479618
18156,6772,5,4.36615717050204
18156,7398,3,4.729907297095833
