user_id,book_id,rating,predict
18279,406,5,4.313610886797656
18279,1507,5,4.898155290241549
18279,4748,5,4.838025219453382
