user_id,book_id,rating,predict
18384,2388,5,4.052498197083072
18384,6891,4,4.166741983172763
18384,7001,3,4.039426536779024
18384,7893,4,4.140528085494536
18384,8103,4,4.258413525326226
