user_id,book_id,rating,predict
18417,4704,3,4.338034772856582
18417,6282,2,3.6667858816823853
