user_id,book_id,rating,predict
18604,4389,4,3.565616532136302
18604,5657,4,4.403080306843222
18604,6458,1,4.161929516453377
18604,6988,5,3.482176680745943
18604,7060,3,3.3982444176493103
