user_id,book_id,rating,predict
18637,5820,4,4.210502831716353
18637,5939,3,4.162939500252953
18637,6195,2,3.7201023050046547
18637,6274,4,4.532266063171866
18637,6491,5,4.765891156071394
18637,6799,4,4.3731524741726675
18637,6905,5,4.753433476671702
18637,7199,4,4.503617021502404
18637,7421,5,4.052184042086667
18637,8148,3,3.5253828866085217
18637,8414,3,4.584590586476653
