user_id,book_id,rating,predict
1886,3891,4,3.6361898594624176
1886,6255,4,2.3511540275959795
