user_id,book_id,rating,predict
18968,505,2,2.981917431778328
18968,897,4,3.6911746205409997
18968,1293,4,3.5871975372655847
18968,1410,3,3.9216139504553795
18968,1741,4,3.738844835740042
18968,2017,4,3.6038606371451047
18968,2595,1,3.4359224829038997
18968,2873,3,3.3659234446448454
18968,3023,5,3.5973086975197885
18968,3033,4,3.7494715548377404
18968,3056,4,3.683558499605681
18968,3090,2,3.145622952506553
18968,3131,2,3.5748070059793005
18968,3410,3,3.584591594261436
18968,3469,5,3.6517929707060044
18968,3489,5,3.5651809122204283
18968,3964,3,3.740442794277031
18968,8640,4,3.841436311485722
18968,9447,3,3.1960356689006657
