user_id,book_id,rating,predict
19132,4327,5,4.752021054812152
19132,4482,5,4.85557870631252
19132,4737,5,4.602645201572902
