user_id,book_id,rating,predict
19243,5012,5,4.507671352339584
19243,7145,2,4.579408155874424
