user_id,book_id,rating,predict
19276,2588,4,3.4455622501783556
19276,4376,3,3.4555861184259347
