user_id,book_id,rating,predict
19351,5094,3,3.7711059040406756
19351,6546,3,3.76138387059033
19351,6931,3,3.6500837498296077
19351,7555,4,3.1623944066096175
19351,7935,3,3.082998745512378
19351,8338,4,3.6361227970931296
19351,8348,3,3.7542207464649255
