user_id,book_id,rating,predict
19480,6757,4,4.1177357834521535
19480,8168,3,4.523956684272655
19480,8636,4,4.258312199040515
19480,9429,4,4.3446485977728
19480,9653,4,4.1300122639522545
