user_id,book_id,rating,predict
19632,6171,3,3.4023399397886323
19632,6817,4,3.2677536636028766
19632,7378,1,3.1044268853732855
