user_id,book_id,rating,predict
19721,1313,5,3.561396926751474
19721,1628,3,2.984169230948126
19721,2186,5,3.77375299717035
19721,2385,3,3.6211654919800123
19721,4729,5,3.9343882017897793
19721,5254,4,4.001398628717817
19721,7058,4,4.020296864238588
19721,7788,4,3.981362514160079
19721,8618,5,4.564080125796194
19721,8897,5,4.46615555815788
19721,9234,4,3.485031652523257
19721,9442,5,4.5212717775766125
19721,9993,5,3.9824026351728543
