user_id,book_id,rating,predict
19788,4136,4,4.299917861327546
19788,4169,4,4.393683127568596
19788,5094,3,4.514205600298639
19788,5436,4,4.262426876087033
19788,6093,5,4.482415869760807
19788,6631,4,4.775329420680573
19788,7297,5,4.947724475819302
19788,9471,5,4.811013523283976
