user_id,book_id,rating,predict
19865,4884,3,3.1886724440765377
19865,6519,3,3.128656261287665
19865,8019,4,3.315488487359688
