user_id,book_id,rating,predict
20075,3107,4,4.6833064915607086
20075,3405,5,4.758203369290977
20075,3554,5,4.88045666388786
20075,4373,5,4.9000988162138315
20075,4403,5,4.509572519699886
20075,4738,5,4.754020012753137
20075,5098,5,4.811505405039256
20075,5246,5,4.6904325648351
20075,5584,5,4.529933305429845
20075,5856,5,4.814863966460987
20075,5888,5,4.575708247028876
20075,5998,5,4.884456007355833
20075,6111,5,4.835726681198818
20075,6205,4,4.836588222678428
20075,6339,5,4.589826029824515
20075,6343,5,4.720750349346966
20075,6415,4,4.944957450553231
20075,6424,5,4.811642874080462
20075,6525,5,4.970775165768003
20075,6983,5,4.561074057668947
20075,7100,5,4.7429455631966775
20075,7125,5,4.667421281563624
20075,7136,5,4.6466510346443295
20075,7674,5,4.753613055058171
20075,7694,5,4.738296703646333
20075,8248,5,4.480329592651143
20075,8442,5,4.841752721153303
