user_id,book_id,rating,predict
20204,3119,5,3.4038367589419485
20204,3421,4,3.551508390807792
20204,4449,1,3.470238814480191
20204,6170,4,3.875747904408835
20204,6659,3,3.678926202863325
20204,7424,4,3.951742365957269
20204,7628,4,3.427052921106076
20204,8192,5,3.885740366132283
20204,8353,5,3.7227683866689207
