user_id,book_id,rating,predict
203,3430,2,2.6662266897869102
203,7241,3,3.3360800627770186
203,8763,3,3.0533340252641645
