user_id,book_id,rating,predict
20558,6085,3,3.3764326934749347
20558,6363,4,4.542539822025695
20558,7120,5,4.564542962581883
20558,7628,3,3.7617419552194935
