user_id,book_id,rating,predict
2063,1392,3,2.852657483975316
2063,1441,4,2.8834939311994585
2063,1888,4,3.2289337584181905
2063,2024,4,3.1562012422862433
2063,2193,4,2.7073287287305656
2063,2290,3,3.021608342461835
2063,2357,3,3.9060267578588643
2063,2465,4,2.8711074430500076
2063,9173,3,3.419190005695724
2063,9493,4,3.332314479635876
