user_id,book_id,rating,predict
20679,3447,5,3.7106812475886413
20679,6410,4,3.0099335337771573
20679,6705,2,3.848611015663569
