user_id,book_id,rating,predict
20714,5281,3,3.486879320128291
20714,6332,3,3.2345468539360276
20714,6584,4,5.617165041906046
