user_id,book_id,rating,predict
20722,324,4,4.313243959147708
20722,384,3,2.3984597764668685
20722,394,3,2.369294994239727
20722,419,3,2.3279051983528465
20722,632,3,3.2543116104014462
20722,655,4,2.397482625798713
20722,659,2,2.220116650896329
20722,677,4,3.1117481879979407
20722,690,2,2.030883691512988
20722,752,4,4.009944592458114
20722,775,4,2.6349759376271726
20722,837,4,3.2034014499645145
20722,842,2,4.133381072431288
20722,928,2,3.5905068023385245
20722,978,3,3.022069290288293
20722,991,3,3.3074458130541244
20722,1000,4,3.369338389528302
20722,1147,3,2.317618325188197
20722,1170,4,3.1202231461570067
20722,1192,2,3.559517670517333
20722,1243,2,2.6881942410225763
20722,1399,3,2.308322636509593
20722,1413,2,3.0050508217342324
20722,1425,3,2.3381290999944966
20722,1464,3,2.615757609872372
20722,1505,3,3.19534406037931
20722,1651,4,3.339082707629309
20722,1668,4,3.7887805147764606
20722,1743,3,2.9828131762716055
20722,1782,3,3.1738443652203303
20722,1791,3,2.7980964718752057
