user_id,book_id,rating,predict
20807,3291,3,3.893527037905962
20807,3716,3,4.024768670938211
20807,4101,4,3.878737005628731
20807,4459,4,3.9093823712721005
