user_id,book_id,rating,predict
20923,655,2,1.6770691150769519
20923,685,3,2.7544728919269925
20923,897,2,3.4897810810331813
20923,1050,2,2.9510134824072236
20923,1298,3,3.19806970361035
20923,1399,3,3.481812538275081
20923,1437,3,3.4105906042096876
20923,1531,4,3.1422439472967523
20923,1591,4,3.243046536943821
20923,1881,2,3.3536900310817237
20923,1917,3,2.2353812801324735
20923,2066,4,3.339780035341505
20923,2187,3,3.155143353369395
20923,2211,3,2.874821615286695
20923,8197,3,2.949412416471012
20923,9552,2,2.346723000309086
20923,9585,3,2.8892446784839003
