user_id,book_id,rating,predict
21044,3447,3,3.8973896676054016
21044,4516,3,3.2302505636842955
21044,5022,3,3.5298841902073477
21044,5442,4,4.159149516296473
21044,7164,3,3.88453622614385
21044,7421,5,3.091043589256689
21044,7691,4,3.9207647224405022
