user_id,book_id,rating,predict
21055,6140,5,4.348567253105225
21055,6363,5,4.246762616922986
21055,6660,4,4.213706676968095
21055,6672,4,4.386814409232992
21055,6821,4,4.423129457899344
21055,6831,4,4.306729200926353
21055,7175,4,4.047693146850658
21055,7207,4,4.621560478660687
21055,7456,4,4.378878390610885
21055,7902,4,4.389010105602014
21055,8146,4,4.318720638328913
21055,8299,5,4.236362181153839
