user_id,book_id,rating,predict
21065,4484,5,4.499352381486334
21065,5986,5,4.4839040191138615
