user_id,book_id,rating,predict
21179,4907,5,3.96679621947892
21179,5452,5,3.9618367562852006
21179,7016,5,4.024714721833636
21179,7188,5,3.9723390946219657
