user_id,book_id,rating,predict
2121,4879,3,2.93671856821722
2121,7087,2,2.7867917700725924
2121,7562,4,3.462082257902156
