user_id,book_id,rating,predict
21235,2656,4,3.9654925128157466
21235,2894,4,3.9916227001611997
21235,3301,5,3.787108356750664
21235,4484,4,3.703849419863968
21235,5986,5,3.899559350715657
21235,6362,5,3.625859193863362
21235,6846,3,3.709117943157297
21235,7399,3,2.91217333733592
21235,7516,5,3.636525519801862
21235,8004,4,3.4184093781309866
21235,8978,3,4.068750520512361
