user_id,book_id,rating,predict
21513,6156,5,4.419429404101316
21513,7522,4,3.7414067156331248
21513,7656,3,3.7122521919578135
21513,8122,4,3.9670284831983187
21513,8239,1,3.8380696286892446
21513,8847,4,4.746402351722678
