user_id,book_id,rating,predict
21692,6052,5,4.998470770274055
21692,6717,5,5.030594698186109
21692,7780,5,4.5474055839829415
21692,7818,5,4.917914916698639
21692,7940,5,4.65181534716327
21692,8398,4,4.118596342701818
