user_id,book_id,rating,predict
21964,5170,4,3.369967824776695
21964,5821,4,3.3861800716573143
21964,7342,4,3.6149678186340966
21964,8351,4,3.4895507462001474
21964,8398,3,3.904945616690247
21964,9377,4,3.3293446366085218
