user_id,book_id,rating,predict
22159,524,3,4.432007628963949
22159,1844,4,3.505799445613266
22159,3320,3,1.9400973297966428
22159,3761,4,4.4871020135307385
22159,4478,2,2.6032240990753897
22159,4707,4,3.020472616690144
22159,6547,4,3.2052810451052878
22159,7270,3,2.4286734191329105
22159,8581,4,2.545378563296996
22159,9143,4,2.7738158180596786
22159,9232,5,2.9849157177946433
