user_id,book_id,rating,predict
22470,3146,3,4.122002411790098
22470,3678,4,4.076426437176441
22470,6723,4,4.040165656564071
