user_id,book_id,rating,predict
22506,3377,3,4.071653288288879
22506,6727,3,4.045221986787178
22506,7251,4,3.9916529037766293
