user_id,book_id,rating,predict
22595,950,5,2.7561438615008433
22595,1577,5,3.389315451606232
22595,1596,2,3.2615248874888088
22595,1708,4,3.7770099681774285
22595,1899,3,3.2834964502646473
22595,7040,5,3.6526857225281137
22595,8689,2,3.6148773859385974
22595,8983,4,3.8101368597117147
