user_id,book_id,rating,predict
22644,1998,4,4.868495791955357
22644,9919,2,4.8739073261598795
