user_id,book_id,rating,predict
22663,6894,3,3.9611951997283232
22663,7839,5,4.467787320469483
