user_id,book_id,rating,predict
22672,4625,4,3.952655722792286
22672,5064,4,4.342985579139786
22672,5183,3,4.136139034007882
22672,6983,3,4.014142578784833
