user_id,book_id,rating,predict
22699,2755,4,5.024252215384404
22699,8474,5,5.002845626306987
22699,8781,5,4.7486178578426035
22699,8790,5,4.755777762306103
22699,9731,5,4.99809623465527
