user_id,book_id,rating,predict
22701,7171,5,3.9916759836445146
22701,7864,5,4.4234830949217985
22701,8222,5,4.147204812955109
