user_id,book_id,rating,predict
22769,4184,3,3.2778133966396443
22769,4225,4,3.0570214353685854
