user_id,book_id,rating,predict
22795,5012,5,4.889141376560679
22795,7302,4,4.662985377561692
22795,7375,4,4.205623837020742
22795,8463,4,4.207387445422701
22795,8789,5,3.9999026056892353
22795,8886,4,4.005601138311115
