user_id,book_id,rating,predict
22873,1998,4,3.9831047767647134
22873,3531,4,3.374552968363256
22873,4327,3,3.925036158653062
22873,4558,4,3.1964738218635453
