user_id,book_id,rating,predict
22917,4516,4,3.841775317805034
22917,4670,4,3.0622892476707873
22917,6844,5,3.3392188100023277
