user_id,book_id,rating,predict
22976,3203,5,4.003489937195364
22976,6555,4,4.2198253627644435
