user_id,book_id,rating,predict
23033,3761,5,4.357086380282539
23033,4099,3,4.379662868848731
23033,5154,4,4.456050013767824
23033,5258,4,4.424477425455772
23033,7292,4,4.752531909952953
23033,7779,4,4.644471683918992
23033,7884,4,4.302705426084147
23033,8375,4,4.499319418315751
23033,8752,5,4.443434099914991
