user_id,book_id,rating,predict
23046,4203,3,4.089304061775132
23046,4372,5,4.13513324800818
23046,4382,5,3.9022215918692003
23046,5585,3,3.636383562237132
23046,5762,4,3.630775065104216
23046,6275,3,3.947172370149986
23046,7057,4,3.66092707196607
