user_id,book_id,rating,predict
23080,1560,3,2.659770572262798
23080,1840,4,3.387537738675672
23080,1891,5,4.489015385000736
23080,1901,5,4.454835709328892
23080,2130,3,3.7523840892743383
23080,2306,4,4.339470493165124
23080,2417,3,3.797615532766286
23080,2807,4,4.266349329412224
23080,2887,4,4.410101708090089
23080,2930,5,4.508410761170573
23080,3115,3,3.477403478163169
23080,3571,4,3.056753728556134
23080,6689,3,3.636339450254991
23080,7687,4,3.0356730584535168
