user_id,book_id,rating,predict
23300,4966,5,4.5850652811008885
23300,5812,5,4.178810224348787
23300,7247,2,3.752441578629621
