user_id,book_id,rating,predict
23332,1355,5,4.289821724329329
23332,2001,5,4.478895520578604
23332,2070,5,4.342555974759868
23332,2966,4,4.496640006934987
23332,3328,3,4.5562125576836685
