user_id,book_id,rating,predict
23709,3678,3,3.932918314028404
23709,4835,3,3.813743132001563
23709,5130,1,3.2715506800367145
