user_id,book_id,rating,predict
24429,5909,3,3.3400569718900175
24429,7555,4,3.5936618288341116
24429,7659,3,3.218865906082481
