user_id,book_id,rating,predict
24476,3864,4,4.178116756850357
24476,4884,3,4.858612596998177
24476,5164,5,4.0954938127233005
24476,5585,4,4.070812294349251
24476,6352,5,4.8717488379044145
24476,7144,5,4.094482654619451
24476,7643,5,4.1021603251281125
24476,7750,4,3.7204997618089437
24476,8006,5,4.823732344267556
24476,8644,4,3.9836392120983
24476,8994,4,4.032170576155476
