user_id,book_id,rating,predict
24524,4072,3,4.088828230141401
24524,6328,5,3.904263360996225
24524,6540,5,4.9494360882439405
24524,6544,5,4.947370745984948
24524,7156,5,4.88707533409462
24524,7403,5,5.826712393858665
