user_id,book_id,rating,predict
24751,3283,4,3.8504859994787846
24751,4405,5,4.671806809587789
24751,5918,3,3.70668154665864
