user_id,book_id,rating,predict
24752,4666,3,0.3438729972968835
24752,4750,4,3.1863263339672296
24752,5230,4,2.341188373586703
24752,6707,2,2.3186169180659313
24752,6810,3,3.261621816911128
24752,7365,2,2.900325365791177
24752,8224,3,2.3894841993671374
