user_id,book_id,rating,predict
24825,5531,5,4.530049976336926
24825,5937,4,4.569672229996836
