user_id,book_id,rating,predict
24913,5406,5,4.065034959505044
24913,6565,5,4.197648407463097
24913,6848,5,4.438251390573795
