user_id,book_id,rating,predict
24915,6024,5,3.375141508165823
24915,8690,5,2.103381473778817
