user_id,book_id,rating,predict
24923,6782,4,4.106034331769524
24923,8732,5,4.26386124194758
