user_id,book_id,rating,predict
25126,5824,4,3.540781759553623
25126,6560,2,3.5493407743476957
25126,7999,5,3.4292362801616205
