user_id,book_id,rating,predict
25150,5334,5,3.1342065786442905
25150,5702,3,4.017468940060042
