user_id,book_id,rating,predict
25223,6084,5,4.565177306678805
25223,7587,4,4.735907679051185
25223,7590,5,4.817078279270787
25223,7686,5,4.35343092194837
