user_id,book_id,rating,predict
25261,3862,4,4.399904548560517
25261,4446,4,4.464196846697638
25261,4954,4,3.8118483021036305
25261,6783,4,3.9863412084795313
25261,7460,4,3.7765259712414467
25261,7687,3,3.828787284426006
25261,8511,5,4.819120393561303
25261,8660,4,4.383598227986502
25261,8720,4,4.0538917733206015
