user_id,book_id,rating,predict
25493,4493,3,2.8713393651414014
25493,4824,4,3.4501755720413434
25493,5442,4,3.9329313364771847
25493,8326,4,3.297333549559909
25493,8936,4,4.727242617746136
