user_id,book_id,rating,predict
25516,7667,4,4.591497461556865
25516,8269,3,4.542854963041943
25516,9463,4,4.5134554927519615
