user_id,book_id,rating,predict
25538,2752,4,3.7351040558774304
25538,3059,4,2.0649846331147685
25538,4099,3,3.214036015624891
25538,4734,4,3.8004689871444377
25538,6071,5,3.124354784009219
25538,7640,3,3.812599120335051
