user_id,book_id,rating,predict
25583,2243,2,2.7164837515486577
25583,2847,3,3.8298958786993973
25583,3494,3,3.5038239648978213
25583,4734,3,3.463793255421263
25583,7364,5,4.5451416008368195
25583,9305,4,3.5831605479708513
25583,9641,3,3.093744873197794
