user_id,book_id,rating,predict
25719,3436,4,4.607456414216388
25719,3471,4,4.571451578063353
25719,5333,5,4.2353211865131115
25719,6077,5,4.612459863583128
