user_id,book_id,rating,predict
2574,2635,3,3.0783352544887133
2574,4323,4,3.6999251236488564
2574,5029,3,3.826533934744083
2574,5087,4,3.2816138490148488
2574,6122,3,3.6099068282536444
2574,6132,4,3.6782873339903555
2574,7610,4,3.761659929836895
