user_id,book_id,rating,predict
25782,5846,2,4.5691805548709326
25782,5909,5,4.494506545307853
25782,7364,4,3.1629921204189753
