user_id,book_id,rating,predict
2588,4388,4,4.0665563083691705
2588,5244,3,4.170657062257086
2588,5386,3,3.9830371895730305
2588,6593,3,3.4489967744647916
2588,8079,5,4.145895341809547
2588,8212,3,3.9946134903895136
2588,8818,4,4.311905498505229
2588,9172,5,4.136017368277079
2588,9857,5,3.9912799765559974
