user_id,book_id,rating,predict
26265,279,3,2.7727477424725078
26265,324,5,4.188243995475476
26265,363,3,3.6842167571712556
26265,382,3,2.2842388513580985
26265,781,3,2.5951742390139505
26265,784,4,4.19690959671021
26265,830,4,3.361579335864542
26265,946,1,2.445023733220955
26265,973,4,2.4516726623345466
26265,1152,3,3.2799762171609417
26265,5237,2,3.6788031630028106
26265,6822,3,3.355716386692272
26265,9266,2,2.8085815545194275
26265,9964,3,3.676383641563365
26265,9995,3,2.2909877708514284
