user_id,book_id,rating,predict
26412,607,4,4.809293718185938
26412,732,5,4.189237197136695
26412,884,4,4.652482714190329
26412,1192,5,4.8015847351562195
26412,3742,5,4.314220919913358
26412,5075,5,4.677666721931001
26412,6287,5,4.6164813742775355
26412,6813,4,4.31946472966887
26412,8587,5,4.288559523546434
26412,9636,4,4.250695882942026
