user_id,book_id,rating,predict
26453,3423,5,4.033034667723787
26453,4411,2,3.8618117793709494
26453,4702,5,4.451894006630855
26453,6398,5,4.084025204233622
