user_id,book_id,rating,predict
26536,1240,5,4.947494846424721
26536,1495,3,4.872823920358118
26536,1973,5,4.889046749453859
26536,2343,4,4.125166407219693
26536,2946,5,4.249838488580672
26536,4356,5,4.22945074952283
26536,9061,5,4.2694509722509455
