user_id,book_id,rating,predict
26720,2100,3,4.371292758962016
26720,4173,3,3.8388354115552854
26720,4826,5,3.883107667440883
26720,4951,4,4.056516842695971
26720,5884,4,3.467377236400414
26720,6630,4,3.7653428705248455
26720,6890,4,4.373407800013071
26720,6976,5,3.6141034418631905
