user_id,book_id,rating,predict
26987,6398,5,4.227373180186997
26987,7341,5,4.1637371542649255
