user_id,book_id,rating,predict
27087,7615,5,2.720650880686459
27087,8814,4,3.7867043255159496
