user_id,book_id,rating,predict
27099,564,2,3.3833880971930235
27099,659,3,2.7633369939427705
27099,690,3,3.0678603263409205
27099,775,3,3.31786419137549
27099,849,3,3.0279344944305744
27099,969,3,3.3832469222942
27099,983,4,3.2718971489024384
27099,1060,4,3.5891133255617977
27099,1192,2,3.3371828233987193
27099,1212,4,3.358917706256355
27099,1271,4,3.3009960344274814
27099,1310,5,3.374845146076585
27099,1538,4,3.3764972612004165
27099,1539,3,3.381497609964801
27099,1577,5,3.333638371396983
27099,1672,4,3.2976155252014343
27099,1688,2,3.3691492670642225
27099,4767,4,3.3918346706712486
27099,4972,5,3.317791878495484
27099,7147,4,3.068626944596398
27099,7275,5,3.422764705863747
27099,7384,2,3.3380917961932597
27099,7808,2,3.305976016119202
27099,8007,3,3.1228478432255558
27099,9036,4,3.336024189015308
27099,9054,4,3.3632380285336994
27099,9791,4,3.3798379432523205
27099,9896,3,3.547218494230932
