user_id,book_id,rating,predict
27174,4371,3,3.226424751425611
27174,5175,4,3.0745692100654707
27174,8791,4,3.0992652576244857
27174,9447,5,2.8105522904970344
