user_id,book_id,rating,predict
27204,4174,4,4.675282096083301
27204,6533,4,4.771680307563765
27204,6545,5,4.271818290873492
