user_id,book_id,rating,predict
27411,7009,2,3.429195775151058
27411,7774,4,3.9003348089102317
27411,8031,4,4.1011408821186
27411,8171,4,4.090568832975851
27411,8367,4,4.1916396230813
