user_id,book_id,rating,predict
27429,4123,5,4.6024819199367455
27429,5784,4,4.723263924237742
27429,6625,4,4.144118291481108
