user_id,book_id,rating,predict
2745,3733,4,4.303158457730798
2745,4417,4,4.018600237769247
2745,4762,4,3.7357894324027026
2745,5102,2,3.9419655316505136
