user_id,book_id,rating,predict
27511,843,5,4.1843978364519945
27511,2272,5,4.581628864060809
27511,2568,4,3.1186686876621046
27511,2773,4,4.234726616404119
27511,3112,4,4.11624912681408
27511,3163,5,3.114718714058725
27511,3416,4,3.7891840899789626
27511,3455,4,4.019542029017549
27511,3517,4,3.901266445349963
27511,7175,3,3.858117002690361
27511,8710,3,4.140608957108701
27511,9890,4,3.994367747445117
