user_id,book_id,rating,predict
27606,1966,4,3.5836189964147405
27606,6855,4,2.2569083510480006
27606,7491,4,2.311572894663053
27606,7995,3,1.3737992175744207
27606,8098,4,2.355727214135344
27606,8652,4,2.691029126328158
