user_id,book_id,rating,predict
27630,1495,4,4.3122654198910775
27630,1756,4,4.729125589439659
27630,2703,5,4.302634117132543
27630,6376,5,4.691726342267732
27630,6422,5,4.783652100187724
27630,9952,5,4.509951060948752
