user_id,book_id,rating,predict
27690,3726,4,4.531254604391327
27690,5520,5,4.899010620415733
27690,6907,4,4.125414954025
27690,6939,5,4.99769483892747
27690,7179,4,4.075153366033413
27690,7399,5,3.843231475629847
27690,7560,4,4.144339360887949
