user_id,book_id,rating,predict
27917,6120,3,3.001288138699791
27917,6213,3,4.998311741351557
