user_id,book_id,rating,predict
28006,2660,5,3.5359184131173858
28006,3012,4,3.373941810791856
28006,4123,4,3.3068538644892453
28006,4225,4,3.3277845874038774
28006,4787,4,3.267042123210768
28006,5820,4,3.322541700949292
28006,6337,5,3.4069236733453208
