user_id,book_id,rating,predict
28097,6420,3,4.222477470926628
28097,8308,4,4.256613822310546
