user_id,book_id,rating,predict
28233,6815,4,4.517378887216068
28233,7270,3,4.504781385811235
28233,7784,4,3.8510113039374447
