user_id,book_id,rating,predict
28339,3114,3,3.7139734978121157
28339,3624,4,3.8622764170281076
28339,3891,4,4.880447618560837
28339,4207,4,3.954001069384695
28339,4405,3,4.180381573999748
28339,4668,5,4.839035237288707
