user_id,book_id,rating,predict
28576,203,2,3.055164469063895
28576,218,5,3.9514585834799583
28576,415,5,3.779717654182321
28576,443,4,4.39530457844374
28576,615,3,4.5446438026986895
28576,717,5,4.164954979155841
28576,787,5,4.577529024614305
28576,1749,5,4.473925268936778
28576,5740,5,4.73272596741039
28576,5902,5,4.106644361761688
28576,6511,5,4.494777135540326
28576,6528,3,4.301886706966855
28576,6619,5,4.432616690843662
28576,8228,5,4.546248133681691
28576,8536,4,4.571667071712384
28576,8983,4,4.999713309688793
28576,9007,2,4.545343778981014
28576,9047,5,4.294170796933635
28576,9594,3,4.661638356395681
