user_id,book_id,rating,predict
28628,2672,1,3.779934629197446
28628,3493,4,3.520019652370909
28628,3759,3,3.775951628564419
28628,4767,4,3.296141685917164
28628,6274,4,4.9568778168001355
