user_id,book_id,rating,predict
28871,2022,3,3.406368991928673
28871,3041,4,4.821387456247757
28871,3310,3,3.096143560066826
