user_id,book_id,rating,predict
29175,4569,3,4.710786817684083
29175,5824,3,4.636551667932721
29175,6560,3,4.632390110516713
