user_id,book_id,rating,predict
29239,6195,4,3.6303345527023536
29239,7277,3,3.9065701474281154
29239,7606,3,3.484496513997745
