user_id,book_id,rating,predict
29285,4597,5,5.237963452782204
29285,5979,5,4.5705163429284665
29285,6730,5,4.33152636208399
