user_id,book_id,rating,predict
29567,5667,2,4.8263691486196265
29567,6447,5,4.82579588453813
29567,7563,5,4.665096356065023
