user_id,book_id,rating,predict
29650,5714,5,4.206512835488601
29650,5901,5,4.261395973617814
29650,5944,4,4.185035094465845
29650,6384,4,4.296111162369499
29650,6435,5,4.264319340655359
29650,6639,5,4.303562425727437
29650,6798,5,4.705119909702334
29650,6882,4,4.261762689161925
29650,7664,4,4.663057936087027
29650,8169,1,4.29118450220159
29650,8295,4,4.6850760493984165
29650,8553,4,4.355554904261458
