user_id,book_id,rating,predict
29719,2511,3,4.121662004081189
29719,3549,3,4.702158406374304
29719,4403,5,4.204373956212261
29719,4833,4,4.307072385182276
29719,5098,5,4.616379148736737
29719,5426,4,4.206009256979966
29719,5677,4,4.515009239996119
29719,5902,5,4.628738629447688
29719,6208,5,4.667847035275103
29719,6339,4,4.045843024030532
29719,6789,4,4.537313811091816
29719,6979,4,4.240382636879914
29719,7194,4,4.247789859492232
29719,7252,4,4.262688766524285
