user_id,book_id,rating,predict
29752,7602,3,3.999829232475714
29752,9191,5,3.9998361342788487
