user_id,book_id,rating,predict
29875,4746,5,4.775511576896875
29875,4987,5,3.6544390871114474
29875,5249,4,6.197875986687299
29875,6234,4,4.833760166398725
29875,6497,3,4.850557683131385
29875,6865,5,2.595788681373823
29875,7090,5,5.724585818708053
