user_id,book_id,rating,predict
29877,5943,3,3.0585540240585827
29877,6034,5,1.4858605321043092
