user_id,book_id,rating,predict
29915,3447,4,3.324930651752322
29915,5788,2,3.1150251439061933
