user_id,book_id,rating,predict
29993,4160,4,2.889491184837361
29993,5311,3,3.03780042286449
29993,5984,3,3.1340741585927843
29993,6097,3,2.968901418101932
