user_id,book_id,rating,predict
30485,5234,4,4.878117844840548
30485,5691,5,4.96315868322351
30485,6142,5,4.96274886776301
30485,6945,5,3.9804795725929423
