user_id,book_id,rating,predict
30618,1844,5,4.092370457189027
30618,5514,5,4.9550377944229265
30618,6102,3,4.042339082957585
30618,6132,5,4.946519486581624
30618,7241,5,3.9983352623854174
