user_id,book_id,rating,predict
30657,5575,4,4.324752864594642
30657,6077,5,4.1266956047226655
30657,6085,3,3.5959185312050383
