user_id,book_id,rating,predict
30748,5364,4,3.7319487592263063
30748,5422,5,4.075515003479667
30748,6031,5,4.407078445555707
