user_id,book_id,rating,predict
31046,1822,2,2.873994355797127
31046,2749,4,3.3195519192423215
31046,4809,2,3.379362017020242
