user_id,book_id,rating,predict
31143,7245,4,3.213970688843223
31143,8011,4,2.5805644428117755
31143,8524,5,3.562056341170547
