user_id,book_id,rating,predict
31220,2460,3,5.014907893854867
31220,6444,5,5.087283480711426
31220,7217,5,5.08783951733353
31220,7602,4,4.401860340963422
