user_id,book_id,rating,predict
31269,3891,3,2.8502751037679386
31269,5918,3,2.6332821625491007
