user_id,book_id,rating,predict
31356,6000,4,3.962706181398309
31356,6068,3,3.9365693374696193
31356,7497,5,4.009321891173173
