user_id,book_id,rating,predict
31541,5269,4,3.706265346197408
31541,6465,4,3.481257871071443
31541,6529,3,3.2889721934350638
31541,6857,4,3.666396391570566
31541,7594,5,4.215590369589175
31541,7722,4,3.7697017710757144
31541,8858,3,3.399586610760399
31541,9217,3,3.7554570167851797
