user_id,book_id,rating,predict
31555,4287,2,3.085322040681999
31555,4919,5,3.3279326577278447
31555,5691,2,3.0312934087410532
31555,5727,4,3.1853296604649475
