user_id,book_id,rating,predict
31730,4260,3,2.6168217967045324
31730,4803,3,2.985545037358502
