user_id,book_id,rating,predict
32160,220,4,4.141611831218532
32160,954,4,4.121883969375935
32160,978,5,3.8674751780639176
32160,989,4,4.646346018954978
32160,1076,2,2.5191264301360783
32160,1081,4,4.521024939582539
32160,1173,5,3.1595632051605316
32160,1182,3,3.5664606648023423
32160,1245,3,3.5287217112659093
32160,1328,4,4.379213038268282
32160,1377,3,5.035298889793825
32160,1395,4,2.8217350050723082
32160,1400,5,4.1649175644056635
32160,1433,3,3.020169949420528
32160,1490,3,3.89474729028834
32160,1539,3,3.8834818807172957
32160,1610,3,3.77767791284715
32160,1699,5,3.9068409119670773
32160,1736,4,3.9912976037613297
32160,1744,5,3.800624258626409
32160,1786,4,3.230526733370371
32160,1794,4,2.9688522635973396
32160,1831,3,3.875358155529332
32160,1832,4,4.072973385552534
32160,1838,4,4.388139633120943
32160,1882,4,3.988653911531247
32160,1911,4,3.7901653144093954
32160,2030,4,4.399835992363641
32160,2048,2,3.3676469519502197
32160,2058,3,3.8242447213807687
32160,2066,5,4.115853639633844
32160,2180,2,3.615296976716603
32160,2207,4,3.65574707196699
32160,2211,4,3.4258318067818836
32160,2268,3,3.4037377899527232
32160,2272,5,5.052324465372744
32160,2359,5,3.5299457994010632
32160,2422,4,4.054537538277302
32160,2525,4,3.86980292252007
