user_id,book_id,rating,predict
32243,2108,5,4.9284591247495335
32243,3203,5,4.991157593233169
