user_id,book_id,rating,predict
32292,843,2,4.351672291559222
32292,2612,5,3.897462314632176
32292,2669,4,4.3317986370828265
32292,2850,4,4.345634498271926
32292,2954,3,4.262509446000122
32292,3072,5,4.337863826476376
32292,7187,5,4.1249536156817
32292,8410,4,4.599249894903586
32292,9178,4,4.702911000033595
