user_id,book_id,rating,predict
32460,1125,2,3.483308349226911
32460,1793,2,2.800291325579522
32460,1822,2,3.33232043833114
32460,3836,4,4.207909137939341
32460,6097,4,3.8866404961647967
32460,6102,4,4.2010199533797445
32460,6306,4,3.9632872257132465
32460,6324,4,3.9378068232179193
32460,6359,4,4.107787132869703
32460,6399,4,3.951854293849473
