user_id,book_id,rating,predict
32548,3836,1,2.936467660241447
32548,4465,2,3.3530571963386606
32548,6083,3,4.402660606821946
32548,6595,4,4.528101629438686
32548,6798,3,3.420924441082139
32548,7216,1,4.44155442159268
32548,8162,2,3.4198359231193303
32548,8262,3,3.1279937132618647
32548,8477,3,4.558857244950833
32548,8924,4,2.9696181476721564
32548,9071,1,2.9449959173340874
