user_id,book_id,rating,predict
32904,4693,4,2.710556051259144
32904,4833,2,2.7570477120452663
32904,5098,5,2.485208114722163
32904,5246,3,2.5756395663136993
32904,6098,4,2.726203312471689
