user_id,book_id,rating,predict
32978,4783,5,3.0915759751332423
32978,5581,3,3.560364946090365
32978,5983,5,4.3098157171686315
32978,6688,5,2.7500854372653207
32978,7082,2,3.669117040794155
32978,7120,5,4.46162000461981
