user_id,book_id,rating,predict
33057,4169,4,3.3594621418541584
33057,6293,3,2.93986233434397
33057,6337,4,3.4192441461803225
33057,7313,5,3.4744996858439783
33057,7610,3,3.5201182256536083
33057,7959,4,3.517177026675345
33057,8060,5,3.426898701715436
33057,8877,3,3.4736767469878544
33057,9648,3,2.8425824402973205
33057,9685,3,3.493442110715928
