user_id,book_id,rating,predict
33098,5244,4,3.826061066281901
33098,5699,3,2.3588511871478115
33098,7449,3,2.320322844911411
33098,7462,4,3.314658244028979
