user_id,book_id,rating,predict
33158,4834,3,2.869876981109945
33158,8672,3,2.9429495738122795
