user_id,book_id,rating,predict
33195,4689,4,4.865867545124462
33195,9319,5,4.138483342817824
