user_id,book_id,rating,predict
33233,2956,3,3.4266229500611156
33233,3967,3,3.0631989696394455
33233,5803,3,3.3613329817276716
33233,5965,4,3.0543693035652133
33233,6635,3,3.091149958698378
