user_id,book_id,rating,predict
33439,4344,5,4.68287965610816
33439,5731,5,4.9157108902205895
33439,6084,5,4.939861282160269
33439,6708,4,4.765329335973519
33439,7753,5,4.9335975658859
