user_id,book_id,rating,predict
33457,1180,5,3.936700468410093
33457,3383,4,1.8274270821113745
33457,4475,5,3.7823726159208277
33457,4633,3,2.192133970649868
33457,4769,4,2.8037487717079785
33457,4880,3,9.519042886085582
