user_id,book_id,rating,predict
33468,4107,5,4.255207413303472
33468,4787,1,2.258268533684193
33468,4808,4,3.8748743637213243
33468,5618,4,3.1447347985788627
33468,5696,3,2.1835939581435904
33468,5884,3,3.217390856351031
