user_id,book_id,rating,predict
33543,2434,4,2.7381810941393003
33543,5291,4,3.389581817768792
