user_id,book_id,rating,predict
33554,2686,4,4.313939245054456
33554,3026,4,3.4631906868542
33554,3802,5,3.081165434156012
33554,5005,1,3.5417782635029806
33554,5064,2,2.92906232962282
33554,5334,2,4.2687892590646
33554,5418,4,4.254249371941986
33554,5624,5,4.5033871185646115
33554,5828,5,3.80064569140934
33554,6065,5,4.814954118930919
33554,6376,5,4.500200872667315
33554,7249,5,4.375357652940223
33554,7302,5,4.911971288304741
33554,7687,5,4.455123503645486
33554,8281,5,4.593583671265827
