user_id,book_id,rating,predict
33699,1929,5,3.5333411670833366
33699,3890,5,4.019754679229527
33699,4677,2,3.0831255606367742
33699,4936,4,2.62615661279614
