user_id,book_id,rating,predict
33833,4693,2,3.285862666350508
33833,7293,3,3.2530729261875995
33833,7619,4,3.2612872822229977
