user_id,book_id,rating,predict
33878,2744,3,3.9278661757011752
33878,5745,4,4.474966258959794
33878,6110,3,4.509484883773075
