user_id,book_id,rating,predict
34215,3813,2,3.5514806597123796
34215,3836,4,3.673439003658952
34215,7503,4,2.329388316610126
34215,7767,5,3.5902115574006572
34215,8404,2,2.6993577263157444
