user_id,book_id,rating,predict
34250,2258,5,4.592954330897801
34250,6614,5,4.561801116480227
34250,7900,3,4.5479003032982455
34250,7919,5,4.573408424940467
34250,8171,3,4.567104975814454
34250,8397,4,4.576407449242691
