user_id,book_id,rating,predict
34390,6559,5,3.1209694503245906
34390,8383,4,3.1331110307362486
