user_id,book_id,rating,predict
34555,3985,4,3.4412829403804137
34555,5453,4,3.7259180783203347
