user_id,book_id,rating,predict
34569,2444,5,2.3520673611165184
34569,3181,4,5.652764834164919
34569,4497,5,4.9549488255586835
