user_id,book_id,rating,predict
34619,2146,5,4.444747034062917
34619,5698,4,4.976407876888133
34619,8348,5,4.940787976315477
34619,8383,5,4.541910457922739
34619,8515,4,4.535619960395277
34619,8839,5,4.502580853620623
34619,8867,5,4.573568082797245
