user_id,book_id,rating,predict
34612,1183,4,3.0210047152108053
34612,2100,5,3.3355325864257312
34612,3110,4,3.2988489575038007
34612,3266,3,3.2401810292112696
