user_id,book_id,rating,predict
34790,1355,5,4.7065080712989
34790,2956,5,4.608231147551308
34790,3012,4,4.313040144298466
34790,3486,2,3.883390275949174
34790,3759,3,4.9501375210003085
34790,3967,3,4.5338348142171565
34790,4038,5,4.564744980768021
34790,4248,5,4.667964025271666
34790,4281,4,4.533278407713565
34790,4648,5,3.912128382827899
34790,5264,3,3.6775571293976013
34790,5611,4,4.384143041677386
34790,5892,4,4.771195133821
34790,5902,5,4.6477834091298
34790,6075,5,4.0084291409531305
34790,6403,5,4.919804498688978
34790,6986,5,4.575369435737008
34790,7134,5,4.654915767315078
34790,7159,5,4.230786254699273
34790,7617,4,4.553168998929334
34790,7922,5,4.541960893354508
34790,8345,5,4.457628470050031
34790,8527,5,4.479479705834767
