user_id,book_id,rating,predict
34950,3531,4,3.8194309414622922
34950,7165,4,4.865002479716091
34950,8213,4,5.13054270400811
34950,8679,3,3.533137596661582
