user_id,book_id,rating,predict
34978,1125,1,2.3049888858802037
34978,1822,1,1.7449362072159613
34978,2171,3,3.1816269271728537
34978,4809,3,3.403411013911184
34978,5041,3,3.875260654245085
34978,5505,3,3.9744069727520475
34978,5870,4,4.073186135561202
34978,6399,2,3.371128579850174
34978,6867,3,4.493375141424373
