user_id,book_id,rating,predict
35074,4415,5,3.7983654299955147
35074,7072,3,4.568535596114903
