user_id,book_id,rating,predict
35358,3840,5,4.04099378157793
35358,4366,4,2.9967763963384813
35358,5435,5,3.7542505843529206
35358,6463,3,3.5088969463358537
