user_id,book_id,rating,predict
35508,787,5,4.757624241698725
35508,1154,5,5.011305500502571
35508,1236,5,3.8546034181236237
35508,1331,3,4.557201723287125
35508,1377,4,5.073438881197015
35508,1392,5,4.527086273881638
35508,3682,5,4.285643027373602
35508,4511,5,4.358303937339886
35508,4995,5,4.77648664845136
35508,5035,5,4.675070053393226
35508,5992,5,4.3969594170139885
35508,6251,5,4.810095280205628
35508,6555,5,4.433500205114719
35508,6564,5,4.64699068518542
35508,6685,5,5.031825375590107
35508,7046,5,5.044053948623331
35508,7099,5,4.631577935427032
35508,7207,5,4.6407862265292135
35508,7733,4,4.494524316316787
35508,7941,5,5.036579010834472
35508,8124,4,3.692827625026437
35508,8126,5,4.668666349483532
35508,8474,5,4.393690190650368
35508,8791,4,4.261359283292016
35508,8802,5,3.998600029953105
35508,8861,5,4.600282960462393
35508,8886,5,4.728004146635737
35508,8984,5,4.41857639352406
35508,9211,5,4.510370271356296
35508,9393,4,4.3795264729703405
