user_id,book_id,rating,predict
35993,218,2,3.8861584682801475
35993,645,2,3.363587438393573
35993,880,3,3.3977387085432897
35993,907,3,3.3900217986202374
35993,1008,3,3.582365839805033
35993,1327,3,4.15879060140017
35993,1377,5,3.8976369865472686
35993,1612,3,3.822134418635584
35993,3430,3,3.1803527859703533
35993,4134,5,3.3066280817880194
35993,5264,1,3.080940727577442
35993,6519,2,3.144910359863173
35993,7126,3,3.264993249002523
35993,7562,5,4.09632878983634
35993,7982,4,3.2140518386391737
35993,8134,5,3.105839713847279
35993,8872,5,3.235184255902567
35993,9066,3,3.2692335033796933
35993,9185,3,3.1719007830646277
35993,9349,2,2.961492252995268
35993,9390,3,3.0550659309530377
