user_id,book_id,rating,predict
36086,3746,4,3.3084744079989226
36086,5922,3,3.4991927941451295
36086,9599,4,3.985648419154571
