user_id,book_id,rating,predict
36458,1183,4,4.552313611703688
36458,2537,4,1.7741760415573562
36458,5001,2,3.625574526033327
36458,5847,4,4.251041717991411
36458,6124,5,1.1138568104278574
36458,6444,5,4.4932715915794414
