user_id,book_id,rating,predict
36540,3275,5,5.114575843339178
36540,3486,5,4.830196447062269
36540,3862,5,4.968146693792085
36540,3967,5,4.882891330323215
36540,4038,5,4.98182280619655
36540,4248,5,4.9862575459600444
36540,4446,5,4.91342942956596
36540,5489,5,4.947011413146071
36540,5757,5,4.904274166886038
36540,6052,5,4.970829061933906
36540,6239,5,4.890757394496692
36540,6387,5,4.900386748932206
36540,6403,5,5.046754939866293
36540,6511,5,5.02207655447135
36540,6531,5,4.874355659727785
36540,6635,5,4.857653938523315
36540,6801,4,4.8571056223233775
36540,7558,5,4.69397875419994
36540,7600,4,4.886907977294303
36540,7697,5,4.894781583071858
36540,7926,5,4.838725289413859
