user_id,book_id,rating,predict
36552,5632,5,4.776670705590622
36552,7423,5,4.814965805313279
36552,8495,5,4.955558193666124
