user_id,book_id,rating,predict
36708,3950,3,3.314416930377315
36708,6047,2,4.354292425721208
36708,6764,3,3.6031073466239487
36708,8703,4,5.27838256036862
36708,9204,4,3.831852335903605
36708,9297,4,4.857154113848954
