user_id,book_id,rating,predict
36807,3377,4,2.9917130191753936
36807,4866,3,3.48988038740833
36807,5474,2,2.1335928312195693
36807,5865,3,3.0235922386345413
