user_id,book_id,rating,predict
36812,8776,5,2.514294420720379
36812,9453,5,4.773022659227761
36812,9461,5,4.731308407777154
