user_id,book_id,rating,predict
36853,6303,5,4.174281521318628
36853,6493,4,3.7534849038954268
