user_id,book_id,rating,predict
37107,3370,4,4.855756330833412
37107,4160,5,4.400038216777665
37107,4262,5,5.031817817262379
37107,4894,5,4.905042054309298
37107,5008,5,4.74745600320913
37107,5487,5,4.7322574301359
