user_id,book_id,rating,predict
37470,4055,2,3.743236858300367
37470,4421,3,3.6168663242973693
37470,4880,4,-6.525063273971756
