user_id,book_id,rating,predict
37519,4545,5,4.967908556876096
37519,5276,5,4.791802970021874
37519,5955,5,1.1220897785012771
37519,6062,5,4.876698301994286
37519,6764,5,4.900693209429085
