user_id,book_id,rating,predict
37554,4004,4,3.114151629450891
37554,4688,3,2.9395754088376265
37554,4763,4,3.536993022559773
37554,5551,4,3.0768475551630137
37554,5983,3,2.985672326172228
37554,6128,3,3.2170593388605293
37554,7469,3,3.392368446891922
