user_id,book_id,rating,predict
37805,4740,4,3.982365031851397
37805,4767,5,3.8468723470463844
37805,5944,4,3.812111738180498
37805,5959,5,3.801456684327366
37805,7838,5,3.5866355938120207
