user_id,book_id,rating,predict
37975,1747,5,5.057575888491774
37975,1929,5,5.0337315548671455
37975,1998,4,5.228099550572284
37975,2222,5,5.284763411953373
37975,3890,4,5.321647290457991
37975,3972,5,5.285547599394145
37975,4043,4,5.035153850095239
