user_id,book_id,rating,predict
38095,5853,3,2.521429014237601
38095,7022,4,2.5652568267662597
