user_id,book_id,rating,predict
38130,505,5,5.010488911271494
38130,878,5,5.01831403376893
38130,1277,5,5.001389269490794
38130,1327,5,5.011704602118455
38130,1357,5,5.00169251353723
38130,1691,5,4.997588397898116
38130,1784,5,5.009400466355169
38130,2004,5,4.9914783371418086
38130,2144,5,4.996799466165035
38130,2236,5,5.001349166887034
38130,2342,5,4.995267503842196
38130,2601,5,4.9749052968672505
38130,2625,5,5.003758304001559
38130,5968,5,4.865849690293476
38130,6524,5,4.987899567440619
38130,7977,5,4.986739566947443
38130,9744,5,4.858828285229836
