user_id,book_id,rating,predict
38149,3328,3,4.1367694774333845
38149,3421,4,4.3047812409882225
38149,3840,4,4.666703461168547
38149,4211,3,4.219918569140961
