user_id,book_id,rating,predict
38185,128,3,3.907839492067668
38185,169,4,3.8637509717635274
38185,183,3,4.533828872819381
38185,385,3,3.7415704922252826
38185,659,3,3.465017472945873
38185,1103,3,3.8722021851179145
38185,1555,3,3.6384411466401887
38185,1582,3,3.6395006107789376
38185,1595,4,3.9143913868930222
38185,1620,5,3.8199768733818784
38185,1659,4,3.810034210808704
38185,1717,5,3.803287156716511
38185,1734,5,3.948681658629455
38185,1836,4,3.5301940998128893
38185,1839,3,3.5344163964459323
38185,1914,4,3.9017158767678555
38185,2115,4,3.7519010993517927
38185,2158,4,3.8244215882224664
38185,2229,3,3.3061071476223898
38185,2370,2,3.771320559808994
38185,2482,4,3.8563656319605357
38185,2490,3,3.7393303298641123
38185,2649,4,3.7689037906482263
38185,3014,4,3.7114696355637165
38185,3104,3,3.831423213500402
38185,3242,4,3.8145709337907565
38185,3303,4,3.6753202042259843
38185,3317,5,3.915642264129027
38185,3325,4,3.960576691095781
38185,3458,1,3.6199835288324906
38185,3535,3,3.7036700183897824
38185,3551,4,3.5895006434263936
38185,3556,3,3.5254504719606468
38185,3584,3,3.8409206477417666
38185,3846,2,3.4622350496028944
38185,3973,3,3.67915460938028
