user_id,book_id,rating,predict
38221,3606,5,4.325288462762566
38221,4169,5,3.7655489841827543
38221,4389,4,4.30032093462856
38221,4694,5,3.1804335285353695
38221,5094,3,2.831942924267263
