user_id,book_id,rating,predict
38264,2263,4,3.788321450613651
38264,6306,4,4.12274676812857
38264,8848,3,3.9386066026045397
38264,9430,3,3.9092847494433145
