user_id,book_id,rating,predict
38262,1351,3,3.7581534007718673
38262,1872,4,3.8550886200040595
38262,2149,4,4.161434670148894
38262,2354,3,3.8131270933554284
38262,2878,4,3.5699163532269376
38262,3035,4,3.712785919493476
38262,3058,1,3.9935014165944964
38262,3094,4,4.070159625980612
38262,4616,3,3.7296973014966066
38262,4649,4,3.9962713172929147
38262,7126,4,3.913384239646875
38262,8700,5,4.2663234039714455
38262,8848,4,3.746960417556767
38262,9592,4,3.8733345747087675
