user_id,book_id,rating,predict
3831,2829,4,2.536636553706961
3831,4783,4,3.6595584374446846
3831,4840,4,2.6165570703598733
3831,5819,4,2.6084874272637975
3831,5954,4,2.6750717344824597
