user_id,book_id,rating,predict
38438,5792,3,5.042245098903563
38438,6031,3,5.00913701543915
