user_id,book_id,rating,predict
38526,950,5,3.7456508988686883
38526,1258,5,4.008280260410562
38526,1538,5,3.2613742488824204
38526,1660,4,4.062068605816371
38526,1740,5,3.6211140168874323
38526,1996,5,4.332712785741621
38526,2067,4,4.087125147949045
38526,2173,4,4.016183855700665
38526,2918,4,4.394237534514614
38526,2990,5,4.604635941326794
38526,5830,5,5.127728253970237
38526,6905,5,4.99807278759171
38526,7409,5,5.195852512947889
38526,9791,3,4.223321731541087
