user_id,book_id,rating,predict
38684,2528,5,4.65499808871324
38684,2895,5,4.582276436075161
38684,3053,4,4.558159245719803
38684,3103,5,4.649386236114776
38684,3545,5,4.645041890103222
38684,3824,5,4.8667754155898315
38684,4074,5,4.95844974519709
38684,4519,4,4.630789790013148
38684,5618,3,4.528910095760505
38684,6065,5,4.628206602555003
38684,7961,5,4.670256302108032
38684,8102,4,4.954508446839962
38684,8346,4,4.531506337629293
38684,8822,5,4.881089771509224
38684,9234,5,4.32178984776492
38684,9410,4,4.601970261074935
38684,9488,5,4.8877906625838135
