user_id,book_id,rating,predict
38707,5819,3,3.7574911536124764
38707,6317,4,2.097311053080313
