user_id,book_id,rating,predict
38725,2185,4,3.4466091556170313
38725,3405,5,3.5887842411639066
38725,3549,3,4.2923775748214075
38725,3554,5,3.564341743777028
38725,3839,3,3.4896429077929723
38725,4086,3,3.081939504701234
38725,4373,5,3.598464348118599
38725,4450,3,3.5399595980618943
38725,4878,4,3.542367840352861
38725,5547,3,3.504539672409983
38725,5749,3,3.508672768167749
38725,6221,4,3.5365658449887416
38725,6513,3,3.0226342514242535
38725,7036,4,3.5358900159073143
38725,8086,3,3.073102948426902
