user_id,book_id,rating,predict
38823,2585,4,4.208993815337093
38823,3347,4,4.50125216864917
38823,3981,3,3.943357738068601
38823,4484,3,3.3740456749985652
38823,5502,4,4.020578864516811
38823,5986,3,4.052481856107438
38823,7642,5,4.0054075850358455
38823,7697,4,3.7507907002520477
38823,7863,4,3.8798924136022728
