user_id,book_id,rating,predict
38867,1925,5,4.8303152718253815
38867,3801,5,4.885537044581991
38867,3823,5,4.949283119852524
38867,4048,5,4.889757545311451
38867,4342,5,4.862349349123954
38867,6422,5,5.002398263388703
38867,7534,5,4.925892961247248
38867,7643,5,4.848100788885488
38867,9057,4,4.914207772500919
