user_id,book_id,rating,predict
38937,3931,4,3.9411022877265176
38937,5453,5,3.951594140707659
38937,7920,5,4.036111296494678
