user_id,book_id,rating,predict
39062,7815,4,3.300485878473938
39062,7903,4,3.2926481152219496
39062,8001,4,3.286086512871968
39062,8204,4,2.893311897141164
