user_id,book_id,rating,predict
39132,539,3,4.6522736423521955
39132,1004,5,4.332562713419853
39132,1045,5,4.491890149270408
39132,3418,5,4.603357562359917
39132,4205,4,4.725913895009768
39132,4415,5,5.183268213945788
39132,4604,3,4.349179391547645
39132,5266,5,4.456062511294638
39132,6989,3,3.731387370052048
39132,7061,5,4.613847782925086
39132,7381,5,4.843266162111895
39132,8758,5,4.4821613994598675
39132,8989,5,4.899754284231786
