user_id,book_id,rating,predict
39310,4981,4,4.650598514104181
39310,6272,5,4.1479852459867805
39310,6316,5,4.069313015134717
39310,7606,4,4.3538574381889585
39310,8011,5,4.347071560091021
