user_id,book_id,rating,predict
39313,2672,4,5.224993258448176
39313,4987,4,4.102050075021266
39313,5259,5,4.663646251304513
39313,5360,5,4.483352543133728
39313,5489,5,4.208590241250579
39313,5689,5,5.329260888188681
39313,6289,5,4.24328959957793
39313,7642,5,4.416767405794116
