user_id,book_id,rating,predict
39352,5733,5,3.369773621893652
39352,5787,5,3.0870562657420004
39352,8700,5,5.180299686518719
39352,9120,5,4.809122030726156
