user_id,book_id,rating,predict
39584,7190,4,3.6242536155824423
39584,7762,5,2.8929186528528783
