user_id,book_id,rating,predict
39694,1372,5,4.093119969631465
39694,2292,4,4.9248189730726555
39694,3093,5,4.972148945565968
39694,3288,5,4.515663141636222
