user_id,book_id,rating,predict
39690,4516,4,3.189704998517533
39690,5302,4,3.324695060665312
39690,6737,3,3.1667964292969217
39690,6769,4,3.286410950672207
