user_id,book_id,rating,predict
39724,4262,5,2.7981790252580945
39724,4501,3,3.544448614459309
39724,5005,2,3.3450941357876567
39724,5334,4,3.6151363434457333
