user_id,book_id,rating,predict
40288,3582,4,4.741869195986127
40288,4152,5,4.461224793204012
40288,4284,5,5.039800184281706
40288,5822,4,4.025971524366602
40288,7798,2,4.043753493843607
