user_id,book_id,rating,predict
40355,1104,5,2.7685827347294008
40355,1658,5,3.8021156780969294
40355,2040,5,4.681087965624973
40355,4910,5,4.342826259745327
40355,6370,5,4.493893233314849
40355,6911,2,3.993936815491738
40355,8889,3,4.647683518498266
40355,9423,5,4.335249718373164
40355,9464,5,4.174260022123548
40355,9916,3,3.3540535131569706
