user_id,book_id,rating,predict
40481,2001,5,4.956898273259479
40481,3275,5,4.942766580403814
40481,3285,5,4.956671626886442
40481,3624,5,4.939367047331841
40481,4107,5,4.470045699576401
40481,4449,5,4.958226537150574
40481,6053,5,4.460571477321348
40481,6141,5,4.4620459959935
40481,6164,5,4.981093595909754
40481,6214,5,4.941951590589598
40481,6708,5,4.86749280087922
