user_id,book_id,rating,predict
40607,956,5,3.079288330159504
40607,1384,5,4.4929042835249495
40607,1494,3,4.795357184982021
40607,3850,5,5.062097718779587
40607,4734,3,5.0705155675559554
40607,6431,3,4.794233661634594
40607,7573,4,5.53307875712635
40607,7662,5,5.071365504904861
40607,8705,5,4.992456967397407
