user_id,book_id,rating,predict
41046,5307,4,4.348091699016477
41046,5526,4,4.1503240617412
41046,6776,5,4.2787926585248925
41046,8474,4,4.309757403741314
41046,8563,5,4.753480789795977
41046,8781,4,4.073372862820328
41046,8800,4,4.225521268053736
41046,9546,4,4.317895175805777
41046,9731,4,4.287082222888802
41046,9938,4,4.259764639990231
