user_id,book_id,rating,predict
41057,4803,4,3.5310521603914267
41057,6712,4,3.509407547396255
