user_id,book_id,rating,predict
41136,2082,5,1.6838438581486326
41136,4284,4,4.530695009807055
41136,6030,4,2.806763028657281
41136,6195,2,3.6013036782075245
41136,7172,4,4.500034458043265
41136,7277,5,3.883260130657534
41136,7755,5,3.6371511901697824
41136,7859,4,4.258501651022947
41136,8523,3,4.356865196037352
41136,8704,4,4.081393862907079
