user_id,book_id,rating,predict
41178,4831,4,2.2181210635978585
41178,5087,2,4.462503912560485
41178,5124,4,2.886327759815187
41178,5790,4,3.7571499815241416
41178,6287,4,3.236902578590602
41178,6491,3,2.1526792205868315
41178,8405,4,2.7248380219669848
