user_id,book_id,rating,predict
41260,3146,4,4.897417656056664
41260,5485,3,4.517820149877518
