user_id,book_id,rating,predict
41289,7838,4,4.666496193262713
41289,8073,3,4.845363793721522
