user_id,book_id,rating,predict
41446,5551,4,4.006596825629346
41446,5794,4,3.624969873801702
41446,5978,5,4.054599453784635
41446,6808,4,3.9442401207985047
41446,7543,2,3.783001018600954
41446,7630,3,3.9744991206914473
