user_id,book_id,rating,predict
41526,4323,3,3.595373132587908
41526,6710,4,3.945201179924736
41526,7091,5,3.881290178547461
