user_id,book_id,rating,predict
4181,3421,5,4.932243235598849
4181,4740,5,3.130732418634335
4181,5081,4,4.8101246009205525
4181,5664,3,4.897251008653455
