user_id,book_id,rating,predict
4203,470,4,3.460646817921492
4203,630,3,3.505121033780534
4203,702,3,3.625909236085757
4203,721,2,3.5502681344898237
4203,752,4,3.248106822965268
4203,892,4,3.4616290809917922
4203,921,4,3.4088644344754595
4203,1047,3,3.5647161609660425
4203,1087,4,3.162999191515417
4203,1187,4,3.4776630029213216
4203,1264,3,3.546744155907602
4203,1433,4,3.4768745384376505
4203,1499,4,3.5508513288581183
4203,1508,4,3.4255492034123254
4203,1538,3,3.3087490101176944
4203,1699,4,3.483209117102894
4203,1804,2,3.0519603323157147
4203,1810,4,3.5042856384688386
4203,2048,4,3.4090555680844967
4203,2061,4,3.458522479921874
4203,2071,3,3.5033422907643796
4203,2094,3,3.498750784681679
4203,2117,4,3.3881617221550404
4203,2138,3,3.4678126904642714
4203,2167,3,3.7273116153378205
4203,2173,4,3.3941586771894343
4203,2264,3,3.45603091315845
4203,2371,3,3.4452831373483916
4203,2401,3,3.422842906076853
4203,2502,3,3.424725405587937
4203,2515,4,3.4084747333139416
4203,2622,4,3.6917843241547286
4203,2629,4,3.710693392430784
