user_id,book_id,rating,predict
42066,4526,4,4.47489190387413
42066,5640,4,5.031827600334305
42066,5663,4,4.3353948417592925
42066,5955,3,4.8324385286933165
42066,6095,3,4.39349386863
