user_id,book_id,rating,predict
42147,4829,4,3.8514213540673334
42147,5762,4,3.979151945884124
42147,7184,4,3.9454766676922226
42147,7948,4,4.694163440413925
