user_id,book_id,rating,predict
42232,1947,4,4.051245138014463
42232,3012,4,3.6654635159014495
42232,5987,4,2.3029149600390113
42232,7564,3,2.8598546878064717
42232,7989,4,3.897186642159042
42232,8307,2,2.2160211244891412
42232,9163,3,2.272236613641169
