user_id,book_id,rating,predict
42319,4569,3,4.329256597485266
42319,4752,4,4.290967700125032
42319,5720,4,4.34226398892628
42319,5824,3,4.441619440948739
42319,6412,5,4.303196545630571
42319,6974,4,4.302879469658491
