user_id,book_id,rating,predict
42526,4489,2,3.2437311732623906
42526,4804,5,3.55079516639851
42526,5246,2,4.018288725268827
42526,6127,5,4.0118681091411705
42526,6289,4,3.9474261457720385
42526,6637,5,3.584311724730377
42526,6849,5,4.301914009267162
42526,6907,5,3.777010356076869
42526,7073,5,4.238889839296225
42526,7100,3,4.199651171196232
42526,7413,3,4.232442018931231
42526,7694,4,4.162107703527696
