user_id,book_id,rating,predict
42626,3721,3,3.704741005873179
42626,5436,5,3.55661143275487
42626,6101,2,2.9643404573555046
42626,6272,3,3.3644030474956512
42626,7566,4,3.9652938090076586
