user_id,book_id,rating,predict
42643,1183,5,4.502086410978525
42643,2537,4,4.069878528198593
42643,3181,4,4.358631997125814
42643,4484,4,4.045522741098269
42643,6444,5,4.394566305237593
