user_id,book_id,rating,predict
42651,5660,4,4.351190175829062
42651,6164,4,4.588474183334681
42651,6270,5,4.2507282699711535
