user_id,book_id,rating,predict
42807,2638,5,3.824503487370089
42807,5585,4,3.54853382257338
42807,6519,4,3.0554358387494958
