user_id,book_id,rating,predict
42838,7366,5,4.5664086638985415
42838,7640,5,4.705262625141348
42838,7874,5,5.107907492299005
