user_id,book_id,rating,predict
42830,4478,4,2.7069061393638982
42830,5318,2,4.117826813044015
42830,5460,3,2.988136885907071
