user_id,book_id,rating,predict
42840,1904,5,4.333191246480294
42840,8109,5,4.769056506542494
42840,8612,4,4.463234778513982
