user_id,book_id,rating,predict
43122,3915,5,4.259715709906916
43122,5274,4,4.082907285824818
43122,5714,5,4.094365952729865
43122,7446,5,4.099487147217512
43122,8062,5,4.054093065534555
43122,8594,4,3.955622746743412
43122,8944,3,4.141700065370228
43122,9121,4,4.056813772970971
