user_id,book_id,rating,predict
43222,5169,5,4.873162023898876
43222,6075,5,3.7656245537580766
43222,7684,4,3.8880906539564912
