user_id,book_id,rating,predict
43278,2108,5,4.700373486654883
43278,5022,3,4.784785500271589
43278,6506,2,4.964108039522495
