user_id,book_id,rating,predict
43283,3928,3,4.824551476071333
43283,5831,4,4.738770157224862
43283,7686,3,3.902002962741882
