user_id,book_id,rating,predict
43316,3880,5,4.8250558240973636
43316,4604,5,4.857125060896864
43316,4738,5,4.779281836602998
43316,5970,5,4.847291643199697
43316,6415,4,4.986765970963686
43316,6424,5,4.75392095991906
43316,6849,5,4.706598845144522
43316,7073,5,4.762516798685307
