user_id,book_id,rating,predict
43352,5543,3,3.102726657488449
43352,6111,3,3.210794357413465
43352,6221,2,2.7434726796904183
