user_id,book_id,rating,predict
4342,3735,3,5.094291241577799
4342,4302,4,4.85595867289253
4342,7887,3,4.80265180748275
4342,8823,5,5.425705912340495
4342,9577,5,4.800719575759495
