user_id,book_id,rating,predict
43438,3761,5,4.023839175491375
43438,4099,5,4.035636624220708
43438,4748,3,5.027051815630444
