user_id,book_id,rating,predict
43457,1404,5,4.421881128842513
43457,1406,4,4.3837943487891815
43457,1610,5,4.4764354614086885
43457,1867,5,4.186799574039285
43457,1874,5,4.525179675402074
43457,1909,5,4.8089004966654425
43457,2131,4,4.731529739802328
43457,2359,5,4.353786220530338
43457,3726,4,4.443259103240084
43457,3896,5,4.276191088558083
43457,6682,4,4.352148478222701
43457,8186,5,4.415423391813937
43457,8659,4,4.213517325292287
