user_id,book_id,rating,predict
43453,4995,4,4.804303922913696
43453,5428,5,4.73034993335225
43453,5455,4,4.805127422995048
