user_id,book_id,rating,predict
43605,4189,5,4.653827564736109
43605,5701,5,5.085891462584147
43605,6785,5,5.051436249350993
43605,7318,4,4.624616658433845
43605,8564,5,4.58972637289866
43605,9054,5,4.286102641730978
43605,9263,5,4.355152218971186
