user_id,book_id,rating,predict
43636,4367,3,3.5780750667450074
43636,4940,5,3.7819403137909706
43636,5094,3,3.678722880438026
43636,5516,3,3.66300715643342
43636,5535,4,3.5679916911907954
43636,5959,3,3.627045778812492
43636,6194,4,3.537907063061018
43636,6875,3,3.7306538061697623
43636,6935,3,3.986975196254709
