user_id,book_id,rating,predict
43712,2566,4,3.1250029098398526
43712,2618,2,2.9721187036695738
43712,2912,3,3.10057456011826
43712,3071,3,2.9992078225740357
43712,3465,3,3.1394352984443628
43712,6825,2,2.949228818337768
43712,8186,3,3.0036401039955862
43712,9639,4,2.8322415213880143
