user_id,book_id,rating,predict
43757,4436,3,3.5390828318628276
43757,6402,3,3.202341761856373
43757,6479,3,3.223297798885452
43757,7192,3,3.463800779299667
