user_id,book_id,rating,predict
4383,878,4,3.644278273587525
4383,1883,4,5.2679169439803895
4383,2357,4,4.794179871422451
4383,3158,4,4.136109121799396
4383,3197,3,3.250148105714976
4383,3327,4,4.25007657198965
4383,5952,3,3.9535425549883167
4383,7735,1,3.677140847168366
4383,7841,4,3.606573691995747
4383,8283,3,4.130770868635446
4383,8617,3,3.9268422935461893
4383,8709,4,2.707534925288677
4383,9205,4,3.552493024300981
4383,9841,3,3.70854941898977
