user_id,book_id,rating,predict
43869,4884,4,3.43475810149708
43869,5459,5,4.056300628768536
43869,5952,5,3.996921451630945
43869,6304,4,3.398593636440322
43869,6344,3,4.022236145475624
43869,6843,5,4.058153027946428
43869,7467,4,3.9082591418379993
43869,7492,5,3.734678804910761
43869,7570,4,3.346610123723766
43869,7571,3,3.950183364570942
43869,7821,5,3.900847815738283
43869,8002,4,3.657865528679782
43869,8012,4,3.887298187177816
43869,8284,5,4.042488214695572
43869,8288,4,4.000276019986683
43869,8649,4,3.943242003504544
43869,8830,4,3.9464382097109665
43869,8945,4,3.8212360922885575
43869,8976,4,4.22557509559893
43869,9000,4,3.927095294274359
43869,9068,4,3.903233392178341
43869,9227,5,3.731903318591633
