user_id,book_id,rating,predict
4418,2099,4,4.306967279876501
4418,3651,4,3.3543459934533266
4418,4851,4,3.704601684249301
4418,5001,3,3.4207013488229965
