user_id,book_id,rating,predict
44286,3506,5,4.166386081491119
44286,4415,2,4.288302644456566
44286,4689,5,4.256184714773005
