user_id,book_id,rating,predict
44307,2100,4,5.004929153854356
44307,5483,4,4.9356350077902675
44307,7438,5,4.935995559503568
