user_id,book_id,rating,predict
44442,3606,4,4.561632087806132
44442,6006,5,4.226864720777375
44442,6526,4,4.353725184019323
