user_id,book_id,rating,predict
44444,2635,4,3.5754582555000995
44444,2867,3,4.003791200725034
44444,3146,5,1.5450691757423993
44444,4323,4,3.6109798578410084
44444,4706,5,3.5817854359005845
