user_id,book_id,rating,predict
44501,7037,4,3.6318958935219356
44501,7281,4,3.47552102318254
44501,8148,2,3.06714851567947
