user_id,book_id,rating,predict
4452,7318,4,4.501603806919977
4452,8496,4,4.027681272622975
