user_id,book_id,rating,predict
44611,7897,2,3.0455292275353485
44611,9153,3,3.9129878158890925
