user_id,book_id,rating,predict
44951,1778,3,2.3515655352480636
44951,2033,2,1.9201327621927655
44951,2928,2,2.4573656945355986
44951,3093,1,2.3588585874808095
44951,3377,4,2.7892900785611316
44951,4399,1,1.1809915655020264
44951,4477,4,3.306835230231648
44951,5046,5,2.442630521883633
44951,5070,4,4.234978044315456
