user_id,book_id,rating,predict
45049,3694,4,2.9841759047491383
45049,3733,3,2.8199241641416393
45049,4664,3,2.260994238775271
