user_id,book_id,rating,predict
45078,5268,4,4.171744282414689
45078,5971,4,4.178520091451334
