user_id,book_id,rating,predict
45116,671,5,3.6375950509312562
45116,900,5,3.3692021026003567
45116,1058,4,3.766653045529249
45116,1258,5,3.3657588847219437
45116,1410,5,4.0043350096130474
45116,1461,5,4.3044751661224545
45116,1725,5,4.05663963736462
45116,1741,5,3.8529711856963775
45116,3645,4,3.461637292646971
45116,4826,3,3.897749834703017
45116,5041,4,3.608420588779387
45116,5258,4,3.4578979812292046
45116,5505,5,3.722120934167392
45116,6083,3,3.6018621770603807
45116,6673,3,3.900517564833331
45116,7619,5,3.479331878197061
45116,7681,5,3.0624651186614553
45116,7991,5,3.149736318882142
45116,8068,3,3.29259273088494
45116,8156,4,3.5088241225740853
45116,9058,4,4.113519159937582
45116,9400,5,3.557394500338661
45116,9469,5,3.4329433634377637
45116,9890,3,3.2754434789222193
45116,9943,3,4.291952483024616
