user_id,book_id,rating,predict
45246,4225,5,4.842131239145067
45246,4710,5,4.884579871087117
45246,6241,5,4.886014934919157
45246,6854,4,4.698577769599536
45246,7164,5,4.705070067192335
45246,7318,3,4.541732535097584
45246,7691,5,4.6272931865405
