user_id,book_id,rating,predict
45378,735,5,4.44406476679599
45378,1358,4,4.344797213793349
45378,1514,4,4.459581096140743
45378,1800,3,4.098213136004256
45378,2600,4,4.329350082413648
45378,4097,2,4.2411136426923575
45378,6007,5,4.033335962015052
45378,6865,4,4.3743107656299065
45378,8337,5,4.272291846473132
