user_id,book_id,rating,predict
45448,5853,5,3.513439127996746
45448,6356,4,4.369913791583041
45448,6709,5,3.711453587183355
45448,6776,3,4.543980698815774
45448,7446,4,3.8236443969719636
45448,7945,5,5.2595545807985875
