user_id,book_id,rating,predict
45549,797,4,4.316732211334099
45549,4342,4,4.329191805505413
45549,5441,4,3.5900861653230103
45549,5480,4,3.539094306984864
45549,6608,2,4.042524336690138
45549,7534,4,3.7398624494785975
45549,8506,4,4.202119916262592
45549,8753,5,4.183775812689499
45549,9371,4,3.7026061806557697
