user_id,book_id,rating,predict
4561,3954,3,3.8821772520950026
4561,4202,5,3.0452080624681237
4561,5146,4,3.785042568112963
4561,7573,5,3.216989230771642
