user_id,book_id,rating,predict
45651,7050,5,4.358888035350507
45651,7220,5,4.5884606091919835
45651,7373,5,4.553004126048117
45651,7452,5,4.64174198302847
45651,7530,3,4.616394412280939
