user_id,book_id,rating,predict
45682,4663,3,4.630898923889945
45682,4981,3,3.7171539542889622
