user_id,book_id,rating,predict
45819,2894,2,2.2477835517444236
45819,3651,2,3.8863912767749467
45819,4415,3,2.885444813714912
