user_id,book_id,rating,predict
45841,1125,2,2.7085386290228923
45841,1793,1,0.9783714988856977
45841,2171,3,3.240575736402218
45841,2649,5,4.345338898715758
45841,3225,5,4.648570510952745
45841,3383,5,3.2001924147082144
45841,3409,3,3.1110382964608077
