user_id,book_id,rating,predict
45981,5731,4,2.890404236275762
45981,7753,3,2.9851245128281034
