user_id,book_id,rating,predict
46128,3012,4,4.612509621997063
46128,3604,5,5.019283680496064
46128,5628,5,4.765600803977636
46128,6141,5,5.82297186071847
46128,6328,5,4.908852674355068
