user_id,book_id,rating,predict
46306,4116,3,4.119837325936553
46306,4503,4,3.930747304631002
46306,4848,4,4.606962632450653
46306,7808,4,3.9433041447645283
46306,8430,3,3.8038069918536035
46306,8640,4,4.660947632537274
