user_id,book_id,rating,predict
4631,4331,4,4.04552707455591
4631,6400,5,5.134680857887502
4631,6750,2,2.702884421165966
