user_id,book_id,rating,predict
46503,5502,5,4.043336800348649
46503,8172,5,4.042351742573531
