user_id,book_id,rating,predict
46565,5516,4,4.435168024914285
46565,9169,4,4.644208877115263
