user_id,book_id,rating,predict
4657,2146,4,3.518896770131332
4657,3901,3,3.0338524673302905
4657,4203,2,3.2869102590508383
4657,4323,4,3.4811008358343676
4657,5308,3,3.243358851319066
4657,5708,5,3.028959907336812
