user_id,book_id,rating,predict
46907,5005,5,3.3464205514559096
46907,6605,4,2.338721365723755
