user_id,book_id,rating,predict
46951,3928,3,4.999135925451427
46951,7602,4,4.000974998876153
