user_id,book_id,rating,predict
47006,5131,3,2.236239860726002
47006,5602,3,2.2452276567835594
