user_id,book_id,rating,predict
4704,2660,4,3.2328734821402745
4704,6097,3,2.9542624781475917
4704,9076,5,3.5376814627542053
