user_id,book_id,rating,predict
47113,3554,5,4.883124373950786
47113,5546,5,4.794394570923624
47113,6127,5,4.765099628561612
47113,6365,5,4.75631327762302
