user_id,book_id,rating,predict
47148,7461,5,4.972782308558312
47148,7782,5,4.836646817323992
47148,8344,5,4.803760739360692
