user_id,book_id,rating,predict
47162,3283,5,4.12322598323207
47162,6429,5,4.199470801172442
47162,6972,4,3.7386946036870152
