user_id,book_id,rating,predict
47268,7245,5,3.928588264991969
47268,7826,4,3.6347601369557867
47268,8474,4,3.6242572642740267
47268,8581,3,2.9684146732457677
47268,8863,3,3.6215764837392443
47268,9100,4,2.966360300994408
