user_id,book_id,rating,predict
47290,5881,3,3.8096301875776497
47290,6128,5,3.966001833677577
