user_id,book_id,rating,predict
47325,5635,4,4.082266111626909
47325,7636,2,2.756391483888415
47325,7658,4,3.527245470022298
47325,7782,2,4.138772632361332
