user_id,book_id,rating,predict
47420,7403,4,5.0003644317149405
47420,8333,5,4.180756467218663
