user_id,book_id,rating,predict
47673,6614,5,3.2711387009120476
47673,7197,2,3.427585869440475
47673,7511,1,2.635762916041812
47673,7551,1,2.6935647497964728
47673,8614,5,3.8289900436761375
47673,8911,5,3.6844431358299388
47673,9029,2,3.135029259001696
