user_id,book_id,rating,predict
4769,2146,4,4.107016914167692
4769,2790,4,3.7570003949188493
4769,4694,5,3.1972088202894406
4769,5490,4,3.448553942103725
4769,5733,3,3.80147934117399
4769,5984,4,4.001523587328579
4769,6532,5,3.924547385903497
4769,6537,5,4.566897554688553
4769,7306,4,3.170227153395556
4769,7613,4,4.337456208402763
4769,8367,3,3.472305537891218
