user_id,book_id,rating,predict
47717,5386,1,3.2010118959236107
47717,6713,5,3.5678377689316716
47717,6740,3,3.51374113970357
47717,7094,3,3.5895992726540076
47717,7240,5,3.562073052420362
47717,7380,5,2.8100087920375585
