user_id,book_id,rating,predict
47818,3946,5,3.2292196573322776
47818,4803,4,3.2268883708921314
47818,5482,3,3.5636015573346027
47818,6310,2,3.1530085318983723
47818,6677,3,3.5684045082540092
47818,6966,4,3.1979227752241512
47818,6984,2,3.5568614046416194
47818,7207,4,3.0419465307637825
47818,7735,3,3.4617813946464966
47818,8489,3,3.0351618963054285
