user_id,book_id,rating,predict
47913,1129,1,4.877347153619517
47913,6899,5,4.926225749971339
47913,7618,5,5.041468342032499
47913,7642,5,4.605253445583
47913,8164,5,4.419074838506836
