user_id,book_id,rating,predict
47911,667,4,4.489598230654923
47911,1738,3,3.765100530473939
47911,1917,4,4.367116722856873
47911,5731,3,3.2673200918630325
47911,6526,4,3.6977445524725754
47911,7029,4,3.4675035567811854
47911,7611,4,3.683255983760565
47911,7720,3,3.4597611931055705
47911,7878,4,3.689384604285226
47911,8548,5,3.55133851206115
47911,8606,5,3.2254907631266607
47911,8844,3,3.8335297337601224
47911,8913,5,3.6484636747567674
47911,9615,4,3.412501486375717
47911,9698,4,3.5357013633893826
47911,9757,4,3.2664384363989485
