user_id,book_id,rating,predict
47957,6246,4,4.463894962482863
47957,6407,4,4.510082954386429
47957,7551,4,4.5932079735536915
