user_id,book_id,rating,predict
48096,6008,4,3.432588433935084
48096,7368,5,4.739706698691879
48096,8580,4,3.4332830178657945
