user_id,book_id,rating,predict
48191,4323,5,4.804533566519634
48191,4407,5,4.796738278423141
48191,6355,5,4.584424631995212
