user_id,book_id,rating,predict
48279,2511,4,2.8685021535324866
48279,3880,3,3.16763488359993
48279,4569,3,3.3768411446558817
48279,5098,3,4.024315783100995
48279,5266,3,2.887890001974404
48279,5824,4,3.895965881771575
48279,6091,3,3.7236529151124795
48279,6098,5,3.534282786961564
48279,6560,4,3.89094885756979
48279,7061,3,3.2361398637093806
48279,7112,4,3.543020371450636
48279,7125,4,3.400773474720897
48279,7312,4,4.275608992714945
48279,7369,3,3.227977808699048
