user_id,book_id,rating,predict
48314,4875,4,3.992415314448015
48314,6376,4,3.9771903901065047
48314,7017,4,4.147728142011532
48314,7094,5,4.120937264073688
48314,7371,4,3.960043905525601
48314,7675,4,3.9597835995893713
48314,8146,4,3.906816437623606
48314,8198,5,4.145279715035306
