user_id,book_id,rating,predict
48722,4364,3,2.9490615173265424
48722,4702,3,2.9183594442512844
