user_id,book_id,rating,predict
48733,2100,5,4.518139859368572
48733,4951,4,4.489457955260106
48733,5332,5,4.480214592317986
48733,5679,5,4.524892080892413
48733,5884,4,4.514852669932856
48733,6890,5,4.519369148329227
48733,7884,5,4.511006225936092
48733,8420,5,4.50119830535353
48733,8432,4,4.647231780749395
48733,9783,5,4.532073947743962
