user_id,book_id,rating,predict
48883,4274,3,4.132768927706086
48883,7017,4,3.169949431448911
48883,7099,4,4.2008175504463185
