user_id,book_id,rating,predict
49007,4414,4,3.3886386712188727
49007,4962,4,3.829714265786392
49007,4969,3,3.8512686521277706
49007,5472,4,3.6972399889814023
49007,5637,4,1.2567627996177442
49007,5808,4,3.880899224845982
49007,6038,3,3.852952916312326
49007,6041,2,3.743373346240711
