user_id,book_id,rating,predict
49068,4866,3,3.1724584439068013
49068,6217,4,3.1643872991463065
