user_id,book_id,rating,predict
49071,4342,5,2.78337218573884
49071,5441,4,2.6532615855902004
49071,5480,3,3.72974740135217
49071,5490,3,2.773770438312491
49071,5722,3,3.334177640727732
49071,6541,3,2.7927189843094817
