user_id,book_id,rating,predict
49555,702,5,2.895109256157358
49555,886,3,3.743577648503159
49555,1065,5,4.310889191451404
49555,1328,5,4.335702891529261
49555,1350,5,5.267515856761816
49555,1385,4,3.1162918578718926
49555,5822,2,2.264785836539901
49555,5984,3,3.7400408864928893
49555,6207,3,2.0750934489746053
49555,6356,5,3.5459318564753812
49555,6497,5,4.490388992903267
49555,9862,3,1.4908081004453835
