user_id,book_id,rating,predict
49646,2100,5,4.453358016230203
49646,6976,5,4.708451551616551
