user_id,book_id,rating,predict
49781,3230,3,2.6253850859556587
49781,4229,3,2.682790362885456
