user_id,book_id,rating,predict
4979,1749,4,3.6319751979690613
4979,2940,4,3.6828622954576846
4979,4496,5,3.600778429842455
4979,5142,4,3.7074925667941114
4979,5964,3,3.969834903829779
4979,6134,3,3.6615168387812402
4979,6550,3,3.766763084957162
4979,7034,5,3.790463603497016
