user_id,book_id,rating,predict
49794,7790,4,4.298183637765988
49794,8263,5,3.620558650504864
49794,8447,3,3.4333808132183155
