user_id,book_id,rating,predict
49949,3847,3,3.3677292380584087
49949,5459,4,3.48548211843682
49949,5762,3,3.434361509263173
49949,5852,2,3.2788432723743997
49949,7453,3,3.388377623152092
49949,7482,3,3.1971423786804394
49949,7508,3,3.2808951109252384
49949,7528,3,3.4249353898016404
49949,7761,3,3.4684657750687857
49949,8063,3,3.574433584431615
