user_id,book_id,rating,predict
5012,3604,4,3.6589841524267483
5012,4189,3,3.193034602125459
5012,5418,3,3.531976920211191
5012,6921,3,3.507857289171627
5012,7882,2,3.4273791675134366
