user_id,book_id,rating,predict
50167,8365,2,3.971912660100862
50167,8739,3,3.9871786690956075
