user_id,book_id,rating,predict
50176,2656,5,3.3578942879632088
50176,4314,2,3.412567469438596
50176,4910,4,3.1947483108489774
50176,5375,5,3.037204808607691
50176,5572,2,3.1741461599763787
50176,5594,3,3.579727579862533
