user_id,book_id,rating,predict
50186,6541,4,4.557433067378703
50186,6571,3,4.755499249046259
50186,8106,3,4.79833696098609
