user_id,book_id,rating,predict
50226,6681,5,4.526200282216184
50226,7187,4,4.479485919710193
50226,8000,4,4.299128850809112
50226,8393,5,4.770936841560107
50226,8961,3,3.892371151672291
50226,9710,4,3.9427136351541443
50226,9965,4,3.0998424762161756
