user_id,book_id,rating,predict
50347,5736,3,4.028264115853717
50347,6470,4,3.898768423008059
50347,7403,5,4.1666063425844495
