user_id,book_id,rating,predict
50390,2146,5,4.508621861050367
50390,5360,3,4.338061243442992
50390,6141,4,4.595463584311014
50390,6537,5,4.813853678941689
50390,7493,4,4.006499605793372
