user_id,book_id,rating,predict
50440,6145,4,3.075410278149411
50440,7413,4,3.018174543421405
50440,7835,3,2.821838413792461
