user_id,book_id,rating,predict
50550,2934,5,3.966217903964177
50550,3230,5,3.2804428114614073
50550,4229,5,3.273870855614378
50550,4410,5,3.1853311841090397
50550,4765,4,4.279104300393836
50550,5596,5,3.6083837811985235
