user_id,book_id,rating,predict
50764,4169,3,3.119146497223772
50764,6663,4,3.8316094144938626
