user_id,book_id,rating,predict
51044,3624,5,4.944934382902343
51044,4207,5,4.898097176672689
51044,5597,5,4.750952804981812
51044,5622,5,4.912337954330642
51044,5633,5,4.944136994059201
51044,6270,3,4.939301879435121
51044,6562,5,4.955681605537599
51044,7355,5,4.883792425419075
51044,7613,5,5.101916025376281
