user_id,book_id,rating,predict
51191,3448,4,4.385795004364195
51191,3880,4,4.359566400969071
51191,4011,4,4.17973286531396
51191,4300,3,3.9679656164106953
51191,4747,5,3.5749477761405735
51191,6072,4,3.7750061129659787
51191,6206,5,3.2740164307861823
