user_id,book_id,rating,predict
51233,947,4,4.953059967642238
51233,1197,4,4.595623984986262
51233,2457,4,4.310555482888476
51233,3602,5,4.049421274705727
51233,4853,3,3.7564580162640224
51233,5393,4,4.1119542870635115
51233,6138,5,4.210577165705833
51233,6504,4,3.677120647693826
51233,6529,4,3.917926489641263
51233,6538,4,4.493720816453916
51233,7672,4,4.068650678897471
51233,7935,4,4.113924274239335
51233,8041,4,3.995749213245548
51233,8465,4,3.840867773919392
51233,9700,3,3.679561517282584
51233,9964,4,4.061785967679009
