user_id,book_id,rating,predict
51469,8926,5,3.8062077476740317
51469,9522,5,3.829453508978762
