user_id,book_id,rating,predict
5175,3451,4,2.128909769590854
5175,8239,2,3.419529188855469
