user_id,book_id,rating,predict
51998,6068,4,3.3535434625661957
51998,6287,5,3.969309533594596
51998,7166,4,3.3038311105668114
51998,7912,3,3.36848458189925
