user_id,book_id,rating,predict
52127,589,5,5.4566200907247016
52127,830,4,4.643366586363314
52127,995,4,4.5369062614893325
52127,1110,4,5.0989571204737505
52127,4357,5,3.933827341448977
52127,5520,3,3.5127998070678017
52127,5660,3,3.681277113430199
52127,5854,3,3.5151227213316347
52127,6136,4,3.1092110471906387
52127,6861,3,3.2463756270993307
52127,7303,3,3.4946513613109316
52127,7706,5,3.99464152394507
52127,8183,4,4.218295319911499
52127,8374,3,3.442715140397418
52127,8494,4,3.4735653332055842
52127,8944,4,4.1071299891227175
52127,9382,2,4.099832578076751
