user_id,book_id,rating,predict
52198,1106,5,4.966488148706779
52198,1357,5,5.045030476964056
52198,1636,5,4.973115801950395
52198,1653,5,5.059058390356925
52198,1744,5,5.058083884219377
52198,1847,5,5.0119744849478325
52198,1889,5,5.002724690492001
52198,1962,5,4.957428757926414
52198,2062,5,5.043321329847212
52198,2203,5,4.937077392760005
52198,2224,5,5.0356621545659515
52198,3392,5,4.9738122015232396
52198,6048,5,5.013686665718789
52198,6264,5,4.936453189627181
52198,6617,5,4.974496391673041
52198,7117,5,4.96815120471049
52198,8134,5,4.929344732988662
52198,8236,5,4.930762726639546
52198,8401,5,5.000369847114373
52198,9874,5,4.899868569002088
