user_id,book_id,rating,predict
52340,845,2,3.4644413021574785
52340,4405,4,3.739087411700396
52340,4750,3,3.32850535481318
52340,4814,4,3.166539603456034
52340,5016,4,3.6785196595930842
52340,5452,3,3.8599517820451608
