user_id,book_id,rating,predict
52351,3421,4,3.968005179524847
52351,3950,4,3.529502883160079
52351,5041,5,3.9027934361522347
52351,5733,3,3.501608625950138
52351,6231,3,4.026206236691173
52351,6659,4,4.36421642789915
52351,6959,3,3.464948643712225
52351,7306,2,3.6509142218058583
52351,7427,4,3.717745468037597
