user_id,book_id,rating,predict
52405,3423,3,4.304456762187836
52405,3495,2,4.403001944515317
52405,6149,4,4.317920343391516
