user_id,book_id,rating,predict
5240,592,3,4.251004037102888
5240,989,3,4.268525143470105
5240,1283,3,3.4623536890630113
5240,1301,3,3.3847127346943924
5240,1404,4,3.704228813271132
5240,1744,4,3.6063557806032325
5240,1882,4,3.654683774924181
5240,1963,4,3.880135376255049
5240,2239,4,4.0086693418294255
5240,2327,3,3.752122599865298
5240,2385,4,3.5655327736288576
5240,2418,4,3.609383883805016
5240,2431,3,3.187226668267266
5240,2602,4,3.7824723332251695
5240,2789,4,4.012838362112013
5240,2790,3,3.2617642977824426
5240,2939,5,3.9287657588341482
5240,2947,4,4.005135898679978
5240,4335,4,3.610338995353003
5240,5043,3,3.336777281081398
5240,5743,4,3.614695728722571
5240,6231,3,3.8145220865671714
5240,7841,4,3.606558994514932
5240,8474,4,3.7159956575444455
5240,8898,5,3.882996399919839
5240,9731,4,3.6889094248704675
