user_id,book_id,rating,predict
52534,2001,5,3.5480796237560264
52534,3736,5,3.6226861549373384
52534,7300,5,3.685937371941706
52534,8755,4,3.84319093241039
52534,9257,4,3.776746270293793
