user_id,book_id,rating,predict
5268,4596,3,3.0607568366520495
5268,4666,2,2.672376477782443
5268,5308,2,3.061451868465254
5268,5532,2,2.745055355151363
5268,5884,2,2.9709471647468595
5268,5922,3,3.0681014129024926
5268,6285,2,2.8788436780574527
5268,6682,3,2.8377658590540316
5268,7091,3,3.235004737712362
5268,7259,3,2.940777827970664
5268,7305,5,3.182956228110759
5268,8282,3,3.0553370399352677
5268,8587,3,3.1673971211365495
5268,8658,4,2.9528119420437924
5268,9381,4,3.1530525654447885
5268,9651,2,3.006152833175101
5268,9855,3,2.847776635828206
5268,9947,1,2.802542308656589
