user_id,book_id,rating,predict
52850,1822,2,4.533175685461828
52850,2749,2,3.9243697600122065
