user_id,book_id,rating,predict
52880,6928,5,4.645964746426254
52880,6978,5,4.677442744775933
