user_id,book_id,rating,predict
53098,4097,4,3.695603704299812
53098,5476,5,4.7782672134586095
53098,6034,5,3.660028185521273
53098,6434,4,3.389832511330682
