user_id,book_id,rating,predict
53239,8784,4,3.8475902726779525
53239,9310,5,3.2256019399965994
