user_id,book_id,rating,predict
53250,8903,5,3.9983842825012683
53250,9670,4,4.517607015967973
