user_id,book_id,rating,predict
53393,4981,5,4.157115593947119
53393,6295,4,4.003991676134834
53393,7099,5,4.082840348225306
