user_id,book_id,rating,predict
5395,2625,4,4.2547375492400645
5395,5265,3,3.5135608060767876
5395,5392,5,4.012075890278192
