user_id,book_id,rating,predict
5482,1415,3,2.239490014340869
5482,3733,2,3.73508798392393
5482,4526,4,3.511176742536689
5482,4566,4,2.4195864121442368
5482,5690,4,2.264035882283725
