user_id,book_id,rating,predict
550,1997,4,2.7665551966273707
550,4292,4,2.958581573528982
550,4972,5,3.216673257154011
550,5474,4,1.626465333716646
550,5475,4,3.407909716549291
550,5511,3,3.5834764371007326
550,7840,2,2.1776895646832664
550,9588,3,2.3026432357842257
