user_id,book_id,rating,predict
5502,2829,3,3.621611992094146
5502,4706,4,3.4038229879148867
5502,6827,5,3.6118879111204385
5502,7275,2,3.3035309389343492
5502,8124,2,3.844092117319594
