user_id,book_id,rating,predict
5585,7184,2,2.124834172081528
5585,8505,2,2.978075157054132
