user_id,book_id,rating,predict
5736,7838,5,5.0832150882670035
5736,8438,5,5.107177054519666
