user_id,book_id,rating,predict
5840,7868,2,3.8305623438909464
5840,8186,4,4.050444601543712
5840,8261,3,4.299788398924722
