user_id,book_id,rating,predict
5842,3421,4,3.8098598922610436
5842,7070,3,4.083438395839833
5842,7278,3,4.097248971953233
5842,7630,4,3.917336799945179
5842,8891,3,3.1858711474534784
5842,9164,2,3.8008103300057905
