user_id,book_id,rating,predict
5982,5524,5,4.463018544283892
5982,5765,2,4.003674915578826
5982,7409,5,4.608171970503281
5982,9114,5,5.255168972397587
