user_id,book_id,rating,predict
6053,7483,4,3.111994592083885
6053,9214,5,3.2165863194421487
6053,9316,3,3.1065589219261156
