user_id,book_id,rating,predict
6069,3886,3,2.8651760451585266
6069,4154,5,4.335424301620274
6069,6963,4,3.7066056810657964
