user_id,book_id,rating,predict
6139,3385,4,3.2535757884623324
6139,5325,4,3.4523856419788843
6139,7612,4,3.454949964217392
