user_id,book_id,rating,predict
6144,6098,3,2.5462353024753686
6144,6949,3,2.550059246773136
6144,7761,4,2.614202219229041
