user_id,book_id,rating,predict
6282,4115,4,4.36491018632238
6282,6460,5,4.102786871401456
