user_id,book_id,rating,predict
6459,716,3,5.291481652615251
6459,1392,2,4.716467494181189
6459,1459,3,4.810237852122812
6459,2328,5,4.64812641209785
6459,2701,3,4.323725656933549
6459,3108,5,4.647195207293311
6459,3340,5,4.539426477795289
6459,3443,5,4.338327885371562
6459,3455,5,4.58327601589929
6459,6234,4,4.264471282209726
6459,7887,5,4.328500835890565
6459,9455,5,4.095089064433337
