user_id,book_id,rating,predict
6572,2546,4,4.05068165481856
6572,2827,5,3.952044699492459
6572,2989,4,3.9836079347680102
6572,3025,4,4.1943722332986955
6572,3515,4,4.204344455559416
6572,3533,5,4.2722044111935435
6572,3612,4,3.9381959074724047
6572,6385,5,4.165472164893005
6572,6975,4,4.037222152406394
6572,7037,5,4.1653565946108
6572,7549,4,4.001672922590677
6572,8399,4,4.11755205291231
6572,9451,4,4.315651179369253
