user_id,book_id,rating,predict
6588,2844,5,3.0903757502628966
6588,4692,2,2.966358990792759
6588,7107,4,3.0106053586993826
6588,8434,3,3.0523120630073395
6588,9888,5,3.1844298775733133
