user_id,book_id,rating,predict
6665,6529,4,3.7558909798346756
6665,7918,4,3.3179285203753546
6665,9288,4,1.6365310858595343
6665,9760,4,3.4060952240561138
