user_id,book_id,rating,predict
6747,7410,4,3.578082902072313
6747,7785,4,3.5616265874652004
