user_id,book_id,rating,predict
6759,673,4,3.5878464021505136
6759,1059,4,2.979715894893934
6759,1187,4,3.2264940293362305
6759,1310,3,3.6162764244274546
6759,1482,3,3.329445728960488
6759,1522,4,3.0394650430202845
6759,1587,3,3.4261860218089137
6759,1757,3,3.524884325630534
6759,1807,4,3.6190952368312503
6759,4323,4,3.862354395279416
6759,6871,4,3.0676314634528894
6759,7542,3,3.467266287013595
6759,7777,2,3.2136409894634212
6759,8936,3,3.9681610247865082
6759,9012,2,3.828883183540853
6759,9485,4,3.7762087607571733
