user_id,book_id,rating,predict
6819,6255,3,3.5974053834446518
6819,6637,3,3.556089433814542
6819,7352,5,5.205265024946822
