user_id,book_id,rating,predict
6892,2258,3,4.040993211657503
6892,2752,4,3.663749656778699
6892,5575,3,3.963294270457269
6892,6428,3,3.94675678431785
6892,6450,3,3.327724168085483
6892,6673,4,3.967031300704785
6892,6966,5,4.005133269306246
