user_id,book_id,rating,predict
6947,2894,4,3.9528501874877873
6947,4851,3,3.9619571987568962
6947,6239,3,3.4680253383671955
