user_id,book_id,rating,predict
7118,2784,4,3.378464686104193
7118,4134,4,3.898319948772191
7118,5952,3,3.731618171744961
7118,6295,4,3.9767127688653883
7118,6619,3,3.7640724900674765
7118,6638,3,3.750783777171272
7118,6694,4,3.7431150201271715
7118,8002,4,3.22668283490684
7118,8861,3,3.9156095086911344
