user_id,book_id,rating,predict
7268,4969,4,4.834427642711069
7268,5019,5,4.8781895484308215
7268,5460,3,3.8333903459246375
7268,5865,4,3.8655670235873387
7268,6445,5,4.932539733317132
7268,7143,2,4.184281025569684
