user_id,book_id,rating,predict
7357,878,3,3.114782574060901
7357,1800,2,3.2315760405870066
7357,1886,3,3.1859993104202027
7357,2241,2,3.0947362225261594
7357,6593,2,3.1959367025795493
7357,7232,3,2.2638829359950567
7357,7662,4,3.0150797503141504
7357,8647,2,3.267735507135791
7357,8815,1,2.627500621957103
7357,8850,2,3.2895921415273714
7357,9393,3,2.7959058378835793
