user_id,book_id,rating,predict
7378,2557,3,4.72160663264287
7378,3582,4,4.944488420394972
7378,3831,3,3.1152436279103424
7378,6297,3,4.034298494365458
7378,8075,3,3.2011876776289645
7378,9156,4,5.451117780962374
7378,9220,1,1.288855733260045
