user_id,book_id,rating,predict
7400,3721,5,4.589618527937246
7400,5432,3,4.093597113460887
