user_id,book_id,rating,predict
7414,7154,3,4.20640812294954
7414,8065,4,4.384334541138572
