user_id,book_id,rating,predict
746,6524,4,4.219856207921989
746,7037,5,4.470356180027713
