user_id,book_id,rating,predict
7562,7114,5,3.678032672854327
7562,7823,4,4.835032302639376
