user_id,book_id,rating,predict
7609,6898,3,3.587584916635226
7609,7393,2,3.785711160898118
7609,8231,2,6.0978296187321455
7609,8871,3,4.564271061430105
7609,9397,3,4.580169723468726
7609,9974,5,5.110277160258778
