user_id,book_id,rating,predict
7647,647,3,3.412575792943955
7647,790,4,4.419426249707024
7647,841,4,4.489632296023657
7647,889,4,4.324408782864193
7647,980,4,4.147596096442083
7647,1097,4,4.156665731690484
7647,1291,4,4.275145391871981
7647,1336,4,4.334981274571049
7647,1473,3,4.077144949054908
7647,1483,4,4.398094529433107
7647,1594,5,3.9388261280787127
7647,1636,4,4.375484181149351
7647,1653,4,4.2925386842337625
7647,1840,4,4.211063128315735
7647,1889,3,4.1767943649506405
7647,1930,4,4.226370730680079
7647,1966,5,4.2754708677608
7647,2009,3,3.981128903734039
7647,2069,4,3.6646392446483103
7647,4276,4,4.043955285726042
7647,4781,4,4.435864545697162
7647,5077,4,4.296089078483067
7647,5945,4,4.2979089320924855
7647,6121,5,3.882339060210904
7647,7112,4,4.199337262518732
7647,7576,4,4.0604283120324975
7647,7890,5,3.9107088992424273
7647,8050,3,4.284684261804341
7647,8592,5,4.44667136613898
7647,8830,5,4.009402258345586
