user_id,book_id,rating,predict
7918,5019,5,3.628900294951092
7918,6283,4,3.3070671342250404
