user_id,book_id,rating,predict
7953,732,3,3.270657742406106
7953,764,3,3.313914891313192
7953,1459,2,3.0383891033510837
7953,1481,3,3.4411344894068656
7953,1733,3,3.1777019046068142
7953,1938,3,3.265488559807011
7953,2028,3,3.2218634479631314
7953,2085,2,3.506791583197198
7953,2102,3,3.411079196980798
7953,3493,5,3.501664823149673
7953,3946,5,3.4493312403647343
7953,4297,4,3.3327676633541232
7953,7352,4,3.2864415557144206
7953,8677,4,3.4015655922210266
7953,9173,4,3.1178377906861163
