user_id,book_id,rating,predict
7973,822,4,3.5289494711911042
7973,856,3,3.674795280109264
7973,968,2,3.4097104207748163
7973,1060,5,3.361385658274417
7973,1174,4,3.3889949577886185
7973,1187,3,3.649825559234152
7973,1212,5,3.5363016847415634
7973,1582,3,3.6713331081758844
7973,1601,3,3.7841214827012477
7973,1688,4,3.3557871434525066
7973,1738,3,3.3353905629473366
7973,1762,3,3.5489972943737405
7973,1786,5,3.6077457309119403
7973,1912,5,3.6550094061400187
7973,1990,3,3.7620058689259483
7973,2007,3,3.7603926328527204
7973,2013,3,2.99006098053612
7973,2037,5,3.6655105157350207
7973,2064,4,4.015215411528665
7973,2068,3,2.9768126398583066
7973,2186,5,3.432639017861328
7973,2281,2,3.6013852861418156
7973,2304,4,3.5407767243524977
7973,2357,5,3.2951661225175286
7973,2367,3,3.9091714663709523
7973,2495,5,3.2002733941110013
7973,2496,1,3.0073481135359867
7973,2653,4,3.495866664528832
7973,2752,5,3.723536223815373
7973,2775,5,3.896731756643845
7973,2840,5,4.094797169256126
7973,2988,5,3.8165245976530695
7973,3002,3,3.01380630689321
7973,3074,4,3.815294219100564
7973,3131,3,3.806613492633323
7973,3160,3,3.235060660024925
