user_id,book_id,rating,predict
8096,680,1,3.4207675345373563
8096,1357,2,3.628024609861984
8096,1391,3,3.208712761609693
8096,1407,3,3.1000532491377
8096,1657,3,2.900953868406857
8096,1676,5,3.447528114557399
8096,1704,4,3.336197575613977
8096,1847,2,3.5319181059596922
8096,1984,4,3.3191918442192168
8096,2007,2,3.2727525207368067
8096,2023,4,3.444891048443151
8096,2076,3,5.030539228605024
8096,2125,3,3.090638032477139
8096,2144,4,3.869798025189758
8096,2192,5,2.418726331398553
8096,2371,5,3.0659947548678415
8096,2561,3,3.2905645205766607
8096,2703,2,3.6547486455211
8096,2900,4,2.9760131652013637
8096,2988,5,3.4257238431075434
8096,3127,5,3.3857383696606873
8096,3237,2,3.4777474637847696
8096,3247,1,3.626989441790477
8096,3313,5,3.055480050117953
8096,3374,4,2.8194016552984236
8096,3636,3,3.7009127630801526
8096,3767,5,3.114449583357309
8096,3826,5,3.4266378101217145
8096,3892,3,3.0743237225952718
8096,3934,2,3.4172053045083555
8096,3997,4,3.0912638780553205
8096,4016,3,2.70879026936886
8096,4078,2,3.554444743502141
8096,4138,5,3.2777898105872203
8096,4251,3,3.2893029826459963
8096,4273,5,3.689909119919824
8096,4317,5,2.489742948541142
8096,4330,4,4.58997086082043
8096,4332,3,4.336245671150351
8096,4443,3,3.723141987992729
8096,4544,2,3.95638565610949
8096,4848,3,3.456413945237605
8096,5052,3,3.849019164243664
8096,5134,3,3.6207104809617836
8096,5388,5,3.3890392789340247
8096,5417,4,3.5641596266728492
8096,5437,1,3.0125728977330875
8096,5558,2,3.1597655148148465
8096,5928,3,3.713594767146015
8096,5934,4,3.4005283368318664
8096,6138,5,3.118995762933549
8096,6256,1,3.6610990114781066
