user_id,book_id,rating,predict
8127,5104,3,3.4070128355858036
8127,6544,4,3.94488884108369
8127,6975,4,3.597463792471219
8127,7388,2,3.4918918123386233
8127,7918,4,3.624100844879627
