user_id,book_id,rating,predict
8259,5983,5,3.2419218666647116
8259,8064,4,3.3118629938757396
