user_id,book_id,rating,predict
8275,8610,4,3.3356747811104923
8275,8734,5,3.3109865829700276
