user_id,book_id,rating,predict
8292,1601,3,3.2391310452559923
8292,2946,3,3.3628620004179837
8292,6605,2,3.2595861887530178
8292,6820,2,3.419085898305758
8292,7662,3,3.382283727838849
8292,7864,2,3.241980598377011
8292,8404,2,2.8697274735653684
8292,8686,2,3.1496055695584957
8292,8783,2,3.1286726842080825
8292,9344,3,3.5996587613774724
8292,9432,3,3.440778249012832
8292,10000,3,3.6302172274280036
