user_id,book_id,rating,predict
8399,2129,3,4.232766301093093
8399,2451,4,4.161193026234262
8399,5469,4,4.2935894243530415
8399,7960,4,4.094900200612788
8399,8103,4,4.026777740357643
