user_id,book_id,rating,predict
8600,7264,5,4.446021822080576
8600,8403,5,2.7147871481163373
