user_id,book_id,rating,predict
8678,3825,5,4.226583765142021
8678,5605,4,4.031068702407484
8678,5769,4,3.9314560652664596
8678,6207,4,3.8999259097422687
8678,7120,4,4.35927125327666
8678,7121,4,4.208537658277017
8678,7271,5,3.8302110886721765
