user_id,book_id,rating,predict
872,4346,5,3.27561650544387
872,4482,4,3.068659221406813
872,4625,4,3.3758474084347174
872,4919,2,3.319771851562649
872,5649,3,3.236789257431527
872,5691,2,2.7846891720988642
