user_id,book_id,rating,predict
8885,3409,4,4.53386038306434
8885,4388,4,4.01460801011361
8885,5822,3,3.9420083264256505
8885,5911,4,4.027679692722747
8885,6844,5,4.0740222804565365
8885,7750,4,4.876851883129121
8885,8305,4,3.9480037852620273
8885,8782,3,4.873091427443273
