user_id,book_id,rating,predict
8945,4482,4,4.629595205206729
8945,6142,5,4.676074944665064
