user_id,book_id,rating,predict
9082,5104,3,3.426311863571437
9082,5919,5,2.9993671173924445
