user_id,book_id,rating,predict
9093,3645,4,4.406455054743205
9093,4297,2,2.598819710115821
9093,5258,5,3.897249326379431
9093,5269,5,4.522676452342545
9093,6567,5,2.3999671742747153
9093,6620,5,4.3280907094613355
9093,7003,2,3.9902392113338516
9093,7142,5,4.270746567309691
9093,7594,4,2.48015206425616
9093,7814,4,4.037633048979813
9093,7950,5,3.440892129935754
9093,8286,5,4.212669509718136
