user_id,book_id,rating,predict
9216,5012,5,2.00419910903337
9216,7373,5,2.31785376998013
9216,7476,3,3.5211232298178197
