user_id,book_id,rating,predict
9308,2511,5,3.5783763567995104
9308,3153,3,3.6685029380545506
9308,3265,3,3.5480374576871188
9308,6138,3,3.5462599806921573
9308,7780,5,3.7006523135957154
9308,7940,5,3.715910921147727
9308,9366,3,3.6410456653479812
