user_id,book_id,rating,predict
9598,3146,3,2.8059570766687862
9598,3847,4,3.680206000937892
9598,4168,3,3.815285226007785
9598,4840,4,3.36326348889361
9598,5142,4,4.355061554274927
9598,6041,4,3.0669747970398733
9598,6213,4,3.232363677443641
9598,6637,3,3.8555308418183314
9598,7590,4,3.997109185698646
9598,8255,2,3.054897494487418
