user_id,book_id,rating,predict
9683,5112,5,4.9381703845116744
9683,6048,5,4.772413703324585
9683,7112,5,4.8582223270572396
9683,7576,5,4.806942127282802
9683,7786,4,4.827383979705149
9683,8050,5,4.883546069061269
