user_id,book_id,rating,predict
9849,3867,4,4.017545117832311
9849,7735,4,4.333454527592684
9849,7808,3,4.192742492882633
9849,8141,2,4.16205954477543
