user_id,book_id,rating,predict
9855,5267,4,4.241649223218716
9855,6794,4,3.026700922040942
9855,7050,4,3.030961188091072
9855,7374,4,4.130675364092273
9855,8210,4,3.090007614216595
9855,8369,4,3.0893768997895465
9855,8593,5,3.30881667854812
