user_id,book_id,rating,predict
9953,1125,4,3.2019103686820922
9953,1793,4,1.1302279117942593
9953,1992,4,2.6025684344016944
9953,2171,2,3.3323998866249904
9953,2505,3,4.081929149516872
9953,3760,3,2.9205048185147153
9953,4353,3,3.044138746104059
9953,4364,5,2.628019038002602
9953,4756,3,2.7876221731889625
9953,5318,1,2.2169019075439627
9953,5423,2,2.6710548244277206
