user_id,book_id,rating,predict
9970,2385,3,4.541140829638011
9970,2424,5,3.7516346878876847
9970,2729,4,3.4489126692741494
9970,2825,4,3.690726863135942
9970,2828,3,3.7879478932365833
9970,2846,4,4.330334034856616
9970,6653,4,4.884949369748556
9970,8226,5,4.339359220603246
9970,8401,4,4.56636023471791
9970,8899,4,3.9603518183914366
