user_id,book_id,rating,predict
10105,6445,4,3.6640800400160143
10105,7145,2,2.5714285714285716
10105,8495,4,7.058423574279537
