user_id,book_id,rating,predict
10604,1215,5,8.498896327608099
10604,2336,2,3.9130434782608696
10604,3598,3,3.9130434782608696
10604,4199,3,7.922227333132145
10604,4531,4,3.9130434782608696
10604,6402,4,7.913043581132067
10604,7546,4,7.913043478260869
10604,7810,4,7.569429465467662
10604,8196,4,7.116328474490096
10604,8489,3,8.91304347826087
10604,8795,4,7.994931821380684
