user_id,book_id,rating,predict
10659,1499,5,8.933333333333334
10659,1524,4,7.4673854586350235
10659,1688,3,7.933333333333334
10659,2346,5,8.238097154761926
10659,2378,4,6.933333202977943
10659,2772,5,8.34984202066247
10659,4133,4,8.393958550510941
10659,6360,4,3.933333333333333
10659,6757,4,8.93333317616646
10659,6810,5,3.933333333333333
10659,7549,4,8.933333125616883
10659,7647,4,3.933333333333333
10659,8693,4,6.80347101249766
10659,9064,5,4.891177627202901
