user_id,book_id,rating,predict
10822,5884,3,3.5
10822,7984,4,6.243806890207072
10822,7993,3,-0.5
10822,8534,4,-0.027864096573672725
10822,8561,4,8.5
