user_id,book_id,rating,predict
10859,3006,3,7.499999870371804
10859,3099,4,6.598911959808081
10859,3759,1,3.5
10859,5704,3,2.448657508908509
10859,5838,4,5.603217504248054
10859,6653,4,-1.1251109802849015
10859,7446,4,8.076623776896106
10859,7814,4,7.506416952943286
10859,8401,2,6.6676806943265365
10859,9317,4,6.69496328973446
10859,9780,5,8.120777711595801
10859,9857,3,6.863215950754531
10859,9894,3,6.500000120924521
