user_id,book_id,rating,predict
10925,5035,3,4.571428571428571
10925,7169,3,8.2472403814738
10925,7302,5,8.571428571428571
