user_id,book_id,rating,predict
11299,3389,3,4.2
11299,3721,4,4.2
11299,5169,5,7.2
11299,6659,4,-0.2961208142820393
11299,8119,4,1.2000000000000002
