user_id,book_id,rating,predict
11398,4916,4,7.0838836007144295
11398,5159,4,6.394100886828291
11398,5497,4,6.394100886828291
