user_id,book_id,rating,predict
11442,3355,5,6.539788683467952
11442,3693,5,6.4352139656053025
11442,5570,4,-0.07142861453651417
11442,7750,3,5.928571428571429
11442,8062,2,1.9285714285714284
11442,8305,2,2.9285714285714284
