user_id,book_id,rating,predict
11677,5572,5,4.857142857142857
11677,6020,5,8.752144639398745
11677,6540,5,7.934467011597892
11677,7156,5,8.85714273782504
