user_id,book_id,rating,predict
11817,3347,5,8.037273524362387
11817,5016,3,-1.1875
11817,5200,4,7.8125
11817,5489,4,2.811979767704196
11817,6136,2,6.517059941426178
11817,6550,4,7.8125
11817,7057,5,7.81250016926365
11817,7222,5,7.888813776307355
