user_id,book_id,rating,predict
12209,4746,3,4.444444444444445
12209,5441,5,9.444444529025649
12209,5455,4,1.4444444444444446
12209,6755,4,9.444444444444445
12209,6886,5,8.851333760208707
