user_id,book_id,rating,predict
12326,4153,4,2.6269134353561348
12326,4367,4,4.333333333333333
12326,6326,5,4.333333333333333
12326,8121,3,1.7903593654050156
