user_id,book_id,rating,predict
12518,2880,3,4.333333333333333
12518,4936,4,5.61093229675759
