user_id,book_id,rating,predict
12628,1670,5,9.146076645174345
12628,1880,5,9.251426200132986
12628,2239,5,9.870967741935484
12628,2416,5,9.870967980278827
12628,2654,5,8.725230639718719
12628,2808,5,9.870967741935484
12628,3636,5,1.870967741935484
12628,4154,5,9.870967741935484
12628,5675,5,0.008460322500888573
12628,6385,4,4.870967741935484
12628,6995,5,9.870967741935484
12628,7630,5,-0.12903225806451601
12628,9241,5,9.870967741935484
12628,9868,4,9.472370431494259
