user_id,book_id,rating,predict
12724,2316,4,7.363636461068985
12724,2775,4,7.953141845337585
12724,2953,2,6.33752264235393
12724,3186,3,8.363636363636363
12724,7390,3,-0.8459002655361743
