user_id,book_id,rating,predict
1303,845,4,2.875
1303,3059,4,2.875
1303,3285,2,2.875
1303,4750,4,2.875
1303,5035,4,2.875
1303,5230,2,2.2975817158674676
1303,5552,5,2.875
1303,6140,2,2.875
1303,6270,3,6.874999797366371
1303,8521,5,6.320159535110412
1303,8926,4,6.577311713224477
