user_id,book_id,rating,predict
13673,995,5,8.772883083556003
13673,1456,5,8.730653889807467
13673,1523,4,6.510438010934873
13673,1611,5,8.033996078342367
13673,1626,5,8.567992068486245
13673,1745,5,9.048823479774782
13673,1754,5,8.665789859377014
13673,1760,5,9.033996107741864
13673,3114,4,4.5
13673,5016,5,8.861329963807883
13673,5490,5,8.5
13673,8197,5,8.32593567225629
13673,9352,4,6.499999947770528
13673,9636,4,7.033554326051703
13673,9922,5,9.020201807208013
