user_id,book_id,rating,predict
13701,1257,4,6.500937046245205
13701,1336,3,7.182514021133547
13701,3839,3,7.485664776525546
13701,5791,4,8.814814814814815
13701,6048,4,8.814814814814815
13701,7267,5,8.114967922238142
13701,7786,5,8.07429921942962
13701,8208,4,6.84395723372399
13701,9362,3,7.382415563108804
13701,9414,3,7.22929647123676
13701,9603,3,8.814814814814815
13701,9733,3,8.25012973628664
