user_id,book_id,rating,predict
1387,3678,3,8.166666666666668
1387,5130,2,4.666667916168116
1387,5451,4,5.991254102642214
