user_id,book_id,rating,predict
13953,7859,5,1.4369822435971065
13953,8611,5,7.256085542922865
