user_id,book_id,rating,predict
14013,1257,5,9.163939066640449
14013,1291,5,9.342273754404193
14013,1336,5,9.764705726975947
14013,1370,5,0.7647058823529411
14013,1473,4,9.764705726975947
14013,1483,5,9.764705720555346
14013,1513,5,9.312621187845053
14013,9743,4,4.764705882352941
