user_id,book_id,rating,predict
1402,3405,4,4.643189395494704
1402,3554,4,5.696529866413703
1402,4073,4,5.685852254733694
1402,4373,4,5.01277465298923
1402,4403,3,6.3782548158370105
1402,5119,2,3.5428571428571427
1402,5266,4,6.542856994866617
1402,6001,4,7.1539654258069145
1402,6004,4,6.542857074665683
1402,6026,4,2.6806711030236525
1402,6339,3,8.542857142857143
1402,6343,4,7.45888316859877
1402,7061,3,6.215937355055796
1402,7255,4,8.117334719440514
1402,7674,4,8.542857142857143
