user_id,book_id,rating,predict
14133,5532,3,6.727272727272727
14133,6310,5,2.727272727272727
14133,6466,3,-0.898180634379615
14133,6810,5,7.178850361355465
14133,7154,4,5.0335141368985585
14133,7356,3,5.182881046387575
