user_id,book_id,rating,predict
1420,3928,2,3.5
1420,3986,4,8.5
1420,4004,4,3.5
1420,4055,4,-0.5
1420,5482,2,3.5
1420,5785,3,7.6327111183567
1420,5792,2,7.499999791181381
1420,6101,3,3.6626605683145192
1420,6156,3,7.5
