user_id,book_id,rating,predict
1422,3828,4,3.526315789473684
1422,3954,4,-1.473684210526316
1422,6607,4,7.749686040983968
1422,7008,4,-0.47368421052631593
1422,7032,4,7.526315789473684
1422,7169,5,7.526315856056483
1422,7668,4,6.526315789473684
1422,7812,2,7.526315789473684
1422,8141,5,1.4635339133127672
