user_id,book_id,rating,predict
14539,2310,4,3.9
14539,4765,4,3.9
14539,7422,4,0.8999999999999999
14539,8383,4,8.686292187490308
14539,8791,3,4.808473278580459
