user_id,book_id,rating,predict
14608,3107,4,6.675612800744572
14608,4693,3,6.692307810806886
14608,4737,4,4.6923076923076925
14608,4957,4,8.692307692307693
14608,5021,4,8.19227493003984
14608,5112,3,6.467891594484229
14608,5677,4,6.782600580393538
14608,5694,4,3.7511453715889247
14608,5710,5,7.583021279862123
14608,5917,3,6.389939885857016
14608,6001,3,4.9540552791715005
14608,6020,3,7.6646843925149
14608,6048,3,8.692307692307693
14608,6208,4,7.675612763330871
14608,6542,4,7.216524322230809
14608,7203,4,8.088405840482185
14608,7322,3,7.066360409336326
