user_id,book_id,rating,predict
14889,517,2,6.532922258349096
14889,667,2,6.671260276643341
14889,880,2,6.799588715093714
14889,1066,4,6.363768898201021
14889,1257,2,5.9285713809437715
14889,1276,2,6.418845293584075
14889,6328,1,1.9285714285714286
