user_id,book_id,rating,predict
14894,2373,4,8.167465046222118
14894,2970,5,8.677419461136877
14894,3035,5,9.264586191987508
14894,3158,5,8.67741935483871
14894,4784,2,4.67741935483871
14894,5771,4,5.944994225639074
14894,5952,5,1.5763531030820346
14894,6422,5,8.67741935483871
14894,6533,3,7.67741925984312
14894,6784,4,2.02614689280939
14894,7065,5,8.677419318115698
14894,7289,5,8.143102492487808
14894,8254,5,8.023070507756032
14894,9931,3,8.901398008225506
