user_id,book_id,rating,predict
1524,4529,4,3.95
1524,5256,3,3.95
1524,6282,3,7.95
1524,6471,4,8.95
1524,6491,5,8.621398981662585
1524,7738,4,8.383029953399443
1524,7843,3,7.163731568587496
1524,8019,4,6.995762379042331
1524,8162,2,7.1707889106610665
