user_id,book_id,rating,predict
15424,4514,3,8.006264268191135
15424,4916,3,8.009821615352246
15424,7306,4,0.3999999999999999
