user_id,book_id,rating,predict
15546,218,4,3.9565217391304346
15546,334,4,7.292460766738271
15546,676,4,7.351800006212134
15546,7440,5,8.956521739130434
15546,7744,4,6.956521739130435
15546,8096,3,0.9565217391304346
15546,9021,4,5.956521784705755
15546,9426,2,1.9565217391304346
15546,9620,5,5.686722502676316
15546,9921,5,7.628254210940654
