user_id,book_id,rating,predict
15563,1844,4,3.6785714285714284
15563,3347,2,6.559931085063198
15563,5259,5,6.524915074160326
15563,5887,4,0.09698631434016969
15563,6209,3,3.6785714285714284
15563,6245,3,6.413847310432818
15563,6705,4,8.457844427774083
15563,7148,3,7.678571562953714
15563,7221,3,-1.321428502026817
15563,7334,4,8.445219782571026
15563,7355,5,8.678571428571429
15563,7437,4,7.678571611262541
