user_id,book_id,rating,predict
15610,1894,3,6.444444609238646
15610,2069,3,8.040073393252143
15610,4436,3,1.5760694204617058
15610,4493,3,3.4444444444444446
15610,7601,4,7.862319304680283
15610,8884,4,7.955624893589186
15610,9070,4,7.444444627755075
15610,9273,4,6.730325655507931
