user_id,book_id,rating,predict
15635,4880,5,-0.8888888888888893
15635,6278,4,7.85827997815475
15635,6907,5,7.6635921224473
15635,7950,3,4.111111111111111
