user_id,book_id,rating,predict
15643,5575,5,3.25
15643,6230,3,1.583333292777507
15643,6402,3,7.6178259037374705
