user_id,book_id,rating,predict
16076,2940,5,3.9523809523809526
16076,3331,5,3.9523809523809526
16076,3591,5,3.9523809523809526
16076,3885,5,3.9523809523809526
16076,5769,5,6.9523809523809526
16076,6379,4,3.9523809523809526
16076,6545,4,7.9523809523809526
16076,7857,4,3.9523809523809526
16076,8449,4,-1.0476193009323342
16076,9835,4,-1.0476190476190474
