user_id,book_id,rating,predict
16119,1756,4,3.870967741935484
16119,2744,4,3.870967741935484
16119,3119,4,-0.12903225806451601
16119,4035,4,3.870967741935484
16119,4043,5,8.8709679107894
16119,5094,3,3.870967741935484
16119,5520,4,3.870967741935484
16119,6029,5,8.376101654865963
16119,6372,4,4.762494757062166
16119,6519,3,4.819534825746129
16119,6836,5,7.345299688233258
16119,6941,5,7.396635586278367
16119,7167,4,7.617929610607988
16119,7385,4,6.159047574333403
