user_id,book_id,rating,predict
16252,202,3,2.6666666666666665
16252,210,3,2.6666666666666665
16252,280,3,5.666666666666666
16252,370,2,2.6666666666666665
16252,394,3,2.6666666666666665
16252,415,2,1.6666666666666665
16252,435,4,5.666666666666666
16252,600,3,1.5106665857422392
16252,732,2,5.666666666666666
16252,759,3,2.0610520525321085
16252,880,3,6.942388721641077
16252,945,3,6.666666530591806
16252,981,2,5.340946304475713
16252,1008,3,6.251356315038002
16252,3862,2,7.3183481127242604
16252,6132,3,6.436673985381839
16252,6861,4,6.666666666666666
16252,6911,2,6.173665491951299
16252,7926,1,4.596522587691841
16252,8082,3,6.266141610709008
16252,8476,3,5.666666666666666
16252,9007,3,6.2791173910278175
16252,9153,4,7.052677785897114
