user_id,book_id,rating,predict
16280,2575,4,6.695652065117394
16280,2793,3,6.695652274934424
16280,2856,3,5.194829644993671
16280,6090,4,6.695652173913043
16280,6799,3,7.695652075157794
16280,7034,4,-0.9904068586231491
16280,8024,3,5.9531706606603745
16280,8311,4,7.878477694512865
16280,9294,4,8.349979400706884
16280,9970,4,6.695652173913043
