user_id,book_id,rating,predict
16459,636,4,7.410714384877611
16459,717,4,7.410714247994853
16459,954,4,8.93980831229221
16459,1749,3,4.410714285714286
16459,3230,4,4.410714285714286
16459,3275,4,-0.5892857142857144
16459,3759,5,4.686534738844448
16459,4107,4,-0.5892857142857144
16459,4229,4,4.410714285714286
16459,4410,4,4.410714285714286
16459,5245,4,4.410714285714286
16459,5710,5,8.398748501374314
16459,7248,5,7.437756044507202
16459,7786,5,8.058242648224795
16459,7818,4,8.305579396555494
16459,7939,5,9.410714285714285
16459,8208,5,8.84224983120616
16459,8339,5,8.410714285714285
16459,8595,5,9.410714285714285
16459,8705,3,9.17441419823762
16459,8851,3,7.79886243496753
16459,9098,5,7.410714159516607
16459,9140,4,8.270381561948097
16459,9712,5,8.384997913580246
16459,9996,5,8.410714285714285
