user_id,book_id,rating,predict
16793,2175,4,8.3
16793,2882,3,7.7204452311558125
16793,2964,5,7.916989786437859
16793,2973,3,7.3
16793,3214,5,8.48956437931305
16793,6467,3,4.3
16793,6672,5,8.787594394229053
16793,6821,5,8.787594394229053
16793,7851,5,8.714563711279435
16793,7941,3,8.714982120374547
16793,8631,4,8.300000048208751
16793,8849,4,8.766796133882117
16793,9333,5,7.903956740196671
16793,9879,4,7.859987189337078
