user_id,book_id,rating,predict
17068,5757,4,8.869565217391305
17068,6029,5,9.7983154266175
17068,6048,5,9.869565217391305
17068,6162,5,8.869565136262313
17068,7167,4,8.406327299236558
17068,7301,5,8.365237134712448
17068,7442,5,8.825570830898748
17068,8208,5,9.869565096135231
17068,8244,5,9.586128343726005
17068,8450,5,8.39774094769155
17068,8562,5,9.159463056580307
