user_id,book_id,rating,predict
17421,4717,4,4.285714285714286
17421,7019,3,8.285714392106206
17421,7492,4,6.285714285714286
17421,7732,4,4.285714285714286
