user_id,book_id,rating,predict
17528,659,2,3.6956521739130435
17528,1113,3,6.695652236220079
17528,1154,4,8.411429406107457
17528,1156,3,3.319483030679926
17528,1265,4,4.9907738065281695
17528,1282,3,6.695652268681783
17528,1329,4,3.3760371474057376
17528,1364,3,7.2310870125952205
17528,1432,3,6.695652269376566
17528,1492,4,-0.6310024759450754
17528,1613,4,8.084311539103288
17528,1666,5,8.695652076742721
17528,1877,3,7.262510146308526
17528,2052,5,7.6956520470877425
17528,2115,3,7.060567841385736
17528,2257,4,8.181958443575658
17528,2297,4,8.20249646890701
17528,2339,3,8.127011391198876
17528,2362,3,8.695652355385253
17528,2466,4,8.308795099372878
17528,5992,5,6.695652173913043
17528,6326,3,0.6809869459973474
17528,6337,2,3.610000087013569
17528,7198,4,0.6956521739130435
17528,7392,4,6.610329379686717
17528,7522,4,6.6956520737139815
17528,8221,3,8.695652385161036
17528,8908,4,6.8409032402934
17528,9554,3,7.695652094687533
17528,9921,5,7.695652173913043
