user_id,book_id,rating,predict
17885,2956,5,-0.4047619047619051
17885,3275,5,-0.4047619047619051
17885,3759,5,-0.046154190660105954
17885,4314,5,9.288915646752837
17885,5724,5,8.388165102575226
17885,6372,5,7.724617512555396
17885,6983,5,8.073063103417738
17885,7058,2,6.4784440469374935
17885,7167,5,7.7229415489542905
17885,7624,5,8.341368738506565
17885,7671,2,7.595238095238095
17885,7922,5,9.595238095238095
17885,7982,5,8.119450005770194
17885,8872,5,8.595238095238095
17885,8897,4,8.936921311157839
17885,8941,1,8.595238095238095
17885,9073,5,9.131640417451557
17885,9366,5,9.259501558109985
17885,9368,5,7.93097482572465
