user_id,book_id,rating,predict
18027,2502,2,6.869565108454317
18027,4502,5,6.869565217391305
18027,5618,3,7.1649410397568865
18027,5704,3,-0.10748022638079391
18027,7277,5,3.869565217391304
18027,7651,4,8.869565217391305
18027,8802,5,2.7183951074486945
18027,8821,5,8.869565217391305
18027,9317,3,7.869565217391305
18027,9455,5,7.869565217391305
18027,9582,3,7.161402277934204
