user_id,book_id,rating,predict
18130,6122,4,6.9999998716957155
18130,8054,4,7.414213379457647
