user_id,book_id,rating,predict
18285,3191,5,8.258204730421747
18285,4664,4,3.736842105263158
18285,5333,4,-0.5433200018888615
18285,5820,5,7.736842089331171
18285,6065,4,2.07280424565789
18285,6170,4,0.736842105263158
18285,6527,5,8.13096212386311
18285,6679,4,3.736842105263158
18285,6868,5,8.736842105263158
