user_id,book_id,rating,predict
18307,845,4,4.46875
18307,2070,4,4.46875
18307,2082,5,4.46875
18307,2896,3,4.46875
18307,2966,4,4.46875
18307,4984,5,0.46875
18307,5041,4,4.46875
18307,5074,4,4.46875
18307,5831,4,5.46875
18307,5976,5,9.468749792049401
18307,6723,3,2.8747395196323025
18307,7931,5,8.581223603447453
18307,8077,4,8.581223603447453
18307,8712,5,7.869320088139088
18307,9213,4,9.468749813418551
