user_id,book_id,rating,predict
18356,5267,5,4.777777777777778
18356,6141,5,4.777777777777778
18356,6859,5,7.887608291042596
18356,7317,5,-0.22222211483128618
18356,8414,3,8.506125735913916
