user_id,book_id,rating,predict
18397,2649,1,6.285714285714286
18397,4620,4,3.2857142857142856
18397,6341,4,-0.32833288405277194
