user_id,book_id,rating,predict
18463,1016,5,4.7272727272727275
18463,1842,4,7.220260191524575
18463,1899,5,7.1538031556853925
18463,3418,4,4.7272727272727275
18463,5952,5,8.307715418452494
18463,6352,5,8.727272727272727
18463,7709,5,4.7272727272727275
18463,8727,4,1.8836954625982125
18463,8759,4,8.311792814646378
18463,8998,5,4.7272727272727275
