user_id,book_id,rating,predict
19130,3598,2,4.285714285714286
19130,4530,3,6.9013844103014135
19130,6770,5,6.240560369731038
19130,6887,4,8.285714285714285
