user_id,book_id,rating,predict
19149,3542,4,3.7142857142857144
19149,4762,4,3.7142857142857144
19149,5284,3,7.7469575804182265
19149,5486,4,7.714285714285714
19149,6150,4,7.714285777628635
19149,6215,4,3.7142857142857144
19149,6321,4,7.714285714285714
19149,7604,4,6.714285714285714
19149,7924,4,3.7142857142857144
19149,8800,3,6.877996207701081
