user_id,book_id,rating,predict
1914,4015,5,3.586206896551724
1914,4147,5,3.586206896551724
1914,5482,4,3.586206896551724
1914,5935,5,3.586206896551724
1914,6304,3,6.586207073891444
1914,6519,4,2.8814254770405032
1914,7031,3,3.586206896551724
1914,7331,5,8.067061956978558
1914,7399,3,5.891623771615819
1914,7570,3,6.992239728779144
1914,8830,3,5.9805612354341475
1914,9000,3,6.586207011976809
1914,9068,3,6.586206896551724
