user_id,book_id,rating,predict
19468,3810,2,3.75
19468,5302,3,5.546159557756154
19468,6449,2,3.75
19468,7210,3,3.75
19468,7752,3,8.293986911921454
19468,9444,4,7.843858556808438
