user_id,book_id,rating,predict
19657,4818,4,3.3333333333333335
19657,5119,5,6.689086612011932
19657,6400,5,8.333333503439109
