user_id,book_id,rating,predict
2047,884,4,3.909090909090909
2047,1331,5,8.408540701882174
2047,1378,3,3.5274518306061395
2047,1449,3,8.432835836858814
2047,1481,4,5.909090909090909
2047,1781,5,8.487410351181426
2047,1848,5,8.23725353698649
2047,1930,3,7.572376166149011
2047,2357,4,7.559625536914882
2047,2386,4,7.909090909090909
2047,2498,3,7.909090909090909
2047,2508,4,7.747209278940558
2047,2540,3,7.96525627114005
2047,2584,5,7.446620024665029
2047,2643,4,6.269648296054104
2047,2874,3,6.231623414982582
2047,7952,5,5.280956730465
2047,8816,4,1.6339795690158598
2047,9391,3,3.909090909090909
2047,9493,3,-0.8591231024432098
