user_id,book_id,rating,predict
20712,7893,4,7.67546694117701
20712,7961,4,7.6
20712,8062,4,2.8817339243045006
20712,8103,5,8.600000203534266
20712,8132,4,7.599999856640156
