user_id,book_id,rating,predict
21215,1329,4,8.551724137931036
21215,1370,4,7.688100333258384
21215,1378,3,-1.2661605487669005
21215,1595,5,7.220307188980824
21215,2131,3,7.227380755007845
21215,2324,3,7.073540197123791
21215,2466,5,8.068559285795981
21215,3840,4,-0.4482758620689653
21215,5377,3,3.5517241379310347
21215,6704,4,3.1160057805219314
21215,7827,4,8.551724003482374
21215,8221,4,7.702540978040605
21215,8949,3,1.2210781803773911
