user_id,book_id,rating,predict
21299,3571,4,8.413793103448276
21299,4011,3,6.413793103448276
21299,4210,4,8.41379328186876
21299,5892,4,8.413793103448276
21299,6075,2,8.413793103448276
21299,6158,3,7.110503153796541
21299,6861,4,2.3793288945312456
21299,6961,4,3.413793103448276
21299,7067,3,7.413793103448276
21299,7084,3,3.1472737277497997
21299,7653,5,2.339416760377836
21299,9160,3,6.332478246529341
21299,9852,4,8.329199074743046
