user_id,book_id,rating,predict
21369,1313,4,8.448420248213028
21369,4777,5,9.75
21369,7210,4,9.75
21369,7333,5,7.75
21369,7386,4,4.75
21369,7562,5,8.75
21369,7563,5,4.75
21369,8731,5,1.749999863855927
21369,9183,5,4.75
