user_id,book_id,rating,predict
21603,1725,5,1.4426134369626729
21603,2216,3,0.13229860466891363
21603,3055,5,8.132899030660859
21603,3166,3,8.679999775545927
21603,3458,3,6.333873056790559
21603,3608,3,6.665058371505711
21603,4748,4,3.68
21603,5581,5,6.68
21603,6769,5,3.68
21603,6871,4,8.68
21603,7667,4,8.6799998364514
21603,8995,4,3.68
