user_id,book_id,rating,predict
21722,3637,4,5.862913759890997
21722,3842,3,7.368639635470404
21722,3895,3,5.931821447650047
21722,3967,5,7.49395681391043
21722,5281,5,9.124999808827752
21722,5436,3,7.973330708842388
21722,5465,4,2.032121209000853
21722,5803,4,5.49939470876849
21722,5856,4,5.158655031840529
21722,5887,4,7.551597778973909
21722,6239,4,9.12500014202362
