user_id,book_id,rating,predict
21731,6293,3,3.6875
21731,7181,4,5.486732718699329
21731,7257,4,3.6875
21731,7566,4,6.687500151854231
21731,7610,4,7.117199424024729
21731,7659,4,6.58834749485666
21731,7959,4,6.316758921117663
21731,8300,4,6.687499886815893
