user_id,book_id,rating,predict
21739,220,3,4.255102040816326
21739,280,5,4.255102040816326
21739,435,5,4.255102040816326
21739,500,5,4.255102040816326
21739,548,5,4.255102040816326
21739,954,5,9.255102289078787
21739,1229,4,4.255102040816326
21739,1244,3,6.89950077318698
21739,1284,3,9.255102040816325
21739,1578,5,0.3803329455651414
21739,1720,3,8.255102040816325
21739,1815,5,8.364351681806582
21739,1824,5,8.108360715871337
21739,1842,5,7.629843530611926
21739,1896,4,6.353471974088071
21739,1939,3,6.651819308063546
21739,2009,5,8.871828924820218
21739,2096,3,6.994486764822649
21739,2152,5,8.924507150889946
21739,2181,4,9.255101817604473
21739,2260,3,6.255102040816326
21739,2402,5,8.924507150889946
21739,2409,3,8.413602005178848
21739,2433,5,6.505233230761285
21739,2438,4,6.723474384324403
21739,2633,5,7.255102040816326
21739,2685,5,8.255101911834064
21739,2695,4,7.255102040816326
21739,2725,3,8.694600137948445
21739,2778,3,8.058101286035772
21739,2856,5,8.255102040816325
21739,2883,5,6.755364520054934
21739,2919,5,8.559033183000599
21739,2929,5,8.639071084297857
21739,2991,5,6.255101941467636
21739,3014,3,7.871935333840624
21739,3102,5,7.769890332267835
21739,3119,1,0.08311794771715597
21739,3151,3,8.781397863247147
21739,3279,3,8.751384986776966
21739,3303,3,7.232201625239329
21739,3365,5,8.599619922306104
21739,3386,5,8.255101887851813
