user_id,book_id,rating,predict
21821,3638,1,0.8235294117647061
21821,5743,4,0.8235295474449336
21821,8284,4,5.9418731498669715
21821,8449,3,0.8235295369985174
21821,9054,5,-0.17647045844341003
21821,9158,3,2.4661762437625177
21821,9436,3,3.823529411764706
21821,9756,4,7.222323887180254
