user_id,book_id,rating,predict
22039,4502,5,3.6363636363636362
22039,5023,4,3.6363636363636362
22039,6458,4,3.6363636363636362
22039,6604,4,3.6363636363636362
22039,8932,3,6.260766325243896
