user_id,book_id,rating,predict
22241,5535,4,3.739130434782609
22241,5959,4,3.739130434782609
22241,6038,3,-0.26086956521739113
22241,7104,3,3.739130434782609
22241,7285,4,4.3574618804878655
22241,7503,4,1.5316983027655438
22241,7588,3,7.910397812343103
22241,8104,3,6.739130434782609
22241,8218,4,3.739130434782609
22241,8753,4,-0.26086956521739113
22241,9087,4,3.739130434782609
