user_id,book_id,rating,predict
22516,4951,4,4.533333333333333
22516,6681,5,4.533333333333333
22516,7072,3,8.533333250863528
22516,7307,5,7.533333333333333
22516,7405,5,8.081876940285404
22516,7608,5,8.781869119215607
22516,8226,5,4.533333333333333
