user_id,book_id,rating,predict
22795,5012,5,4.454545454545454
22795,7302,4,4.454545454545454
22795,7375,4,4.454545454545454
22795,8463,4,9.08994363877045
22795,8789,5,7.96771248323167
22795,8886,4,9.111136934875102
