user_id,book_id,rating,predict
22920,1304,4,-0.16666666666666652
22920,1363,5,-0.16666666666666652
22920,1394,4,-0.16666666666666652
22920,1450,5,8.311305891329589
22920,1602,4,8.833333333333334
22920,1630,5,8.833333333333334
22920,1690,4,8.833333333333334
22920,1723,5,8.269841823788923
22920,1837,4,7.833333333333334
22920,1848,3,8.222261466901765
22920,1867,4,7.2356489606456815
22920,1898,4,8.612842582875235
22920,2043,5,8.194309713465124
22920,2258,4,3.8333333333333335
22920,4486,4,-0.16666666666666652
22920,4524,2,6.833333180192664
22920,5249,4,-0.16666666666666652
22920,5307,5,8.150777374850495
22920,6058,4,8.833333333333334
22920,6218,5,8.473261353360874
22920,6871,3,3.8333333333333335
22920,7164,3,8.272540419788662
22920,7691,3,8.077404960319802
22920,7887,3,7.389208272137663
22920,9021,3,1.6018914483961373
22920,9397,4,8.257062956430413
22920,9455,5,7.709858108869636
22920,9485,3,7.833333333333334
22920,9910,4,3.8333333333333335
