user_id,book_id,rating,predict
22946,835,4,3.217391304347826
22946,1352,4,3.217391304347826
22946,2460,3,3.217391304347826
22946,3842,3,7.99123770609933
22946,3917,3,8.217391304347826
22946,5291,3,8.217391095662997
22946,6048,3,2.2959424170295506
22946,6052,3,7.217391111985421
22946,6053,3,7.088916337805593
22946,6108,4,7.7761416001104315
