user_id,book_id,rating,predict
23018,4940,5,4.857142857142857
23018,7583,5,8.2195096010369
23018,7854,4,8.857142857142858
23018,8050,5,9.857142706189691
