user_id,book_id,rating,predict
23259,3210,4,8.663964495826898
23259,3349,5,8.460948555537893
23259,6853,5,5.1
23259,8327,5,4.1
23259,8996,5,4.1
