user_id,book_id,rating,predict
23601,6055,5,8.74999984483805
23601,6265,5,5.412380504788875
23601,6559,4,4.75
