user_id,book_id,rating,predict
2363,3211,3,3.46875
2363,3847,5,7.46875
2363,4086,5,4.066382562073619
2363,4168,5,-0.53125
2363,4335,4,-0.53125
2363,4693,2,3.46875
2363,4787,5,1.46875
2363,6344,3,3.46875
2363,6358,3,1.9266432981754746
2363,6546,2,6.46875
2363,6810,4,-1.0409771727475023
2363,6927,3,3.46875
2363,6950,3,8.468749800749977
2363,7556,3,0.468749943868338
2363,8304,4,7.929431101637197
