user_id,book_id,rating,predict
23674,932,4,4.703715796679001
23674,2401,4,6.871932542034504
23674,2985,5,7.695242487465597
23674,3035,3,7.027951221025713
23674,5952,3,7.500000123897667
23674,6047,3,8.5
23674,7364,4,6.03393981245118
23674,7720,3,8.114811624290828
23674,7878,3,7.320464798953063
23674,9156,4,7.963034475435367
23674,9767,3,8.5
