user_id,book_id,rating,predict
2372,4126,3,3.7142857142857144
2372,4457,4,3.7142857142857144
2372,4706,5,3.7142857142857144
2372,4770,5,3.7142857142857144
2372,4834,5,3.7142857142857144
2372,5038,3,-0.2857142857142856
2372,5202,4,8.714285714285715
2372,5276,5,3.7142857142857144
2372,5280,4,3.7142857142857144
2372,5663,4,7.7715101331240355
