user_id,book_id,rating,predict
23916,7279,4,2.333333333333333
23916,8588,4,4.333333333333333
