user_id,book_id,rating,predict
24174,3695,3,4.416666666666667
24174,5769,5,3.174742353538541
24174,5838,4,7.915931830779694
24174,5996,3,0.4166666315702736
24174,7121,5,3.174742353538541
24174,7945,5,7.100063354010746
