user_id,book_id,rating,predict
25002,462,4,3.5
25002,5019,5,-1.5
25002,5312,3,5.347556303685766
25002,5377,4,7.816430998620606
25002,6568,5,6.086708138414723
