user_id,book_id,rating,predict
2529,5640,4,8.002294765753287
2529,5869,4,8.66666638437256
2529,5964,4,3.6666666666666665
2529,6414,4,7.184902724481884
2529,7404,4,7.66666654872172
2529,8120,4,4.68679060393044
