user_id,book_id,rating,predict
25929,5435,5,-0.0769230769230771
25929,5820,4,3.923076923076923
25929,6326,5,-1.076923076923077
25929,6642,3,8.69584683343603
25929,6677,1,3.923076923076923
25929,6720,3,8.278797148536933
25929,6798,3,0.7771326978045203
25929,7378,4,0.9230768878092204
25929,7573,5,7.187160664331929
25929,7604,4,7.923077046636985
25929,8826,4,8.923077065352492
25929,9393,2,6.755902368285199
