user_id,book_id,rating,predict
26054,448,4,4.041666666666667
26054,1025,5,7.041666666666667
26054,1097,3,6.041666602960689
26054,1218,5,8.041666815731865
26054,1277,5,7.512390709124013
26054,1438,4,8.354300122701432
26054,1625,3,4.041666666666667
26054,1635,5,5.207120418820262
26054,1721,3,7.642710749751718
26054,1809,3,8.54516746201731
26054,1896,3,7.152647390728548
26054,1925,5,8.517094240536192
26054,1998,5,4.041666666666667
26054,2127,5,8.56116507397609
26054,2260,5,9.041666413472214
26054,2311,2,8.043429809064888
26054,2343,2,7.355934190432267
26054,2387,5,8.659056380545014
26054,2492,5,9.041666666666668
26054,2523,3,8.041666666666668
26054,2557,5,4.041666666666667
26054,2765,3,8.540888513438532
26054,2879,3,8.599230906391899
26054,3232,5,8.524087833652409
26054,3353,5,8.555042329920113
26054,3392,5,7.5845029763076734
26054,3460,4,8.041666666666668
26054,3531,3,4.041666666666667
26054,3591,5,8.22856592139459
26054,3715,3,7.458361454998409
26054,3790,2,8.395380179978929
