user_id,book_id,rating,predict
26121,3549,2,3.8286799243388563
26121,4604,3,0.026449362616499883
26121,4918,2,2.533333333333333
26121,5266,2,3.269586243326882
26121,5922,3,2.533333333333333
26121,6091,2,-1.0651220615983008
26121,6115,2,5.79990793892615
26121,6289,1,6.681499797519216
26121,6359,3,6.533333333333333
26121,6370,3,6.932131433260551
26121,6399,3,4.977118675996275
26121,6803,3,7.533333333333333
26121,7061,2,6.034215582525315
26121,7185,3,5.920207627475371
