user_id,book_id,rating,predict
26375,4995,5,0.7857142857142856
26375,6295,4,7.3804529551414415
26375,6672,4,8.132252038667804
26375,6677,4,6.785714285714286
26375,6809,5,8.785714540462019
26375,7237,3,7.947497482617313
