user_id,book_id,rating,predict
26462,3831,2,1.2312645141068526
26462,3836,4,8.777777777777779
26462,5484,5,3.7777777777777777
26462,5794,4,3.7777777777777777
26462,6031,5,0.7777777777777777
26462,6158,3,6.684816668348136
26462,6171,4,6.351971556040107
26462,6275,4,3.7777777777777777
26462,6419,4,8.777777777777779
