user_id,book_id,rating,predict
26800,34,2,7.708323386110507
26800,78,2,6.189873417721519
26800,81,3,6.697558102936261
26800,1041,3,3.189873417721519
26800,1060,2,5.857443708037799
26800,1069,5,-0.8101265822784809
26800,1102,2,-0.8101265822784809
26800,1344,5,5.831181653448541
26800,1485,2,0.904120544142681
26800,1762,1,7.189873417721519
26800,2490,2,7.189873245747357
26800,2496,3,6.530732377442613
26800,2630,5,6.691662585757813
26800,2661,4,7.189873417721519
26800,2820,4,7.189873543975792
26800,3252,3,7.670567900913457
26800,3284,3,5.183642723900676
26800,3373,3,7.189873417721519
26800,3450,2,7.40782953593388
26800,3683,5,6.5836825838504
26800,4016,2,7.189873417721519
26800,4265,2,6.189873321376614
26800,4341,3,3.189873417721519
26800,4391,5,6.815580625163625
26800,4527,2,7.183642723900676
26800,4639,2,6.164161667265818
26800,5349,2,6.650220667991226
26800,5667,2,5.268048565031792
26800,5737,2,6.702834357678114
26800,5925,4,7.189873417721519
26800,6104,5,4.781277152768252
26800,6633,1,5.616732583121817
26800,7546,2,3.189873417721519
26800,7620,5,6.836688880713842
26800,8261,2,-0.8101265993714639
