user_id,book_id,rating,predict
26898,380,5,4.25
26898,564,3,8.103081025466778
26898,1090,5,2.09669647991247
26898,1192,4,8.767815316429045
26898,1205,4,8.135375028318855
26898,1259,3,7.25
26898,1265,5,8.894774953459516
26898,1281,5,8.25
26898,1283,4,9.249999864127421
26898,1380,5,9.25
26898,7541,4,0.2500001321349923
26898,7768,3,7.25
26898,7812,5,7.228114592958494
26898,8389,4,4.25
