user_id,book_id,rating,predict
27886,1803,3,6.177037944785834
27886,1805,4,6.784691963190555
27886,1820,5,9.0
27886,1840,4,6.852227949053349
27886,2336,4,4.0
27886,4597,4,4.0
27886,6387,4,8.03624383456702
27886,7410,4,7.386885487959837
27886,8728,3,7.50782243037461
