user_id,book_id,rating,predict
27918,3587,3,4.222222222222222
27918,6196,4,4.222222222222222
27918,6559,5,4.222222222222222
27918,6879,3,1.2222222222222223
27918,7667,3,7.997086897311345
