user_id,book_id,rating,predict
27926,2599,3,8.777777777777779
27926,2697,3,5.824160760183474
27926,2764,4,6.662386159523965
27926,3319,3,7.777777883862635
27926,3444,5,7.203171025264688
27926,8183,3,7.777777952407044
27926,8859,5,3.7777777777777777
27926,9876,4,8.777777634237218
