user_id,book_id,rating,predict
27949,4856,4,4.833333333333333
27949,8435,4,-0.16666666666666696
27949,8590,5,8.476164724568127
27949,9197,5,8.833333333333332
27949,9574,5,7.833333368582233
27949,9927,5,8.205490849557414
