user_id,book_id,rating,predict
28009,5952,3,7.6655772857737485
28009,6352,4,7.9523809523809526
28009,6458,3,3.9523809523809526
28009,7065,4,7.573842479604813
28009,7289,4,7.9523809523809526
28009,8254,4,6.952380879656409
28009,8994,4,7.95238077339293
28009,9346,4,7.9523809523809526
28009,9492,4,7.9523808586272375
