user_id,book_id,rating,predict
28624,4272,4,3.75
28624,4735,3,0.75
28624,5948,4,3.75
28624,7941,4,7.749999839827963
28624,7944,4,6.022489048253243
28624,8719,3,7.749999870017427
