user_id,book_id,rating,predict
28695,1997,3,7.156046358851831
28695,2113,4,7.060752946564633
28695,2307,3,6.424242424242424
28695,2872,5,8.264659700905394
28695,4295,4,7.424242355383069
28695,5472,3,3.4242424242424243
28695,6232,3,3.4242424242424243
28695,7094,4,7.424242493525661
28695,7984,3,6.885821607122655
28695,8816,3,7.424242589977769
28695,8981,5,5.655681764413314
28695,9065,3,6.989518461299752
28695,9185,4,8.017954743204323
28695,9547,4,6.424242424242424
28695,9885,3,7.424242424242424
