user_id,book_id,rating,predict
28819,2132,3,3.7037037037037037
28819,2442,1,3.7037037037037037
28819,4270,3,-1.2962962962962963
28819,4620,4,-0.2962962962962963
28819,5424,3,8.47806876361561
28819,6101,3,7.703703528044578
28819,6225,2,7.156671473093912
28819,6880,4,6.470511707929248
28819,6996,4,8.280448042157467
28819,7245,4,7.54147480333569
28819,7398,3,7.798830253316902
28819,7522,5,6.703703703703704
