user_id,book_id,rating,predict
28851,4024,4,3.75
28851,4126,3,8.75
28851,4670,4,-0.25
28851,6885,4,-0.25
28851,7565,3,6.052169535357097
28851,8088,2,7.486506280284693
