user_id,book_id,rating,predict
29295,1767,4,8.999999931782277
29295,1951,2,7.313076977385471
29295,3598,2,4.0
29295,4344,3,4.0
29295,9169,3,4.0
29295,9791,3,6.0
