user_id,book_id,rating,predict
30551,7939,5,9.05006907680174
30551,8595,5,7.981864003259146
30551,8820,5,7.4444443691877895
30551,8878,5,4.444444444444445
