user_id,book_id,rating,predict
30592,3461,4,5.414821501904761
30592,3490,4,6.853244853442273
30592,5396,2,4.0
30592,7245,4,7.591246436087279
30592,7360,4,8.000000175116629
30592,8863,4,7.6713389609823
30592,9778,3,4.654661775540518
30592,9819,3,7.315800587446103
