user_id,book_id,rating,predict
30648,5821,3,-0.7142857142857144
30648,5998,2,8.285714285714285
30648,6657,5,7.495627964775217
30648,7303,4,7.538839562923967
