user_id,book_id,rating,predict
30668,5178,5,-0.5
30668,6127,5,7.5
30668,6370,5,9.368297554116097
30668,6803,5,9.500000092172954
30668,7415,4,8.982130868594371
