user_id,book_id,rating,predict
30754,2511,3,2.75
30754,4870,3,2.75
30754,5757,4,7.030288540887603
30754,6494,2,7.750000151898322
30754,7430,4,7.75
30754,7503,3,-0.24999994177945561
30754,7595,3,6.332126990761193
30754,7618,3,6.8123395468372765
30754,8125,2,6.344111463642751
30754,8134,3,7.300280934732361
30754,8207,3,6.750000097597787
30754,8411,4,0.4850571042663452
30754,8450,3,6.293223767277131
30754,8564,2,6.46428586240398
