user_id,book_id,rating,predict
30803,3867,4,3.35
30803,6024,5,5.564653956612018
30803,6090,4,0.3500000000000001
30803,6770,3,-0.46132061543142155
30803,6883,3,3.35
30803,7508,4,-0.6499999999999999
30803,7515,4,3.35
30803,7988,5,7.350000120523269
30803,8122,4,7.191985568444554
