user_id,book_id,rating,predict
30878,2082,3,3.7777777777777777
30878,5508,3,3.7777777777777777
30878,7864,3,7.560501863018848
30878,8222,4,8.295405356132612
