user_id,book_id,rating,predict
31063,1688,3,5.65
31063,2081,4,7.136400179503804
31063,2118,3,6.157559770493217
31063,2236,1,2.65
31063,2441,4,6.600876587539373
31063,3249,3,6.317502784665791
31063,5919,1,-2.35
31063,6491,3,5.810896419034334
31063,8109,5,6.590509368938845
