user_id,book_id,rating,predict
3114,732,3,3.743362831858407
3114,856,4,1.743362831858407
3114,884,3,3.743362831858407
3114,892,3,3.743362831858407
3114,932,3,3.743362831858407
3114,946,3,3.5987940385053863
3114,1032,4,6.743362831858407
3114,1041,2,0.7433628318584069
3114,1175,5,8.187397632687256
3114,1293,4,7.876630925990426
3114,1301,4,3.743362831858407
3114,1456,4,7.743362831858407
3114,1531,3,8.203544171054018
3114,1538,4,1.743362831858407
3114,1611,4,7.743362831858407
3114,1626,4,8.363084051929883
3114,1726,4,7.12264823062258
3114,1760,4,8.215017340001596
3114,1791,4,7.408577811189128
3114,1796,4,-1.0724154101296608
3114,1827,3,6.743362831858407
3114,1833,5,7.5032661135220895
3114,1977,3,7.934532349473226
3114,2007,3,6.154617065326544
3114,2036,4,8.60878971307379
3114,2289,5,8.743362626937284
3114,2345,4,6.806225276641218
3114,2361,4,6.7433629027729625
3114,2724,4,7.743362952057273
3114,2935,4,8.217199684914915
3114,2954,4,8.743362831858407
3114,3019,5,7.347580416186236
3114,3078,3,8.743362709198752
3114,3179,4,7.743362984935196
3114,3197,4,7.043470849706434
3114,3373,3,6.743362732973708
3114,3712,4,8.217199684914915
3114,3833,4,7.743362831858407
3114,4027,4,7.043470849706434
3114,4233,3,6.288767903943415
3114,4253,4,7.043470849706434
3114,4720,4,7.514068256550736
3114,4862,3,7.743362831858407
3114,5221,4,6.743362831858407
3114,5263,4,7.058629984418061
3114,5511,4,7.743362831858407
3114,5717,4,8.307132291046596
3114,5826,4,7.058629984418061
3114,5905,4,7.058629984418061
