user_id,book_id,rating,predict
31194,1183,3,3.4444444444444446
31194,5723,1,7.444444444444445
31194,6120,5,7.989216626744315
31194,6169,2,7.357896555086358
31194,6997,5,8.233580506519756
