user_id,book_id,rating,predict
31218,3139,3,3.6956521739130435
31218,3377,5,3.6956521739130435
31218,3930,3,0.6956521739130435
31218,4270,3,3.6956521739130435
31218,4284,3,-0.30434782608695654
31218,4902,5,3.6956521739130435
31218,6101,5,7.1648336675215845
31218,6225,3,7.113950098084276
31218,6272,3,6.010375446185204
31218,7723,4,6.363127306865574
31218,7952,3,6.6899385808293355
