user_id,book_id,rating,predict
31633,5393,4,5.369255018428955
31633,6019,2,3.111111111111111
31633,6789,4,8.072872960877532
31633,6943,3,3.111111111111111
31633,7672,4,8.11111111111111
