user_id,book_id,rating,predict
31739,5038,4,4.083333333333333
31739,5452,3,4.083333333333333
31739,5453,4,4.083333333333333
31739,6026,4,7.084184838686206
31739,6503,5,1.08333341822707
31739,6522,4,8.083333470662147
