user_id,book_id,rating,predict
31957,2096,4,9.04871590617821
31957,2438,5,8.002237804806473
31957,2459,4,9.478260869565219
31957,3254,3,7.731785373010862
31957,3279,4,8.036369630750059
31957,3303,5,8.09972734463649
31957,5114,2,0.6518470978870097
31957,7860,5,8.478260869565219
31957,8474,5,7.128004982384276
31957,9045,5,7.767567196890105
