user_id,book_id,rating,predict
32333,3602,3,2.6525091424113443
32333,4904,4,8.630750213790229
32333,9958,3,7.833333333333334
