user_id,book_id,rating,predict
32448,3320,4,3.5555555555555554
32448,4707,4,3.5555555555555554
32448,7467,4,7.066086570072462
32448,7703,5,7.060865217200083
