user_id,book_id,rating,predict
3250,5733,4,7.660421332490873
3250,6532,5,6.453958000700862
3250,7037,5,4.8
