user_id,book_id,rating,predict
32750,6587,4,8.647276739114346
32750,7808,5,0.16666666666666696
32750,8318,3,4.166666666666667
