user_id,book_id,rating,predict
32897,5547,3,4.792345157465952
32897,5566,4,-0.5454544635370939
32897,5749,3,6.454545454545455
32897,5892,3,6.901763445722283
32897,6513,3,7.911546701853432
