user_id,book_id,rating,predict
32962,2185,4,7.571428571428571
32962,2868,4,7.191442370482397
32962,3211,4,7.571428571428571
32962,3405,3,6.490476266655763
32962,3503,5,8.571428571428571
32962,3554,3,6.998029613759451
32962,4373,4,8.571428571428571
32962,5172,3,6.150183293236822
32962,5246,5,7.57142870182474
32962,5720,4,8.571428571428571
32962,5736,4,-1.4285714285714284
32962,6026,3,7.76593356234995
32962,6127,5,7.032149416957333
32962,6343,3,7.044979370480922
32962,6464,3,6.571428571428571
32962,6506,4,4.670137438797278
32962,6657,4,7.162740163235828
32962,6803,4,7.571428571428571
32962,6974,4,6.339753140281385
32962,7202,3,6.894329265369052
32962,7415,3,7.571428738080378
32962,7782,5,7.571428571428571
32962,7847,5,8.571428571428571
32962,8219,4,8.025112162026838
32962,8344,3,8.00584537596346
32962,8364,3,8.078547659381528
32962,8621,3,7.153212897040778
