user_id,book_id,rating,predict
33068,3107,3,7.5476190476190474
33068,3405,4,8.547619049314045
33068,3554,3,6.722255120953728
33068,3863,3,3.5476190476190474
33068,4373,3,8.547619047619047
33068,4450,2,7.54761918692411
33068,5172,5,7.547618980658212
33068,5246,4,3.0235389473798238
33068,5546,1,-0.7146780862521727
33068,5584,1,7.310025337099866
33068,5854,4,8.497929715501748
33068,5904,4,7.547619190046527
33068,5998,3,8.388344126726652
33068,6343,4,7.5476189817540895
33068,6365,3,6.949630993891807
33068,6424,4,7.5476190476190474
33068,6657,3,7.315713938330044
33068,6789,5,8.547619047619047
