user_id,book_id,rating,predict
33227,1338,1,4.937499966232577
33227,2191,2,3.9375
33227,2336,4,3.9375
33227,4796,3,7.9375
33227,5387,4,6.9375
33227,6274,5,3.9375
33227,6379,4,7.137219326540978
33227,6587,3,2.4296713557131406
33227,6593,3,6.9375
33227,7540,4,3.9375
33227,8069,3,8.9375
33227,8112,5,8.294536016353103
33227,8789,4,3.9375
33227,8867,2,5.421943828931579
