user_id,book_id,rating,predict
33322,5038,5,3.875
33322,5502,5,8.409739331163742
33322,5653,2,6.642810447911593
33322,6574,4,8.413407720255186
