user_id,book_id,rating,predict
33583,4628,5,3.6
33583,4783,4,3.6
33583,6207,3,6.60000007261312
33583,6815,5,1.2793039775473067
33583,6822,5,3.6
