user_id,book_id,rating,predict
33816,1451,5,6.991474379366198
33816,1635,3,7.75881240688912
33816,1771,3,6.165700684264001
33816,1836,4,8.10208768607517
33816,1939,3,7.603048452980001
33816,2096,3,7.575757780330601
33816,2127,3,7.634137415406812
33816,2181,3,7.575757575757576
33816,2512,3,7.575757575757576
33816,7016,3,6.9493332251034285
33816,7611,3,5.575757682002887
33816,7650,2,3.5757575757575757
33816,7720,4,8.575757575757576
33816,8383,5,7.942342112298451
33816,8899,4,7.389576933517288
