user_id,book_id,rating,predict
34051,1192,3,6.374749142305524
34051,1433,2,6.586206986815457
34051,1786,3,6.169463265359237
34051,1790,3,7.082527997010175
34051,5422,3,8.586207162507417
34051,6194,3,2.3855586477802846
34051,6737,3,6.3876298736639665
34051,7397,3,0.8037239772518818
34051,7455,4,8.185495407995603
34051,8057,5,5.586206896551724
34051,8237,2,3.586206896551724
34051,8343,5,6.586206896551724
34051,8881,5,7.586207007857324
