user_id,book_id,rating,predict
34148,2511,4,4.125
34148,5021,4,9.125
34148,5426,3,1.125
34148,5631,3,7.05065919716634
34148,6205,5,8.125
34148,6208,5,8.17132313043523
34148,6292,3,8.449492444747166
34148,6703,4,8.952029378320596
34148,6789,4,9.125
34148,6836,5,7.513751506155617
34148,6930,5,8.125
34148,6979,4,9.006204801236233
34148,7159,5,7.8293024114550605
34148,7203,5,8.125
34148,7637,3,7.124999903949993
