user_id,book_id,rating,predict
3416,3722,4,7.375000121554433
3416,7944,4,5.994872425216271
3416,8007,3,2.067107247877993
3416,8498,3,7.796704759055426
3416,8600,3,6.784880294800855
3416,9072,4,6.457747657034702
3416,9264,3,7.307121111482312
