user_id,book_id,rating,predict
34268,878,3,7.5
34268,1013,5,8.5
34268,4649,5,4.094751221724823
34268,5624,5,4.605284027225029
34268,5657,2,1.5
34268,6006,5,7.5
34268,6626,4,4.5
34268,6663,3,7.5
34268,7690,5,9.499999875317204
34268,7894,5,9.5
34268,8246,5,3.8789552384005273
34268,8383,5,1.417664853492306
34268,9002,4,6.823335619034199
34268,9125,5,9.5000002635005
34268,9156,5,8.50000016996417
