user_id,book_id,rating,predict
34808,787,5,4.98
34808,956,5,9.084523373095099
34808,1013,5,8.818099827934693
34808,1213,5,4.98
34808,1383,5,8.97165586927411
34808,1579,5,8.035956341003775
34808,1836,5,9.98
34808,1875,5,8.993982177880941
34808,1934,5,8.37131339785576
34808,1939,5,8.553993915464165
34808,2127,5,9.979999871738924
34808,2206,5,9.067327475643411
34808,4169,5,9.88136275909228
34808,5094,3,6.98
34808,5657,5,9.979999852209335
34808,6084,5,9.522226818570664
34808,7517,5,9.639914979779254
34808,7942,5,2.2526049769054395
34808,7945,5,9.980000142830406
34808,8791,5,9.881639969649154
34808,8856,5,8.397926965280648
34808,9746,5,9.69010205848341
