user_id,book_id,rating,predict
34967,3114,5,4.230769230769231
34967,3233,5,4.230769230769231
34967,3848,5,9.230769459479255
34967,5040,5,4.230769230769231
34967,5183,5,4.230769230769231
34967,5859,5,7.795986599683571
