user_id,book_id,rating,predict
35211,2672,3,4.0
35211,3721,5,4.0
35211,5380,3,4.0
35211,5455,5,8.422240498728872
35211,6094,5,4.0
35211,6164,5,9.000000206160164
35211,6359,3,4.0
