user_id,book_id,rating,predict
35562,6435,5,9.8333335945871
35562,6875,4,9.833333391271132
35562,7407,4,4.833333333333333
