user_id,book_id,rating,predict
35666,1563,4,6.5273353560740865
35666,4566,5,4.125
35666,4972,4,4.125
35666,5704,2,7.792607626728435
35666,6025,5,9.125
35666,7046,4,9.064705314402447
35666,7245,5,8.554575376101623
35666,7365,5,0.38308122518792853
35666,7713,5,7.046090490700831
35666,8617,5,4.125
35666,8786,4,7.013264742796448
35666,8837,3,8.14147609041789
35666,8896,5,8.125
35666,9568,5,7.592052112535918
