user_id,book_id,rating,predict
35726,2131,5,8.00797430402237
35726,2177,5,9.724137931034484
35726,2527,4,9.224629041620872
35726,3358,5,9.306927798841418
35726,4153,4,3.322274342865576
35726,5399,5,8.724137931034484
35726,5596,5,9.724137976089011
35726,6264,5,0.7241380358075897
35726,7205,5,7.837498790230116
35726,7357,5,8.724137931034484
35726,8504,5,9.72413811052962
35726,8760,5,9.179097305263008
35726,9648,5,8.41156958550435
