user_id,book_id,rating,predict
35751,3682,3,5.785714285714286
35751,5937,5,5.624839645064672
35751,6037,3,-1.6928384106540975
35751,6264,4,6.314935066096719
35751,6546,4,6.337658892331155
35751,6727,4,2.7857142857142856
35751,6883,2,2.7857142857142856
35751,6885,2,5.708476634950215
35751,7656,3,5.1394292985340275
35751,7738,4,6.7857142187364
35751,8061,4,6.487944967070801
35751,8107,2,2.7857142857142856
35751,9834,2,7.2574383543289045
