user_id,book_id,rating,predict
35765,169,3,3.53125
35765,622,3,5.53125
35765,683,4,4.53125
35765,716,3,4.410402311197013
35765,821,3,6.308213597324021
35765,1193,5,7.777921768465949
35765,1304,4,3.53125
35765,1358,4,-1.1012086452118037
35765,1363,4,3.53125
35765,1394,4,3.53125
35765,1414,3,6.531249950306151
35765,1424,4,7.997655656062225
35765,1450,4,7.561519200387902
35765,1459,3,6.53125004612551
35765,1578,5,4.227980526839572
35765,1602,4,8.53124979696091
35765,1630,4,8.53124979696091
35765,1635,3,5.687456297033897
35765,1690,4,8.01025360943813
35765,1838,4,7.374328530609656
35765,4335,4,6.549687900514166
35765,6293,3,3.53125
35765,6708,3,3.53125
35765,7188,3,3.53125
35765,7566,4,7.168299037378785
35765,7610,3,6.531249867570881
35765,7721,3,8.028903996037208
35765,8143,4,8.53125
