user_id,book_id,rating,predict
35805,7488,2,8.411219904439207
35805,8204,4,7.599379671242938
35805,8342,4,5.8663501999885055
