user_id,book_id,rating,predict
35929,4664,4,7.5
35929,4823,4,6.870679356097005
35929,5424,5,7.09506661769459
35929,5531,4,7.5
