user_id,book_id,rating,predict
37082,2097,4,7.0164027358260626
37082,2131,4,7.233592914508058
37082,2860,4,8.226628538885944
37082,2953,4,7.680376508329072
37082,3210,5,7.637177975426386
37082,3381,4,8.269668688838497
37082,4597,4,3.8095238095238093
37082,6128,4,3.8095238095238093
37082,7946,4,6.382138235211299
37082,8697,4,8.317126493010411
