user_id,book_id,rating,predict
37393,647,4,-0.3421052631578947
37393,940,4,3.6578947368421053
37393,1063,4,6.657894669991281
37393,1072,4,5.813621136668228
37393,1241,4,1.6578947368421053
37393,1378,3,-0.3421052631578947
37393,1397,4,-0.3421052631578947
37393,1417,3,0.31654666471892146
37393,1430,3,6.178101382108615
37393,1436,3,6.831987551394295
37393,1662,5,-1.3421052631578947
37393,1884,4,4.610084876933173
37393,2136,3,6.032407826706289
37393,2202,4,7.657894736842105
37393,5355,3,6.0800671833280315
37393,5918,4,5.628161325061559
37393,9084,4,5.657894736842105
