user_id,book_id,rating,predict
37420,2097,4,9.428571214026324
37420,2316,4,5.1750473703038695
37420,8523,4,0.4285714285714288
