user_id,book_id,rating,predict
37556,1098,5,7.865286921881575
37556,1104,4,6.836310336377318
37556,1459,3,8.428816680944632
37556,1804,5,7.3
37556,1834,4,8.3
37556,1894,4,7.412811304334964
37556,2046,5,5.817198874975471
37556,2065,5,8.3
37556,3119,5,4.3
37556,4133,4,7.299999903820226
37556,4666,3,8.3
37556,6757,5,6.2999999617444296
37556,7972,3,6.300000099829531
37556,9787,4,7.300000140547505
