user_id,book_id,rating,predict
37751,6296,4,7.164903628256707
37751,6401,5,4.0
37751,7325,4,4.988851613343627
37751,7393,3,9.0
37751,8592,3,8.999999778001119
