user_id,book_id,rating,predict
37879,7460,3,5.634239139153614
37879,7570,5,6.113731683499934
37879,7687,4,7.621780372397295
37879,8022,3,1.0999999999999996
37879,8290,5,1.6215147959806173
