user_id,book_id,rating,predict
38516,6607,5,3.5714285714285716
38516,6664,3,7.571428513352805
38516,7210,3,8.338870592107396
