user_id,book_id,rating,predict
38544,2460,5,4.583333333333333
38544,2537,4,0.583333333333333
38544,3944,5,7.78333367765668
38544,3981,5,8.626761959627615
38544,4484,5,5.157337977739041
38544,5452,4,7.583333333333333
