user_id,book_id,rating,predict
38557,1110,3,7.2369117563355125
38557,1522,3,6.8518519745028605
38557,1804,4,8.16034004796626
38557,3430,3,-1.1481481481481484
38557,6245,3,6.851851851851851
38557,7166,4,-1.1481481481481484
38557,7467,3,3.8518518518518516
38557,8193,3,7.068946758156799
38557,8685,3,7.395906302074227
38557,8983,3,6.364828436236887
38557,9145,3,7.758616369165338
38557,9860,4,6.633091454586168
