user_id,book_id,rating,predict
38663,5035,4,9.3125
38663,5256,4,4.3125
38663,6251,4,8.3125
38663,7292,2,2.346603441967354
38663,7360,4,8.312500196559347
38663,8474,4,8.3125
38663,8585,5,4.3125
38663,8623,5,8.504776486945634
