user_id,book_id,rating,predict
38687,592,3,3.5238095238095237
38687,649,4,3.5238095238095237
38687,775,4,-0.4761904761904763
38687,822,5,3.5238095238095237
38687,874,3,6.523809523809524
38687,1102,3,3.5238095238095237
38687,1203,4,-1.0808250013307719
38687,1555,3,3.608790511492772
38687,1700,5,7.523809674284393
38687,1856,3,7.119445081869722
38687,1883,5,8.317217701621253
38687,1927,3,-0.35486251232410115
38687,1941,3,6.52380962143876
38687,1978,4,8.07324038489115
38687,1999,3,7.911747411929075
38687,2085,4,7.922262864124267
38687,2193,3,5.947611210812196
38687,2229,3,7.146550519625013
38687,2520,5,5.630346768185864
38687,2538,4,7.856320856784358
38687,2543,4,6.781868995213035
38687,2598,5,7.523809631671578
38687,2621,4,6.845888025104788
38687,2806,3,5.042296848876132
38687,2917,5,8.06641542657801
38687,3219,3,5.939735477762451
38687,3472,5,8.523809700837521
38687,3630,4,4.974537184959759
38687,3692,4,7.978980134029241
38687,3791,4,6.890327902990967
38687,3794,3,7.498383003118712
38687,4220,3,7.523809745755743
38687,4392,3,5.523809418558442
38687,4520,5,6.145440357020982
38687,4635,3,6.773381181277156
38687,4697,2,7.025024169527391
38687,4788,5,7.750777447870956
38687,4856,4,6.250325134659089
38687,4932,4,6.473398475697161
38687,4973,5,6.523809365932902
38687,5084,5,6.954176699858468
38687,5378,4,7.146499082126232
38687,5709,4,6.988154447309302
38687,5950,3,7.992510543543433
38687,6045,5,8.20367599608749
38687,6382,3,6.685932799865907
