user_id,book_id,rating,predict
38763,4407,4,4.2
38763,4693,3,5.563437597023679
38763,6020,3,6.4792814239221155
38763,6519,4,4.2
38763,6836,5,8.2
