user_id,book_id,rating,predict
38859,4173,5,-0.7999999999999998
38859,6331,5,0.7865647509411118
38859,7662,5,-0.7999999999999998
38859,7784,2,8.469985354298021
38859,8420,5,8.655533428369836
