user_id,book_id,rating,predict
39184,5786,4,6.499999874718602
39184,7873,4,7.034143893151801
