user_id,book_id,rating,predict
40105,3828,4,3.0434269119158484
40105,4388,4,4.238095238095238
40105,5851,5,4.238095238095238
40105,6844,5,1.2380952380952381
40105,7271,5,0.5288043408293435
40105,7375,5,1.2380952380952381
40105,8079,3,8.238095344169867
40105,8879,5,4.238095238095238
40105,9172,2,6.932708982348611
