user_id,book_id,rating,predict
40208,3836,5,9.785714285714285
40208,3930,5,4.785714285714286
40208,4370,5,4.785714285714286
40208,5690,5,8.785714285714285
40208,6595,5,4.785714285714286
40208,6620,5,4.785714285714286
40208,6898,5,9.403953455593298
