user_id,book_id,rating,predict
40345,8394,5,7.855743243784189
40345,9108,4,6.449874360594256
