user_id,book_id,rating,predict
40648,1793,3,3.6666666666666665
40648,2171,4,6.666666666666666
40648,2749,3,5.666666666666666
