user_id,book_id,rating,predict
40711,3928,5,3.8666666666666667
40711,4370,4,3.8666666666666667
40711,5364,4,3.8666666666666667
40711,5783,4,3.8666666666666667
40711,6591,3,-0.1333333333333333
40711,7433,3,7.534792306514612
40711,7515,4,7.782603851570319
