user_id,book_id,rating,predict
40829,721,5,-0.7276486135445825
40829,1467,3,6.09075546779651
40829,1844,3,3.7777777777777777
40829,6158,2,8.01019344907495
40829,7029,4,-1.2222222222222223
40829,7798,2,7.92280419545501
40829,8382,4,3.7777777777777777
40829,9834,3,8.405365935859688
