user_id,book_id,rating,predict
41078,6193,4,8.652934202638425
41078,6203,4,7.939466575226035
41078,6506,4,4.25
