user_id,book_id,rating,predict
4111,629,5,3.892857142857143
4111,1499,5,8.892857142857142
4111,1661,3,7.892857142857142
4111,1814,3,7.386413221462757
4111,6460,3,6.483482294529974
4111,8065,5,8.160058015427653
4111,8348,4,8.375291569087977
4111,8722,4,8.370135612143022
4111,9392,4,7.468210982474892
4111,9516,5,8.699753165621114
4111,9600,4,8.172650711272722
4111,9691,4,7.892857142857142
4111,9787,5,7.226769820161628
