user_id,book_id,rating,predict
4113,2867,4,3.6666666666666665
4113,4956,3,8.666666666666666
4113,6895,2,-1.3333333333333335
4113,8598,3,8.666666666666666
4113,8977,5,7.234852267865126
