user_id,book_id,rating,predict
41215,6332,3,7.60000011815573
41215,6403,5,8.286231041145157
41215,6735,5,4.656153331693256
