user_id,book_id,rating,predict
41298,582,3,-0.7666666666666666
41298,932,5,5.802513391733557
41298,1371,5,4.233333333333333
41298,1524,5,7.453141247713716
41298,1550,3,7.69718636762698
41298,1705,5,8.233333373745676
41298,1891,4,8.233333112481473
41298,2139,5,4.233333333333333
41298,5808,4,4.233333333333333
41298,5935,4,0.2333333333333334
41298,7763,3,4.233333333333333
41298,9077,5,7.233333398646542
41298,9149,4,7.03746649577109
41298,9944,5,4.2530648190771805
