user_id,book_id,rating,predict
41983,1860,5,8.750701137869797
41983,1951,5,9.222222344729145
41983,2008,5,8.594720373592757
41983,2179,4,7.629983532830423
41983,2194,4,8.590181600978713
41983,3328,4,9.222222222222221
41983,3430,3,4.222222222222222
41983,9833,3,4.222222222222222
