user_id,book_id,rating,predict
42011,920,4,8.022936089003128
42011,2940,5,-0.7666666666666666
42011,3636,5,8.233333333333334
42011,4323,5,4.233333333333333
42011,4482,3,4.233333333333333
42011,4936,2,6.233333333333333
42011,4990,4,1.2333333333333334
42011,5909,3,2.1206468875027014
42011,7489,4,7.881484016125691
42011,7929,3,4.233333333333333
42011,8854,4,-0.7666665343153447
42011,9316,5,-0.06531359077860088
42011,9318,5,-0.06531359077860088
42011,9824,5,-0.06531359077860088
