user_id,book_id,rating,predict
42516,945,3,8.058294453626345
42516,950,4,8.336042508828772
42516,987,4,8.761904983248105
42516,1045,3,8.121148514670246
42516,1140,3,7.365416858326059
42516,1192,4,8.294368968472993
42516,1227,4,8.31048229715933
42516,1251,3,8.31048229715933
42516,4497,5,3.761904761904762
42516,5939,4,5.02920332231122
42516,7062,4,5.993230616176294
42516,7497,5,0.28692270562707245
42516,7653,4,8.358528050479658
42516,7975,3,7.202209655647347
42516,8206,3,5.712745468583406
42516,8534,3,5.5515517803821535
42516,9361,3,7.761904761904762
42516,9937,3,7.216765398790189
