user_id,book_id,rating,predict
42920,920,4,6.020429105894979
42920,1046,4,7.16875968960906
42920,3885,4,-0.3783783783783785
42920,4526,3,3.6216216216216215
42920,4734,4,7.195226150642686
42920,5852,3,6.938617624367844
42920,6317,4,3.6216216216216215
42920,6892,3,3.6216216216216215
42920,7068,4,3.6216216216216215
42920,7359,3,-1.1933488280792361
42920,7527,4,2.5915943271665167
42920,8282,3,7.621621621621621
42920,8814,4,8.008035785221649
42920,8902,5,6.621621542136802
42920,9070,3,7.621621621621621
42920,9513,3,5.898468910130331
42920,9691,3,-0.23646386578725753
