user_id,book_id,rating,predict
43350,3701,5,4.166666666666667
43350,4737,5,4.166666666666667
43350,5631,4,4.166666666666667
