user_id,book_id,rating,predict
43461,2769,3,6.84308438240888
43461,4972,5,6.471115553683532
43461,5087,1,2.9545454545454546
43461,5656,4,8.474217504425766
43461,6006,3,8.954545496365936
43461,6682,4,3.9545454545454546
43461,6990,4,7.954545326546356
43461,7563,4,7.400095660820553
43461,7771,4,0.7059612312081329
43461,9514,4,7.07929150555153
