user_id,book_id,rating,predict
4373,2376,4,8.110941646682734
4373,2860,4,7.70186321346206
4373,2865,5,8.041458526598648
4373,5735,5,0.5714286571704879
4373,7124,5,9.571428438616541
4373,7611,5,6.571428571428571
4373,7840,3,4.503853830456423
4373,9371,4,8.571428571428571
4373,9503,2,8.571428571428571
4373,9525,5,8.571428721925633
4373,9566,5,9.000377460203815
4373,9609,5,9.253993600285645
