user_id,book_id,rating,predict
44028,3645,5,-0.4800000000000004
44028,5230,5,3.5199999999999996
44028,5624,5,3.7828164068663477
44028,5753,4,0.5199999999999996
44028,6802,5,8.787074345539363
44028,7592,4,9.339047523049969
44028,7640,5,9.253862610672737
44028,8280,5,9.002536853803036
44028,8387,5,8.00435687932815
44028,8556,5,8.519999838170577
44028,8997,5,8.52
