user_id,book_id,rating,predict
44103,2292,3,4.071428571428571
44103,2886,3,6.113414792395034
44103,2966,5,4.071428571428571
44103,3114,5,4.071428571428571
44103,3233,5,4.071428571428571
44103,3848,5,-0.9285714285714288
44103,4449,5,4.6397318324597245
44103,4760,4,4.071428571428571
44103,4984,4,4.071428571428571
44103,5405,5,9.071428571428571
44103,7539,4,7.469075052761797
44103,7611,5,6.744050972493516
