user_id,book_id,rating,predict
44175,776,4,3.75
44175,3447,4,8.75
44175,5184,4,7.312460212369448
44175,5489,4,3.75
44175,5645,4,7.4669088466275015
44175,7709,4,-0.25
44175,8347,3,3.75
