user_id,book_id,rating,predict
44405,3283,3,5.392857142857143
44405,4818,4,-0.6071428571428568
44405,5771,5,9.392857325203213
44405,6422,4,7.392857277358329
44405,6529,4,7.392857142857143
44405,6872,5,6.980909970657704
44405,6913,3,8.392857142857142
44405,7065,4,8.240967222089902
44405,7289,4,8.906973611436879
44405,7474,5,7.966119214068396
44405,8254,3,8.392857142857142
44405,8540,4,7.689352263601808
44405,8617,4,7.206053028729266
