user_id,book_id,rating,predict
44576,5631,5,7.444444444444445
44576,6904,1,5.961691675823313
44576,7185,3,7.444444570465245
44576,7413,1,7.119920654241272
44576,7936,3,6.78091518324374
