user_id,book_id,rating,predict
45155,2868,3,5.6640615131095
45155,3783,3,6.142857261538319
45155,4372,4,7.142857290018531
45155,4450,3,6.296774851574886
45155,5436,2,-0.8571430764822288
45155,5854,4,7.142856936117685
45155,5981,2,6.6574850560373005
45155,6026,3,6.142857142857142
45155,6136,4,6.142857142857142
45155,6365,3,4.972406429815077
45155,6434,4,7.381195198507353
45155,6649,4,7.521264467548004
45155,6722,4,8.142857142857142
45155,7437,4,6.142857083659415
45155,7745,3,8.142857142857142
45155,7897,1,6.7149318029017735
45155,8151,3,5.918709998811351
45155,8219,3,6.385497692479234
45155,8436,1,8.142857142857142
