user_id,book_id,rating,predict
45163,1035,4,8.550344855743802
45163,4134,3,0.7431524761290556
45163,5154,5,3.8181818181818183
45163,8963,4,8.706071459702626
45163,9979,4,3.3959650174151252
