user_id,book_id,rating,predict
45260,183,4,3.0210526315789474
45260,202,3,3.0210526315789474
45260,210,2,3.0210526315789474
45260,280,3,3.0210526315789474
45260,363,5,6.021052631578947
45260,384,2,3.0210526315789474
45260,394,2,3.0210526315789474
45260,419,2,3.0210526315789474
45260,434,3,6.021052631578947
45260,517,2,5.769514343670368
45260,583,3,6.442615820174089
45260,589,4,7.230937552868345
45260,600,2,3.1139202049051913
45260,634,4,6.0501104504110454
45260,750,4,7.9563547752675605
45260,752,3,7.021052578014645
45260,756,4,6.021052631578947
45260,759,3,4.59130384826372
45260,781,2,7.021052631578947
45260,831,1,6.751078389429083
45260,842,4,8.021052631578947
45260,880,1,7.58046684189307
45260,928,4,6.02105275344795
45260,945,2,6.47189804031533
45260,955,4,3.0210526315789474
45260,995,4,8.021052919069366
45260,1000,2,5.5062224706079395
45260,1002,3,7.0210528513107775
45260,1004,4,6.6826520925731865
45260,1080,2,6.624541082145857
45260,1122,3,8.021052631578947
45260,1143,4,7.064855589813715
45260,1165,3,6.625963473691989
45260,1169,4,7.579214502442003
45260,1197,3,7.544169227848654
45260,1264,4,5.995121491166405
45260,1297,4,6.042152786314563
45260,1302,2,6.668814861055033
45260,1413,3,8.02105233977268
45260,1416,3,7.021052631578947
45260,1437,4,7.120694617312882
