user_id,book_id,rating,predict
4544,1516,4,8.583472692619207
4544,4103,5,7.714285714285714
4544,5310,4,7.248177626302855
4544,5877,3,6.714285714285714
