user_id,book_id,rating,predict
45550,7782,4,9.33333317456511
45550,7877,4,8.773292320215521
45550,7936,5,7.8162835535679545
