user_id,book_id,rating,predict
45703,4711,5,3.8
45703,5054,4,3.8
45703,5474,3,3.8
45703,5983,3,7.418985628697312
45703,6033,3,6.171719093154633
45703,6706,5,0.799999932814512
45703,6905,3,1.0436004363947498
45703,7359,4,8.110496310734751
45703,7397,2,7.546139250264311
45703,7602,4,8.237605321652518
45703,7651,4,7.46781384159804
45703,7842,3,7.6039879083468565
