user_id,book_id,rating,predict
45962,2672,5,4.384615384615385
45962,3123,4,4.384615384615385
45962,4421,5,-0.615384615384615
45962,4796,5,4.384615384615385
45962,5008,5,0.384615384615385
45962,5460,3,9.0151194052981
