user_id,book_id,rating,predict
46079,1318,3,5.9926383022635195
46079,2344,3,6.9732332702182
46079,2852,5,7.433333250284635
46079,6292,3,3.433333333333333
46079,7197,1,7.433333333333334
46079,7551,2,7.433333333333334
46079,7616,3,6.433333333333334
46079,8401,3,7.433333108226087
46079,8529,4,0.6483473843100325
46079,9129,2,7.433333290919235
46079,9452,3,6.92220634638418
46079,9773,4,8.433333333333334
46079,9839,3,8.289118112785532
