user_id,book_id,rating,predict
46215,5811,3,8.89616763335854
46215,6433,3,7.215875896749006
46215,6522,2,0.3217861098127335
46215,6705,4,8.65273630324508
46215,7222,3,8.452490218137665
46215,7435,4,8.28418664107322
46215,7554,3,7.941176669133731
46215,7890,4,6.860494025501265
