user_id,book_id,rating,predict
46272,6127,5,4.181108053781948
46272,6303,5,2.8181818181818183
46272,6365,5,8.818181818181818
46272,7125,4,9.818181993472457
46272,7461,3,7.461241383486659
