user_id,book_id,rating,predict
46291,3026,4,4.117647058823529
46291,4692,4,1.3230129535967161
46291,4734,4,4.117647058823529
46291,4750,3,4.117647058823529
46291,4957,3,3.408016647436275
46291,5174,3,9.117647058823529
46291,5664,3,4.117647058823529
46291,5694,4,4.416426912941694
46291,5944,3,4.117647058823529
46291,6573,2,4.117647058823529
46291,6609,4,9.117647058823529
46291,7843,4,6.8469352425517815
46291,9042,4,9.117646854273886
46291,9488,4,7.798816227944036
46291,9519,4,2.8720799057688975
