user_id,book_id,rating,predict
46707,6479,4,7.666666666666666
46707,6899,4,3.6666666666666665
46707,7359,5,3.6666666666666665
