user_id,book_id,rating,predict
46954,5735,4,8.555555555555555
46954,7197,4,8.567519761889915
46954,7446,4,8.55555544977738
46954,8035,4,6.555555555555555
