user_id,book_id,rating,predict
47134,517,1,5.409086744726309
47134,1669,1,7.832133445503958
47134,5391,1,6.388888888888889
47134,6434,1,7.388888888888889
47134,6961,4,8.38888888888889
47134,7776,3,4.840752077798998
47134,9449,3,7.388888779501193
47134,9475,3,6.47911747926101
