user_id,book_id,rating,predict
47179,5635,4,3.8
47179,6900,1,-0.42661688342500526
47179,7073,2,8.79999979270267
