user_id,book_id,rating,predict
47440,2059,5,7.837083807355981
47440,2223,5,8.952637895062132
47440,2515,5,8.785385916643792
47440,2525,4,9.052877890924382
47440,2622,5,9.347826086956522
47440,2641,4,8.347826086956522
47440,2768,3,8.347826086956522
47440,2791,4,8.914718310181858
47440,2830,5,9.347826086956522
47440,6672,4,7.830131282211277
47440,6821,4,6.678872307674851
47440,7175,4,7.65285026135816
47440,7376,4,8.574596355765674
47440,7456,4,7.906535909973747
47440,7851,4,8.347826244544219
47440,8281,5,9.048302570948309
47440,8299,2,7.857808243717747
47440,8849,3,7.715494090333737
47440,9279,4,8.794390186619395
47440,9764,5,6.698575865112646
47440,9810,5,8.347826086956522
