user_id,book_id,rating,predict
47596,3438,3,7.616199072460216
47596,5002,3,5.519845500392888
