user_id,book_id,rating,predict
47777,3260,3,4.117647058823529
47777,4701,3,8.117647058823529
47777,4875,3,7.755417713605774
47777,5459,3,8.483694140516889
47777,6694,4,4.708444901804289
47777,6962,5,9.117647058823529
47777,7094,3,7.117647163262937
47777,7143,4,7.9246816204125174
