user_id,book_id,rating,predict
48046,2174,5,8.82857142857143
48046,2431,4,7.828571428571429
48046,2680,4,7.7656079696223035
48046,2768,3,8.312397107641388
48046,2774,3,8.039551988196854
48046,2784,2,3.8285714285714287
48046,3005,4,7.474802353073642
48046,5043,4,4.422917700850549
48046,6231,5,8.82857142857143
48046,7265,4,8.414673654174196
48046,7908,4,7.691371760756729
48046,8068,3,2.795262291319001
48046,8407,4,7.414085312806468
48046,8576,4,7.468768440926496
48046,8796,4,8.569213671440108
