user_id,book_id,rating,predict
48260,4784,3,2.7142857142857144
48260,7410,3,6.299255421562043
48260,7785,3,6.319387735086537
48260,8136,3,6.214285714285714
