user_id,book_id,rating,predict
48437,4737,5,4.5
48437,5131,5,4.5
48437,5998,4,4.286818775864273
48437,6303,4,5.099416150685411
48437,6412,4,7.058275282798544
48437,6849,5,4.227920051279263
