user_id,book_id,rating,predict
48460,4366,4,4.987429376944693
48460,7337,5,7.895314292894315
48460,7581,5,6.499999888307759
