user_id,book_id,rating,predict
48570,5111,4,4.214285714285714
48570,6145,5,7.214285714285714
48570,6897,5,8.183923102773003
48570,6904,5,6.873548593699619
48570,7196,5,8.214285714285715
48570,7764,4,8.394574013334566
