user_id,book_id,rating,predict
48730,1725,2,-1.3684210526315788
48730,1732,5,6.631579042468558
48730,2235,3,7.085339803318293
48730,4735,4,-0.9936814279912909
48730,5041,4,6.631578947368421
48730,5505,3,8.555168742251187
48730,6927,4,2.533484884920174
48730,6931,4,6.655373634284702
48730,7375,2,6.472852064140731
48730,7619,4,5.319659723332989
48730,7681,3,6.631579073019124
48730,7748,5,6.6315790671962915
48730,7855,5,-0.7395378977835554
48730,7991,2,6.885895097680665
48730,9116,4,6.884435933958285
48730,9472,3,7.631578851999617
48730,9812,4,6.856112291791997
