user_id,book_id,rating,predict
48943,2966,4,3.1875
48943,3285,5,3.1875
48943,4829,3,3.1875
48943,4984,4,7.086479736138267
48943,5276,4,3.1875
48943,5887,2,6.768289538255713
48943,6289,5,6.430031185191929
