user_id,book_id,rating,predict
49084,3761,2,3.4444444444444446
49084,3986,4,3.4444444444444446
49084,5280,2,0.44444444444444464
49084,6893,3,-0.5555555555555554
49084,7469,4,5.0542748332668275
