user_id,book_id,rating,predict
49163,4104,4,3.590909090909091
49163,4640,5,3.590909090909091
49163,5374,4,3.590909090909091
49163,6195,4,8.590908940615453
49163,6664,4,5.469433490101741
49163,7245,5,7.590909090909091
49163,7668,3,7.519335751037734
49163,7869,3,7.408313945294373
49163,8818,5,7.82576465797704
49163,8849,4,7.590909090909091
