user_id,book_id,rating,predict
49251,787,3,3.7457627118644066
49251,1485,4,6.745762711864407
49251,1677,3,7.192531766909506
49251,1698,5,5.399962178325635
49251,1963,5,7.414042449813837
49251,2094,3,7.284674883072153
49251,2138,3,7.8235869119609935
49251,2213,5,6.458577923662191
49251,2242,3,7.171633741623914
49251,2264,3,6.7457628524115965
49251,2302,3,7.5160630264065285
49251,2347,4,7.745762564452401
49251,2822,4,7.407221804137423
49251,2857,5,8.745762711864407
49251,3354,4,7.745762827875787
49251,3367,5,8.199603476194039
49251,3449,3,8.132601008594097
49251,3813,4,-0.25423728813559343
49251,6306,4,1.7229775981064037
49251,6376,3,-1.2542372881355934
49251,7143,4,6.745762649145355
49251,8068,2,6.717605597459068
49251,8798,4,7.531147746533928
49251,9139,5,8.745762711864407
49251,9677,3,6.941986357599081
49251,9890,3,6.258030814725023
