user_id,book_id,rating,predict
49337,1991,4,7.265435554525744
49337,2062,5,8.074266652440892
49337,2145,4,8.441989610633835
49337,2479,4,7.958333333333334
49337,6007,4,0.5166874200197396
49337,6475,4,7.958333186800777
49337,6587,3,8.438943322349303
49337,7777,3,7.83403364905238
49337,8163,4,8.496965106471198
49337,8656,3,-1.0416666666666665
49337,8975,4,7.958333333333334
