user_id,book_id,rating,predict
49451,3825,4,8.041666666666668
49451,4097,4,7.041666666666667
49451,4202,5,4.041666666666667
49451,4763,4,4.041666666666667
49451,5484,3,9.04166639916982
49451,5897,2,8.041666666666668
49451,5911,4,4.041666666666667
49451,5983,5,0.03248028859320495
49451,6419,4,7.087215231324316
49451,6449,5,8.041666666666668
49451,6642,5,9.041666666666668
