user_id,book_id,rating,predict
49581,2915,3,6.485436364286853
49581,3129,4,3.1666666666666665
49581,7944,3,6.24515577259654
