user_id,book_id,rating,predict
49748,500,5,3.96
49748,849,1,5.96
49748,886,4,8.133745667536084
49748,1324,5,7.665686658148478
49748,1369,5,5.345684378026162
49748,3598,5,3.96
49748,4376,2,3.96
49748,5146,5,3.96
49748,5274,4,0.96
49748,5395,5,6.96
49748,5820,3,3.96
49748,6625,5,3.96
