user_id,book_id,rating,predict
50365,3222,5,3.176470588235294
50365,6750,3,-0.5068310113987358
50365,6975,4,6.3446451430646436
50365,7237,4,7.1764705882352935
50365,7509,2,2.8559013767789962
50365,7916,3,6.031688777788702
50365,8199,2,6.1764706853940865
50365,8594,4,0.17647058823529393
