user_id,book_id,rating,predict
50659,2656,4,3.9310344827586206
50659,2940,4,-1.0689655172413794
50659,3301,5,3.9310344827586206
50659,3418,3,3.9310344827586206
50659,5632,3,7.521538684607166
50659,6189,5,7.7331971340813475
50659,6296,4,1.3978261617824699
50659,6388,2,2.1924349699345864
50659,7387,3,7.089415594091902
50659,7423,3,7.073680637008028
50659,7433,4,7.931034678271063
50659,7966,5,8.931034266149295
50659,8219,3,8.32137901928727
