user_id,book_id,rating,predict
50857,6786,2,4.8
50857,7217,5,9.800000204867152
50857,7807,5,9.79999981270897
