user_id,book_id,rating,predict
50989,5948,3,3.3333333333333335
50989,6594,3,0.27225335220272484
50989,6844,4,2.2745289413377785
50989,7032,4,-0.6666666666666665
