user_id,book_id,rating,predict
51305,4823,4,-0.13170899403628145
51305,5102,3,4.333333333333333
