user_id,book_id,rating,predict
51403,629,3,7.629467384459214
51403,2902,3,4.037735849056604
51403,4160,3,8.037735849056604
51403,4199,5,8.166137320678324
51403,4502,4,8.037735934832602
51403,5045,5,4.037735849056604
51403,5395,3,7.037735849056604
51403,5441,3,8.230064098116916
51403,5846,5,7.624555394227739
51403,5870,5,8.589184561938836
51403,5958,3,7.829495214091615
51403,6604,5,5.827591450886885
51403,6822,5,7.037735969132646
51403,6842,3,8.07117650612733
51403,6961,5,8.471816578679126
51403,7251,3,7.603105797812228
51403,7616,4,8.205726494883976
51403,8295,3,6.780584928187836
51403,8784,3,7.648712860538041
51403,8878,4,7.6565663545582705
51403,9310,3,7.4549774712696095
51403,9449,4,8.118816667372656
51403,9475,4,7.686363838745553
