user_id,book_id,rating,predict
51440,3168,2,6.194568361556605
51440,4431,3,5.500000114613549
