user_id,book_id,rating,predict
5154,4297,4,0.7599999999999998
5154,4750,4,-0.2400000000000002
5154,5418,2,3.76
5154,5881,3,7.78087163731757
5154,6413,4,6.9107759705510885
5154,6591,4,3.76
5154,6785,5,-1.2400000000000002
5154,7001,3,7.76
5154,7808,3,5.759999961159141
5154,7898,5,2.77686028014043
5154,8045,4,7.939611665358114
