user_id,book_id,rating,predict
51607,2070,1,3.3666666666666667
51607,2139,4,3.3666666666666667
51607,2171,3,2.3666666666666667
51607,2474,5,3.3666666666666667
51607,4119,5,3.3666666666666667
51607,4173,5,3.3666666666666667
51607,5505,4,2.220100796225423
51607,6529,3,6.042727060650474
51607,7337,4,-0.6333333333333333
51607,7681,4,6.366666666666667
51607,7985,4,-1.6333333333333333
51607,8156,3,7.202993698829168
51607,9400,3,6.807296911216358
51607,9469,5,7.366666666666667
