user_id,book_id,rating,predict
51652,634,2,6.316666666666666
51652,655,3,0.3166666666666669
51652,807,4,3.316666666666667
51652,817,4,3.316666666666667
51652,1047,4,7.779687938595721
51652,1065,4,6.316666766970052
51652,1268,3,7.316666666666666
51652,1375,2,7.170857785880317
51652,1385,4,6.568380260077793
51652,1395,2,7.316666440695278
51652,1565,3,6.360717165299403
51652,1689,4,7.934270498262141
51652,1708,2,6.141255893037441
51652,1735,2,7.609637951951804
51652,1740,4,6.316666570206374
51652,1791,4,5.407719361817541
51652,1819,5,6.932579204364926
51652,1866,4,6.316666666666666
51652,1867,4,6.702954454502014
51652,5124,4,6.917680092342968
51652,5650,3,-1.5381762942150297
51652,6871,4,6.809430865703505
51652,7482,2,6.316666793740361
51652,8679,5,6.781157011721551
51652,9485,4,-1.3670721146593903
51652,9792,4,7.316666666666666
