user_id,book_id,rating,predict
52538,2185,3,7.964285714285714
52538,3405,5,7.917028079041185
52538,3549,4,7.235910482594525
52538,3554,5,7.937232215768372
52538,3863,3,6.964285714285714
52538,4073,5,8.885202524310873
52538,4403,5,5.790076481912266
52538,4752,5,3.9642857142857144
52538,5098,4,3.772462164832677
52538,5111,4,3.9642857142857144
52538,5170,3,7.964285714285714
52538,5246,5,7.2593973057665515
52538,5272,5,8.964285779265737
52538,5584,3,5.4467164752908825
52538,5649,5,8.964285714285715
52538,5651,3,7.964285496977412
52538,5821,4,8.789378321461658
52538,6004,4,0.9642857142857144
52538,6098,4,8.027395487443869
52538,6145,5,7.856998074503171
52538,6205,3,7.219423663095683
52538,6424,5,8.964285714285715
52538,6476,4,8.964285937063673
52538,7085,5,6.964285714285714
52538,7100,3,8.683617452219522
