user_id,book_id,rating,predict
52894,5806,3,4.333333333333333
52894,5979,2,4.333333333333333
52894,7843,2,0.33333333333333304
52894,7901,2,9.333333541273003
