user_id,book_id,rating,predict
52895,1006,3,6.691220381964426
52895,1065,2,8.086630201084
52895,1092,4,6.727127300794995
52895,1173,1,-0.16806722689075615
52895,1490,3,8.451253070611113
52895,1543,4,6.831932773109244
52895,1596,4,6.831932626692615
52895,1729,4,0.8319327731092439
52895,1744,1,7.9365734001505
52895,1837,4,8.018027297524744
52895,1871,4,7.03383314317599
52895,1898,4,8.831932865448662
52895,1911,4,8.158193562306604
52895,2048,4,7.600919499632596
52895,2057,4,8.831932663187274
52895,2059,4,7.0336409693941055
52895,2113,4,8.699739244102197
52895,2212,4,7.524937257969231
52895,2218,1,7.942330886423003
52895,2245,4,7.452952285713787
52895,2384,4,8.318673168277696
52895,2393,4,6.83193287577335
52895,2401,1,7.403140958894207
52895,2429,4,7.907245376221152
52895,2431,4,6.783133261177685
52895,2497,4,7.831932555141415
52895,2515,4,8.27962088322613
52895,2522,4,7.452952285713787
52895,2525,4,7.350070919794486
52895,2574,4,7.831932773109244
52895,2596,4,8.096314780461377
52895,2622,4,7.737288456611548
52895,2639,4,7.831932914311775
52895,2641,4,7.354311560927256
52895,2751,4,7.831932773109244
52895,2768,4,8.177756278564855
52895,2774,2,6.831932621020919
52895,2791,4,7.30344268746143
52895,2830,4,7.737288456611548
52895,2835,4,7.831932667162776
52895,2893,4,8.831932773109244
52895,2920,4,8.351993790041675
52895,2964,4,8.170349933231039
52895,3005,5,7.41335103457545
52895,3058,2,8.422157886397768
52895,3112,4,5.831932773109244
52895,3125,4,7.831932773109244
52895,3144,4,7.831932941859812
52895,3155,4,7.909192842556086
52895,3167,4,8.41351459701923
52895,3190,4,8.387103807052025
