user_id,book_id,rating,predict
53010,5720,4,7.189885385739704
53010,6433,3,7.353981424135803
53010,6897,2,8.250252688310704
53010,6974,3,7.020042089511747
53010,8145,4,7.032586662499694
53010,8646,4,7.5384614502342675
