user_id,book_id,rating,predict
53121,4199,4,8.020983040529796
53121,6756,4,6.790444738290825
53121,6899,4,7.840000177160503
53121,6911,4,7.83999987640906
53121,6947,4,1.2797599114221208
53121,7573,4,7.839999866893781
53121,7657,4,7.84000008410141
53121,8196,4,7.176081423117834
53121,8326,4,-0.15999988234061702
53121,8517,4,6.532697877873543
53121,8631,4,7.840000068072171
