user_id,book_id,rating,predict
53198,4123,4,8.285714285714285
53198,4450,4,8.285714322349744
53198,5064,2,8.285714285714285
