user_id,book_id,rating,predict
5465,3928,3,3.9411764705882355
5465,6304,5,8.802885587207253
5465,6420,3,4.272378007699758
5465,6579,4,7.9411764705882355
5465,7961,5,3.9411764705882355
5465,8132,5,3.9411764705882355
5465,8465,3,7.436750617189967
5465,8830,5,8.537588555198734
