user_id,book_id,rating,predict
5566,1540,3,5.974430641965698
5566,1713,5,8.273514328985161
5566,6132,3,7.840000134879938
5566,6963,5,7.84
5566,7241,3,2.653289307923062
5566,7454,5,0.8399999999999999
5566,8763,3,7.102726433316837
5566,8898,5,6.840000062501765
5566,9079,5,7.351199397451381
5566,9149,3,0.799314976210391
5566,9241,5,7.626670029981841
5566,9995,4,3.84
