user_id,book_id,rating,predict
5636,167,5,8.20879508223847
5636,380,4,4.714285714285714
5636,592,5,4.714285714285714
5636,1041,5,4.714285714285714
5636,1283,5,9.655811760088643
5636,1676,4,7.844009605150515
5636,1704,5,8.533599525020005
5636,2262,5,7.697705397416541
5636,2298,5,9.184425303377047
5636,2342,4,8.969529253018429
5636,2508,3,8.71428555368739
5636,2552,5,7.714285714285714
5636,2810,5,6.89873374613401
5636,2846,5,7.30064152207348
5636,2958,5,8.110140036159144
5636,3048,5,8.50706504321435
5636,4468,5,8.907267790012037
5636,6154,5,7.488368798173044
5636,6307,5,9.39540206905126
5636,6382,5,8.44678797405723
5636,6600,5,6.405750220886865
5636,6615,4,7.151646258737824
5636,8039,3,9.714285714285715
5636,8289,5,8.714285846506613
5636,8508,5,8.714285714285715
