user_id,book_id,rating,predict
5730,5054,3,6.777777777777778
5730,5325,4,2.7777777777777777
5730,6025,3,-2.2222222222222223
5730,6317,5,0.15912207458411665
5730,6449,3,-0.22222222222222232
5730,6568,5,2.7777777777777777
5730,7651,3,5.611994061168911
5730,8323,5,-1.2222222222222223
