user_id,book_id,rating,predict
5818,3891,4,6.272727272727273
5818,4693,4,5.961566272837016
5818,4913,4,7.661705742800246
5818,5677,4,6.572182474847805
5818,6528,4,7.4799013755079695
5818,7796,1,6.710207143382183
