user_id,book_id,rating,predict
6134,1415,5,3.92
6134,3946,4,7.92
6134,4154,3,3.92
6134,4531,5,3.92
6134,5374,4,3.92
6134,5792,4,8.549475898394942
6134,6593,5,3.92
6134,6798,3,7.19102306871943
6134,7022,4,7.92
6134,7142,4,6.88905211821403
6134,7398,5,7.919999854230742
6134,7810,4,6.92
