user_id,book_id,rating,predict
615,1025,4,3.642857142857143
615,2359,4,4.897186631182605
615,2681,4,3.642857142857143
615,2860,4,4.606091649788175
615,4721,4,3.642857142857143
615,7995,3,7.532890078736212
