user_id,book_id,rating,predict
6235,1098,4,7.357443320715456
6235,1241,3,7.9540564973898755
6235,1841,3,6.4999998370593515
6235,2338,5,7.4999998246623
6235,2476,5,6.864939628228955
6235,2625,5,8.50000026832395
6235,7972,5,6.5
6235,8505,3,0.5
