user_id,book_id,rating,predict
7075,380,4,4.377777777777778
7075,592,4,4.377777777777778
7075,630,3,4.377777777777778
7075,721,5,4.377777777777778
7075,1258,5,8.848715538017426
7075,1383,5,8.377777777777778
7075,1662,5,9.377777946586537
7075,1677,3,7.769184455864682
7075,1809,5,8.840436435071592
7075,1938,4,4.570473273343748
7075,1996,5,9.04885060848752
7075,2357,3,8.97187996114399
7075,2376,4,8.517330445014498
7075,3562,5,8.988917148705147
7075,3757,3,1.3777776636037586
7075,4460,4,8.377777676629666
7075,5311,4,1.1518983099943112
7075,6097,3,6.9569860122664196
7075,7422,3,1.3777777777777782
7075,9371,4,6.815154913996116
