user_id,book_id,rating,predict
7290,4987,4,4.111111111111111
7290,5636,2,1.1111111111111107
7290,7183,4,6.431884442474777
7290,7653,3,1.1111111111111107
