user_id,book_id,rating,predict
7304,677,5,-1.6071428571428572
7304,1069,5,7.392857089207082
7304,1430,2,5.992258338987855
7304,1494,3,7.242419854209757
7304,1615,3,8.111013382263119
7304,1692,3,7.778354999150295
7304,1843,3,4.88463049319539
7304,1927,4,7.392857142857142
7304,1942,3,7.3928570456094
7304,7561,4,3.392857142857143
7304,8136,5,7.306749755067367
7304,9835,5,7.8917088587879025
