user_id,book_id,rating,predict
732,1740,4,7.540252787291897
732,1790,4,7.708333021088623
732,2061,3,7.708333150085727
732,2162,4,8.113402494435219
732,3867,3,-1.2916655135815822
732,5226,4,3.7083333333333335
732,5335,4,3.7083333333333335
732,6714,4,8.359397487445072
732,7087,3,7.708332082646847
732,8486,3,6.149982304901432
732,9641,3,6.200287246044948
