user_id,book_id,rating,predict
7339,3571,4,8.021525779244028
7339,5124,5,3.3636363636363638
7339,5822,4,3.3636363636363638
7339,6642,5,7.704418217615888
7339,6720,4,7.9790210442693486
