user_id,book_id,rating,predict
7568,2418,4,6.543469053956582
7568,2555,3,7.469733968581938
7568,2702,4,7.550218059120395
7568,6192,4,3.0714285714285716
7568,7099,3,4.194753538781529
7568,7175,3,4.465637454079188
7568,8974,4,3.0714285714285716
