user_id,book_id,rating,predict
7798,900,3,7.954923024022982
7798,1239,3,7.543884787028976
7798,3708,3,3.1333333333333333
7798,4723,4,3.1333333333333333
7798,4893,2,3.1333333333333333
7798,5012,2,7.133333333333333
7798,5978,4,3.1333333333333333
7798,6191,3,3.1333333333333333
7798,7449,3,5.178823831565296
7798,7794,2,5.697900022701789
7798,9008,3,-0.27723362398498885
7798,9036,3,-0.3031260504350244
7798,9172,3,-0.12589466811306416
7798,9302,3,7.1569911341981545
