user_id,book_id,rating,predict
7865,2220,4,3.25
7865,2317,3,7.249999773232911
7865,2686,2,3.25
7865,4411,4,3.25
7865,8134,3,6.25
7865,8236,3,6.250000175876333
7865,8398,3,6.362494697534937
