user_id,book_id,rating,predict
7955,474,5,4.153846153846154
7955,1041,5,4.153846153846154
7955,2240,3,7.412557829759805
7955,2286,4,4.153846153846154
7955,3311,4,8.868557309531086
7955,4106,5,7.153846153846154
