user_id,book_id,rating,predict
8064,7333,5,0.6666666666666665
8064,7386,5,8.261713533691745
8064,8309,3,8.017960205208404
8064,8760,4,6.594869842883158
