user_id,book_id,rating,predict
8099,3998,3,6.7666668156190255
8099,4750,5,3.7666666666666666
8099,5900,4,7.159485578057726
8099,5913,4,5.955713250650012
8099,5939,3,3.7666666666666666
8099,7189,4,7.766666666666667
8099,7305,4,8.666869887860654
8099,8438,2,5.373421479954678
8099,8543,3,6.766666753207522
8099,8712,3,7.209659726411985
8099,9471,4,7.3512081617310585
8099,9511,4,8.098577189547715
8099,9621,4,7.234440327163711
