user_id,book_id,rating,predict
8127,5104,3,3.4444444444444446
8127,6544,4,5.444444444444445
8127,6975,4,3.4444444444444446
8127,7388,2,6.760394009693588
8127,7918,4,6.444444363577901
