user_id,book_id,rating,predict
8283,8127,5,6.888888888888889
8283,8452,5,8.306362135057205
8283,8470,5,8.359620768200374
8283,9215,5,8.20417023319593
8283,9542,4,8.350062416428596
