user_id,book_id,rating,predict
8371,169,3,3.357142857142857
8371,370,3,3.357142857142857
8371,607,3,7.011701894201824
8371,764,4,7.357142857142858
8371,856,3,1.2389209137927653
8371,978,3,1.3571428571428572
8371,1860,4,7.357142757674325
8371,2510,4,7.357142857142858
8371,2785,3,6.842245755054148
8371,3073,3,6.869322966536904
8371,3112,4,6.357142700564303
8371,3162,3,7.357142857142858
8371,3592,4,7.371220164245248
8371,3622,4,8.357142857142858
8371,4121,4,6.3571427133810285
8371,4402,4,7.045888354586861
8371,4680,3,6.885033806980465
8371,4754,3,7.339193815290948
8371,5342,4,6.998802616801065
8371,5522,3,6.357142857142858
8371,5835,5,7.894156636009768
8371,6059,4,7.8257695766111155
8371,6237,3,6.844200249183683
8371,6544,5,5.228368781761142
8371,6728,3,7.357142736596023
8371,6810,4,-1.6428571428571428
8371,7804,4,6.3571429357247125
8371,7918,3,6.222429106125494
8371,9252,5,6.463071495326004
8371,9728,3,8.357142857142858
8371,9888,3,8.357142857142858
