user_id,book_id,rating,predict
8384,5733,1,3.5714285714285716
8384,6097,2,8.571428571428571
8384,6359,4,7.571428779471727
