user_id,book_id,rating,predict
8419,5958,3,6.927877644869032
8419,6071,3,4.700137884781522
8419,6282,2,6.333333333333334
8419,6813,2,7.333333333333334
8419,7107,3,3.3333333333333335
