user_id,book_id,rating,predict
8861,1351,5,4.48
8861,1535,5,8.93000792719295
8861,1578,5,5.759957471079288
8861,2031,5,8.067249005941923
8861,2213,5,6.960495997245454
8861,2261,4,6.966753786246144
8861,2354,4,7.85820923860453
8861,2381,5,8.715871348078426
8861,2400,5,8.967342461050364
8861,2568,4,7.48
8861,2746,4,7.479999850972021
8861,2773,4,7.479999931494688
8861,3065,4,7.48
8861,3098,4,7.996314401466889
8861,3108,5,7.9720680191084465
8861,3137,4,8.48
8861,3162,4,7.399600898538939
8861,3163,4,7.476887080869348
8861,3182,5,8.967932177621204
8861,3223,4,7.480000080740991
8861,3374,4,6.938718905629902
8861,3443,1,7.070120070251096
8861,3455,5,7.923786348339924
8861,3668,5,8.86764608438563
8861,3680,5,9.118894506911435
8861,3688,5,8.193160384158418
8861,3713,4,8.309998366006587
8861,3750,5,9.48
8861,3803,4,7.602841008015616
8861,3876,5,9.48
8861,3921,5,8.944255636997111
8861,3924,4,8.01574401420849
8861,4022,4,8.258039575596163
8861,4085,4,8.4799998256028
8861,4101,4,7.995242581984083
8861,4124,5,7.989067782811556
8861,4127,5,8.83746920038254
8861,4190,3,8.480000200913675
8861,4263,5,8.48
8861,4276,5,9.121426601679097
8861,4379,5,8.48
8861,4387,4,7.389599273637457
8861,4459,4,7.976822902753
8861,4528,4,7.48
