user_id,book_id,rating,predict
9034,5911,5,7.518329723139839
9034,6392,3,3.4285714285714284
9034,7039,4,-0.5714285714285716
