user_id,book_id,rating,predict
9148,7165,3,4.333333333333333
9148,7362,5,3.169510486585952
