user_id,book_id,rating,predict
9492,4287,5,3.9285714285714284
9492,4767,4,6.267797381392564
9492,4919,3,3.9285714285714284
9492,5453,4,8.928571428571429
9492,6142,4,3.9285714285714284
9492,6222,4,3.9285714285714284
