user_id,book_id,rating,predict
9714,2310,5,3.5925925925925926
9714,2318,3,3.5925925925925926
9714,2414,4,3.5925925925925926
9714,3413,3,8.358340137351139
9714,3695,5,1.6646018068352053
9714,4823,4,6.006905139798447
9714,5035,4,8.592592592592592
9714,5471,3,6.448185413959187
9714,5483,4,7.592592732303232
9714,5779,4,7.263287811426519
9714,5796,3,7.015492599329345
9714,5873,4,7.019437822919652
