user_id,book_id,rating,predict
9913,1035,4,7.473684022655482
9913,1082,4,7.328398912206968
9913,1624,3,6.4736843849101255
9913,3886,3,3.473684210526316
9913,5119,4,3.473684210526316
9913,6354,3,3.473684210526316
9913,7551,2,-0.5263157894736841
9913,8503,4,0.47368421052631593
9913,9864,4,-0.5263157894736841
