user_id,book_id,rating,predict
9987,6292,4,7.090909211260054
9987,7788,3,6.359659731032478
9987,7804,2,3.090909090909091
9987,8062,3,6.090909090909091
9987,8645,4,6.990472409031163
