user_id,book_id,rating,predict
10548,6604,3,5.24999964455076
10548,7662,3,3.25
10548,8340,4,2.7030154405246174
10548,8921,3,7.249999691806104
10548,9834,5,-0.6160922591080733
10548,9839,2,5.249998218179007
