user_id,book_id,rating,predict
10737,1203,4,6.865788570980353
10737,1730,4,5.212477336870636
10737,2146,4,3.217391304347826
10737,4770,4,3.217391304347826
10737,5553,4,-0.7826079226525531
10737,6419,3,5.463119791661612
10737,6659,4,5.746602940874748
10737,6831,1,4.115800435950741
10737,6905,4,5.524937098927014
10737,7953,5,-0.7826040602731847
10737,8139,5,0.37475230282539007
