user_id,book_id,rating,predict
10739,2325,5,8.220260786013267
10739,3278,4,8.43925329123256
10739,6709,4,5.494346491119793
10739,8904,4,7.782744216281138
10739,9894,4,7.942008575200786
