user_id,book_id,rating,predict
10834,1251,3,5.239800064915315
10834,1523,3,6.107901371435968
10834,2134,4,6.446934670281472
10834,2390,3,7.332148343179599
10834,2688,3,6.330671715126048
10834,2850,4,6.7787066404316025
10834,6631,4,2.764705882352941
10834,9795,5,6.764653398674754
