user_id,book_id,rating,predict
114,8336,5,6.72267295614545
114,8882,5,7.178169732254208
