user_id,book_id,rating,predict
12195,210,2,3.1785714285714284
12195,384,2,3.1785714285714284
12195,394,2,3.1785714285714284
12195,419,2,3.1785714285714284
12195,469,3,7.178529991081448
12195,500,3,7.178529991081448
12195,671,2,3.1785714285714284
12195,817,4,0.17857310510472146
12195,981,2,3.852143759357993
12195,1087,3,6.231687992313223
12195,1250,4,7.178569644743966
12195,1286,3,6.32927556547223
12195,1315,4,3.925380079664694
12195,1329,4,8.17856250751541
12195,3986,4,-1.8213619824569203
12195,4526,5,3.1785714285714284
12195,6194,2,3.1785714285714284
12195,6402,2,4.453162631109673
12195,7546,2,4.006362336871863
12195,7558,1,6.04112832259449
12195,8212,5,8.178569994224551
12195,8626,4,6.812888282139857
12195,8795,2,4.755612391846389
12195,9341,2,1.7157522525235671
12195,9564,3,6.717775189249585
