user_id,book_id,rating,predict
12608,927,5,4.765426550164617
12608,1054,5,2.3750663801003413
12608,1095,4,8.663052707039398
12608,3469,5,7.85185051437473
12608,4126,4,4.851851851851852
12608,4154,5,1.6094230825996565
12608,7352,5,7.8169210809603875
12608,8152,5,7.291156552420343
12608,8213,5,8.851849410479005
12608,8859,5,3.1111565084592314
12608,8901,5,5.062244408998106
12608,9638,5,8.8518498664046
