user_id,book_id,rating,predict
12952,4829,4,3.6666666666666665
12952,5618,5,5.666654460331056
12952,7687,4,3.6666666666666665
