user_id,book_id,rating,predict
13659,6843,4,1.3806784521100424
13659,7487,4,5.282474104001559
13659,7659,4,6.329432034843443
