user_id,book_id,rating,predict
13961,2720,5,7.857141157656388
13961,5330,5,6.246008534398643
13961,5412,3,3.213059041632035
13961,7493,5,9.85714054577955
13961,9021,4,4.857142857142857
13961,9195,5,7.24806005278126
