user_id,book_id,rating,predict
14785,4518,1,4.2727272727272725
14785,6225,5,3.4307673690851948
14785,6240,5,2.704190680987403
14785,6426,5,5.271433375286189
14785,6928,5,1.6848494916901897
14785,7723,4,8.807296976526949
