user_id,book_id,rating,predict
15075,5634,4,5.894678258164283
15075,8009,3,-0.36704836400710983
15075,8731,3,3.7955937340302985
15075,8879,3,5.886312310341535
15075,9023,3,6.65471387049722
15075,9102,3,7.8947366012573195
15075,9170,2,1.910905294722535
15075,9354,1,6.894735019733683
15075,9663,2,5.923253529137122
