user_id,book_id,rating,predict
15496,3701,5,3.3333333333333335
15496,7067,4,0.3333339932237065
15496,7184,5,5.854078266487472
15496,7256,3,7.333331133697726
15496,7376,2,6.500937926220551
15496,7629,5,-1.666665356535034
