user_id,book_id,rating,predict
15501,96,5,6.210868727456633
15501,99,5,6.650801112284146
15501,721,5,4.121621621621622
15501,928,5,-0.8783701532533961
15501,1128,5,-0.8783483462964154
15501,1304,5,4.121621621621622
15501,1363,5,4.121621621621622
15501,1394,5,4.121621621621622
15501,1450,5,8.153843300247503
15501,1602,5,8.757596399680047
15501,1690,5,7.878014630391073
15501,1782,4,4.9162822920535625
15501,1961,4,7.201995599345082
15501,2156,2,7.150123563676169
15501,2170,4,7.161997597972027
15501,2289,4,3.7671300853247396
15501,2674,4,8.017353631672096
15501,2988,3,7.91822289685644
15501,3090,3,7.616215671700514
15501,3360,3,7.6835728800707415
15501,3403,4,7.975387493492015
15501,3410,4,7.6777776967920435
15501,3489,5,7.780156484076169
15501,6075,5,4.121621621621622
15501,6123,4,7.431749878723171
15501,6139,4,8.109760232022786
15501,6909,4,3.7961300189873106
15501,6924,4,7.437316237553839
15501,8401,3,6.728991512023531
15501,8770,5,4.121621621621622
15501,9478,4,8.234351871115447
15501,9697,4,4.121621621621622
