user_id,book_id,rating,predict
16474,5027,4,3.25
16474,6202,4,-0.7499997332602031
16474,8375,3,6.695009829892509
16474,8411,3,5.956204393803934
