user_id,book_id,rating,predict
16826,2681,4,3.5625
16826,5607,3,4.882690307080151
16826,7111,3,0.5792815777533944
16826,8064,4,3.673488790851918
16826,8194,3,8.06399085513525
16826,8397,3,1.9205721863539793
16826,9334,3,7.9476239139661535
