user_id,book_id,rating,predict
1685,5753,3,6.054234431915601
1685,6817,3,-0.3504826654210951
1685,7072,3,-0.5220622407768003
1685,7299,3,3.111111111111111
