user_id,book_id,rating,predict
16904,382,1,3.6944444444444446
16904,435,2,6.694444136654878
16904,443,4,3.6944444444444446
16904,548,3,5.654643313071539
16904,564,5,3.6944444444444446
16904,615,4,6.142972355424315
16904,656,3,4.759123431649704
16904,667,3,8.056584976324274
16904,761,2,3.6944444444444446
16904,831,4,6.778804748732046
16904,6756,3,8.456642735894984
16904,6883,4,6.609619888235371
16904,6988,3,3.6944444444444446
16904,7573,4,6.694443241149498
16904,9113,4,7.2368425015532605
16904,9763,3,1.6977337381068351
