user_id,book_id,rating,predict
17203,5281,4,4.416666666666667
17203,5375,4,0.4166745673986969
17203,6891,5,7.32832271260855
17203,7058,3,6.4443344868499075
17203,7156,3,4.18250058819241
17203,7631,5,1.7485321485557943
17203,7893,5,4.314344953885294
17203,8103,5,8.366504278814922
17203,8460,5,8.826061033501158
17203,8897,3,4.903967838755316
17203,8970,5,7.416663897510325
