user_id,book_id,rating,predict
1732,3598,4,3.3333333333333335
1732,4117,3,3.3333333333333335
1732,4903,4,7.333317236144421
1732,5675,3,3.3333333333333335
