user_id,book_id,rating,predict
17365,2418,4,7.165422731397436
17365,2602,3,6.7895272226315875
17365,3355,3,7.772483385544387
17365,3380,3,6.809309046459678
17365,7017,3,3.069278170957686
17365,7609,3,6.937490950926718
17365,8596,3,7.453998232934586
17365,8638,1,3.193510086900918
