user_id,book_id,rating,predict
18944,6387,5,9.698998011792366
18944,6403,5,8.385774345422293
18944,6717,5,9.107592531885857
18944,7600,5,8.359786152600519
18944,7780,5,9.411921899812722
18944,7940,5,9.282339430084235
18944,8398,5,5.594688092496869
18944,8660,5,9.58360876982118
