user_id,book_id,rating,predict
19049,5000,5,0.587236032846473
19049,5902,4,0.8885811527383813
19049,6941,5,8.997908071956225
19049,7167,5,8.704364825740415
19049,7671,5,8.784732471264471
19049,7854,4,8.838068828145813
