user_id,book_id,rating,predict
19234,1979,5,8.358685325851745
19234,2009,4,7.731495530093578
19234,2412,5,8.235073757789353
19234,2701,4,7.233360208883388
19234,3137,4,7.948387622971675
19234,3175,5,8.475144757019132
19234,3182,4,8.640855217560738
19234,3340,5,8.028661564244118
19234,3374,4,7.758693532506116
19234,3477,5,8.108493912764875
19234,3883,5,8.074454499868061
19234,3937,3,8.041837799023401
19234,8269,2,3.1639053090963727
19234,8339,5,6.412116113158797
19234,8705,5,3.4321746990262048
19234,9216,5,8.004934536695238
19234,9330,5,7.349329268783258
19234,9363,5,2.1445532123658007
19234,9503,4,4.142089943197648
19234,9622,5,6.9313007790706145
19234,9911,5,7.842297469327982
