user_id,book_id,rating,predict
19421,4702,4,6.934332358145168
19421,6548,5,1.341651795048863
