user_id,book_id,rating,predict
19622,2439,1,4.519998982984334
19622,4252,4,3.52
19622,4501,3,3.52
19622,4796,4,7.519998916365644
19622,5027,5,6.779568057421505
19622,5387,4,0.037935388702863726
19622,6426,4,3.754101504527502
19622,6894,4,4.073605430571481
19622,7099,1,0.8343451575090097
19622,8416,4,5.3587258769618735
19622,8819,5,3.1610356673734143
