user_id,book_id,rating,predict
19859,5171,4,8.093749498021243
19859,5512,3,8.126923767893024
