user_id,book_id,rating,predict
19984,183,5,4.926229508196721
19984,202,5,4.926229508196721
19984,210,5,4.926229508196721
19984,384,5,4.926229508196721
19984,434,5,4.926229508196721
19984,600,5,4.926229508196721
19984,645,5,4.926229508196721
19984,817,5,4.926229508196721
19984,1093,5,4.709464316872219
19984,1229,5,4.926229508196721
19984,1327,5,4.926229508196721
19984,1351,5,7.182096129824716
19984,1397,5,8.996408086704895
19984,1535,5,8.914011545680598
19984,1540,5,8.225625310366372
19984,1717,5,2.832613986780045
19984,1726,5,9.25010803346217
19984,1764,5,8.797080235924106
19984,1805,5,7.072278976568587
19984,1827,5,9.44237857468313
19984,1829,5,3.709861669128143
19984,1907,5,6.127454284260928
19984,1939,5,6.975876510581174
19984,1977,5,9.483285000309642
19984,1996,5,1.5850573503570984
19984,2282,5,9.111412105077363
19984,2283,5,7.450939266684144
19984,2289,5,5.935396407504979
19984,2381,5,7.961419750453546
19984,2512,5,8.573715871911478
19984,2553,5,9.384325731704013
19984,2642,5,8.606098855912634
19984,2687,5,8.43697735759483
19984,2696,5,9.132718380993008
19984,2877,5,9.694633492840214
19984,2954,5,8.67271391409938
19984,2974,5,8.576969815584643
19984,3031,5,8.55540721710199
19984,3151,5,9.263681081832857
19984,3279,5,9.420939697115996
19984,3339,5,9.322356314562724
19984,3353,5,9.11627406949868
19984,3762,5,8.56091891230407
19984,3830,5,8.270891341104058
19984,3875,5,9.036680196259946
19984,3900,5,9.288242759736793
19984,3910,5,9.131415850717415
19984,4053,5,9.122218450667667
19984,4180,5,9.050082642870493
19984,4236,5,8.790172078367839
19984,4242,5,8.736630589813853
19984,4261,5,8.805803132454674
19984,4271,5,9.212885553017985
