user_id,book_id,rating,predict
20108,5976,4,6.271819413179482
20108,6297,2,5.899999353372563
20108,6364,3,8.899996706341053
20108,6720,4,8.764904195577033
20108,7648,5,3.9
20108,7649,4,-0.09999997746806333
20108,7931,4,8.541405562894017
20108,8077,4,8.611160474959842
20108,8452,4,2.869025182295454
