user_id,book_id,rating,predict
20375,183,3,3.808988764044944
20375,279,4,3.808988764044944
20375,363,4,7.374957478659432
20375,370,4,3.808988764044944
20375,380,1,3.808988764044944
20375,469,3,-0.19095688459597637
20375,517,3,5.51670428512175
20375,536,5,1.3905005239696857
20375,622,3,3.808988764044944
20375,629,2,6.5906375404541
20375,647,4,7.808988184052671
20375,656,4,7.191732232035541
20375,702,4,0.8090072215646869
20375,732,1,3.808988764044944
20375,837,4,2.0369541107193916
20375,940,5,-0.19100428681774106
20375,1027,5,8.197849920728007
20375,1080,4,6.554285539607874
20375,1192,5,6.604602841326271
20375,1206,2,7.954063419317666
20375,1286,4,7.6434324865656595
20375,1297,4,7.625175153806287
20375,1344,4,6.761831033635042
20375,1353,4,8.56530078952021
20375,1439,3,6.667062957842109
20375,1445,4,7.7091493381676495
20375,1514,4,6.290352433713501
20375,1720,4,7.387296238088819
20375,1737,4,7.490445298550298
20375,1849,5,7.694304250388484
20375,1919,4,7.328107949596427
20375,1952,5,7.555086794969835
20375,2071,4,7.374862939140245
20375,2077,4,6.971059485635633
20375,2202,3,6.660953505174826
20375,2334,4,8.192233047358146
20375,2496,2,6.479877843865454
20375,2533,5,8.490909096232219
20375,2819,5,5.739605113169374
