user_id,book_id,rating,predict
21289,5021,4,7.580441632110655
21289,5272,3,8.603656173168863
21289,5970,3,6.201008518714805
21289,6127,4,2.9526446884907886
21289,6205,4,5.8903154656515415
21289,6493,4,5.635676975737713
21289,7085,4,7.7458427555629585
21289,7202,3,7.580087695349589
21289,7203,4,7.179862042784984
21289,7415,4,7.214464962194395
21289,7637,3,2.9299396881393536
21289,7870,4,7.355675030611428
21289,8022,4,4.346670637342553
21289,8058,4,8.111751833477925
