user_id,book_id,rating,predict
21759,775,3,6.789470830567469
21759,892,3,-1.7769684196765723
21759,942,2,-0.052753607267983504
21759,1016,3,2.789473684210526
21759,1327,2,-0.8793342615170503
21759,1388,3,5.94764919877581
21759,1485,3,5.259802318073902
21759,1582,3,5.252374794407018
21759,1741,3,2.981565086318897
21759,1887,2,1.70344366978023
21759,1896,3,2.686179886768262
21759,1897,4,1.7104591960727757
21759,1990,3,1.2619180315353995
21759,1996,3,0.4527948826046906
21759,2048,3,2.078121827250814
21759,2127,3,-0.3458149125478176
21759,2252,3,5.048382934528189
21759,2575,3,6.602291081016111
21759,2849,3,5.93588890614857
21759,3021,4,5.591241971797679
21759,3088,3,6.904135939642249
21759,3098,4,6.131007306927021
21759,3112,3,5.81855866940294
21759,3155,4,6.1440936644936155
21759,3277,3,6.625398666854602
21759,3455,3,6.634792226570134
21759,3459,3,6.696428530619777
21759,3567,3,6.126010030467
21759,3653,3,2.6135488746717854
21759,3729,3,2.157250855380222
21759,3823,3,6.571617246751693
21759,3831,4,-2.210519953682327
21759,3833,1,6.017355663856203
21759,4091,4,6.846405057794939
21759,4848,3,6.973432216359418
21759,4994,3,5.22021133898725
21759,5091,3,3.527049976836164
21759,5103,3,6.6491317389470534
21759,5162,4,6.573459329133113
21759,5527,3,7.344303858761688
21759,5648,3,5.891816154518338
