user_id,book_id,rating,predict
21858,1097,4,5.4461983796915785
21858,1438,5,1.6719506342956563
21858,1670,5,5.652215864287143
21858,1778,3,3.5121951219512195
21858,2438,5,7.469959274369905
21858,2731,5,7.814370566513835
21858,3094,3,7.5289606386012125
21858,3694,5,0.5121956165195378
21858,6297,4,2.744890816094933
21858,7364,3,0.7174112464839175
21858,7850,3,-0.017257571720894926
21858,8669,4,4.206108412041437
21858,9125,3,6.073379976637273
21858,9151,3,3.569163504185129
21858,9288,4,4.797078485816351
21858,9291,4,6.296582147870451
21858,9496,3,7.686763114915534
21858,9757,3,5.4992585059216745
