user_id,book_id,rating,predict
2198,462,2,3.857142857142857
2198,3310,5,3.857142857142857
2198,6007,4,8.857132740548142
2198,7003,4,3.857142857142857
2198,7409,4,7.1138119442658425
2198,7810,5,5.706440473326653
2198,8062,1,5.346104598159994
