user_id,book_id,rating,predict
22139,1612,4,7.310532104900523
22139,1813,3,6.611274134976412
22139,1930,3,7.381373657045467
22139,2159,4,7.917685582154387
22139,6422,3,8.557882415405025
22139,7065,4,8.928527648620005
22139,9023,3,-1.0714284196249912
