user_id,book_id,rating,predict
22832,1001,3,3.4217661287341596
22832,1100,3,-0.5113150063410847
22832,1148,3,2.6482739780909625
22832,1281,3,5.561800050401769
22832,1327,3,4.626851589783367
22832,1385,4,6.190147172049187
22832,1432,2,2.6771645764841705
22832,1704,3,4.236657033894633
22832,1755,3,4.658315403976462
22832,1784,3,7.602857777411194
22832,1859,4,7.6413188979441955
22832,1908,4,6.602024692326828
22832,4341,3,3.2653061224489797
22832,5948,3,-0.7346769238140851
22832,6385,3,6.713261454508526
22832,6467,4,6.417785331865629
22832,7397,4,-1.7346849164291802
22832,7648,4,6.007098976465841
22832,8107,3,3.2121534283586453
22832,8324,3,-0.7346934756088173
22832,8838,4,2.723898405754642
22832,9666,3,4.764924286222557
