user_id,book_id,rating,predict
22993,5689,4,6.671214459453925
22993,5724,4,7.994449916868257
22993,5811,4,4.494135283216232
22993,6136,3,5.590122952786208
22993,6343,4,5.007695467096
22993,6789,5,6.401718423726843
22993,6983,4,3.3279483577381366
