user_id,book_id,rating,predict
23954,1387,3,1.9073578073819215
23954,3571,4,6.843182288971761
23954,3637,4,5.739927557381124
23954,9166,2,7.019654154433871
