user_id,book_id,rating,predict
24029,3260,3,3.090909090909091
24029,4132,3,6.288602257209237
24029,5769,5,3.090909090909091
24029,7121,5,3.090909090909091
24029,9859,4,3.090909090909091
24029,9900,5,3.090909090909091
