user_id,book_id,rating,predict
24074,5798,3,4.1499655073057875
24074,5964,4,6.972136107076438
24074,6995,4,8.266250660164047
