user_id,book_id,rating,predict
24591,3474,5,7.861905510981984
24591,3478,5,8.468886828121882
24591,3725,5,8.611787039086636
24591,5414,4,7.178570953648643
24591,7197,4,7.851888187988315
24591,7265,5,6.4391222841335125
24591,7888,4,3.3683795409403743
24591,8339,4,7.312389998865639
24591,8705,5,7.277788794403488
24591,9164,5,8.284271293327656
24591,9282,5,8.435499288386978
24591,9480,3,7.818965289929532
24591,9677,4,7.227385910664834
