user_id,book_id,rating,predict
24771,5624,5,2.8728394494656464
24771,6802,5,6.013858561646117
24771,7842,4,7.999998963081804
24771,8280,4,8.026975565343204
24771,8387,5,7.968493146544617
