user_id,book_id,rating,predict
24984,5900,4,7.355900490259474
24984,5981,4,3.6
24984,6527,5,8.30111405285142
24984,7984,5,6.599994415663101
24984,8521,2,0.9249402563188744
