user_id,book_id,rating,predict
25295,3272,5,7.376829807463512
25295,4264,5,7.78316187843483
25295,4980,5,7.906254005702307
