user_id,book_id,rating,predict
25573,1433,3,7.052850418514113
25573,1522,4,4.146022373112804
25573,1740,4,7.184509208806572
25573,3503,4,8.785713263592996
25573,7695,5,7.607597887017976
25573,8679,3,0.6715766411118107
25573,9872,4,7.017703313048436
