user_id,book_id,rating,predict
25678,532,5,4.0813953488372094
25678,568,5,-0.9185829150274234
25678,753,4,5.85792722237283
25678,958,5,4.0813953488372094
25678,1032,3,5.13413276943332
25678,1383,4,0.08139606190273874
25678,1451,4,0.4049344577377525
25678,1619,3,8.297753042733905
25678,1726,5,4.1935051513672175
25678,1857,5,4.465130633261575
25678,2007,4,8.208981159321066
25678,2101,4,8.978476579342495
25678,2129,4,7.372830498398383
25678,2143,4,8.36372568990619
25678,2181,4,8.20612096306942
25678,2230,5,8.770327687105025
25678,2260,5,7.497706467525352
25678,2386,5,1.657996840327303
25678,2541,5,8.475506404478276
25678,2597,4,8.508592776294044
25678,2783,5,7.991006940301998
25678,2877,5,7.834484849502413
25678,2992,4,7.918009777923433
25678,3100,3,7.7889136440191855
25678,3151,3,7.525604709609603
25678,3177,4,7.980227887705917
25678,3220,4,8.774086608804435
25678,3232,5,8.056967116492121
25678,3339,5,8.347373728545177
25678,3472,5,8.199753767742628
25678,3544,4,7.5668890705176794
25678,3636,3,7.681862049059995
25678,3860,4,8.578917507135257
25678,3988,4,8.094470102144152
25678,3995,5,7.81720501639366
25678,4112,4,7.8638283599348515
25678,4230,3,7.903008325231783
25678,4396,4,8.43481654523423
