user_id,book_id,rating,predict
25874,2457,4,3.909090909090909
25874,6075,4,3.909090909090909
25874,7067,4,3.909090909090909
25874,8770,4,8.84317626187232
25874,9139,4,-0.7375151018151413
