user_id,book_id,rating,predict
26081,3310,4,8.999999899999995
26081,3320,5,4.0
26081,3840,3,1.0000001264911216
