user_id,book_id,rating,predict
26981,3815,3,3.8823529411764706
26981,4875,4,0.8207898256103396
26981,5459,5,-1.117638647923671
26981,6599,3,3.8823529411764706
26981,7040,4,1.9801639093825247
26981,7875,3,6.371702526911179
26981,8017,4,5.248542304058575
26981,8184,5,7.76869613056286
