user_id,book_id,rating,predict
27029,5406,3,8.286812332828806
27029,6084,5,7.131026646891405
27029,6164,5,4.340226027701409
27029,6297,5,5.082828896570265
27029,7020,5,9.306507234343558
27029,7514,5,8.584770811225024
27029,8104,5,1.5910442374870644
27029,8279,4,4.637642122034702
27029,8510,5,8.201721725185767
27029,8669,5,8.570161738710407
