user_id,book_id,rating,predict
27159,2686,4,4.136363636363637
27159,4875,3,2.8808426926392032
27159,6465,4,8.136360838455218
27159,7094,4,4.845548500976417
27159,7908,5,5.75064783147185
27159,8299,4,7.701344625074333
27159,8407,5,7.561068657634754
27159,8796,4,7.616307540603276
27159,8972,4,8.397515330837237
27159,9353,3,1.1770184404268043
