user_id,book_id,rating,predict
2784,4625,3,3.8095238095238093
2784,5472,4,3.8095238095238093
2784,6747,3,0.16846135820134256
2784,6972,3,3.8095238095238093
2784,7157,3,7.395059105255309
2784,7739,4,5.003110006541064
2784,8197,4,0.6381265107812628
2784,8273,4,5.741203803841711
2784,8378,4,4.4473566604055925
2784,9084,4,7.809523461560919
