user_id,book_id,rating,predict
28038,2996,4,7.955225867439539
28038,3378,4,8.348549301233689
28038,3408,4,8.556389848744612
28038,3563,4,8.44674900324451
28038,5475,4,4.967204924867429
28038,6048,4,8.040230037969971
28038,7657,5,1.910758598342869
28038,8810,4,6.885584222790376
28038,9149,3,8.22281893577444
28038,9618,3,4.575294346086427
