user_id,book_id,rating,predict
28366,1414,4,7.357142626196003
28366,1721,4,6.930246065489481
28366,2409,1,7.786900233322209
28366,2492,3,7.601380107620942
28366,2708,4,2.8481062492167326
28366,2765,4,7.811939876187246
28366,3279,4,7.507327570134226
28366,3376,5,6.910131483665721
28366,3509,4,7.374350686985181
28366,6959,4,-0.3474335566093494
28366,7690,1,2.92975110029363
28366,9045,4,6.0743096428364325
28366,9061,3,6.12358178613716
28366,9124,3,1.5744560502136888
28366,9125,3,8.117927725477461
28366,9615,2,7.522719050389448
28366,9767,2,7.4696274947336025
28366,9800,4,1.7281729396384216
