user_id,book_id,rating,predict
28455,6854,4,6.548788977856114
28455,7004,5,-0.6720953975170039
28455,7265,4,7.035859190477038
28455,7889,5,6.150334337083981
28455,8237,4,7.716517013190847
28455,9029,4,7.54294937528786
28455,9115,2,6.91022368701707
