user_id,book_id,rating,predict
28982,3872,5,7.664061519449628
28982,4367,5,4.7
28982,4887,5,8.678468192407882
28982,4973,5,8.186300318851616
28982,5315,5,8.416289387919022
28982,6467,5,8.699998963717576
28982,7409,4,7.600511161903476
28982,7430,5,4.7
28982,8908,5,6.4162513508318835
