user_id,book_id,rating,predict
29168,7614,5,5.994424488209437
29168,7886,4,2.9832847452331404
29168,8135,5,7.646186593512754
29168,8302,5,8.390960200693325
