user_id,book_id,rating,predict
29237,2439,4,3.5625
29237,3283,3,3.5625
29237,5008,3,3.5625
29237,5783,3,3.5625
29237,6057,3,8.56249183916255
29237,6617,3,2.4413471985691926
29237,6829,5,3.5625
