user_id,book_id,rating,predict
29255,2785,5,7.800660254387162
29255,3098,4,7.899448137595048
29255,3623,4,8.47584638576106
29255,3730,4,6.961564823255889
29255,6931,4,4.294117647058823
29255,7497,4,9.29410485693504
29255,8505,5,7.616369444815493
29255,8777,5,6.181927766533576
