user_id,book_id,rating,predict
2926,845,4,4.342105263157895
2926,3328,3,4.342105263157895
2926,3368,3,1.3421225099378016
2926,3436,5,0.3421085520191931
2926,4752,3,4.342105263157895
2926,4804,4,-0.6578783310831833
2926,5111,4,4.342105263157895
2926,5131,4,5.18143476085434
2926,5333,5,0.061944472846530374
2926,5602,5,0.3421081377353281
2926,5635,2,4.342105263157895
2926,5736,5,0.6619017030033199
2926,5854,4,-0.1319368448216558
2926,5974,5,7.594166687169988
2926,6008,5,8.00856328443927
2926,6077,5,7.0298647103435385
2926,6468,5,4.94933807787413
