user_id,book_id,rating,predict
29423,5976,5,8.122966962631018
29423,6083,4,3.7142857142857144
29423,6171,2,6.714285204146753
29423,6817,5,4.41155141201391
