user_id,book_id,rating,predict
29498,5511,4,2.9669384702472557
29498,8231,5,0.16395186634129555
29498,8597,4,1.8194903486865235
29498,8610,2,7.777283179398681
29498,8734,3,7.664035035530004
29498,8827,3,4.1358443524016355
29498,9704,3,7.838991313125714
