user_id,book_id,rating,predict
29517,1341,5,7.375067922363737
29517,1511,4,4.969928256596212
29517,1665,4,4.6752283281464075
29517,1808,5,7.947302054096001
29517,1829,3,3.1636492545262147
29517,1862,4,7.644727544702825
29517,1914,3,-0.1609815377763999
29517,2028,4,0.7792494466765287
29517,2116,4,7.085254046415843
29517,4850,3,-1.6046504804114408
29517,5332,2,5.865031075576372
29517,6504,2,7.39534878623265
29517,6738,4,-1.604650085006985
29517,8432,2,5.349825232161289
29517,8755,4,2.3270318083657635
29517,8783,2,4.365676969347378
29517,9257,4,4.144849275962399
29517,9410,3,2.792777951157401
29517,9429,1,0.772203056827808
