user_id,book_id,rating,predict
29556,3598,5,3.857142857142857
29556,4104,4,3.857142857142857
29556,5482,5,3.857142857142857
29556,5637,5,3.857142857142857
29556,5783,5,3.857142857142857
29556,5911,3,0.21596134967078218
29556,6844,5,3.767214483649291
