user_id,book_id,rating,predict
29655,6013,2,3.2857142857142856
29655,7391,4,8.156138375260984
29655,7706,3,3.2857142857142856
