user_id,book_id,rating,predict
29720,4834,3,4.166666666666667
29720,7749,4,4.166666666666667
29720,8175,4,7.481639537304182
