user_id,book_id,rating,predict
29830,4894,5,3.7142857142857144
29830,8632,3,-0.5975168035865304
29830,8843,4,0.3674840895151137
