user_id,book_id,rating,predict
29941,6356,3,-1.0999862476269855
29941,6596,5,4.844730951464273
29941,6756,4,3.9
29941,7124,5,6.037166647102426
29941,7391,3,3.1963753686649716
29941,7550,5,8.815819875445895
29941,7701,2,-0.09999879365297426
29941,7960,5,7.88280086027005
29941,8005,5,8.484225337962704
