user_id,book_id,rating,predict
29956,3571,5,7.159525761910826
29956,4519,3,4.56
29956,5249,4,4.56
29956,5414,3,4.5132568352260565
29956,5671,5,5.729454956511919
29956,5892,4,8.454251070395514
29956,7765,3,9.559997806227644
29956,7786,4,7.936972951859024
29956,7888,4,7.094444768139648
29956,9415,3,8.811282410996364
29956,9668,5,4.871972274331287
29956,9737,5,4.82810862732627
