user_id,book_id,rating,predict
3031,7517,2,3.5555555555555554
3031,7864,3,2.32254453840821
3031,8222,3,6.3297148496179645
3031,8783,5,6.75069223778106
