user_id,book_id,rating,predict
30666,380,4,6.974990836143597
30666,592,4,2.975
30666,1041,4,5.405242307182627
30666,1100,3,2.975
30666,1173,2,2.975
30666,1328,2,6.328548588327416
30666,1444,5,4.836937408822114
30666,1758,2,5.246530831789318
30666,2131,3,6.869961876826061
30666,2205,5,3.689497226647256
30666,2440,2,6.3600656798442605
30666,2517,4,7.219818958082586
30666,2600,3,6.993794088597205
30666,2798,4,7.0243501804391695
30666,2854,3,7.045075802522028
30666,2982,4,7.063542672864951
30666,8818,3,5.045589217965862
30666,9483,4,3.6077997385961806
