user_id,book_id,rating,predict
30664,5424,4,4.334097812752106
30664,5937,4,2.333333532451431
