user_id,book_id,rating,predict
3094,790,4,9.154111998967936
3094,913,5,7.709842938909039
3094,955,2,4.318181818181818
3094,1063,2,7.318181544506341
3094,1106,3,2.4473529063648147
3094,1156,5,7.318180275207279
3094,1283,5,3.4716741030005513
3094,1300,4,0.3181840540466623
3094,1303,4,6.577339782658452
3094,1380,4,6.825656357946583
3094,1432,5,3.2549046703323343
3094,1436,3,2.9410600367620745
3094,3361,3,1.3181845066138926
3094,4397,3,2.006271401735032
3094,4940,4,9.318172097161813
3094,5114,4,8.494162502862409
3094,5449,3,8.318181441625885
3094,7241,3,6.253284219074997
3094,7385,5,7.999706344534632
