user_id,book_id,rating,predict
31264,3222,5,3.7916666666666665
31264,3598,5,3.7916666666666665
31264,3761,4,3.7916666666666665
31264,3867,5,3.7916666666666665
31264,4071,2,3.7916666666666665
31264,5258,4,0.7916677527435461
31264,5482,5,0.3530925584075071
31264,6202,3,4.860353048494112
31264,6220,3,-0.7546766565289542
31264,6677,4,1.9719596455375545
31264,6750,5,3.4586224730638575
