user_id,book_id,rating,predict
31396,744,2,4.761904761904762
31396,913,5,4.761904761904762
31396,1016,4,4.761904761904762
31396,1464,4,3.060041751229919
31396,1686,5,5.252556619563075
31396,1877,4,8.860114567234564
31396,2210,4,8.90298985175948
31396,2600,2,2.9117929730800567
31396,2655,4,7.315751731055103
31396,2716,4,5.5468095252564416
31396,2975,5,4.00568261695283
31396,3047,5,4.660665534284783
31396,3565,5,7.865683111318786
31396,4273,3,7.944961452135093
31396,4959,5,9.50699023968278
31396,5042,5,9.526640468816254
31396,5163,4,9.07440580665773
31396,8272,3,9.081329296334882
31396,9747,5,9.307622059453081
