user_id,book_id,rating,predict
31570,6217,4,4.149014941011519
31570,6312,4,4.4248533418489275
