user_id,book_id,rating,predict
33284,5064,4,8.099996504205494
33284,5172,4,4.253586767702803
33284,6849,5,4.665893648397729
33284,7255,3,7.181847824489594
33284,7694,5,7.486464035730366
