user_id,book_id,rating,predict
33536,4099,5,3.78125
33536,4478,5,3.78125
33536,5584,5,4.404391056146193
33536,5888,1,6.001933845561622
33536,6001,4,5.511803672877141
33536,6098,4,5.651157480382929
33536,6127,4,5.49866066444285
33536,6205,3,5.682648286830895
33536,6343,5,6.80077759420675
33536,6525,5,7.44592861141731
33536,6711,5,6.325319173635004
33536,8488,4,7.663852990425282
33536,8793,3,5.181339090856752
33536,8834,5,7.5512647092745295
33536,9105,4,7.858348386780448
