user_id,book_id,rating,predict
34016,7825,5,4.424021974603628
34016,8146,3,7.306037436738798
34016,8245,5,1.258506340933922
34016,8590,5,1.93908845209021
34016,8631,3,5.904525973402107
34016,8894,5,8.242166213419726
34016,9199,4,6.4238763593840265
