user_id,book_id,rating,predict
3409,1624,2,7.973542034484488
3409,2419,5,8.303648355752879
3409,2474,4,4.241379310344827
3409,2701,3,7.002559546500821
3409,2729,4,8.511999559523474
3409,4441,3,7.701596981260796
3409,5369,4,4.241379310344827
3409,7392,5,7.492944106069832
3409,7592,5,9.241375474430523
3409,7812,5,6.94473711973548
3409,8214,5,7.2413790167800585
3409,8295,5,6.137528674902672
3409,8838,5,0.1882936109910478
