user_id,book_id,rating,predict
34184,3110,5,4.333333333333333
34184,3301,5,4.333333333333333
34184,6359,5,4.380878836277495
