user_id,book_id,rating,predict
34200,2258,3,3.9166666666666665
34200,2752,4,3.9166666666666665
34200,4951,4,3.9166666666666665
34200,5019,5,-1.0833322233833136
34200,7667,3,8.75457277859206
34200,9965,3,6.231644516182811
