user_id,book_id,rating,predict
34648,1062,5,6.762638934362693
34648,1122,5,8.17721631681334
34648,3624,5,8.455881400820822
34648,4573,5,1.9336060653612823
34648,5440,5,5.403644079371171
34648,5622,5,8.480903396975949
34648,5633,5,4.349769687358697
34648,5811,5,3.0838832148590343
34648,6972,4,8.499998186132537
34648,7697,5,6.2928743288873195
34648,8164,5,1.1000332711332255
34648,8391,5,8.457185158712614
34648,8462,3,4.148928067288481
34648,8502,5,9.230215021074951
34648,8753,3,-0.1229837635532185
34648,9383,4,6.4500578420003665
34648,9500,5,8.693662879472477
34648,9753,3,7.2203576214177065
