user_id,book_id,rating,predict
35011,2902,3,3.607142857142857
35011,2928,4,3.607142857142857
35011,3503,3,8.607138362800695
35011,3760,4,7.2448367900670245
35011,4353,4,5.913862226136576
35011,4518,3,8.607142116051167
35011,4756,4,5.53008178154602
35011,4910,4,-1.392854642028253
35011,4913,4,-0.9529450844055893
35011,5318,2,0.04594481186687993
35011,5423,3,2.831267402612619
35011,5525,4,5.931640454395558
