user_id,book_id,rating,predict
35238,406,3,3.6883564904142387
35238,776,3,3.111111111111111
35238,1621,1,6.1297411673024484
35238,1969,2,6.180789456786202
35238,2253,3,7.346920990315182
35238,2295,3,7.456022029161977
35238,2586,4,7.20705475194562
35238,6664,3,6.188698139603612
35238,8174,2,-0.38923622120290613
35238,8246,4,4.227670892585067
35238,9834,3,7.561054267286041
35238,9910,1,3.1492681457290375
