user_id,book_id,rating,predict
35733,1240,2,8.782604604418726
35733,1636,4,5.50027050039234
35733,1784,5,2.003125805575117
35733,1872,3,0.4984339360644885
35733,1889,4,8.097544489117261
35733,2014,3,4.516076128705155
35733,2126,4,8.042054274053188
35733,4701,3,-0.21734512496005998
35733,6376,3,3.782608695652174
35733,7667,4,3.782608695652174
35733,8899,4,2.2124190258081877
