user_id,book_id,rating,predict
35773,4284,3,3.4285714285714284
35773,7398,3,3.4285714285714284
35773,7833,4,3.4285714285714284
35773,7966,4,7.842086194167695
35773,8890,4,8.027917857583034
35773,9245,4,7.994233272303012
35773,9457,4,7.863104324499339
