user_id,book_id,rating,predict
36650,2001,4,3.95
36650,5393,4,0.9500005837749876
36650,6164,5,1.216960491139345
36650,6925,4,1.7844033602843417
36650,7514,5,7.745648086561341
36650,8330,2,6.410279221861188
36650,8510,4,7.826461422988691
36650,9352,4,7.984436589616704
36650,9634,5,8.155072167536375
