user_id,book_id,rating,predict
37315,5671,3,3.899719588103719
37315,5714,4,4.247454606246964
37315,6218,5,6.243950827726801
37315,6709,5,7.803268684304214
37315,6855,2,6.705419895202678
37315,7793,2,7.217854144279357
37315,7987,5,8.06230695615664
37315,8098,2,6.451546308670332
37315,8401,3,6.1689225556021565
37315,8904,5,7.910617435835569
