user_id,book_id,rating,predict
37821,5740,4,5.8789060696871465
37821,6293,4,8.205880419157518
37821,6360,4,4.205882352941177
37821,6757,4,1.679047454982717
37821,6931,4,8.158617161977222
37821,6958,3,3.7024460130096144
37821,7313,4,0.2058860186365976
37821,7468,5,9.205879865418183
37821,7566,4,7.570958069859783
37821,7582,5,1.0496173103302837
37821,7610,4,8.408534105840602
37821,7698,4,7.513451099566549
37821,7708,4,6.66750636043518
37821,7721,4,6.528097761292507
37821,7935,5,6.077677375740288
