user_id,book_id,rating,predict
38448,7870,4,7.693270489847033
38448,8089,4,7.592443901398649
