user_id,book_id,rating,predict
38641,3674,4,3.4545454545454546
38641,6426,2,2.131378207289358
38641,6682,4,-0.5454490568069756
38641,7418,4,7.454544347842552
38641,9054,3,4.261302862051321
