user_id,book_id,rating,predict
38890,2698,3,4.0
38890,3317,4,5.7904808908392305
38890,3462,4,7.124099773924146
38890,3529,4,4.229792380719299
38890,6083,5,-0.9999996147646621
38890,6278,4,4.0
38890,8401,4,4.0
