user_id,book_id,rating,predict
3902,2701,4,4.4097595703974
3902,3006,3,3.0429796428501716
3902,3203,3,3.466666666666667
3902,3407,4,4.989461732690736
3902,3530,3,6.624319786115153
3902,3573,3,7.875841408968183
3902,3834,4,7.63741685896552
3902,3974,4,7.4654356210485435
3902,8667,4,5.237531358372761
3902,8937,3,3.466666666666667
3902,9577,4,7.382579985333896
3902,9622,3,5.372374006257882
3902,9868,3,6.533678810441132
3902,9877,3,4.989388099437635
