user_id,book_id,rating,predict
39434,5575,4,4.8
39434,8135,5,9.301264858913502
39434,8177,4,8.813398523749182
