user_id,book_id,rating,predict
40662,1729,4,4.000296886089471
40662,1816,4,7.029264684359498
40662,1898,3,6.902761499762406
40662,2189,4,7.3406159719012685
40662,3469,3,2.0076572085900755
40662,5897,3,-0.42856986529831875
40662,6083,4,7.778425221723559
40662,9022,4,6.671823780223461
40662,9359,4,1.9220230374719787
