user_id,book_id,rating,predict
40884,380,4,4.375
40884,807,2,4.375
40884,1198,4,4.375
40884,1662,4,4.375
40884,1938,4,7.720166960351801
40884,2311,4,6.874881698125838
40884,2380,5,8.940300754776244
40884,2523,5,8.66841053041636
40884,2722,4,8.423283688447874
40884,2741,3,8.215142577321977
40884,3047,4,8.371650402908438
40884,3548,4,8.266984429627774
40884,3916,4,8.392483436888387
40884,6006,5,5.508179814786235
40884,8971,4,4.375
