user_id,book_id,rating,predict
4089,4633,3,0.14816526901892635
4089,5029,4,0.5938830126558998
4089,6041,3,3.1481481481481484
4089,6122,4,6.963599223109551
4089,6801,3,1.715492704074486
4089,6907,2,6.148147565193113
4089,7768,1,0.20774176318628124
4089,8203,3,7.581368489391268
4089,8610,3,6.003831706840708
4089,8734,1,6.5942569337363075
4089,9704,3,6.363532048202022
4089,9708,3,6.894886456400104
