user_id,book_id,rating,predict
40946,5847,5,2.8697277075501635
40946,7688,5,8.433923310327229
40946,7799,5,8.760808837712556
