user_id,book_id,rating,predict
41004,6596,4,3.989969462846972
41004,8005,4,5.603775192446927
