user_id,book_id,rating,predict
41425,4738,3,7.745085293799283
41425,4833,3,7.394340569420034
41425,5850,5,7.661842209355132
41425,6205,5,5.699416780735161
41425,6961,3,8.551269000445842
41425,7983,4,7.928667568414383
41425,8267,5,8.458676137769341
