user_id,book_id,rating,predict
41796,7863,5,5.389483616868643
41796,8599,4,7.8712464312597294
