user_id,book_id,rating,predict
41954,3998,2,4.111111111111111
41954,4287,4,-0.8888856545807844
41954,4919,5,6.118289437974212
41954,4990,4,1.3191833584619368
41954,5142,5,8.815599539603673
41954,5691,4,4.9827291851132145
41954,6142,5,4.7677129053854
41954,6222,3,3.5701581992615834
41954,6437,4,8.299505293061866
41954,7483,3,7.908057031424592
41954,7654,3,8.508566382110995
41954,7940,4,8.287191153629504
