user_id,book_id,rating,predict
42441,1006,3,6.959403544320358
42441,2784,4,-1.6666658909188068
42441,4694,4,-1.3337001514551132
42441,5453,4,0.3333350950797076
42441,5910,2,6.561398453750952
42441,6170,2,3.3333333333333335
42441,6231,3,6.7325179978120975
42441,6748,3,5.333332735977961
42441,7702,5,8.333328753724572
42441,7773,4,3.3333333333333335
42441,8513,5,8.33332218377325
42441,8573,2,1.9718290356485928
42441,8576,3,4.084923038934899
42441,9250,3,2.223531614648322
