user_id,book_id,rating,predict
4345,1550,4,7.052415950986976
4345,1608,4,7.001820951688495
4345,1652,4,7.826554783932478
4345,1725,3,3.428480388820575
4345,2069,3,6.907119406735404
4345,2075,3,6.704877239630402
4345,2201,4,6.457624537287872
4345,2278,3,6.408429281218419
4345,6813,3,6.413202355172551
4345,6972,3,3.3142857142857145
4345,7558,3,5.337432993239025
4345,7969,3,7.005191399418109
4345,8148,3,5.775479037847967
4345,8270,2,3.3239182102635936
4345,8802,4,0.3142866315576227
4345,9513,3,2.847677643082082
