user_id,book_id,rating,predict
43465,443,4,4.63265306122449
43465,615,3,1.1009580391641363
43465,645,5,2.6326538442323386
43465,667,4,2.658863071180644
43465,803,4,4.912591501799943
43465,817,5,4.63265306122449
43465,831,4,4.022816562549349
43465,1193,4,6.221125261090258
43465,1358,5,1.632660149655122
43465,1445,4,8.099977652357552
43465,1480,4,3.1405328548438973
43465,1667,3,8.677819634448667
43465,1669,5,7.776617464959116
43465,3721,5,4.63265306122449
43465,5406,4,9.632649765690541
43465,7393,5,5.224900399964523
43465,7943,5,6.405112008015352
43465,8031,5,8.418990103783669
43465,8875,5,4.070224964289333
43465,9152,5,2.5370846207912865
43465,9383,5,8.900333917681522
43465,9471,5,5.0927379080279005
