user_id,book_id,rating,predict
43929,1183,5,4.976744186046512
43929,1352,5,4.976744186046512
43929,2460,4,4.976744186046512
43929,2537,5,9.976727123411214
43929,2585,5,4.976744186046512
43929,3864,5,8.97671474683884
43929,3944,5,7.323518252376644
43929,4207,5,8.928358536144607
43929,4573,5,5.745264673038898
43929,4930,5,8.99109837033971
43929,5502,5,9.782022342353393
43929,5511,5,8.920275759112895
43929,5622,5,5.8395989141787705
43929,5633,5,2.885411901865405
43929,5653,5,5.8715969129219765
43929,5780,5,8.858589315886032
43929,5847,5,9.412130764943699
43929,6562,5,9.56894909983997
43929,6622,5,8.809425997422377
