user_id,book_id,rating,predict
44498,1355,4,3.75
44498,3110,4,8.74995305449924
44498,3266,5,7.749962750420234
44498,3471,3,6.749999329239456
44498,3864,5,0.16374051894045838
44498,3967,4,0.9546038875962899
44498,4173,5,6.944441132038886
44498,4179,4,7.61873679840633
44498,5803,4,1.1474235071156649
44498,6075,4,3.75
44498,6260,5,3.75
44498,6290,4,2.659044519735187
44498,6563,4,7.634460424818408
44498,6574,4,0.7500049079217401
44498,6635,4,7.889348287389807
44498,6735,3,4.796531518739871
44498,7157,4,8.40855617179836
44498,7361,4,2.3098686470742726
44498,7804,5,6.215122442240169
44498,7966,4,8.618721927570718
44498,8170,4,7.7499993220266115
44498,8890,4,8.403972568533696
44498,9007,4,6.830353362508663
44498,9245,4,8.328202922326785
