user_id,book_id,rating,predict
44993,5480,4,8.356868167474627
44993,5575,5,4.666666666666667
44993,5846,4,3.462027579185897
44993,6497,5,4.666666666666667
44993,6598,5,8.66666620190905
