user_id,book_id,rating,predict
45000,4934,5,4.96
45000,5075,2,4.96
45000,5535,2,4.96
45000,6197,5,7.74994381984996
45000,6346,5,8.506501129080371
45000,7846,5,6.573816829443581
45000,8123,4,7.049172345849068
45000,8251,5,8.96183215280065
45000,8354,5,9.273407168426171
45000,9638,5,9.543960840673233
45000,9844,5,1.5483922584571705
45000,9870,5,8.854048040383939
