user_id,book_id,rating,predict
45905,2956,5,-0.6399935781803618
45905,5021,3,7.990383161802603
45905,5272,3,5.907391898355579
45905,6208,5,7.895052271257759
45905,6631,5,4.36
45905,6667,4,6.375781292005215
45905,7203,5,8.830278990954895
45905,8058,4,8.129347726621614
45905,8110,5,8.773408969006212
45905,8852,4,8.436813633257007
45905,8918,5,8.747879130339147
