user_id,book_id,rating,predict
46306,4116,3,5.316622805795344
46306,4503,4,7.4010944108226315
46306,4848,4,5.344714925500723
46306,7808,4,4.076923076923077
46306,8430,3,4.498106602400496
46306,8640,4,3.257289416730665
