user_id,book_id,rating,predict
46765,717,4,6.478277283044069
46765,2233,5,5.724544187740335
46765,2722,2,5.091652225455515
46765,2744,5,3.642857142857143
46765,3575,1,6.907711669391327
46765,3662,1,7.677600815446922
46765,4765,4,3.642857142857143
46765,6631,5,3.642857142857143
46765,7768,3,8.642855691545853
46765,9120,3,5.267612572247884
46765,9124,5,1.4957699026649163
46765,9252,5,-1.357139643042673
46765,9456,3,7.582073858177834
