user_id,book_id,rating,predict
46923,2279,4,8.244055477213621
46923,2353,5,9.477986562948555
46923,2661,5,8.719967041382208
46923,2674,4,8.726950855111788
46923,2841,5,8.634458516898736
46923,2937,5,9.647059084669694
46923,3078,5,8.612347934860939
46923,9295,5,3.9473619769308663
