user_id,book_id,rating,predict
46934,6218,4,8.092779334034212
46934,6653,5,6.825131772649918
46934,8729,3,6.541826782529645
46934,9216,4,7.281075220723983
46934,9330,4,7.277605629207507
