user_id,book_id,rating,predict
46967,2191,3,7.777776644112407
46967,4729,3,3.7777777777777777
46967,6526,4,1.420117137244243
46967,7861,3,3.7777777777777777
46967,9114,5,3.7777777777777777
