user_id,book_id,rating,predict
47149,6646,4,-0.3333328764843255
47149,7161,3,4.666666666666667
