user_id,book_id,rating,predict
4786,8311,4,5.431007547417424
4786,8434,4,5.1089368074804336
4786,8713,3,-0.5999998627530445
