user_id,book_id,rating,predict
47997,2649,5,4.99999947690013
47997,3572,4,8.999997384500649
