user_id,book_id,rating,predict
48334,8419,3,7.187530088239972
48334,8562,4,4.838937755903526
