user_id,book_id,rating,predict
48426,6950,4,4.118941454678789
48426,7612,4,-0.49999981926069514
48426,7857,4,5.627123927375955
48426,8208,4,7.7650614596558265
48426,8244,3,7.8243997576923485
