user_id,book_id,rating,predict
48457,3833,4,5.067795975582893
48457,6607,4,0.11704901783246102
48457,8162,4,0.274561341032848
