user_id,book_id,rating,predict
487,462,5,4.1875
487,7400,3,4.1875
487,7664,4,3.8279493283706842
487,7840,5,7.5474541785376745
487,8411,3,-0.8124975168269932
487,8525,3,2.613071298443747
487,8681,3,0.7808482260628495
