user_id,book_id,rating,predict
49322,5009,4,8.102492958265632
49322,5626,5,9.499999581670156
