user_id,book_id,rating,predict
49615,5671,2,1.125001901509373
49615,5970,4,9.124986118702417
49615,6861,4,5.216171507100719
49615,7433,3,8.013953659202059
49615,7776,3,7.32750239829716
49615,7957,5,8.28559197272219
49615,8810,4,4.433491196553435
49615,8844,2,0.8848804577846985
