user_id,book_id,rating,predict
49770,1308,5,9.000000050720514
49770,1737,3,8.617426984555179
49770,2116,4,8.295524277072428
49770,6681,3,4.0
49770,8393,3,1.6293600868522162e-07
49770,8551,3,4.0
49770,9595,5,-0.9999988272655687
49770,9701,5,4.0
