user_id,book_id,rating,predict
49870,1840,5,6.4968229107799145
49870,5694,5,4.6923076923076925
49870,5979,4,4.6923076923076925
49870,7982,4,4.6923076923076925
49870,8729,3,5.336588047577416
49870,9086,4,4.030698458585764
