user_id,book_id,rating,predict
49912,3377,5,4.818181818181818
49912,4104,5,4.818181818181818
49912,4796,5,8.818180856932303
49912,6593,5,5.082504528240541
49912,7151,5,6.097321363890495
49912,7210,3,8.447026296809643
