user_id,book_id,rating,predict
50086,4295,5,8.168610337085601
50086,4519,4,4.190476190476191
50086,5302,4,7.190475485922216
50086,5422,5,8.34831672258032
50086,6213,4,4.190476190476191
50086,7065,4,7.674644964845838
50086,7467,4,4.190476190476191
50086,7752,4,6.66830211256588
50086,8590,5,6.7316206283490345
50086,8778,4,3.9181750755993474
