user_id,book_id,rating,predict
50399,858,4,4.051546391752577
50399,1077,4,0.05154910063526774
50399,1182,4,0.9031289810084062
50399,1304,5,8.05143571601431
50399,1331,4,8.236374775919167
50399,1341,4,3.07134651548756
50399,1363,4,8.05143571601431
50399,1394,3,8.05143571601431
50399,1450,5,-0.33046882586356574
50399,1479,5,1.1957167526263088
50399,1490,4,4.27971300217597
50399,1491,1,5.897007244641238
50399,1572,5,7.489497042100606
50399,1602,5,1.383113806303169
50399,1630,5,1.1040677163447996
50399,1690,3,5.1156034562584365
50399,1698,5,6.824238889293421
50399,1729,4,4.471511031210426
50399,1730,2,6.647289824350398
50399,1808,4,8.6569247498608
50399,1816,4,6.435319612111846
50399,1895,5,8.958794699062096
50399,1904,5,4.051546391752577
50399,2081,5,8.47465931978926
50399,2118,3,7.635925567106277
50399,2170,4,7.807419791944127
50399,2196,5,7.6302125667216965
50399,2312,3,6.801780954452489
50399,2353,5,8.962371684238388
50399,2407,5,8.161774333661572
50399,2412,5,8.294257308536134
50399,2422,4,7.333910933531403
50399,2448,5,8.465599406018981
50399,2493,5,7.589839090629706
50399,2518,5,7.3130572678814145
50399,2564,4,7.813485176711759
50399,2631,5,7.736349030848283
50399,2646,5,8.086840426113817
50399,2674,5,8.134599428528434
50399,2792,4,8.045403325429662
50399,2889,3,8.347471025568247
50399,2937,5,8.931861765317244
