user_id,book_id,rating,predict
50413,5451,4,1.404388895213239
50413,5778,4,6.074391876582076
50413,5953,3,7.01685508588694
