user_id,book_id,rating,predict
50519,5259,3,1.6666675181106534
50519,5442,5,-0.3333325444577655
50519,6808,3,3.6666666666666665
50519,7560,4,5.2113702469201755
50519,7993,3,7.031627145365242
50519,8265,4,7.305844064183409
