user_id,book_id,rating,predict
5081,8307,2,3.469742284611539
5081,9728,4,6.99999991533596
