user_id,book_id,rating,predict
51092,3574,3,6.602059923619697
51092,3993,3,6.754713409169231
51092,4092,4,7.787392199874288
51092,7912,3,6.931341444587714
51092,8723,3,3.2222222222222223
