user_id,book_id,rating,predict
51744,7317,4,4.842935709437746
51744,7879,4,6.5771569080280035
