user_id,book_id,rating,predict
52361,4203,2,0.7619099806284271
52361,4281,3,2.596456438802776
52361,5029,3,3.761904761904762
52361,5892,3,-0.8753973446503043
52361,5902,5,2.3211536685272582
52361,7650,4,3.761904761904762
52361,8164,4,8.452824533868732
52361,8328,2,3.761904761904762
52361,8345,3,7.93313945687489
