user_id,book_id,rating,predict
52402,1183,5,3.257142857142857
52402,2105,4,3.2974179999182116
52402,2834,4,8.014607905361382
52402,2871,4,6.953551416890784
52402,2996,3,5.776861137835627
52402,3105,4,4.2996731348304404
52402,3246,5,6.867963368062481
52402,3247,5,6.263571861946018
52402,7248,3,5.018877114627983
52402,8388,3,6.746566188828028
52402,8401,4,2.72867543686074
52402,9098,2,5.874599336487136
52402,9359,4,-0.7428564849943173
52402,9668,4,4.76117481471575
52402,9877,4,7.209310112510879
