user_id,book_id,rating,predict
52797,1104,4,6.9542167898549225
52797,2986,4,8.057893779226015
52797,6815,5,6.148105938397602
