user_id,book_id,rating,predict
52792,7217,4,7.362071817197118
52792,7807,4,8.526508481048996
52792,8158,4,8.185012634509643
