user_id,book_id,rating,predict
52948,6653,3,-0.4545417372897762
52948,8339,4,5.929551571281809
52948,8970,4,4.90059314847743
52948,9133,3,7.333960478982879
52948,9282,3,4.93754684972121
