user_id,book_id,rating,predict
53148,7903,4,8.933138804358853
53148,7936,5,9.046860347589888
