user_id,book_id,rating,predict
5568,1686,4,2.0828767619664887
5568,1693,4,2.8573418487528683
5568,1880,5,3.983175218705108
5568,1931,4,3.7454912609861797
5568,2125,5,8.539175138214446
5568,2168,4,7.246758400233131
5568,2198,4,5.225460643648206
5568,2219,4,7.4734328426335
5568,2230,5,9.126570746001565
5568,2239,5,8.350243787032579
5568,2347,4,8.004478259545825
5568,2399,4,7.165936553465885
5568,2416,5,7.932161005783009
5568,2458,5,7.723440732022276
5568,2461,5,8.095619643418631
5568,2645,5,7.810872442103802
5568,2654,5,8.65632659019246
5568,2808,5,8.6507119751256
5568,2811,4,7.705376664795025
5568,2825,5,8.96591460529628
5568,2947,5,7.961132412888664
5568,3096,4,7.763397951219064
5568,3128,4,7.715028347281314
5568,3174,5,9.350150924915878
5568,3393,5,8.136713889106307
5568,3492,4,7.749119381308418
5568,3500,5,8.154397609338801
5568,3530,4,7.7516250722910325
5568,3601,5,9.131380976787012
5568,3938,4,7.7516250722910325
5568,3989,5,8.315641764771382
