user_id,book_id,rating,predict
5845,3631,4,2.968964790501773
5845,5641,4,7.993556023979304
5845,5764,3,7.339511033239613
