user_id,book_id,rating,predict
6463,629,4,4.050622064630627
6463,1309,3,4.841700176638511
6463,2455,3,6.378097784602705
6463,2664,3,6.73858959171474
6463,4502,2,-0.6774165788404196
6463,4606,4,8.322577682205106
6463,6679,4,3.3225806451612905
6463,7339,3,3.3225806451612905
6463,7800,3,5.322579523030419
6463,7969,4,8.100121466022435
6463,8073,3,-0.3358727889479245
6463,8653,3,2.6839787484286264
6463,8677,4,3.7254819391846445
6463,9588,4,1.7270818250898476
