user_id,book_id,rating,predict
6814,2132,5,3.2666666666666666
6814,2318,3,3.2666666666666666
6814,3009,4,3.2666666666666666
6814,3423,3,7.2666621465680565
6814,4117,4,3.2666666666666666
6814,5983,3,3.2666666666666666
6814,7126,3,3.2666666666666666
