user_id,book_id,rating,predict
7147,7549,4,5.718873146351558
7147,7659,3,-0.9090874311603727
7147,7739,4,4.090909090909091
7147,8002,4,8.090899346576553
7147,9142,4,4.090909090909091
