user_id,book_id,rating,predict
8027,1111,3,4.1459660149525055
8027,1433,4,6.399920939877827
8027,1670,3,5.308941648604692
8027,1894,3,5.974894822922813
8027,1955,3,5.037253199856776
8027,2163,3,6.759867673804061
8027,2216,2,6.697176316434439
8027,4123,2,-0.8437054341833479
8027,6047,3,3.15625
8027,6110,5,-1.8437428435730059
8027,7867,3,-0.8437475938246819
8027,8781,3,1.6646058030011832
8027,9300,3,4.156249879747596
8027,9396,3,2.9791558785613956
