user_id,book_id,rating,predict
8261,2327,4,6.591258096796144
8261,2413,5,7.286383397557753
8261,2527,5,6.590947308641718
8261,3103,4,3.782608695652174
8261,3129,5,3.782608695652174
8261,3243,3,8.062012185821537
8261,3632,5,7.785588237659114
8261,5332,4,5.931604748666834
8261,7627,4,0.7826104804203844
8261,9552,4,2.4641234681153827
8261,9577,4,7.997962702087069
