user_id,book_id,rating,predict
8397,3471,3,-0.11100964710854644
8397,3864,2,3.888888888888889
8397,4357,3,3.888888888888889
8397,5205,3,-1.06057737384034
8397,6010,3,3.888888888888889
8397,6249,5,7.5230900168679895
8397,6921,3,7.888872332337362
8397,8097,3,5.85908536310725
