user_id,book_id,rating,predict
8599,931,3,6.6302870111995915
8599,991,3,3.8343087395641557
8599,1044,4,7.077635711267247
8599,1046,4,7.098011596071816
8599,1187,3,5.484842273066739
8599,1198,5,7.693542353755428
8599,1212,5,7.460467344282925
8599,1307,2,7.675868066599394
8599,2829,3,3.4444444444444446
8599,3587,3,-1.5555491174344311
8599,4834,4,3.4444444444444446
8599,4856,5,7.0686505343956
8599,5344,4,3.4444444444444446
8599,5634,3,0.44448216085869685
8599,6707,4,3.4444444444444446
8599,6840,5,7.44444410868995
8599,7455,3,5.724278196010665
8599,7482,3,2.533598112504312
8599,7545,3,6.463718476932023
8599,8023,3,4.444444238520698
8599,8138,4,4.201513528827547
8599,8379,3,3.638782284887107
8599,8486,3,4.377073717679213
8599,8582,4,7.3250938014899045
8599,8960,3,5.75574928851638
8599,9042,3,7.181387612771237
8599,9736,4,6.758009290159895
