user_id,book_id,rating,predict
8724,7159,3,5.53554323129752
8724,7410,2,4.8057732577299985
8724,7539,2,3.5
8724,8237,4,7.247420845522168
