user_id,book_id,rating,predict
9128,1154,5,4.213088769625869
9128,1862,3,6.949929414892961
9128,4297,4,4.423076923076923
9128,6446,5,-0.5769223001148216
9128,7070,5,7.004190645812657
9128,7278,5,7.869052844071575
9128,7921,5,2.2926821901497516
9128,8194,5,8.918987270697695
9128,8594,5,1.987728658785358
9128,9334,5,8.512352197527093
9128,9498,5,8.401946240492801
9128,9838,5,7.611036953300641
