user_id,book_id,rating,predict
9351,6341,4,4.5
9351,6738,5,6.958602891982194
9351,6842,4,9.080171616181314
9351,7551,4,2.5000003075349464
