user_id,book_id,rating,predict
9489,659,3,7.181817559396992
9489,1279,4,0.8555408510111224
9489,1391,3,1.4740586208544022
9489,1441,4,3.9249875188285266
9489,1757,3,6.581766260332467
9489,1842,3,6.692568737321291
9489,1999,2,3.3065146227789595
9489,2357,4,7.307332198155755
9489,2679,3,6.707198607698995
9489,5070,5,-1.818179399170635
9489,5094,1,4.554486221776657
9489,5657,1,0.18186654199645869
9489,7860,4,-0.3829322756806337
9489,8075,3,3.230035404167059
9489,8800,4,3.44204329717818
