user_id,book_id,rating,predict
9618,5428,5,-0.6666651577107476
9618,8135,4,7.59636096319691
