user_id,book_id,rating,predict
9809,649,4,8.646320798790438
9809,657,3,7.6463249317152755
9809,886,3,-1.3536479317084416
9809,1029,5,6.479960753075987
9809,1199,4,5.478022248153822
9809,1205,4,4.098668709604747
9809,1263,5,4.987523051568353
9809,1270,4,7.317397272135482
9809,1282,4,3.8327814301607446
9809,1500,3,7.297224326503531
9809,1595,5,5.77530878224588
9809,1631,5,7.340131687057301
9809,1676,2,5.93727366819976
9809,1700,2,6.686836451495776
9809,1704,5,6.156002622043022
9809,1730,2,4.813956940777359
9809,1792,5,7.76979101642174
9809,1868,3,6.212736633203358
9809,1991,3,7.0399770524333185
9809,2043,4,1.9367470924928922
9809,2061,4,7.37900449128466
9809,2102,4,7.4611522623494855
9809,2218,3,7.358850817351479
9809,2325,4,8.236724276762883
9809,2390,3,7.549861938641717
9809,2419,4,7.575987652838192
9809,2452,3,7.471882931028782
9809,2486,2,7.267927288369567
9809,2487,3,7.4963078127469664
9809,2501,4,7.68233396683741
9809,2543,3,8.108319770095402
9809,2743,4,8.404155127417052
9809,2767,5,7.582809218263176
9809,2775,4,7.692758991041728
9809,2819,5,6.951748947404027
9809,2852,5,6.985916750345827
