user_id,book_id,rating,predict
10478,4497,5,4.631098207494427
10478,4693,5,4.611552707116553
10478,5677,5,4.457704303206358
10478,7156,5,4.600209460712961
10478,7159,5,4.722903143594474
10478,7497,5,4.309184292851969
10478,8966,5,4.919325865964832
10478,9171,4,5.32839434885102
