user_id,book_id,rating,predict
10473,6007,4,5.05849177670838
10473,7338,3,4.036676620852641
10473,7824,3,4.308262103970998
10473,8035,4,3.3297639110955863
10473,8175,3,4.069654253214002
10473,8401,2,4.002555505180949
10473,8788,5,4.019411286493723
10473,8973,5,4.190701705177808
10473,9074,4,4.895572537839956
10473,9434,3,4.8170623317789545
10473,9966,4,3.931081665749257
