user_id,book_id,rating,predict
10530,5521,4,3.742384156038512
10530,5607,4,3.8925034913218215
10530,7003,5,4.762800069262459
10530,7724,5,3.7223366396602144
10530,7932,5,3.9950600177179005
10530,8397,3,4.070274058005296
10530,9140,4,3.9421323608883623
