user_id,book_id,rating,predict
1055,5325,5,4.984780034378238
1055,5592,4,4.979553604366301
