user_id,book_id,rating,predict
10687,897,4,4.6436857306431065
10687,1191,2,4.295047051586451
10687,1224,4,4.209747153991039
10687,1491,4,4.090799268143483
10687,1527,4,3.816296103909244
10687,1686,4,4.284356796665105
10687,1914,3,3.698661318276577
10687,2034,5,3.722914030947023
10687,2196,4,3.75382691597562
10687,2241,3,3.5481444042179526
10687,2423,4,3.7333183304688107
10687,2666,3,3.5481767752358095
10687,7187,4,3.4221025991986536
10687,8879,4,3.185972442754668
10687,9277,4,2.90424375767847
