user_id,book_id,rating,predict
1077,4740,4,3.7333392336553377
1077,5830,4,3.812320669785213
1077,7372,1,1.0701017137584237
1077,7564,4,2.863500523777067
1077,8062,4,3.074101207476532
1077,8348,3,2.6429850711938396
1077,8598,3,2.329437227192204
1077,8926,4,4.081152688190695
