user_id,book_id,rating,predict
10786,6032,4,4.135621691864769
10786,6831,3,3.7567957073277416
10786,6866,5,3.9663161461134346
10786,7034,4,4.183743546797159
10786,7529,5,3.7591545602619747
10786,7564,3,3.546574955308986
10786,8385,4,3.3643300655421178
10786,8463,4,3.9322500631536026
