user_id,book_id,rating,predict
10838,6065,4,3.930933948636338
10838,7378,4,4.587379026329356
