user_id,book_id,rating,predict
10865,1180,5,4.679058410140115
10865,4606,4,4.489611725242589
