user_id,book_id,rating,predict
10906,2306,3,3.301599689812763
10906,2807,3,3.3679245098167665
10906,6337,4,4.541822567596516
10906,7430,4,4.787410874598893
10906,8688,3,3.8315239985798715
10906,9036,5,3.7292614729162157
