user_id,book_id,rating,predict
10960,1756,5,3.46797791014937
10960,3850,3,3.914977639601278
10960,4729,5,4.089243982141312
10960,5606,5,4.709591631838975
10960,6310,5,4.3937580722184295
