user_id,book_id,rating,predict
10961,4421,5,3.8934043587231586
10961,5704,4,3.686657761396378
10961,5865,4,4.069185861214503
10961,5952,4,4.050707139959789
10961,6688,5,2.822434534043621
10961,7227,3,4.194511528392578
10961,7232,4,3.8134580531137208
10961,7251,3,2.843249788325284
10961,7277,4,3.927273105884831
10961,7579,4,4.0528122272159885
