user_id,book_id,rating,predict
1113,3840,4,3.280312665576118
1113,4115,3,3.493658766346585
1113,4270,4,3.2591501839899664
1113,4367,2,3.3007795901165142
1113,5012,3,3.3511772853794146
1113,5146,3,3.485458671644338
1113,5420,3,3.2942545057604122
1113,5531,4,3.396490595622459
1113,5537,5,3.629390197998483
1113,5663,3,3.3679963916058
1113,5806,4,3.4267633950928027
