user_id,book_id,rating,predict
11325,775,5,4.216624960653845
11325,897,5,4.0400756082039635
11325,927,4,4.138798084342388
11325,1095,3,3.9512172269936956
11325,1358,4,4.296321081436749
11325,1427,3,4.22294779472242
11325,1485,3,4.067556454436372
11325,1491,4,4.1855768834437335
11325,1492,4,4.235860010829505
11325,1744,5,4.097708111923606
11325,4055,4,4.478696186927188
11325,5469,4,4.603948189320238
11325,5754,4,4.996587509696593
11325,6232,5,4.23453619995649
11325,6257,3,4.592292534198125
11325,6376,4,4.339221601502388
11325,7647,5,4.235331376370387
11325,8168,4,4.8619431453445
11325,8221,4,4.290530888971481
11325,9059,4,4.552864130342723
11325,9313,5,4.296171845496758
11325,9552,3,3.7382405597808046
11325,9793,4,4.118544848683766
11325,9921,3,4.518915463943804
