user_id,book_id,rating,predict
11575,7256,3,3.0028902007890914
11575,7594,4,3.8794512148490807
