user_id,book_id,rating,predict
1173,1047,4,3.3517739973465446
1173,1436,2,3.5546737745847383
1173,1689,4,3.444715712314591
1173,1835,4,3.747213791326079
1173,6889,5,4.1430337338193866
1173,7108,4,4.382016015457583
1173,7708,4,4.309047296512059
1173,9625,4,4.125905945400883
