user_id,book_id,rating,predict
11754,4153,5,5.0061383757107265
11754,6134,5,4.894024895424795
11754,7418,5,4.9087595527173375
11754,7541,5,5.035068128224827
11754,7961,5,5.025627688087243
11754,7969,5,5.076219379528239
