user_id,book_id,rating,predict
11827,870,4,5.47675129672866
11827,2953,3,3.3475670427021686
11827,3556,4,4.040282592418716
11827,8141,4,3.175137466117092
11827,8348,3,2.980813414965632
