user_id,book_id,rating,predict
1195,4723,1,3.4142282974187497
1195,7556,4,4.086262814626661
1195,7652,3,3.9685267186946787
1195,8186,5,4.337780188454033
1195,8195,3,3.5965907962352155
1195,8464,4,4.386106400324967
