user_id,book_id,rating,predict
12181,2805,4,3.7464385531023456
12181,5333,5,3.730910088626694
12181,6077,4,3.341448529214959
12181,6169,4,3.731000576305116
12181,6419,3,3.7227277962821237
