user_id,book_id,rating,predict
12215,6195,4,2.5300804159199193
12215,6431,5,4.202265326823342
12215,6598,3,3.788194277323836
12215,6776,3,4.0673843571379384
