user_id,book_id,rating,predict
12276,659,3,2.562668992236782
12276,849,2,2.5253085132749824
12276,1258,3,3.1707900906816544
12276,1294,4,2.841228722217253
12276,1301,3,3.0847516604301437
12276,1388,3,3.172212384271665
12276,1407,3,2.8972618705559405
12276,1514,4,3.854626611320742
12276,3645,4,3.0604769454118546
12276,4341,3,2.8461395169177126
12276,4688,4,3.2093755001922277
12276,5948,3,2.7993165012818615
12276,6283,3,2.8379701545956846
12276,6620,3,3.071877656732091
12276,6681,3,3.1492970330902583
12276,7307,3,3.6067516794060626
12276,7372,3,2.837674817580735
12276,8023,4,3.2509091851242444
12276,8393,3,3.7232767722196334
12276,8635,3,3.175870756824614
12276,9265,2,3.598024467465828
12276,9295,4,3.4935337314485895
