user_id,book_id,rating,predict
12386,7315,3,5.148704053138592
12386,7390,4,4.418054615883035
12386,8561,4,4.288625580447349
