user_id,book_id,rating,predict
12500,4814,5,5.146287170461232
12500,6094,2,3.9163306329538115
12500,7663,4,4.461231186270172
12500,8088,3,3.6384612730602357
