user_id,book_id,rating,predict
12525,3430,3,3.0865454208080285
12525,3895,4,3.109619324958928
12525,4126,3,4.849927267573974
12525,4436,4,3.6946587189454387
12525,4701,2,3.122792672144535
12525,5537,4,4.1122785078457476
12525,5733,4,2.8474562722855614
12525,5943,3,2.9511938505297284
