user_id,book_id,rating,predict
12624,3717,4,4.057974619820435
12624,3755,2,4.090417014444848
12624,4758,4,4.444361621966742
12624,6607,3,3.5007092999151577
