user_id,book_id,rating,predict
1272,3694,2,2.8721190926544238
1272,3733,3,2.4806124527406404
1272,4097,3,3.2740411542425996
1272,4323,1,2.5595103289579177
1272,5140,3,2.5731329882299927
1272,5476,4,2.4161880454968916
1272,5516,3,2.877357230359208
