user_id,book_id,rating,predict
12747,7057,2,3.052205710244533
12747,8417,4,2.0011069435421027
12747,9386,3,2.7828186085771263
