user_id,book_id,rating,predict
1277,4123,3,3.4706620840324987
1277,4734,3,3.599890247613457
1277,4787,3,3.0104741503236747
1277,4808,4,3.3869117123151926
1277,6116,4,3.275482500513815
1277,6428,4,3.976867889528262
