user_id,book_id,rating,predict
12781,671,4,2.785370657081671
12781,787,5,3.5229080716956815
12781,927,1,3.431213605360419
12781,1099,5,1.2068283201209877
12781,1330,5,3.648138577552506
12781,3682,3,3.5944497381826768
12781,5023,4,3.105634115457507
12781,5524,5,4.470174511942695
