user_id,book_id,rating,predict
1294,764,2,3.60967334985138
1294,973,4,3.6401723856473387
1294,1147,4,3.504384936904259
1294,1152,5,3.735385648474632
1294,1430,3,3.1276202448418364
1294,1481,4,3.362879428472217
1294,1610,3,3.8745597022029217
1294,1790,3,3.615228361257725
1294,1791,1,3.421249105539983
1294,1833,5,4.359248893182653
1294,1879,2,3.314786558767571
1294,2028,1,3.317804236129303
1294,2136,2,2.95254659404146
1294,2310,3,4.554030682564717
1294,2630,4,3.63559349502712
1294,2679,3,3.41917517724137
1294,2710,4,3.395710159595666
1294,3501,2,3.6806931203955426
1294,5514,5,3.628613873560538
1294,5964,3,3.40997213450784
1294,7708,4,3.8710047107288172
1294,7918,5,3.882446768697976
1294,8346,4,3.6656578545020344
1294,9084,4,4.277485438408507
1294,9305,4,3.7225300481470467
1294,9625,5,3.7642121822094907
