user_id,book_id,rating,predict
12989,1044,3,3.4610794030097805
12989,3828,5,4.314021915658732
12989,4856,3,4.321048659159324
12989,6007,3,4.994187261008603
12989,6429,4,4.537325703029956
12989,6827,5,4.370508693663844
12989,6958,4,4.38669225660789
12989,7771,5,4.497767681646187
12989,8348,3,4.7887922883627185
12989,8405,3,4.969547499583285
12989,8479,4,4.998851607628367
12989,9792,4,4.960503657088225
