user_id,book_id,rating,predict
1304,8375,3,4.138560427299003
1304,9032,4,4.202547750278536
