user_id,book_id,rating,predict
13141,3447,3,4.004168701669316
13141,3981,5,3.758125716352163
13141,4484,3,3.845484839118573
13141,4770,4,3.975047305038795
