user_id,book_id,rating,predict
13317,797,5,4.13975954655733
13317,1043,5,4.491028762057869
13317,1494,4,4.025359607981213
13317,1506,3,3.1808944463481037
13317,3448,4,3.857131844450539
13317,5354,4,3.6494326494803073
13317,6865,3,3.530009945890962
13317,7065,4,3.8425489314709687
13317,7289,4,3.7496760952722368
13317,7827,3,4.043170708425215
13317,8318,4,3.6621685840738274
13317,8348,3,3.4379925542512417
