user_id,book_id,rating,predict
13462,3719,4,3.954593689844153
13462,4866,5,4.831606698571653
13462,5581,4,5.023028713153595
13462,5976,4,3.69900341351098
13462,6392,5,3.462784555634925
13462,6444,4,3.6533129925813097
13462,7217,4,3.637838883736577
