user_id,book_id,rating,predict
13486,4769,4,2.8821851441824644
13486,6865,3,3.7184619422524374
13486,6887,3,3.377057565106784
13486,7584,5,3.5093049166468586
