user_id,book_id,rating,predict
1349,5552,2,5.500976501956157
1349,8190,4,3.896604491145126
