user_id,book_id,rating,predict
13626,5553,3,3.8259821755159207
13626,6707,2,3.797358059834899
13626,6872,4,3.5651769703612315
13626,7259,3,3.8739135092537706
