user_id,book_id,rating,predict
14008,2902,4,4.903569662545044
14008,4670,4,3.66258772847419
14008,5249,4,2.9303316165417117
14008,5596,5,3.7655870939338025
14008,6058,4,2.8262339152942464
