user_id,book_id,rating,predict
14266,657,5,4.86704815230847
14266,1914,3,4.045197302875862
14266,1986,3,3.7513712629180103
14266,2043,4,3.825687950458799
14266,2057,3,3.6810952875644785
14266,2172,3,3.8320817968976946
14266,2242,4,3.1047381449106215
14266,5469,3,3.4558803440506507
14266,6083,4,2.5452355444631367
14266,7175,5,3.134056546476382
14266,7611,3,3.810734441552121
14266,8656,4,2.1744901293545587
14266,8806,2,3.334012069367581
14266,8832,4,3.3777059337119217
14266,9965,4,2.9347267803194383
14266,9979,4,3.6032837062425442
