user_id,book_id,rating,predict
1430,4055,4,3.4093518988156264
1430,6282,4,3.0922559775112233
1430,6320,4,4.101165919975118
1430,7423,5,3.204637042572901
1430,7785,4,2.938049391431709
1430,8805,3,2.8667565951698433
1430,9363,2,2.5508357422016132
