user_id,book_id,rating,predict
14360,3383,3,3.0877885948772876
14360,4545,2,1.3451943453019206
14360,5132,5,1.792895358088499
