user_id,book_id,rating,predict
14465,2191,5,4.631014689105662
14465,4957,4,4.950817206704155
14465,5694,4,4.543621169372032
