user_id,book_id,rating,predict
14495,5264,2,4.035845274687923
14495,5566,5,4.669952764505151
