user_id,book_id,rating,predict
14557,8346,4,4.801958656363441
14557,8613,3,6.638540298605621
