user_id,book_id,rating,predict
14568,202,4,2.8209972933302634
14568,203,4,3.278034058163897
14568,218,3,3.441689130362155
14568,334,5,3.915727456815025
14568,382,3,3.5654440199908177
14568,384,3,3.9991772283447036
14568,394,5,4.241620464596927
14568,415,4,2.1946588768312454
14568,419,4,4.247639648689068
14568,434,3,3.7934263431763195
14568,443,5,3.875339150146928
14568,500,4,3.0072085771181203
14568,517,5,3.509934739089541
14568,548,5,3.6295322563093353
14568,564,3,4.239680276314764
14568,589,5,4.006399562963646
14568,645,3,3.514981681180023
14568,656,5,3.4177125426167665
14568,667,4,3.7562933231879994
14568,676,4,4.049216819981906
14568,756,3,3.585129414305227
14568,830,5,3.9216506932671487
14568,831,4,3.7163257760480013
14568,947,4,4.584527042205114
14568,1140,4,3.8159663022290857
14568,1177,2,4.0697000317306244
14568,1257,4,3.8759668164159167
14568,1297,4,3.843944325251409
14568,1335,5,4.19009197347461
14568,1437,5,3.8786904439354086
14568,1523,5,3.6712023641908544
14568,1541,5,3.9597786864206026
14568,1550,4,3.8671833986444217
14568,1575,4,3.922978460492798
14568,1652,4,4.0302164639312235
