user_id,book_id,rating,predict
14791,5483,5,3.9840155311408885
14791,6884,5,4.437688709543747
14791,7402,5,4.027154902982549
