user_id,book_id,rating,predict
14856,6197,4,3.711947380684147
14856,6346,4,3.718245483683144
14856,6434,5,3.8089943404016555
14856,7585,4,4.8384978525911855
14856,7846,3,3.7216029498621874
14856,8181,5,3.729353214588614
