user_id,book_id,rating,predict
14927,7256,5,4.944596854650628
14927,8628,4,4.9056188836636
