user_id,book_id,rating,predict
14946,4762,4,4.487125942795627
14946,5286,4,4.248300269244404
14946,5520,5,4.382560812568537
14946,6997,5,4.351117556676482
14946,7279,4,4.258546465449474
14946,7594,5,4.5121186929684605
14946,7778,3,5.020462209917762
