user_id,book_id,rating,predict
14961,7033,4,3.856758768174341
14961,8499,4,3.9222226141581418
