user_id,book_id,rating,predict
14986,1718,4,3.6382450586816644
14986,5743,4,3.122964511465943
14986,7418,5,3.1464135015317014
14986,8281,4,3.3298556669885775
14986,8631,3,3.0465058167452583
14986,9333,4,3.051239196576355
14986,9764,4,3.0651171629872294
14986,9810,4,3.10401074416799
14986,9852,3,3.3162280825784833
