user_id,book_id,rating,predict
15487,3260,3,4.133207072456455
15487,3888,4,3.9366119362299496
15487,4314,4,3.959783844541217
15487,5566,4,4.328046685646071
15487,5811,4,4.400822304019387
15487,6260,4,4.489537685337306
15487,6596,4,4.462988244902755
