user_id,book_id,rating,predict
15521,4769,3,3.1356930118340443
15521,6799,4,3.453361730195975
15521,6962,4,4.009683322297728
15521,7094,3,3.8008926812548935
15521,7107,3,3.3486732328696225
15521,7357,3,3.6105597339304283
15521,7738,3,3.758090019670881
15521,8486,3,2.8196805420981828
