user_id,book_id,rating,predict
15544,3931,4,4.389813075439646
15544,5575,3,4.4496393599298525
15544,5735,4,3.9983888783031465
15544,6385,5,4.975568873536406
15544,6738,5,4.202322397526592
