user_id,book_id,rating,predict
15738,6137,4,4.055712638021256
15738,6360,5,3.931960574850076
15738,7699,4,4.087852468908665
