user_id,book_id,rating,predict
15753,7146,4,4.253833654771191
15753,8925,4,3.002143646748108
