user_id,book_id,rating,predict
15990,1372,4,3.4140812505320133
15990,1787,4,3.4581140506583314
15990,2292,4,3.7934606795174752
15990,4376,4,3.322929106780089
