user_id,book_id,rating,predict
16099,4840,3,2.869650685757784
16099,5733,3,3.4043162198432864
16099,6532,3,2.9362751078600633
16099,7306,3,2.877254941742006
16099,7465,3,2.922045790559723
