user_id,book_id,rating,predict
16137,2439,5,4.792218633818839
16137,3598,4,4.474246074027359
16137,4694,4,4.218889386477519
16137,5274,4,4.368316451806168
16137,6748,4,4.105803060159159
