user_id,book_id,rating,predict
16160,5255,5,4.830000608081246
16160,7606,4,4.505020240157606
