user_id,book_id,rating,predict
16172,6116,2,3.3865527966275524
16172,6862,5,3.6721467648414836
16172,7365,4,3.4075724429529206
