user_id,book_id,rating,predict
16171,974,3,3.4445135595726066
16171,2084,5,3.8746764181398556
16171,2210,4,3.909288629188584
16171,2485,4,3.985197911833029
16171,5769,4,4.528209545080031
16171,6564,5,3.9656614038178053
16171,7003,5,3.5904817626471557
16171,9287,4,3.5326767266197816
16171,9393,4,3.7559947812035515
