user_id,book_id,rating,predict
16287,3385,4,2.9775318788667713
16287,4119,2,3.846034189712785
16287,4478,3,2.729346241724941
16287,4879,3,2.9880238857628374
