user_id,book_id,rating,predict
16346,70,4,3.0724053162564107
16346,73,5,0.137551160486451
16346,94,4,1.2504447784602117
16346,96,3,0.2910553337018147
16346,104,3,2.364141548883179
16346,573,4,2.4160801632955917
16346,881,3,3.643199340060524
16346,1157,1,3.3201821802041764
16346,1168,2,3.5525384799378528
16346,1245,5,3.1092491704944307
16346,1331,1,3.814971980904746
16346,1369,3,3.362141476661694
16346,1836,4,2.7016583134759697
16346,1934,4,3.0660414919186456
16346,1984,3,3.6831037536412508
16346,2068,5,2.898345610116193
16346,2125,4,3.6018639391612215
16346,2163,2,2.891566483926828
16346,2209,4,4.027095408283161
16346,2321,3,3.345739768763427
16346,2343,4,3.4737966492750902
16346,2512,5,3.732338504028616
16346,2661,5,3.456248518683712
16346,2841,4,3.5365713282693263
16346,2863,3,3.499477895033385
16346,2879,3,3.5667357678805267
16346,2985,3,2.915970597897483
16346,3232,2,3.747709046334397
16346,3273,3,2.801247919759896
16346,3720,2,3.519574284177892
16346,3782,4,3.448380876523059
16346,3830,5,3.6273339239738998
16346,4094,3,3.407355393894446
16346,4214,4,3.3383712164566917
16346,4261,5,3.7532515674677436
16346,4370,3,3.846195900225543
16346,4419,3,3.619916464582005
16346,4598,4,3.348276014262243
16346,7645,4,3.461645204710952
16346,7730,4,3.9250904068235566
16346,8648,5,3.822141551411741
