user_id,book_id,rating,predict
16431,5992,3,2.8775903095114166
16431,7198,5,3.294319306140893
16431,8600,5,2.8500471417976514
