user_id,book_id,rating,predict
1677,683,3,3.9174534524571283
1677,716,4,3.7270086882808284
1677,764,4,3.686992315598065
1677,955,3,3.555892130641507
1677,969,3,3.47636045791638
1677,1063,3,3.638797769095607
1677,1111,3,3.4516967452358704
1677,1245,2,3.6286968523130385
1677,1301,2,3.629126339082493
1677,1388,3,3.7118654814031786
1677,1407,2,3.542870052938044
1677,1436,2,3.510148709243974
1677,1459,4,3.6504830473954293
1677,1468,3,3.668813993116962
1677,1733,3,3.550989510229829
1677,1817,5,3.91276770365949
1677,1913,3,3.845514922992956
1677,2031,4,4.099857858488666
1677,2302,3,3.3462238566583684
1677,2340,3,3.3665956859493633
1677,2378,4,3.5861579731413538
1677,2546,4,3.3042745810294183
1677,2568,4,3.872840823753002
1677,2732,3,3.189160318687857
1677,2823,3,3.9315373150924153
1677,3011,4,3.6074805793196156
1677,3016,3,3.647376636480544
1677,3108,4,3.79642727569126
1677,3119,3,3.9246573033134533
1677,3149,1,3.171225402093702
1677,3162,3,3.719564027232371
1677,3223,4,3.7892753498564034
1677,3273,4,3.339789532132314
1677,3443,2,3.3526123046438285
1677,3680,4,3.610774993419847
1677,3713,4,3.7180324609915947
1677,3876,3,3.744884004842562
1677,3997,3,3.480627822986694
1677,4009,3,2.749962237976823
1677,4108,4,3.8668046013271415
1677,4127,4,3.7215327648971526
1677,4265,3,3.201925973667371
1677,4337,5,3.8065085181976017
1677,4390,4,3.516148925961221
1677,4431,4,3.3087226817714193
1677,4506,3,3.7192528722090286
1677,4513,3,3.4671946392507906
1677,4647,4,3.880415243076782
1677,4735,4,3.9137295304493662
