user_id,book_id,rating,predict
16773,3129,5,2.6452338368264616
16773,3361,5,2.5689992838561513
