user_id,book_id,rating,predict
16913,202,3,3.825468364548928
16913,280,4,3.6898714556491083
16913,363,3,4.4101643032195375
16913,382,4,3.7203056395173655
16913,435,5,3.8843390754871203
16913,500,5,3.58349040718184
16913,615,3,3.8702849680648725
16913,645,4,3.614884054073038
16913,656,5,3.7725392215970492
16913,685,4,3.5891540131525277
16913,702,5,3.4433136724105893
16913,732,3,3.054282862628448
16913,849,3,3.4708989520745703
16913,995,4,3.871944819242126
16913,1004,3,4.1654823742131395
16913,1050,4,3.8558174818018762
16913,1066,3,3.992793526850521
16913,1095,4,3.7569992340247813
16913,1140,4,3.862493244455189
16913,1279,4,3.668453395584489
16913,1297,4,3.6939679537955548
16913,1302,3,3.625295596890398
16913,1550,4,3.933893162767938
16913,1637,4,4.041931085852464
16913,1652,5,4.165653199430796
16913,1669,5,3.40278557229094
16913,1735,4,3.7562637213658
16913,1738,4,4.217891147429677
16913,1767,5,3.8945333820311947
16913,1849,4,3.8505977333634966
16913,1850,5,3.5050529843259697
16913,1906,3,4.235185405237122
16913,1917,4,3.2837184087800146
16913,1968,4,3.864704557382196
16913,2019,5,3.6370572446314093
16913,2069,4,3.4868168210985937
16913,2278,4,3.5028234238456215
16913,2294,4,3.7476186233541005
16913,2319,5,4.233584636080441
16913,2367,4,3.9940498379470903
16913,2428,5,4.304955857344581
16913,2454,2,3.60869932505589
16913,2711,4,3.384893340675637
16913,2778,3,4.01612743631077
16913,3008,5,3.8572493077144214
16913,3160,4,3.9261765406732096
16913,3218,5,3.729705428677429
16913,3367,4,3.877120967074043
16913,3411,5,3.9545700056898174
16913,3626,4,3.4984712578896167
16913,3711,5,3.549684543477606
16913,4028,3,3.9001073592049824
16913,4067,5,3.7306935212128467
16913,4112,5,3.971726972640563
16913,4329,5,3.9154557418307574
16913,5539,4,3.6211454793573923
