user_id,book_id,rating,predict
16958,1197,5,4.051323784633648
16958,1453,3,3.909808319917568
16958,1512,4,4.37635483858992
16958,2672,5,4.377355253813524
16958,3694,5,4.636321001870069
16958,6710,5,4.60692104453107
16958,7452,3,3.8341890038260042
16958,9505,5,4.369077588722501
