user_id,book_id,rating,predict
17248,1778,5,4.574906715104231
17248,2022,5,4.770010223578764
17248,3572,5,4.7609380012830025
17248,4071,5,4.700076634037667
17248,5754,5,5.225990489227626
17248,6298,5,5.109738026073874
17248,7090,5,4.673875210872389
