user_id,book_id,rating,predict
17251,3721,3,3.394943536274287
17251,5979,4,3.118459385016817
17251,7890,4,3.2127744619725274
17251,7939,3,3.5345249130803764
17251,8031,4,3.5744023560540485
17251,8496,5,3.2369882882449916
17251,8753,3,3.3956778746885807
17251,8866,3,3.1453032047039176
17251,8932,4,3.347403186403535
