user_id,book_id,rating,predict
17342,3119,5,4.693925075943911
17342,3230,5,4.948243095352249
17342,4161,5,4.766906843562656
17342,6192,5,4.782840988813224
17342,6218,5,4.779807957366488
17342,6738,5,4.782909157452548
