user_id,book_id,rating,predict
17351,7082,4,2.989250970709526
17351,7614,2,3.182164994782043
17351,8222,1,3.201335811572588
17351,8302,2,3.542042171111884
17351,8401,3,2.435812081249245
17351,8495,4,3.5745410804743067
17351,8755,4,3.3040974089223685
17351,9234,3,1.8023355069547162
17351,9257,4,3.668497765792636
17351,9429,2,2.83515807009959
17351,9526,1,3.356596795722692
17351,9575,2,3.606441404314828
17351,9814,2,2.181405159039892
17351,9848,5,4.251523044964882
17351,9922,4,3.061319154695174
