user_id,book_id,rating,predict
17480,5333,4,3.8679733484641097
17480,6070,3,4.3694287114326045
