user_id,book_id,rating,predict
1753,3572,4,3.5060912130347814
1753,4106,3,3.744502483575747
1753,5081,3,3.5158556719551775
1753,6191,4,2.52988376128555
1753,6865,4,2.6828357459267016
1753,7407,3,3.398664052565772
1753,8269,2,2.848951405521586
1753,8633,4,1.3676301098576462
1753,8647,3,3.759459639591393
1753,9195,4,3.964354951539504
1753,9304,5,0.33339912452842
