user_id,book_id,rating,predict
17559,582,1,2.010346404659712
17559,913,5,1.506857351131289
17559,1156,4,2.709546098083258
17559,1160,3,3.276400530048675
17559,1162,1,2.8938583600173367
17559,1330,1,2.7469696856832697
17559,1331,4,3.498403124901926
17559,1432,5,2.438133018800375
17559,1666,3,2.3057320819191816
17559,1796,5,4.3095262912221655
17559,2310,1,4.0400345816681575
17559,4136,3,2.7022575784312974
17559,4721,5,3.5883039918985054
17559,4880,3,3.147772090069348
17559,5215,1,3.441677077138452
17559,6257,5,4.112489373709066
17559,8271,3,3.674802597997388
17559,9311,3,3.5037507284716765
