user_id,book_id,rating,predict
1756,776,3,3.723273327647945
1756,1913,2,3.4670727866161926
1756,2610,4,3.8072991996885177
1756,3016,2,3.793859918830213
1756,6526,4,3.47322674391737
1756,8888,4,2.9144482006871875
1756,9270,3,3.4768356386486188
1756,9513,1,3.8384258073587194
