user_id,book_id,rating,predict
17598,4015,3,2.603196539609392
17598,6070,4,3.2372030545746164
17598,6120,5,3.4210892809055617
