user_id,book_id,rating,predict
17660,3248,5,3.371976175349749
17660,4880,5,5.386586183301937
17660,5019,5,2.6839121326870163
17660,5976,3,3.3111001865266037
17660,6379,1,2.2251175248386916
17660,7931,3,3.1583111828870996
17660,8077,3,3.2583705899003337
17660,8455,3,4.394734241634181
