user_id,book_id,rating,predict
17668,4331,5,3.487690409693715
17668,5785,5,3.8478743801690696
17668,5808,4,3.7551496971353737
17668,5948,5,3.7996352380007994
17668,6234,3,3.430782937697008
17668,7749,4,3.4549314161943414
17668,7842,3,3.8398934238637663
17668,7872,3,3.417429287832654
17668,8175,5,3.7978440500937425
17668,8801,4,3.7572987824224064
17668,9129,4,3.7333643037275004
