user_id,book_id,rating,predict
17800,1102,2,4.857517070336651
17800,1485,3,4.41362185214972
17800,1494,3,4.824118359004142
17800,1586,3,4.40469434613882
17800,2257,3,4.420250243014547
17800,2260,5,4.652046512297317
17800,2615,4,4.033358503680581
17800,5114,4,3.9907848562961408
17800,5146,4,3.715240719195436
17800,5354,3,4.113183861807526
17800,7386,3,3.247368316704736
17800,7575,4,4.1565908803329075
17800,9707,4,4.304564666813053
17800,9974,5,2.8591442639375377
