user_id,book_id,rating,predict
17930,6681,4,2.9706952993249995
17930,7436,3,3.0243261588603048
17930,8393,4,2.6380015260942917
