user_id,book_id,rating,predict
18084,6965,5,3.874822883138695
18084,7877,3,4.181346708298009
18084,8001,4,4.354834429934554
