user_id,book_id,rating,predict
18136,4287,5,3.037268417220279
18136,7908,4,3.16164175890388
