user_id,book_id,rating,predict
18191,1777,5,3.2409445321645602
18191,2108,5,2.90035715179891
18191,3734,4,3.249491141704106
18191,4054,5,3.438976688542077
18191,4785,4,3.0637940108406148
