user_id,book_id,rating,predict
18243,3409,5,4.651706900480636
18243,5318,5,4.038904927736827
18243,5626,5,4.417404986933243
18243,5690,5,5.204851492843334
