user_id,book_id,rating,predict
18273,1177,2,3.008945510379043
18273,4497,2,3.1519968320283582
18273,5395,2,2.1507401476466073
18273,7357,3,2.4105284891566203
18273,7430,2,3.131943442180257
18273,7497,2,3.59570512844613
