user_id,book_id,rating,predict
18382,7850,3,4.8913453892978636
18382,8257,5,4.7881105214594
18382,8648,5,3.3019819226533547
18382,9045,5,4.7549474184734954
18382,9803,4,3.196328397332307
