user_id,book_id,rating,predict
18515,1985,5,4.371507700655927
18515,2400,4,4.408829799194575
18515,2439,5,4.2935725236528155
18515,2995,3,4.131998437441817
18515,3010,4,4.081565302543648
18515,4501,4,4.155601851817056
18515,6219,5,4.169520669285546
18515,6781,5,4.167004061655756
