user_id,book_id,rating,predict
18868,1756,4,4.286234340625397
18868,4729,4,4.4574267119433735
18868,8937,4,4.430317981914869
18868,9502,4,4.955600113142709
