user_id,book_id,rating,predict
18901,6942,5,2.160401465276333
18901,9747,3,2.3550238047100183
