user_id,book_id,rating,predict
19096,3865,4,2.8643666271982693
19096,6817,3,2.351710330004991
19096,7034,4,2.540867112485741
19096,8243,4,3.57777311319451
19096,8463,3,2.6030493009540394
19096,8982,4,3.8876260420484736
19096,9213,3,3.2356254625904866
