user_id,book_id,rating,predict
19146,2572,4,3.0035801288215245
19146,3719,4,3.1352208071313203
