user_id,book_id,rating,predict
19189,4174,3,3.572687954632753
19189,4407,5,4.005721610605893
19189,7425,3,4.037400924066871
