user_id,book_id,rating,predict
19205,6392,5,4.99984261220076
19205,6426,5,4.99985852376134
