user_id,book_id,rating,predict
19244,4284,3,2.425761742124859
19244,4870,2,0.9191442511151555
