user_id,book_id,rating,predict
19397,3682,4,3.827506692182933
19397,3946,4,3.947475736653201
19397,4566,3,3.825791072769625
19397,5119,3,3.6205847177934976
19397,5992,4,3.884727383696436
19397,7031,3,3.2036390689728447
19397,8845,3,3.6568647694971923
19397,8879,4,3.7235405802433403
