user_id,book_id,rating,predict
19469,4436,4,4.160968847409322
19469,8453,4,3.965387089230123
