user_id,book_id,rating,predict
19498,7270,4,3.7618291599686104
19498,7299,5,4.9114802234252855
19498,7666,5,4.667281377057643
