user_id,book_id,rating,predict
19524,3885,5,5.025919226794817
19524,4415,5,3.555625323797674
19524,5291,4,4.260007552889199
19524,6108,4,4.5924803699354495
19524,7325,3,4.103619102685266
19524,7788,4,4.085266174862267
