user_id,book_id,rating,predict
19562,3331,5,3.7743502272785716
19562,3582,5,3.6657010269160093
19562,4327,3,3.8064248645813032
