user_id,book_id,rating,predict
19578,4252,4,4.193724174972495
19578,4395,5,4.297285377815992
19578,4894,5,4.379545614620722
19578,5377,4,4.37646209586989
19578,5487,5,4.41706455312412
19578,6825,4,4.053950197264937
