user_id,book_id,rating,predict
19666,4496,4,3.508777413898702
19666,4829,4,2.0785160538276393
