user_id,book_id,rating,predict
19697,4624,4,3.7660378943508452
19697,4721,4,5.3715008554838715
19697,5562,5,3.4198085456560303
19697,6282,3,3.120786689099748
19697,6847,4,4.0877837467305955
