user_id,book_id,rating,predict
19792,3383,4,3.9924704348880784
19792,3409,5,4.442862346308484
19792,5318,4,3.981724418380085
19792,5364,5,4.087497251173672
19792,5964,4,4.482706047943222
19792,6853,4,4.115260277066222
19792,7094,4,4.084883525601097
19792,7297,4,4.587585098254165
