user_id,book_id,rating,predict
19839,1618,5,3.1498375252822317
19839,2784,3,4.035284622334164
19839,2940,4,2.7861961360115766
19839,7102,4,4.028686518331851
19839,7331,3,3.644283054212328
19839,8075,4,3.593557539668951
19839,9273,4,3.6040320006179485
