user_id,book_id,rating,predict
19840,787,4,5.882195233819824
19840,790,4,5.974843184252746
19840,797,3,5.345155106212106
19840,1040,4,5.054391132561527
19840,1392,4,3.8366449045975575
19840,1620,5,4.525805175098152
19840,2946,4,4.34237922579951
19840,3104,4,4.33413465747001
19840,3598,3,3.4072807689409035
19840,3733,5,4.779750653831821
19840,4850,5,4.777944352641166
19840,5008,4,4.487110624677758
19840,5670,5,4.564000398200829
19840,8411,2,3.388476433592775
19840,9554,4,3.15127169209774
