user_id,book_id,rating,predict
20060,4072,4,3.768170141526136
20060,6234,4,3.3934222203063675
20060,6497,3,4.75057747783986
