user_id,book_id,rating,predict
20201,4526,5,3.870881748052368
20201,4597,5,5.137735711533701
20201,5637,3,2.93679415816435
20201,6298,5,5.084453452966457
20201,6712,1,4.950626957531151
20201,7440,5,4.2782961297544295
20201,7711,3,3.7780925215800605
20201,8899,3,3.8795565754329706
20201,8947,5,5.091927176384722
20201,9095,4,3.816354207292557
