user_id,book_id,rating,predict
2021,7585,2,3.515512991293553
2021,7898,4,2.719607023975624
2021,8521,5,5.399656299637175
2021,8561,1,3.764612584116887
