user_id,book_id,rating,predict
20542,4694,1,2.736442855166424
20542,5364,2,3.92384856335059
20542,6194,3,2.400602189858596
