user_id,book_id,rating,predict
20623,2797,5,5.016426039578381
20623,3636,5,4.796453689760897
20623,6358,4,4.700946130105117
20623,6429,5,4.843251005428039
20623,6875,5,4.903211359112111
20623,6959,4,4.540085948968115
20623,6988,5,4.91923303577137
20623,7850,5,4.061795078065042
20623,8463,5,4.556232007402182
20623,8482,5,4.431144474230119
