user_id,book_id,rating,predict
20788,7764,2,2.604326484651495
20788,7962,3,2.374265474552866
20788,8089,3,2.669781628229276
