user_id,book_id,rating,predict
21033,380,4,3.7528840955592715
21033,649,4,4.250025692670317
21033,1205,4,3.659064803101355
21033,1213,3,2.1985255121528047
21033,1263,3,4.250266078761847
21033,1270,3,3.119213173409184
21033,1519,5,3.3355659988106456
21033,1578,3,3.135449735921881
21033,1703,3,3.2517653991794866
21033,1881,4,3.1353424692780347
21033,1915,4,3.4148670086696757
21033,1941,4,4.125266109619606
21033,2084,3,3.6805683131074587
21033,2117,4,3.6340760196621362
21033,2156,4,3.198879214895169
21033,2213,3,3.158428638388585
21033,2347,1,2.640137001513295
21033,2500,2,3.705332911629134
21033,4152,3,2.5312998867013774
21033,4388,3,3.337376312920882
21033,4972,3,3.527187926145227
21033,5851,4,3.4182661607381912
21033,8425,2,3.642026273372918
21033,9287,3,3.391911979768742
21033,9503,2,3.3909644847777383
