user_id,book_id,rating,predict
21039,1197,5,4.265402380243315
21039,1376,5,4.539255509219054
21039,1559,5,4.308330700375112
21039,5259,5,4.357160958208591
21039,8534,4,4.187615178874607
21039,9634,5,4.306409281251374
21039,9802,4,4.126366431241255
