user_id,book_id,rating,predict
21186,8347,5,4.203582655904299
21186,8655,5,4.816641183338122
