user_id,book_id,rating,predict
21272,4043,4,3.968540294400452
21272,5784,5,3.9065414846115996
21272,6024,4,4.0619882893093795
