user_id,book_id,rating,predict
21302,5455,3,3.980608887372414
21302,6875,4,4.410092482894579
21302,6972,3,3.4758454438649427
21302,7562,5,3.9455988764130687
21302,7677,4,4.288533632314285
