user_id,book_id,rating,predict
21430,3112,5,4.1039405794628605
21430,3119,5,4.021001737490849
21430,3517,4,4.170201469042811
21430,3622,4,4.018121274783873
21430,6134,4,4.273657235926305
21430,7352,5,4.713094271910335
21430,7371,5,4.8632662428876925
