user_id,book_id,rating,predict
21536,5698,4,2.1806311410716033
21536,5959,3,3.8204442083033476
21536,7229,3,3.0505499970467937
