user_id,book_id,rating,predict
21982,753,4,2.8289850883658167
21982,1286,4,2.7872888475243056
21982,1293,3,2.987151581434775
21982,1391,2,2.8664569351456826
21982,1397,1,2.265122747343792
21982,1726,2,2.8974469923768096
21982,1764,1,2.6239648822645383
21982,1827,3,3.3906528837855463
21982,1863,3,2.672229384773018
21982,1977,3,2.6529580664372157
21982,2007,2,2.9548210206158996
21982,7919,3,3.3881665977732993
21982,8031,2,2.7492595342576287
21982,8626,3,3.4386968460019656
