user_id,book_id,rating,predict
21995,2647,5,5.446935946643828
21995,4140,5,5.645140808867045
21995,4731,5,5.859026492079225
21995,4863,5,4.074889311710083
21995,7887,5,4.760649970477425
21995,8976,5,5.175721475540087
