user_id,book_id,rating,predict
22018,4649,4,4.815760638080961
22018,4811,4,4.928197190083283
22018,6006,4,4.94705004943976
22018,6084,5,5.121252531888587
22018,6922,5,4.27174181261246
22018,7071,4,4.044573054134863
