user_id,book_id,rating,predict
22057,4161,5,3.3830665603617343
22057,4747,3,4.291024632471445
22057,6140,4,4.13209767909706
