user_id,book_id,rating,predict
22141,3392,4,4.151992271711471
22141,4292,4,3.2849681033615314
22141,4721,4,3.9295470860825685
22141,4778,5,4.6441562857179415
22141,4893,4,3.0500272510349102
22141,4936,2,2.061945205530191
22141,5234,3,4.0569567648207165
