user_id,book_id,rating,predict
22366,3495,4,4.7655605918818225
22366,3629,3,4.765135443036305
