user_id,book_id,rating,predict
22488,1844,5,3.8691479088937566
22488,2759,4,3.8649209513580574
22488,5154,4,3.7759459763293215
22488,6053,3,3.533985907681367
22488,6800,4,3.9516130387319524
22488,7748,3,3.290949334122174
22488,8194,4,4.000796960954866
22488,8327,4,3.133742873991218
22488,8761,4,3.646488259412002
22488,9599,4,2.9505779858035512
22488,9940,4,3.8950915778628534
