user_id,book_id,rating,predict
22566,4796,5,4.479269013348644
22566,4850,4,4.534973269319492
22566,5637,5,4.925489184238845
22566,7173,5,4.548096534386201
22566,8907,5,4.884252298660048
