user_id,book_id,rating,predict
22629,1115,3,3.27084925885834
22629,2029,3,3.3572211825827414
22629,2534,4,3.7683407874495938
22629,4670,5,3.639145106518111
22629,6385,5,4.201523450260402
22629,7259,4,3.78168815596179
22629,7885,4,3.218155075506199
22629,9070,3,2.9417825822283294
