user_id,book_id,rating,predict
22787,3802,4,4.17629960096301
22787,7147,4,3.1850633432290305
