user_id,book_id,rating,predict
22869,4878,4,4.215667623770681
22869,6004,4,4.223859185236291
22869,6221,4,4.148297307640798
22869,6289,5,4.27006243813889
22869,6370,5,4.194337515150452
22869,7084,5,4.190725708146354
22869,7413,4,4.139175494068229
22869,7610,4,3.3391818526553254
