user_id,book_id,rating,predict
23153,2537,4,3.6175365092524214
23153,3917,3,3.61880492304479
