user_id,book_id,rating,predict
23203,3499,4,4.2122578927576395
23203,4191,4,4.671807009530245
