user_id,book_id,rating,predict
233,2108,3,3.7879986791475213
233,3320,4,3.0684426770308506
233,3582,5,3.3542974480625762
233,3598,4,3.178250750138743
233,5482,4,3.09613235144453
233,5551,3,3.2589352441135926
