user_id,book_id,rating,predict
23533,7332,5,4.752621321912514
23533,8636,4,3.924277830495887
