user_id,book_id,rating,predict
23751,8023,4,4.974775303149274
23751,8926,5,3.82833805344843
