user_id,book_id,rating,predict
24101,462,4,1.4911608904485028
24101,2024,3,3.3884915521939405
24101,4117,2,3.4819639901670634
24101,4370,2,4.4153592868999745
24101,4516,1,2.444168922179204
24101,4699,3,3.328911055498965
24101,5983,2,4.072556102430162
24101,7622,4,4.512144099476793
24101,8580,4,3.6360202129857915
24101,8815,3,3.287878035236185
24101,8846,4,3.6671960542808737
