user_id,book_id,rating,predict
24199,5651,4,4.8649419274207775
24199,5922,5,4.522627764617978
24199,6000,5,5.163914692600953
