user_id,book_id,rating,predict
242,4160,5,4.00227238575037
242,4640,4,3.2323312352068596
242,5269,5,3.285915017827729
242,5785,5,3.42325702773074
242,6070,3,3.2823565500187897
242,6567,5,3.3148993004788374
242,7769,4,3.5578104412361498
242,7812,3,3.5124749194386
