user_id,book_id,rating,predict
24322,8612,5,3.968058405890076
24322,9517,3,3.555308815950424
