user_id,book_id,rating,predict
24519,2132,5,2.1322619456784495
24519,2686,4,2.490839847773203
24519,3248,5,3.7196397029427017
24519,4398,5,1.7544658562916913
24519,4411,5,1.7153728418848109
24519,5019,4,2.7569970404482937
24519,5202,5,3.3277349562568634
24519,5849,4,3.497978965779465
