user_id,book_id,rating,predict
24523,5643,2,4.443201290263686
24523,6884,5,4.393899914474008
24523,6937,5,4.369308863966018
24523,6966,5,4.376319954405949
