user_id,book_id,rating,predict
24536,990,5,3.606442569828872
24536,5241,4,2.902626145604227
