user_id,book_id,rating,predict
24789,4225,5,3.372348402303715
24789,4824,3,3.4135227691244583
24789,5230,3,3.4163304532727876
24789,5531,3,3.343118670947466
24789,5670,5,3.9123240281339826
24789,6024,5,3.332551199637951
24789,6460,5,3.399008007093076
