user_id,book_id,rating,predict
24818,1162,3,3.0757613143822753
24818,2436,5,4.590506554016746
24818,5035,4,4.84442407833889
24818,7386,5,4.430937805189218
24818,7623,4,4.621658903636179
24818,7720,3,4.6094653474873875
