user_id,book_id,rating,predict
24921,3310,5,4.611559515432434
24921,4796,5,4.01243033881251
24921,5146,5,4.537690899914594
24921,5202,4,4.208307583579253
24921,6101,4,5.191344030388127
24921,6128,5,4.359865679253862
