user_id,book_id,rating,predict
24978,4403,2,4.729254163370676
24978,4450,5,4.9553904437737755
24978,4655,5,4.65747977023978
24978,5584,5,4.998337886246333
24978,5608,5,5.0210852080399775
24978,5887,5,4.559534519293319
24978,5888,5,5.344900346490425
24978,5970,5,4.697494344091521
24978,5998,5,4.185700824209507
24978,6001,5,4.815033067945045
24978,6525,5,4.05913191749403
24978,6983,5,5.3565102816216035
