user_id,book_id,rating,predict
25109,1822,2,1.4533636832334764
25109,2171,1,3.1101223100047775
