user_id,book_id,rating,predict
25196,1016,4,4.324808870387155
25196,1461,5,4.401219508105063
25196,1595,5,4.33834586088519
25196,2397,5,4.217101296381684
25196,6194,5,4.713081368157784
25196,6802,4,4.362499802126321
25196,7808,5,4.868116866201361
25196,8590,4,4.589580110688441
25196,9574,3,4.510669763549201
