user_id,book_id,rating,predict
25211,4136,5,3.4619690112443386
25211,6802,5,4.678910421246606
25211,6875,5,4.687852115637913
25211,7477,3,4.680920080567292
