user_id,book_id,rating,predict
25246,6434,5,4.948714677840926
25246,6749,5,4.530110468966683
