user_id,book_id,rating,predict
25309,634,3,2.6329097504017556
25309,716,4,3.0934057786448976
25309,750,3,2.338985294475962
25309,892,3,3.054299051570162
25309,1027,4,2.9319291092348436
25309,4518,5,3.4061238496882975
25309,5487,4,4.0899801878712925
25309,6577,4,3.533788475061369
25309,7107,4,3.5390689766671963
25309,8116,2,4.146215206442727
25309,9588,4,3.5932503096662307
25309,9865,4,4.11193518427146
