user_id,book_id,rating,predict
25320,448,4,4.29185210272618
25320,505,5,4.132942775956485
25320,811,5,4.059765838947883
25320,841,5,5.129577526381862
25320,874,4,4.402664039177556
25320,981,4,3.956337756862067
25320,1027,4,4.968839219495298
25320,1095,5,4.235514799496055
25320,1540,5,4.339103209278212
25320,2028,3,3.5820348373660345
25320,2031,4,4.198097577455433
25320,2242,5,4.127201582684271
25320,2347,3,4.263095842793217
25320,2516,4,3.8990510981838753
25320,2666,4,4.605951670274831
25320,2673,5,4.6220452230979605
25320,2730,5,4.502507174489297
25320,2746,4,4.404163636159965
25320,2822,4,4.152265430425245
25320,3001,4,4.392813650541642
25320,3108,4,4.365131319102333
25320,3128,3,4.203790968772835
25320,3286,5,4.428971630788744
25320,3337,4,4.549947633009373
25320,3340,4,4.0406282247044825
25320,3443,3,3.5562207393128533
25320,3477,4,3.693861417196957
25320,3614,5,4.4092405759088535
25320,3616,4,4.326816865840128
25320,3680,4,4.050812776159375
25320,3876,4,4.241847767171925
25320,3918,4,4.413005910542566
25320,3927,2,5.107717698345818
25320,3973,4,4.254409211349379
25320,3979,3,3.1615532441807317
25320,4127,4,4.233467022474387
