user_id,book_id,rating,predict
25413,4421,3,3.0718779659331363
25413,5460,4,3.093867919181331
25413,6234,3,3.07927184717113
