user_id,book_id,rating,predict
25564,2439,3,2.5435108863090368
25564,3638,4,2.6960050338249326
25564,4252,4,2.5426421252757687
25564,7033,3,3.2682610963146264
25564,7313,4,3.146621086966285
25564,7454,2,2.5931150143130113
25564,7652,3,3.2070677055329075
25564,7761,4,3.139564950976703
25564,7774,3,3.141685839219536
25564,8066,4,3.2539635644153533
25564,8261,3,2.68233977784388
25564,8346,4,3.2282359353851535
25564,8658,4,3.2721035615932266
25564,8722,4,3.2691929384271075
25564,9145,3,2.6884429734667514
25564,9250,3,3.2550498659532403
25564,9524,4,2.5650405394247775
25564,9639,4,3.0962447894208007
