user_id,book_id,rating,predict
25620,5131,5,4.797564830078754
25620,6303,5,4.945099820628163
25620,6900,5,5.037720294899488
