user_id,book_id,rating,predict
25648,7831,5,5.669788179906892
25648,8447,4,2.417602394152957
