user_id,book_id,rating,predict
25728,2515,5,3.8002119110800727
25728,2842,3,3.7360001190092733
25728,2964,5,4.083129998704974
25728,4074,4,4.122901318825857
25728,6499,4,4.093540073689752
25728,8701,4,4.054254661661391
25728,9640,4,4.0062264193354435
25728,9879,4,4.021553485028421
