user_id,book_id,rating,predict
25749,4945,4,4.751546337674273
25749,5794,5,4.266389211751338
25749,5976,5,5.110743339641615
25749,6978,4,4.800919861165207
25749,7227,5,4.702999719012401
25749,7843,4,4.553647231804531
25749,7931,5,5.083918141210297
