user_id,book_id,rating,predict
25761,505,3,5.0490665662311205
25761,1055,4,3.8083432129084893
25761,1410,4,3.458177004048687
25761,1871,4,4.010224507287071
25761,1999,3,3.4797062416336306
25761,2082,4,4.059818479773364
25761,2259,3,3.9761411494234937
25761,2336,4,2.686463403827897
25761,2347,4,3.532874752563994
25761,2440,3,3.4528169375351823
25761,2740,4,3.7988651482194222
25761,2903,5,4.812415044963248
25761,2989,3,3.5868657642697537
25761,3479,4,4.847954174965726
25761,3890,3,4.435670179704679
25761,4189,3,3.939906258028066
25761,7706,3,3.803250321554777
25761,8269,4,3.0906271701808055
25761,8973,4,3.5827606223237956
25761,9363,4,3.4826116813913033
