user_id,book_id,rating,predict
25886,5580,5,4.4260429371679795
25886,6171,4,4.081521168559476
25886,6218,3,4.14997170080222
25886,6249,5,3.9577955397379125
25886,6419,5,4.04757733557139
25886,6445,4,4.14729085815106
25886,7307,5,3.7739364889615024
25886,7666,4,4.243978887743587
25886,8077,5,4.4034273631494205
25886,8078,5,4.358698164885263
25886,8097,3,3.923468213774186
25886,8157,2,3.434969087183233
