user_id,book_id,rating,predict
2589,6257,5,4.3323791991232286
2589,6475,3,4.810650410682349
2589,7008,4,4.197117802631219
2589,7257,5,3.4841766989439735
