user_id,book_id,rating,predict
26267,7650,4,3.7932192974435974
26267,7735,5,3.724303361084918
26267,7808,4,3.335804189687581
