user_id,book_id,rating,predict
26319,3842,5,4.6122662537068955
26319,4281,4,5.130993930985815
26319,5000,5,5.100557433921852
26319,5264,4,4.860502441091377
26319,5902,5,5.147311051866682
26319,6203,5,5.109123863681284
