user_id,book_id,rating,predict
26354,4688,4,4.799228345740665
26354,7427,2,2.7828939064808056
26354,7931,5,4.79638579753822
26354,8078,5,4.999776072562179
26354,8097,2,3.191446858048395
26354,8334,5,2.9906157430158915
