user_id,book_id,rating,predict
26388,1245,5,4.6478573677900386
26388,1286,5,4.728762434366311
26388,1301,4,4.843202391135037
26388,1383,4,4.9194387139312195
26388,1388,5,4.955148375097845
26388,1407,5,4.708749371978027
26388,1534,5,4.946305694607269
26388,1733,5,4.795019477683969
26388,1831,5,4.953594753922944
26388,1836,5,5.0786277908634085
26388,1902,5,4.63318381918649
26388,1986,5,4.690094408356562
26388,2057,5,4.819805266860676
26388,2096,5,4.937452712159554
26388,2180,5,4.8684110563777345
26388,2260,5,4.967571899587305
26388,2354,5,4.96372221207877
26388,2383,3,4.90490636319494
26388,2539,5,4.986479623677591
26388,2607,5,4.578339522937347
26388,2740,5,4.679283452983172
26388,2842,5,4.987307044741575
26388,2878,5,4.87818324885479
26388,3014,5,4.953686959705574
26388,3050,5,4.955076527154016
26388,3112,5,4.858996338786449
26388,3151,4,4.951478644362427
26388,3162,5,4.781325559826557
26388,3279,5,4.990725625369201
26388,3344,5,4.811503574520646
26388,3348,5,4.937190474703629
26388,3353,5,4.891549509843541
26388,3357,5,4.907914075797116
26388,3367,5,4.952776984693992
26388,3375,5,4.748319532808918
