user_id,book_id,rating,predict
26394,5394,4,3.0184013082532
26394,5593,3,3.9590529984706224
