user_id,book_id,rating,predict
26452,2263,1,4.346656302929728
26452,9753,5,4.781378792223388
