user_id,book_id,rating,predict
26521,4707,2,3.6326599567022106
26521,6358,3,3.1426171525744238
