user_id,book_id,rating,predict
2665,506,3,3.588406088362348
2665,1035,3,3.2612789812283385
2665,1306,3,2.9853783506487153
2665,1331,1,3.2628412142745566
2665,1439,4,3.3662949045672343
2665,1442,5,3.1633412645349397
2665,1582,3,3.277426326695184
2665,1762,4,3.007048237167124
2665,1978,5,3.187120823790493
2665,2028,3,2.975469951900531
2665,2061,4,3.5251978037707077
2665,2063,3,3.1973493240209945
2665,2064,5,3.508015370737465
2665,2281,4,3.322220167059382
2665,2617,3,3.4402123644145886
2665,2839,3,3.4608871705772595
2665,2885,4,3.2854633234582162
2665,2939,2,3.269419920686305
2665,3087,3,3.352078951499482
2665,3122,4,3.8350327869196885
2665,3400,4,3.2458237272370822
2665,3442,4,3.352542829391476
2665,3550,1,3.0195201986700155
2665,4005,3,3.516700705397503
2665,4360,4,3.4356972194987194
2665,4755,1,3.5930782842794606
2665,5051,4,3.544447765218508
2665,5191,3,3.188365509453245
2665,5595,3,3.0506288831409125
2665,6036,3,3.106127275529087
2665,6214,4,3.3345674074195695
