user_id,book_id,rating,predict
26902,5531,3,3.0845841988026
26902,6376,5,3.386744364161319
26902,7601,5,3.731132856659482
26902,7622,2,3.6625849206064456
