user_id,book_id,rating,predict
26944,5426,4,4.2361509660291325
26944,9101,4,3.76434591637719
