user_id,book_id,rating,predict
27059,5111,4,3.663504029517686
27059,5824,4,3.672135824191269
27059,6560,4,3.6824441000156893
