user_id,book_id,rating,predict
27114,6097,2,3.72809795360401
27114,7919,5,3.930779955404282
27114,9081,4,3.8578710336869233
