user_id,book_id,rating,predict
27402,3549,5,5.1707576813868785
27402,4569,5,4.753371839716376
27402,4738,5,4.825818365777554
27402,5824,5,4.686130273190789
27402,6048,5,4.668131316166132
27402,6091,5,5.130816658323226
27402,6560,5,4.667846270213187
27402,7312,5,4.8096102139538734
27402,7410,5,4.562336153218248
