user_id,book_id,rating,predict
27461,5312,4,4.1368472203626965
27461,6331,3,4.648132907227636
27461,6598,4,4.33963851675211
27461,6846,4,4.15209251508331
