user_id,book_id,rating,predict
27570,4519,3,4.04088193067035
27570,6673,4,4.0122858373510155
27570,7436,5,4.030241069255728
27570,8806,4,4.032748037967693
27570,8998,4,4.020129941715068
