user_id,book_id,rating,predict
27644,6471,4,3.6392912914331177
27644,6748,3,3.696241320535483
27644,6940,3,3.537674411127237
