user_id,book_id,rating,predict
27786,4676,4,4.266041979497222
27786,7472,2,3.415873813298569
27786,7937,5,4.128193086653905
