user_id,book_id,rating,predict
28048,4451,4,3.8433571265822337
28048,4734,5,3.902129009006327
28048,5054,3,3.7254500211526005
28048,5610,3,4.812416168023005
28048,7478,5,3.727309575315188
