user_id,book_id,rating,predict
28080,4956,4,2.548174444056139
28080,5119,4,3.679555319179797
28080,6559,4,3.2372406598021515
