user_id,book_id,rating,predict
28099,1822,1,3.5117710773713195
28099,2749,2,3.9374248518651402
28099,4809,3,3.965145603358681
