user_id,book_id,rating,predict
28158,1,4,4.934924486471603
28158,5,4,3.847941367427813
28158,6,3,4.357011419182655
28158,8,3,3.9123111008381404
28158,12,3,4.475071546184949
28158,16,4,4.6017148901312295
28158,17,4,4.6304167101611675
28158,18,5,4.241817756945473
28158,19,5,4.1979388719957775
28158,1175,4,4.0945306784624
28158,1263,4,3.9527024095899135
28158,1301,4,3.3221605560831446
28158,1391,4,3.527470170627368
28158,1407,4,3.2042756318270613
28158,1479,4,3.8139462609184287
28158,1698,4,3.851896997410883
28158,1726,4,3.555049778825095
28158,1733,3,3.210695610230225
28158,1902,4,3.3658534432608844
28158,1937,5,3.6254614534027243
28158,2006,4,3.9452106880389177
28158,2007,4,3.582112724995094
28158,2023,3,3.7466603762115995
28158,2140,4,4.026113176863507
28158,2144,4,4.5160842546909965
28158,2195,5,3.5552238364820727
28158,2212,4,3.4113610337075935
28158,2407,3,4.277377307359606
28158,2448,4,4.103020973171831
28158,2481,4,4.48841762590639
28158,2493,3,4.1243860691275085
28158,2518,4,3.992912659767386
28158,2600,4,3.540405397994765
28158,2607,4,3.301610068434878
28158,2631,4,4.101513504952434
28158,2655,4,4.2805342067009775
28158,2728,4,3.8870580174404386
28158,2871,5,3.91417079825065
28158,2939,4,3.8426154613998578
28158,2957,5,3.873381755159085
28158,3054,5,4.915427171340351
28158,3256,3,5.96675722397397
28158,3273,4,2.970020256730235
28158,3367,4,3.7297901852388806
28158,3628,5,4.629421076446376
28158,3643,4,3.534657112918788
28158,3725,4,4.079124583002918
28158,3795,4,3.8746659481174026
28158,3798,5,4.206050730749626
28158,3945,4,3.9185793471490498
28158,3964,3,3.921718849764493
28158,4040,4,3.878653539417628
28158,4603,4,4.505161237286606
28158,4708,5,4.389425475891908
28158,5229,3,4.091665016793583
28158,5254,4,4.06390876586939
28158,6152,3,3.9621946332850952
28158,6333,5,4.4968652499040385
28158,8294,4,3.8029170477168517
28158,8306,5,3.6636392006697878
