user_id,book_id,rating,predict
2818,4421,4,4.327740314988536
2818,4861,3,4.4928178661078375
