user_id,book_id,rating,predict
28290,5379,4,3.5979846811227008
28290,6206,3,2.1501350870015457
28290,7528,3,3.6070336731835524
