user_id,book_id,rating,predict
28735,4625,3,3.341411276068518
28735,5393,3,3.5081869552815648
28735,5981,3,3.4667508274740935
28735,6706,3,3.3191248990743296
