user_id,book_id,rating,predict
28813,6740,3,2.6430507451131806
28813,8278,2,3.0274035895217706
