user_id,book_id,rating,predict
28811,5769,5,3.9335353207227635
28811,7438,1,3.4079687484532317
28811,7553,5,5.552289926974879
28811,8194,5,5.434014409110684
