user_id,book_id,rating,predict
28830,7365,5,3.538221672808692
28830,7455,5,3.434664255365073
28830,8503,4,3.4646025698366607
