user_id,book_id,rating,predict
28857,406,5,2.4676524260920574
28857,777,1,3.4182823489315206
28857,1113,4,3.718012391305426
28857,1294,5,3.7613518194610025
28857,5189,4,4.156463833709183
28857,6101,4,3.984643751335481
28857,6225,3,3.8145752700070323
28857,6718,3,4.234261308097119
28857,7090,5,4.382597741766582
28857,7176,4,4.030092272769514
28857,7399,5,4.064229452675226
28857,7541,3,4.541469506778908
28857,8618,5,4.5836045463629675
28857,9113,3,4.46540096270821
28857,9442,2,4.516984152655798
