user_id,book_id,rating,predict
28891,630,3,4.293743781145089
28891,849,3,2.511882603477859
28891,1371,3,4.1367330394841035
28891,1397,4,3.15941864496773
28891,1415,3,3.390636544800203
28891,1480,5,4.493306268092575
28891,1657,3,5.397388400261836
28891,1764,2,3.665635981937446
28891,1809,3,3.561266407451055
28891,3385,3,3.814677326283679
28891,6677,3,3.5234291922328103
28891,6891,4,4.108422398979337
28891,6937,3,4.186184733391865
28891,7893,3,3.9753653435252247
28891,8103,3,3.6347125159244364
