user_id,book_id,rating,predict
291,4270,5,1.424872988975891
291,6880,5,4.889968271963436
291,7270,4,1.74548952987214
291,7299,3,3.896863566717851
291,8243,4,4.090968878213739
291,9126,5,1.3739691970202457
291,9213,3,4.369546708469627
291,9217,4,1.5376140995278602
291,9238,4,4.141333393459158
291,9290,1,6.104652160079253
