user_id,book_id,rating,predict
29145,4465,4,4.136428525327797
29145,4894,3,1.2110646236047233
29145,5005,4,4.072763303803943
