user_id,book_id,rating,predict
29170,5888,4,5.149002980886545
29170,6513,5,4.025904570551758
29170,7058,5,4.861358317129418
29170,7085,5,4.551381549297955
29170,7956,4,4.92502148371702
