user_id,book_id,rating,predict
29267,5722,3,3.4810568444681294
29267,6283,2,3.618493006399625
29267,6956,2,3.7577441393509448
