user_id,book_id,rating,predict
29332,5605,5,3.8801357758419126
29332,5884,4,3.2810897691343586
29332,6219,3,3.5879180412163434
29332,6642,4,3.683422838178747
29332,6720,4,3.662375053261867
29332,7038,5,3.535995675627501
29332,8663,4,3.6573700108567095
29332,9236,3,3.6003342712761746
