user_id,book_id,rating,predict
29368,3479,5,3.0440073200460125
29368,3890,5,3.9936640549086646
