user_id,book_id,rating,predict
29696,4804,5,4.475129275352063
29696,4918,5,4.757899030748883
29696,5172,5,4.174260317956851
29696,5178,4,4.226458413003658
29696,5272,3,4.364617586838254
29696,5888,5,4.6036412491901295
29696,5998,2,3.706949569130172
29696,6026,5,4.419734972518577
29696,6289,4,4.252493406212338
29696,6415,4,3.9035685440614305
29696,6803,5,4.302779178245659
29696,6897,3,4.002779892023405
29696,6904,4,4.290055350348017
29696,7084,4,4.3178424700682125
29696,7085,5,4.37176573268825
29696,7100,5,4.359443725250985
29696,7185,4,4.289860180337125
29696,7413,5,4.76584539648638
29696,7694,5,4.335260276454354
