user_id,book_id,rating,predict
29748,5608,5,4.482788601592221
29748,7064,5,4.105225923357751
