user_id,book_id,rating,predict
29782,1933,2,2.9970260226744667
29782,3438,2,2.7886361542842386
29782,4980,3,3.1351965361718763
