user_id,book_id,rating,predict
29887,1998,4,4.2889665160927954
29887,2638,2,4.376351708482195
29887,5012,5,5.0072255058763835
29887,5215,5,4.435287729865741
29887,5449,5,4.4250421948396585
29887,6748,4,4.5730483219166675
29887,6784,5,4.2937443169622975
