user_id,book_id,rating,predict
29936,5081,5,4.207204670727544
29936,7046,5,4.526996015084542
29936,8323,5,4.585872802279444
