user_id,book_id,rating,predict
29979,2557,5,4.489063712810434
29979,2752,4,4.240327732727618
29979,3591,5,4.518430954751118
29979,3890,5,5.2001712076978155
29979,4737,4,4.297959901122013
29979,5005,4,4.2961327725674145
29979,5008,4,4.907376578532327
29979,5919,5,5.210923712117288
29979,5976,5,4.865031481802779
29979,6912,4,4.420292826202101
