user_id,book_id,rating,predict
30049,2256,5,4.300576571450869
30049,3026,3,3.825973866839898
30049,3129,5,4.578494459943452
30049,3972,5,4.44567456917275
30049,4397,3,4.924238286362041
30049,4861,5,3.588696211889177
30049,5682,5,4.1796115690886095
30049,6545,5,4.54652113921248
