user_id,book_id,rating,predict
30099,1372,2,4.268885895003407
30099,2588,5,4.3745167965263
30099,4376,2,3.356574776402335
30099,4935,5,2.746361106365007
