user_id,book_id,rating,predict
30643,2635,3,4.093126366172926
30643,4281,4,4.355724734560577
30643,5902,5,4.358082465639819
30643,6401,5,4.118138449018426
