user_id,book_id,rating,predict
31038,4919,4,3.0330076434027022
31038,7732,4,3.0442156990605547
