user_id,book_id,rating,predict
31144,2966,5,3.2364848154558725
31144,6991,5,2.9885292878262795
