user_id,book_id,rating,predict
31378,6519,4,3.974060772968335
31378,7785,3,3.9455686119801827
31378,8141,4,4.595926424131579
