user_id,book_id,rating,predict
31389,3802,5,4.491166516809501
31389,4701,4,3.8443377592579853
31389,6019,1,3.6782031311783983
31389,6158,5,4.449044718287703
31389,6352,4,3.6055422513554025
31389,6676,3,3.733333037770792
