user_id,book_id,rating,predict
31437,2050,2,2.012264268879544
31437,3862,2,2.1338782740496574
31437,4446,2,2.4832664714860972
31437,4573,3,2.774473321817025
31437,5465,2,2.7844394671538746
31437,6239,2,2.2466129488874538
31437,6635,2,2.586350609324988
31437,7342,4,3.189693551521518
31437,8082,3,2.564032665859883
31437,8443,3,2.697396975908784
31437,8660,2,2.3719001131963457
31437,9007,2,2.994134257511927
31437,9153,3,2.3762373080312553
31437,9583,3,2.891715436025774
31437,9692,2,3.186135549915053
