user_id,book_id,rating,predict
31461,4203,3,4.292103356570089
31461,7324,5,5.030846778212796
31461,7687,5,4.2132794952030235
