user_id,book_id,rating,predict
31559,1372,5,3.8899841874458323
31559,1475,4,3.709770165302506
31559,1647,5,4.44007596457782
31559,1787,4,3.8514661779074224
31559,2033,4,4.352346936234802
31559,2292,5,4.664444953791699
31559,2588,3,4.140267293194287
31559,3288,4,4.27546520398932
31559,3538,4,3.8999043846552226
31559,4235,1,3.7595081685820766
