user_id,book_id,rating,predict
31646,4545,4,4.903849604673873
31646,4834,5,4.01341535028523
31646,6245,5,4.028389667244801
