user_id,book_id,rating,predict
31739,5038,4,3.872583184142787
31739,5452,3,3.525783235650448
31739,5453,4,3.679293518082891
31739,6026,4,4.368277296765097
31739,6503,5,3.9882643145708006
31739,6522,4,3.8908642172881263
