user_id,book_id,rating,predict
31749,7332,5,4.520646224095708
31749,8076,4,4.411102664513442
