user_id,book_id,rating,predict
31815,6738,5,4.534462889693131
31815,8238,4,4.698670125867703
31815,8755,5,4.481188461936282
