user_id,book_id,rating,predict
31897,4151,3,3.441383663214731
31897,4643,3,2.2983416192890194
31897,7008,4,4.13299464438894
