user_id,book_id,rating,predict
3221,3009,3,4.114923109607607
3221,3928,3,4.897761439522839
