user_id,book_id,rating,predict
32282,3867,3,2.9375471636500277
32282,5897,2,2.9189647299636037
32282,6213,3,2.8513565623830246
32282,6868,1,2.9139972639325884
32282,7901,4,3.2007749870605244
32282,8433,3,3.789363053655686
32282,8672,4,3.1082777125988788
