user_id,book_id,rating,predict
32835,3638,4,3.915923787750194
32835,6465,3,3.7600702153325325
32835,7147,3,4.72781411085106
32835,7271,3,3.729977809766312
32835,7469,3,3.953556943307368
32835,7735,3,3.3232908803540275
32835,7944,4,3.7729271087379948
32835,8124,1,3.648602768926839
32835,8163,3,4.168935515697333
32835,8352,5,4.3466017933026295
