user_id,book_id,rating,predict
3284,630,3,3.796381189642621
3284,1092,4,3.823684173856305
3284,1100,4,3.3970884810927946
3284,1154,3,3.57593350232153
3284,1854,4,3.5645916152496717
3284,2094,3,3.45461597068422
3284,4734,3,3.472027127360755
3284,4956,3,3.2972076126769907
3284,6000,3,3.0553783481463714
3284,6321,3,3.634763757718181
3284,6979,3,3.2705175882035444
3284,8515,4,3.3723522609160006
3284,8763,3,2.624454348303876
3284,9674,4,2.7350309305727887
