user_id,book_id,rating,predict
32858,2457,4,4.895520911269835
32858,3285,4,4.465158427354699
32858,4903,4,4.2314718215066485
32858,4910,5,5.180660953628516
32858,5375,5,4.38427810995659
32858,5393,4,4.586848499306865
32858,5572,5,4.525051556432156
32858,6020,5,5.13970747980986
32858,6162,5,4.496132522946495
32858,6540,5,4.693263661470348
32858,7058,5,4.417740737612372
