user_id,book_id,rating,predict
33021,4144,3,3.9262189817554805
33021,4203,3,3.6315441832068736
33021,5266,4,5.168688068535655
33021,7206,3,3.313703723218347
33021,7324,5,4.01867303740241
33021,7381,4,5.629730263367571
33021,7532,3,3.3003528228072128
