user_id,book_id,rating,predict
33030,6159,5,4.335541378287347
33030,6694,4,3.708534087215974
33030,7417,4,4.359530870778869
33030,7753,5,4.4130172413110484
33030,8102,4,3.8930308322308207
33030,8686,2,3.404701428795885
