user_id,book_id,rating,predict
33240,5613,3,4.340656061840937
33240,8961,1,4.483918268665173
