user_id,book_id,rating,predict
33364,1998,2,2.843496849548937
33364,3531,1,2.359364070924377
33364,3606,2,2.9929754367735404
33364,5427,4,3.5541526609191636
