user_id,book_id,rating,predict
33394,4975,4,3.4457769310647923
33394,5913,4,3.3150833579502206
33394,5962,2,3.3805450574731735
