user_id,book_id,rating,predict
33724,7124,4,4.2375041389660275
33724,7468,5,5.28613138607279
