user_id,book_id,rating,predict
33763,4073,5,4.239100082056179
33763,5170,5,4.09299089169663
33763,5266,4,4.061980761340282
33763,5426,5,4.0801059353594145
33763,5546,4,4.151814898274242
33763,5821,5,4.117005282322269
33763,6424,4,4.09327637166981
33763,6542,5,4.64592993548019
