user_id,book_id,rating,predict
3381,4478,5,4.796796213708306
3381,8927,5,4.793272098639782
