user_id,book_id,rating,predict
34004,4710,4,3.082025283078442
34004,7691,4,2.5340312847220754
34004,8551,4,2.8364961099205543
