user_id,book_id,rating,predict
3429,1227,4,3.6228602068790066
3429,1251,4,3.5727869150139813
3429,1425,4,3.3787916831898355
3429,1437,4,3.814017159329665
3429,1523,4,3.3951091240680604
3429,5164,4,3.8133957115765384
3429,5281,3,3.8563998604450895
3429,5790,4,3.7342286957111734
3429,6332,3,4.023555219063041
3429,6387,4,3.91219735210825
3429,6638,4,3.9045604430503973
3429,6911,4,3.506999783864803
3429,7475,3,4.546881863030279
3429,7617,4,3.7459827513691324
3429,7643,4,3.9213727720885987
3429,8006,4,4.18439025885065
3429,8502,4,4.023824386280255
3429,8638,4,3.9400570267028345
3429,8644,3,3.3635574517276137
3429,8962,3,4.307664549605249
3429,9314,4,3.602944277539131
3429,9325,4,3.9263837430232034
3429,9920,4,3.3441265882795026
