user_id,book_id,rating,predict
34338,8265,3,3.826094758211059
34338,8561,3,3.9078882602772422
