user_id,book_id,rating,predict
34614,2099,5,5.02202459537399
34614,2460,5,5.054522681560454
34614,2537,5,5.1989594516193485
34614,2585,5,5.073972334637505
34614,2656,5,4.994393346849295
34614,3629,5,4.948099402894941
34614,3864,5,4.990546671098542
34614,3944,5,5.0556856576790254
34614,3977,5,4.9729298644777895
