user_id,book_id,rating,predict
34637,3266,5,5.360133165818399
34637,6027,5,4.86854781908472
