user_id,book_id,rating,predict
34865,6328,3,2.9036353823975585
34865,7034,4,3.216447983249942
34865,7265,3,3.794140357453457
34865,7761,4,3.6759437170126334
34865,7818,4,3.967300672245818
34865,8502,4,3.810382638795821
