user_id,book_id,rating,predict
34889,974,3,3.8475237338163653
34889,1324,4,4.246733577523887
34889,1378,5,4.074731887405137
34889,1439,4,4.273010804547104
34889,1615,4,4.498632403453776
34889,1790,4,4.353947667994698
34889,1867,4,4.152513137383401
34889,1978,5,4.194321225527247
34889,2063,4,4.176972295492584
34889,2288,5,4.288858283207397
34889,2644,5,4.476948632626826
34889,6293,5,3.026398101034469
34889,6746,4,4.427444667875493
34889,7738,5,4.4122145238194594
34889,8435,5,4.277473591201678
