user_id,book_id,rating,predict
34996,5440,3,3.041671041868547
34996,8331,5,3.0033927031629215
34996,8528,4,3.0413044807658274
