user_id,book_id,rating,predict
35166,634,2,2.473051889081674
35166,721,4,2.4407767640165092
35166,777,2,1.751589847188416
35166,987,4,2.365426961794495
35166,1016,3,3.511155010816848
35166,1040,3,2.5761411155419625
35166,1050,3,1.8912497137944653
35166,1111,3,1.611741954609014
35166,2001,3,2.9141987189113254
35166,3211,3,2.9809382467784755
35166,3418,4,3.1742474948974873
35166,3503,3,3.3391323804913062
35166,4616,4,3.4423212720247442
35166,4692,4,2.953649864913759
35166,5613,3,2.958601467279464
35166,6072,1,3.1266420615841883
35166,6506,3,3.4500879076784106
35166,6849,3,2.541334992709741
35166,7702,3,2.6839444351561754
35166,8207,3,3.400460359793837
35166,8834,3,2.891104933762505
35166,9013,2,2.9933581651285066
35166,9058,2,2.777012681759259
35166,9390,1,3.134862420312427
35166,9599,4,3.217159767344642
