user_id,book_id,rating,predict
3519,622,2,2.6276895173345087
3519,683,3,3.2974279702804994
3519,3119,3,3.9259582769319055
3519,3726,3,3.6600904906656773
3519,4954,3,3.404845311569174
3519,6057,4,4.130345125575136
3519,6209,3,3.8805630576243626
3519,6783,4,4.2025605689249605
3519,7331,4,3.9720989787635617
3519,7460,4,3.971367934101453
3519,7687,4,4.000655485393734
3519,8808,4,4.043024863432478
3519,8848,3,3.562982753099828
3519,9430,4,3.5965763154679364
3519,9621,2,3.6169857342522684
3519,9639,4,4.032390262897929
3519,9801,3,3.6108683065811777
