user_id,book_id,rating,predict
35292,5483,3,3.9852110714765048
35292,5779,4,4.0640699870718455
