user_id,book_id,rating,predict
35590,5009,4,3.5028567586314856
35590,7444,1,3.4778641507264507
35590,7990,3,3.2244984048791667
35590,8495,5,3.403991099899562
