user_id,book_id,rating,predict
35762,4055,4,4.456283163912234
35762,4382,1,3.8524184450527663
35762,4451,4,3.1091522896128856
35762,4489,3,1.3553985403865112
35762,5592,5,3.5972329448319513
35762,6854,4,4.013983177239289
35762,7438,4,2.6254063319590335
35762,7912,4,2.210431354758895
35762,8237,4,4.2121941117539565
35762,8326,4,3.61094313922852
35762,8598,5,4.054616273747606
35762,9115,4,3.2508345967864725
35762,9250,4,3.388545120527187
35762,9312,4,3.797817136912502
35762,9437,3,2.625360147121012
