user_id,book_id,rating,predict
36198,7235,4,3.920511046505367
36198,8351,3,3.5373908485078287
