user_id,book_id,rating,predict
36273,3886,3,4.420034560358777
36273,4357,4,4.171565657437094
36273,5436,3,3.8766071168592102
36273,5708,5,3.935419397831677
36273,6671,3,4.208179636453197
36273,6956,4,4.857249568276691
36273,7393,5,3.279519423108958
