user_id,book_id,rating,predict
36482,3438,2,2.442973043228609
36482,4980,2,3.238246115693916
36482,5002,2,2.164728668185898
