user_id,book_id,rating,predict
36552,5632,5,4.8003462443242695
36552,7423,5,4.836963969354003
36552,8495,5,5.001454994535908
