user_id,book_id,rating,predict
36605,4717,4,4.324965751946386
36605,5909,5,3.8904959858666874
36605,6957,4,3.885139301023462
