user_id,book_id,rating,predict
3666,5514,4,2.447382983290378
3666,6883,4,3.6793196750986175
3666,8881,3,3.735382578378522
