user_id,book_id,rating,predict
36719,3885,4,4.804549840793422
36719,4451,4,3.4207207045917207
36719,4956,3,1.8107196041403026
36719,5514,4,2.878304722765227
36719,6207,3,2.8771563461872525
