user_id,book_id,rating,predict
36890,6948,3,2.4958307773267867
36890,7537,5,4.275242956766769
36890,8291,4,3.915022347183679
