user_id,book_id,rating,predict
36943,2790,3,3.9028457293412773
36943,5180,4,4.342615502246965
36943,5521,4,4.113180729485501
36943,5607,4,4.012121070477625
36943,5664,4,3.887799011767679
36943,5702,4,3.9485863678914734
36943,6471,3,3.7858809086556087
36943,7612,3,4.121114149078816
36943,7625,4,4.202085365793116
36943,7675,5,4.185344858451899
