user_id,book_id,rating,predict
3696,5443,2,2.40854560966981
3696,7662,3,2.4910720432222164
3696,8937,3,2.414264243408121
3696,9100,3,2.315815686825494
