user_id,book_id,rating,predict
37309,1420,4,4.227869622220679
37309,1461,3,4.127587252461856
37309,5354,5,3.767029408894481
37309,5396,4,3.5679360613572877
37309,6025,4,3.6568057983677633
37309,6435,5,3.604404655893617
37309,7616,3,4.198356053027962
37309,7649,4,4.3242361719944915
37309,8529,3,3.5650120626817756
37309,8768,2,4.24627522265711
37309,9197,4,3.457119470886186
37309,9452,4,3.486971606814553
