user_id,book_id,rating,predict
37301,2752,3,3.6314188980481594
37301,3385,3,3.116574555690363
37301,4417,4,3.1080853377753153
37301,4664,4,2.872156186884438
37301,5955,3,2.917640931202336
