user_id,book_id,rating,predict
37335,1180,4,4.151634625766727
37335,6226,4,4.151345839713745
37335,6723,5,3.6387085487757087
