user_id,book_id,rating,predict
37467,4783,3,4.618004978376826
37467,6776,4,4.627538543201439
37467,7270,3,4.470171060988548
37467,7521,3,4.6183425371292
37467,8243,4,4.143721509025377
