user_id,book_id,rating,predict
37471,4604,5,4.007718191891528
37471,6075,3,4.008178939927995
37471,7533,5,4.124441462263796
