user_id,book_id,rating,predict
37555,3012,5,4.66690595118029
37555,4123,5,4.395676067790805
37555,6251,5,4.435035059940726
37555,6293,3,2.8276844047438665
37555,7302,4,4.478583741806394
37555,7566,4,3.8280432713777888
37555,7610,3,3.8323464385347084
37555,7623,5,3.86027408618791
37555,7721,5,3.8453211850007505
37555,7860,5,3.91567156494414
