user_id,book_id,rating,predict
37554,4004,4,3.0731401119515205
37554,4688,3,2.871313493992263
37554,4763,4,3.571698767862502
37554,5551,4,3.0606017999446538
37554,5983,3,2.931843605096282
37554,6128,3,3.178669126015281
37554,7469,3,3.3760095899594083
