user_id,book_id,rating,predict
37613,7270,4,1.390442532113899
37613,7798,5,0.913037603994711
