user_id,book_id,rating,predict
37695,1100,5,3.797438211614644
37695,1187,4,4.5504533804961484
37695,1400,4,4.105390979822205
37695,1790,4,4.015778744502921
37695,1866,3,4.789451743739445
37695,1911,5,3.9499544381466825
37695,2018,3,3.7183941687905775
37695,2037,3,4.217202693587982
37695,2048,3,3.892407158101461
37695,7545,3,3.3732260576100144
37695,8895,2,3.3086575748378597
