user_id,book_id,rating,predict
37844,5035,4,3.816352096536634
37844,5255,4,3.6152527051842815
37844,5935,4,3.335046861990543
37844,6169,4,3.615473283645256
37844,6798,4,3.4623829327250673
37844,7302,4,3.9228421451777926
37844,7604,4,3.4753986012188163
37844,7623,3,3.7396058442266344
37844,7662,3,3.8272299518483233
37844,7814,4,3.50867860021062
37844,7851,3,3.78688875580598
37844,8146,3,3.7849283023470375
