user_id,book_id,rating,predict
37865,845,4,3.9658411719539686
37865,4323,5,3.9188456283209985
37865,4840,2,2.7513968921327785
37865,4879,3,2.8242367081499617
37865,6285,4,3.1959679951678535
