user_id,book_id,rating,predict
38011,5736,4,4.5261172741184446
38011,7565,2,4.22849206998476
38011,8137,3,4.303360691865095
