user_id,book_id,rating,predict
38276,2511,4,3.630784873552375
38276,4693,4,3.8094427972588885
38276,4737,3,3.8418100657843817
38276,4913,3,3.8561066951956735
38276,5594,3,4.12417641546854
38276,5608,3,3.9166732796211408
38276,5677,5,4.2124472176112935
38276,5922,3,3.6629280078455375
38276,6476,4,3.895567674618011
38276,6927,4,3.7773764299479358
38276,6979,4,3.990747647351678
38276,7159,5,3.9295305414033943
38276,7637,4,4.928019376340938
