user_id,book_id,rating,predict
38394,4818,3,5.011472571406125
38394,5626,4,4.270363506542072
