user_id,book_id,rating,predict
38494,5391,4,2.482005231624469
38494,5671,4,3.2166508229274475
38494,6296,5,4.094183573229295
38494,6861,3,2.978887780215348
38494,7793,2,3.4643899170098598
