user_id,book_id,rating,predict
38586,4785,5,3.101259409151934
38586,5435,3,3.939240587129048
