user_id,book_id,rating,predict
38807,3026,4,3.421936882277457
38807,4370,4,3.799545673791677
38807,4397,3,4.9128442146777624
38807,5256,5,4.344087349426311
38807,5258,4,3.757152748159771
38807,5690,5,3.6541631148151272
38807,6060,5,3.3209271241453386
