user_id,book_id,rating,predict
38904,6031,3,4.314132454547677
38904,6591,5,4.3743932916442745
38904,6595,5,4.447967722809372
38904,6898,5,3.792892943799914
38904,7433,5,4.471505552899501
38904,7503,5,4.046454750915939
38904,7878,5,4.198239959619422
38904,8127,1,4.735092737718942
