user_id,book_id,rating,predict
39016,3266,5,3.14290164582661
39016,4415,5,3.0807000318028113
39016,5653,5,3.054742462921151
