user_id,book_id,rating,predict
39021,5440,5,4.943602083336906
39021,5708,4,4.746674601755466
39021,7210,4,4.932554656129605
39021,7526,4,4.781203794054231
39021,7943,5,4.791217706310859
39021,8064,5,5.005702113344026
