user_id,book_id,rating,predict
39236,4144,4,5.225778377749615
39236,6538,5,5.250269218896868
39236,7037,5,5.038784496351236
