user_id,book_id,rating,predict
39441,3881,4,4.077562458519046
39441,7862,4,4.079147445830249
