user_id,book_id,rating,predict
39492,5009,4,3.649291011790961
39492,5241,3,4.512805659825475
