user_id,book_id,rating,predict
39572,4184,4,3.8899027284382304
39572,5202,4,3.7542229652445225
39572,6461,4,3.529483783040117
39572,6594,4,3.597448824950571
39572,7232,3,3.6874132900852845
39572,7580,3,3.6570433078736917
39572,8097,2,3.329579537138045
39572,8460,3,3.588887328580257
