user_id,book_id,rating,predict
39783,2956,5,4.905586149267396
39783,4088,5,4.571188881428232
39783,4107,5,5.083877138556315
39783,4248,5,4.910476489186155
