user_id,book_id,rating,predict
3995,3789,5,4.524987287663264
3995,8175,5,4.552910476839731
