user_id,book_id,rating,predict
40103,5244,4,4.4286231646522065
40103,6364,3,3.0356558667833315
40103,7651,3,3.7439549377074552
40103,9715,3,3.36308336689392
