user_id,book_id,rating,predict
40118,990,4,1.8937700144696281
40118,2318,4,3.3371598117270187
40118,2797,3,3.868935408292287
40118,3385,5,2.2904563632477
40118,4823,4,2.7482450319939384
40118,5241,5,2.413052302662535
40118,5873,5,2.716287024880968
40118,5937,5,2.685462073677674
40118,6140,4,4.138543941867335
