user_id,book_id,rating,predict
4015,7969,4,2.575299290526522
4015,8324,5,3.41347421163914
4015,8924,5,3.3833728553961144
4015,9417,3,2.7170572275732905
