user_id,book_id,rating,predict
4025,505,3,1.7800130340592548
4025,1175,4,4.4987448376628
4025,1515,3,4.087374852894416
4025,1532,3,3.525277739236397
4025,1617,4,3.24422553657173
4025,1689,4,4.52660825600995
4025,1791,3,4.0140427260222244
4025,1817,3,3.3146464245927074
4025,1870,4,3.2935091754058297
4025,1963,4,2.9357731769692164
4025,2138,3,3.3268319460721663
4025,2174,4,3.183767770627532
4025,2245,4,3.327583232455668
4025,2383,5,3.140387491092392
4025,2539,4,3.0064669437964944
4025,2622,4,3.3094732140892065
4025,2688,3,3.805167234018415
4025,3636,3,3.173394627891265
4025,4154,5,3.828357401370761
4025,7969,2,3.084141491304647
4025,8002,3,3.0667903582916263
4025,8638,3,3.2943969954492216
4025,9170,4,3.130858402334643
