user_id,book_id,rating,predict
4026,5169,5,4.795835809628038
4026,7067,3,4.178520225605498
4026,8584,5,4.570417662586724
