user_id,book_id,rating,predict
40335,8255,3,2.8802970787240474
40335,9189,4,3.890810715874338
