user_id,book_id,rating,predict
40366,4750,4,2.9932867334253253
40366,4829,2,2.634291158468388
