user_id,book_id,rating,predict
40519,2082,3,4.39150751070157
40519,4957,3,2.463962640432939
40519,5174,4,2.35769180024728
40519,5791,3,3.637509102609492
40519,6372,2,2.816342697418812
40519,7435,3,4.013817281275151
40519,8023,3,1.322997410850098
40519,8102,3,3.853493301327593
40519,8715,3,3.235767084944932
40519,8822,4,3.6096113280278317
40519,9020,4,1.5710573729346844
40519,9052,3,3.658094810427262
40519,9077,3,2.145711990418136
40519,9390,3,2.5073844423376483
