user_id,book_id,rating,predict
40615,4502,2,3.247465428839422
40615,8115,4,3.549630838501711
40615,8524,4,3.2860402038820067
