user_id,book_id,rating,predict
40962,1097,3,3.569661017967107
40962,1277,4,3.2763815575302657
40962,1735,3,4.2330514984646666
40962,2256,3,2.8996077398597926
40962,3890,2,2.8248352485062886
40962,6519,2,3.7301538678971635
40962,6853,4,3.180835128423632
40962,7318,3,4.018403802135282
40962,7364,5,3.4765903566122383
40962,9510,5,3.1477669617644777
