user_id,book_id,rating,predict
41047,5597,4,3.820424823818042
41047,6393,4,3.488880291701965
41047,6679,3,3.149423734456238
41047,6783,3,3.531614596627652
41047,6848,1,3.8913704084131497
41047,6862,5,4.6753108336683775
