user_id,book_id,rating,predict
41109,6543,5,4.851984710537831
41109,7746,5,4.71478121819918
