user_id,book_id,rating,predict
41178,4831,4,2.188496524933146
41178,5087,2,4.491753756088203
41178,5124,4,2.8746212267787645
41178,5790,4,3.7850141581206174
41178,6287,4,3.263291089155365
41178,6491,3,2.102429623833863
41178,8405,4,2.6502369324311834
