user_id,book_id,rating,predict
41208,6433,3,3.1325844275401424
41208,6671,3,3.1254377990387723
41208,7091,4,4.187263223833854
