user_id,book_id,rating,predict
41544,5962,3,3.0943387493628753
41544,6657,5,4.670797006211959
41544,6749,2,3.174453751961366
41544,6899,3,4.099317189826425
