user_id,book_id,rating,predict
41574,708,3,4.04196753449506
41574,1395,4,3.452713138168428
41574,4493,5,3.3978624521891096
41574,5626,4,3.567183644611477
41574,5740,3,4.323047619914715
41574,6546,4,3.1508651158403866
41574,6699,2,3.2465874254768314
41574,7652,2,3.5794596052197334
41574,8347,5,4.277582466056148
41574,8671,4,3.4421781877266984
41574,9158,4,3.230290697755029
