user_id,book_id,rating,predict
41769,1495,3,2.6043817123437147
41769,1683,5,1.9275755392000935
41769,3385,5,1.9730451975735663
41769,4341,4,2.994203968126315
41769,4735,2,2.86688075465221
41769,4765,2,2.630206558075093
41769,6083,5,1.7509106834447952
41769,7563,2,3.0136290799103644
41769,8523,1,2.491673912728349
