user_id,book_id,rating,predict
41885,1415,4,3.612868393999368
41885,5675,5,3.7390170015349016
