user_id,book_id,rating,predict
41936,892,3,3.531222039714655
41936,1059,3,3.4034680597526954
41936,4274,4,2.6645196539804026
41936,6047,4,3.4759237938992658
41936,7131,4,2.578211950944222
41936,7949,3,2.536399914984718
41936,8816,2,2.6446114517931294
41936,8843,3,2.5508853681935677
41936,9038,3,2.6187880907706895
41936,9069,4,2.5614273955768327
