user_id,book_id,rating,predict
42226,6713,4,3.3268407742383546
42226,7559,4,3.279262522606542
42226,7979,4,3.2215590887425525
