user_id,book_id,rating,predict
42358,5546,5,3.776909810015629
42358,7051,5,3.8054778182195514
