user_id,book_id,rating,predict
42456,6341,5,3.2040138997800147
42456,6359,3,3.1775280475612684
42456,7039,4,3.221547888519515
