user_id,book_id,rating,predict
426,1444,3,4.256221862196109
426,2344,3,3.600351516189636
426,7227,5,3.7124111667171933
426,7453,1,3.112470669314871
426,7916,4,3.717876160434899
426,8143,3,3.4757212750197892
426,8384,5,3.1347255860916894
426,9188,2,3.075492326417562
426,9206,3,3.751148495963226
426,9961,3,2.708586273702789
