user_id,book_id,rating,predict
4263,744,4,4.604491169944812
4263,1947,4,3.5979772862471697
4263,2030,3,2.8070320269724323
4263,2031,3,2.892856343493655
4263,2219,4,3.7735122955075697
4263,2339,4,3.156984712206822
4263,2399,4,3.354159655585846
4263,2422,4,3.5343375181959518
4263,2458,4,2.9594765831208782
4263,2461,4,2.768291928162114
4263,2645,4,3.1728527245570195
4263,2663,3,5.074045500277991
4263,2768,3,3.5614802116154443
4263,7549,3,3.107639198223764
4263,8885,4,3.5407632145488
4263,8895,3,3.398420283446965
4263,9539,4,2.6130659968303758
4263,9841,4,2.845237651582953
