user_id,book_id,rating,predict
42727,2902,5,3.9134854160749164
42727,4160,5,3.016041961628736
42727,5520,5,4.861466882045123
42727,5708,4,4.270835796471132
