user_id,book_id,rating,predict
42840,1904,5,4.348758162230561
42840,8109,5,4.790071204380711
42840,8612,4,4.483972863075095
