user_id,book_id,rating,predict
4297,6963,5,6.799573588564387
4297,7856,4,4.485827040511784
4297,9079,5,4.984871907337483
