user_id,book_id,rating,predict
42978,7882,4,4.1105221237942935
42978,8453,1,4.124641976201934
