user_id,book_id,rating,predict
4298,3604,3,3.161150800486423
4298,5180,4,5.279152494000202
4298,5394,4,3.0500731060631727
4298,5794,4,5.789552231977467
4298,6913,3,2.729535476502704
4298,7028,4,4.08488929955239
