user_id,book_id,rating,predict
4305,6491,2,4.435475146947583
4305,7277,3,3.8365947485170846
4305,7800,5,1.471800404648854
