user_id,book_id,rating,predict
43291,5743,4,3.7568730916106925
43291,6251,3,3.649861308494806
43291,7302,3,3.837930638607712
43291,7774,3,3.629038907621767
