user_id,book_id,rating,predict
43292,5256,3,3.917971662331974
43292,6169,4,3.57523275498345
