user_id,book_id,rating,predict
43904,3436,4,3.6116733709746085
43904,6388,4,4.152146355455287
43904,7558,4,4.173710679577693
43904,8270,3,3.9534393315634504
43904,8842,3,4.156587145019351
