user_id,book_id,rating,predict
43921,4372,3,4.010394646918916
43921,6522,4,4.011185730837627
