user_id,book_id,rating,predict
44,8094,3,3.2731622232833413
44,8525,4,2.9062683331001145
44,8656,5,3.0298300504160687
