user_id,book_id,rating,predict
44108,6943,4,3.0140850586454833
44108,7473,4,3.0173825551317672
