user_id,book_id,rating,predict
44145,5395,3,3.6497653730551507
44145,5785,3,3.834386959732807
44145,6364,5,3.748495069890547
44145,6889,4,3.374460266312428
44145,7275,4,4.014176399506959
44145,7579,4,3.6931767974234355
