user_id,book_id,rating,predict
44405,3283,3,3.9302412594912126
44405,4818,4,4.328362709249641
44405,5771,5,4.617347511245309
44405,6422,4,4.097612776013043
44405,6529,4,4.108462294706115
44405,6872,5,4.308161265747052
44405,6913,3,4.3156793326906335
44405,7065,4,4.3504112747133625
44405,7289,4,4.2263773902525505
44405,7474,5,4.636158471079745
44405,8254,3,4.213692611290306
44405,8540,4,4.060094280287536
44405,8617,4,4.718184642544117
