user_id,book_id,rating,predict
44532,2099,4,3.8796195334088104
44532,2656,4,3.763256625201918
44532,3301,4,3.7516942738591585
44532,3651,3,3.943579081334302
