user_id,book_id,rating,predict
44585,6024,4,5.086547528420499
44585,6791,3,4.258455209745847
44585,6990,4,4.570692997814549
