user_id,book_id,rating,predict
44632,7355,5,4.508281357992933
44632,7758,4,4.505456362785989
44632,7902,3,4.508470089722578
