user_id,book_id,rating,predict
4465,2146,2,3.8757041201734372
4465,5490,3,3.2361092096614534
4465,7247,2,2.778810182211208
4465,8130,4,3.55260279628735
