user_id,book_id,rating,predict
44697,6456,5,4.485917902239643
44697,7650,4,4.48929579541062
