user_id,book_id,rating,predict
44904,5131,5,4.253450461301026
44904,6127,3,4.162018571629993
44904,6476,3,4.0444201917163145
44904,6803,4,3.905656555965625
44904,6900,5,4.225822738483343
44904,7100,5,4.140553347672836
44904,7220,4,4.169113226298643
44904,7729,3,4.166968336432642
44904,7801,4,4.301058488419043
44904,8145,4,4.033222211705184
44904,8205,4,4.175590856155701
44904,8219,4,4.072337537073534
