user_id,book_id,rating,predict
44984,4024,5,4.249782600961089
44984,4648,5,4.458157331758216
44984,4903,5,4.45101501543468
44984,4954,5,3.3932366536999936
44984,5585,4,4.344825763250135
44984,5660,4,4.393925666472536
44984,6015,3,4.526554865367976
44984,6550,4,5.079806257858673
44984,6783,5,4.597099133949436
44984,7134,5,4.898588934290549
44984,7222,4,4.479788795170921
44984,7460,5,4.586159979513923
44984,7530,5,4.446773785815522
