user_id,book_id,rating,predict
44985,3825,5,4.3258446745212815
44985,5484,3,4.907258385994114
