user_id,book_id,rating,predict
4504,4531,3,3.6676345192175868
4504,5374,3,3.763883977066354
4504,5792,3,3.9342632784067337
4504,6784,3,4.2111910794932355
4504,7022,3,4.741428154544019
4504,7277,2,3.7967175655299448
4504,7810,4,4.847307133542763
4504,8175,2,3.822065077679611
