user_id,book_id,rating,predict
45225,6432,3,1.7892565443581947
45225,8338,1,3.745655564618849
45225,8822,3,2.9478721218329524
