user_id,book_id,rating,predict
45243,3267,4,2.8716537715535337
45243,4824,3,3.8596851553102023
45243,4879,3,3.32286918912668
45243,5954,3,3.4989284313492077
45243,6394,3,2.009105776939713
45243,6637,4,3.2936005703497764
45243,6699,3,3.31886543873077
45243,6748,3,3.2532069113033932
45243,7031,3,2.9470213689004954
45243,7425,3,4.01959248236258
45243,7591,4,3.172161310095882
45243,7887,3,3.2398316528853064
45243,7916,3,4.0144655127809346
