user_id,book_id,rating,predict
45250,4693,5,4.05132959695819
45250,4738,2,4.048926505526124
45250,5246,1,4.076808460433113
45250,5677,5,4.268082078964149
45250,6927,4,4.351001455610215
45250,7159,5,4.21640878076994
45250,8330,3,4.406733424989649
45250,8657,4,4.305685181391366
