user_id,book_id,rating,predict
45301,5597,5,4.5224329615205505
45301,7897,4,4.12196429691507
