user_id,book_id,rating,predict
45494,4015,5,4.027412331711102
45494,6272,5,3.8897396339377615
45494,7008,3,4.181770817083079
45494,7392,4,3.9401232985065717
45494,7444,5,3.740551549378721
45494,7606,3,4.491196904402969
45494,8168,3,5.077191409920075
45494,9281,5,2.832924742769128
