user_id,book_id,rating,predict
45587,3385,4,3.9281558261522838
45587,3661,4,3.096758173672514
45587,4356,3,3.722990371533971
45587,4398,4,3.899323427281017
