user_id,book_id,rating,predict
46257,6285,4,3.5278809376211644
46257,7017,5,3.979909217227898
46257,7647,4,4.275899212209648
46257,8075,5,4.274615957380589
46257,8435,4,4.007222975981653
46257,8590,5,3.736679867012268
46257,8627,5,4.659672850102279
46257,9520,4,4.310230473244674
46257,9614,4,3.705712219022802
46257,9764,5,4.337441920157899
