user_id,book_id,rating,predict
46309,4186,5,4.456946257124897
46309,6400,5,4.347632583262913
