user_id,book_id,rating,predict
4660,1992,3,4.373101739923792
4660,3678,3,3.064853119749559
4660,5130,4,2.5618102114833325
