user_id,book_id,rating,predict
46702,1006,4,3.5302006014937457
46702,4297,4,2.495720392874346
46702,7018,4,3.582137599642587
46702,7307,4,3.2446503638534114
46702,9133,3,3.209125409582231
46702,9254,4,3.2541394584130376
46702,9480,4,3.2559373724687313
46702,9727,4,2.6463534711263157
46702,9838,4,3.054075913041602
