user_id,book_id,rating,predict
46707,6479,4,3.1720131341555766
46707,6899,4,4.140845062915312
46707,7359,5,3.554614470798654
