user_id,book_id,rating,predict
46814,4225,4,1.844417554802964
46814,7403,3,2.4650745746459943
