user_id,book_id,rating,predict
46851,4880,3,5.211713130947926
46851,6225,3,2.526409691549625
46851,6880,3,2.8829220953034147
46851,7648,5,3.548900957545684
46851,7945,4,4.899975478435813
