user_id,book_id,rating,predict
47035,1355,5,4.339711539341694
47035,1609,5,4.440533866983753
47035,3226,4,4.007574857809497
