user_id,book_id,rating,predict
47075,3636,4,3.6736178164289712
47075,4134,4,3.6802175276114175
47075,4161,4,3.2434911447351835
47075,5174,3,3.341543691830307
47075,6396,4,3.4976486150481967
47075,6619,4,3.6220595769808392
47075,6734,4,3.6495794520392044
