user_id,book_id,rating,predict
47157,1395,5,3.5493793200663766
47157,2829,5,4.495736702340297
47157,4784,4,3.3389460860752997
47157,4840,4,4.69543979226246
47157,5043,5,4.895014070648733
47157,5819,5,4.430764148400717
47157,8998,4,6.184457065979538
47157,9841,5,4.230752135073806
