user_id,book_id,rating,predict
47195,4633,4,3.050050057910508
47195,6321,4,3.283678693867078
47195,6475,4,3.325960131003401
47195,6529,2,3.240408259892803
47195,7593,5,3.7989504053386294
47195,7777,4,3.307911403387175
47195,7887,3,3.2398721975135727
47195,7924,4,3.185197495630836
47195,8874,3,2.6536447870134685
47195,8975,4,3.329493057869326
47195,8996,4,3.667753392511696
47195,9630,4,3.375733748414468
