user_id,book_id,rating,predict
47277,5532,3,3.465599630472272
47277,6159,4,4.671622282955466
47277,6694,3,3.691237121188801
47277,6699,4,3.2946655288780704
47277,7181,4,4.095159956952205
47277,7555,3,3.5431360667375937
