user_id,book_id,rating,predict
47357,2222,5,4.62585193813554
47357,6029,5,5.002006588939081
47357,6355,5,4.888850190465292
47357,6836,5,4.985653967137464
47357,6941,5,5.005869158093917
47357,7167,5,4.98521246073163
47357,7403,5,4.516257726750437
47357,7530,5,4.887066772786369
