user_id,book_id,rating,predict
47355,2318,4,3.4835082636653385
47355,2414,4,4.50295361715314
47355,2560,5,3.428852296348677
47355,3235,4,4.612481563812042
47355,3495,4,4.101967582882127
47355,3542,5,3.327761617442227
47355,3810,5,3.8611084741158854
47355,4059,3,2.855563783786496
47355,4260,4,3.9996456311827147
