user_id,book_id,rating,predict
47384,3129,4,3.246873099423949
47384,4133,2,3.272924044875666
47384,4747,3,4.105561089947617
47384,4934,3,3.100964216972592
47384,6095,4,3.294713869232163
47384,6737,4,2.550570972884079
47384,6810,4,3.407854252780601
47384,7009,4,4.109314370083583
47384,7896,4,3.0735905174249707
47384,7974,4,3.168223606272933
47384,8065,1,3.1043638060205048
