user_id,book_id,rating,predict
47613,3107,5,4.6728287379586755
47613,3405,5,4.9444222769704576
47613,3554,5,5.079360085405731
47613,3863,5,4.791026880967364
47613,4143,5,4.819765645400316
47613,4373,5,5.167895603727107
47613,5170,4,4.909886052724138
47613,5266,5,4.789464597306585
47613,5546,5,4.884714206833858
47613,5821,5,4.899616385003601
47613,6127,5,4.803514830184854
47613,6412,5,4.858711887166018
47613,6424,5,4.971229631958954
47613,6542,4,4.621228934842934
