user_id,book_id,rating,predict
47716,2256,3,3.460680491014275
47716,3448,3,3.323156136599733
47716,3694,3,3.966450456044492
47716,3885,5,4.313580691459
47716,6524,4,0.05872865139962835
47716,6706,4,3.173318370288303
47716,8013,5,3.3241665750883813
