user_id,book_id,rating,predict
47777,3260,3,3.531295921975031
47777,4701,3,4.506928860298164
47777,4875,3,3.7678769854568657
47777,5459,3,4.159109085355582
47777,6694,4,3.9848859466508317
47777,6962,5,4.449206003176381
47777,7094,3,4.277087869024484
47777,7143,4,3.899191910818696
