user_id,book_id,rating,predict
47808,4274,4,4.498468761515028
47808,4465,5,4.503454582498474
47808,5276,5,4.502602505460296
47808,5487,3,4.667320240578016
47808,7108,5,4.6502150988054565
