user_id,book_id,rating,predict
47830,2829,4,4.28523680941635
47830,3802,5,4.474253265559152
47830,6194,4,4.4161937773333975
47830,6310,4,4.675112652895172
47830,6852,4,4.176290163249077
47830,6883,4,4.336350058906914
47830,7176,2,4.61943408052017
47830,7311,3,4.239059713961041
47830,7384,3,4.2066649151560815
