user_id,book_id,rating,predict
47894,5000,5,5.038017787931746
47894,5266,5,3.935758297721081
47894,5611,5,4.850743571366594
47894,6193,4,5.144249368767218
47894,6203,5,5.113438666385326
47894,6977,5,5.744241258847165
