user_id,book_id,rating,predict
47911,667,4,4.804151292519573
47911,1738,3,3.775488448812655
47911,1917,4,4.401589567300073
47911,5731,3,3.223072687697175
47911,6526,4,3.662434615826855
47911,7029,4,3.416332910575022
47911,7611,4,3.6926910635746006
47911,7720,3,3.4136520065355738
47911,7878,4,3.6615243980794348
47911,8548,5,3.488759711749874
47911,8606,5,3.167937327491448
47911,8844,3,3.7820029665178647
47911,8913,5,3.59418101976343
47911,9615,4,3.3614880695540417
47911,9698,4,3.518056495604668
47911,9757,4,3.2143351991758395
