user_id,book_id,rating,predict
47933,6482,3,3.76665419227899
47933,6940,4,3.936817771788813
