user_id,book_id,rating,predict
47990,4704,4,3.880825535285638
47990,5910,3,3.8210865733668933
47990,6194,4,3.8271107552577743
47990,6352,4,3.78292950140301
47990,6506,3,3.859831062861273
47990,6682,4,3.0880937005823377
47990,7221,3,3.6250145719788236
47990,7709,4,3.5997690861124076
47990,7882,4,3.615157862786682
47990,7921,4,3.80323466025833
47990,8421,4,3.5928580731843907
47990,8709,3,3.760623673944288
