user_id,book_id,rating,predict
47995,5546,5,3.9276771375238364
47995,5635,2,3.9784831611310976
47995,7194,3,4.142392006410854
47995,7461,2,3.92099263297031
47995,7835,3,3.817830120770739
