user_id,book_id,rating,predict
48059,6206,3,4.2910115566108535
48059,6962,5,4.459092122813738
48059,6992,5,3.91969078751512
48059,7033,5,4.235294806999246
