user_id,book_id,rating,predict
4826,4489,3,3.0694649876853943
4826,5449,3,3.3590569673838258
4826,5790,5,3.1318012813214935
4826,6231,3,3.4743307675485284
4826,6285,4,3.005361340434367
4826,6360,3,3.565044723059129
4826,7206,3,3.4503519999871948
