user_id,book_id,rating,predict
48319,5631,4,3.7311323826269502
48319,5749,4,3.4158179827839117
48319,5888,4,4.260766311372744
48319,6513,4,3.7893115983259897
48319,6789,4,3.3054188040486925
48319,7461,3,3.7994306113089604
48319,7658,4,4.186801603951902
