user_id,book_id,rating,predict
48334,8419,3,3.1546296967841627
48334,8562,4,3.411461550189992
