user_id,book_id,rating,predict
48361,1129,4,3.139416548887489
48361,1355,5,5.673228784441303
48361,4884,4,4.221002297024969
48361,9012,5,3.741314834236483
