user_id,book_id,rating,predict
48432,4545,5,4.620221806574939
48432,4879,5,5.238480142467475
48432,6251,5,4.967753478798691
48432,6518,5,4.973533152258924
48432,7625,5,4.999732564503068
48432,7722,5,4.534370743819351
48432,8171,5,4.578089656313694
48432,8397,5,5.029025129271901
48432,8715,5,5.058539978776106
48432,8790,5,4.575940003422752
48432,8990,5,5.082162531647226
48432,9217,5,4.5441834554805105
