user_id,book_id,rating,predict
48447,5708,3,4.167293039699807
48447,6393,4,4.105344340139005
48447,7468,5,3.956219938656727
