user_id,book_id,rating,predict
48579,1415,5,5.188255396241836
48579,3026,5,4.75282081752964
48579,3129,5,3.986522654651724
48579,3361,4,3.9915808842117704
48579,3542,5,4.005159254226629
48579,4160,3,4.395182471921897
48579,4260,3,4.552339156605496
48579,4366,5,4.335938441072434
48579,4397,5,4.296959444522879
