user_id,book_id,rating,predict
48649,1777,4,4.075825109019292
48649,2797,5,4.0845154156413415
48649,3041,5,6.807751444875668
48649,3734,5,4.107555769939159
