user_id,book_id,rating,predict
48759,3320,4,3.035208762618771
48759,5241,3,3.094887554374339
