user_id,book_id,rating,predict
48802,3389,3,4.117250357030592
48802,4879,3,3.7989024857019427
48802,5487,3,4.913497362019673
48802,6355,3,4.125557138707471
48802,7542,3,3.268151718846764
48802,7695,4,3.992872848519626
