user_id,book_id,rating,predict
48873,6794,5,5.268557775220232
48873,6859,5,5.18814736700827
