user_id,book_id,rating,predict
49106,1791,3,5.005441036978845
49106,1816,4,4.809338071077686
49106,1881,4,4.364096239192098
49106,2228,3,4.35976985009241
49106,2499,4,3.9851406786898123
49106,3088,4,3.8661080526944827
49106,4870,4,3.3600233533552886
49106,6385,2,3.7236369909498475
49106,7945,5,4.131552493636683
