user_id,book_id,rating,predict
49112,3981,5,4.574342334912519
49112,4484,5,4.3959766870779475
49112,5986,5,4.493629278505877
49112,7299,5,4.63407929423872
