user_id,book_id,rating,predict
49147,4366,4,3.7323207254324213
49147,7577,5,3.6202207318267186
