user_id,book_id,rating,predict
49365,5397,4,5.319920357794002
49365,5918,5,6.326220480842154
49365,6748,5,4.210746259793398
49365,6764,4,3.5345029655535245
49365,7410,3,2.8886876023569537
