user_id,book_id,rating,predict
49491,671,4,4.140799116312457
49491,913,5,4.34329924713531
49491,1016,2,4.4914917534893135
49491,1058,4,4.07236601095087
49491,1377,5,4.283893420726061
49491,1565,5,3.844632636057325
49491,1698,5,4.118576695118416
49491,1867,4,3.9857018361735714
49491,1934,4,3.7633263630671205
49491,1961,3,3.911869960895048
49491,2030,4,4.514471463190452
49491,2115,4,3.9471992066703034
49491,2158,4,4.2388068898844935
49491,2370,5,4.061394889645707
49491,2622,5,4.154789770804106
49491,2666,3,4.100669046713441
49491,2823,4,4.111094200685008
49491,2877,4,3.9909483254800593
49491,3330,3,4.121026441830951
49491,3351,3,4.167713100831628
49491,3449,5,4.158920035840596
49491,3458,3,4.078327555832485
49491,3543,2,3.89174754902744
49491,3606,5,4.332229462091995
49491,3612,4,4.263217698767793
49491,3681,4,4.071629855243393
49491,3709,5,4.108701160464211
49491,3899,5,4.251056206215854
49491,3945,3,3.9377935550647014
49491,4127,3,3.875569691819336
49491,4134,4,4.137022431891666
49491,4277,4,4.253776243180975
49491,4447,4,4.105201232845791
49491,4586,4,4.125276643883731
49491,4657,4,3.9566926185790314
49491,4709,4,4.130740095219121
49491,5123,4,4.146813587914897
49491,5138,3,4.18151225236205
49491,5508,4,4.202295611507727
49491,5767,5,4.311657469122631
