user_id,book_id,rating,predict
49624,6493,2,2.8530968065921725
49624,6930,3,2.523857938253953
49624,7084,3,2.8815840889684736
