user_id,book_id,rating,predict
49964,4809,2,3.967240114519341
49964,6253,4,3.967764308855267
