user_id,book_id,rating,predict
50141,4364,5,4.552565129649807
50141,6398,2,4.499137721613071
