user_id,book_id,rating,predict
5030,4403,1,2.853020192220611
5030,5594,3,3.2427529007150406
5030,6799,4,3.3003357560496482
5030,7796,3,2.3077737470871886
5030,7915,4,3.6100589181019167
5030,7969,4,2.5432199149841885
