user_id,book_id,rating,predict
50366,1077,4,4.888904499061275
50366,1082,3,4.650396690420195
50366,1395,5,4.509909934378697
50366,1904,5,4.985628827990755
50366,4628,4,4.163734009253964
50366,4840,4,4.167205988927022
50366,5043,4,4.116196630491542
50366,5230,3,4.156984934559506
50366,5819,4,4.022651432221117
50366,6310,4,4.347653193430977
50366,7279,3,4.155460272406348
50366,7640,3,4.236776349076545
