user_id,book_id,rating,predict
50400,1180,4,3.204365642957983
50400,3093,4,4.01557608866639
50400,3251,3,4.350376125604899
50400,5484,3,3.423571621123955
