user_id,book_id,rating,predict
50547,1183,3,2.7914920971720694
50547,3802,3,4.671756445434198
50547,5360,1,2.7515976929244133
50547,6120,3,2.9093310617534236
