user_id,book_id,rating,predict
50727,7908,4,2.9835737602795422
50727,9421,4,3.2347503766789254
