user_id,book_id,rating,predict
5090,4740,4,3.93668386334005
5090,9624,3,3.9671874674810326
5090,9743,4,3.222583049891662
