user_id,book_id,rating,predict
51004,3152,3,3.2953142826632686
51004,4536,3,3.166531598803888
