user_id,book_id,rating,predict
51002,6170,4,3.5822526726493926
51002,6986,5,4.847919299603427
51002,7482,4,3.467699357852858
