user_id,book_id,rating,predict
5105,3270,5,3.642000684365399
5105,4382,3,3.6288477189353414
5105,5944,4,3.6182569169826944
5105,6094,4,3.633577882784136
5105,6351,4,3.6015461007429517
5105,6577,3,3.6246377173809323
5105,6831,3,3.63563440080368
