user_id,book_id,rating,predict
51221,5581,3,4.56115686174629
51221,5754,5,4.753338686220813
51221,5785,5,4.5860769604820115
51221,5809,5,4.532646957079892
