user_id,book_id,rating,predict
51293,2139,2,3.7963037499259267
51293,4407,4,3.516734980350023
51293,4969,4,3.2754710398261
51293,4987,3,3.301565421647659
51293,5794,3,3.5964669707291343
51293,6862,4,3.9057218198160406
