user_id,book_id,rating,predict
51311,2784,3,4.4211870289868145
51311,4414,3,4.333908958908717
51311,5154,5,4.292195972585063
51311,6547,5,4.387633199472916
51311,6871,5,4.283097092886624
51311,7166,5,4.283800594068669
51311,7259,5,4.298421520394885
51311,7390,3,4.311026806468397
51311,7453,4,4.743273787253227
