user_id,book_id,rating,predict
51590,3891,3,3.3205204073166588
51590,4344,5,3.6508420691612966
51590,4649,5,3.437570884860147
51590,5696,3,3.266364313735611
51590,7417,5,4.37543771971871
51590,9162,3,4.363655981872943
51590,9513,2,4.146896125105883
