user_id,book_id,rating,predict
51692,183,5,5.274555081760888
51692,279,5,3.948009720409205
51692,324,5,5.018837915375296
51692,348,3,4.231026847504632
51692,370,4,4.237917182051115
51692,469,5,3.704051202766236
51692,536,4,4.019422516172967
51692,548,1,3.3888979302038362
51692,607,5,5.1172299137523884
51692,752,5,4.583029902237699
51692,886,4,4.080206067395994
51692,909,3,4.3932741800034965
51692,928,5,4.412138377115438
51692,1000,4,4.388973124187148
51692,1008,5,4.349902510686826
51692,1027,5,4.875963150735577
51692,1065,5,4.4364385403654705
51692,1203,5,3.089790578914955
51692,1264,5,5.246273255035828
51692,1286,5,3.4851153085375355
51692,1308,5,5.6091324162195955
51692,1366,5,3.9948012135909714
51692,1453,3,4.535417196929512
51692,1505,4,4.6000450818181955
51692,1668,5,5.086431472236404
51692,1671,5,4.485233046964421
51692,1716,3,4.400192377604807
51692,1737,5,4.080554257133159
51692,1743,5,4.277338638241368
51692,1766,5,4.081772169093864
51692,1952,5,4.655120950357209
51692,1965,5,4.018138926580291
51692,2167,5,5.167753291393663
51692,2194,5,5.08368555612611
51692,2480,5,4.481000004590986
51692,2587,5,4.421127094192111
51692,2599,3,4.436837478016737
51692,2629,5,4.904752025500704
51692,2705,3,2.834680635355135
