user_id,book_id,rating,predict
5184,3896,3,3.9257593670131268
5184,4297,5,2.841829489568428
5184,7593,4,2.258915805186588
