user_id,book_id,rating,predict
51955,7950,4,4.826172084704306
51955,8717,4,3.9936902162084893
