user_id,book_id,rating,predict
51954,3890,4,5.500827546627672
51954,4778,5,6.514149248556771
