user_id,book_id,rating,predict
52019,4026,3,2.773585058604739
52019,4726,3,3.619995198322855
52019,7003,3,2.801213807748344
52019,7579,2,2.5304488943533787
52019,7826,3,2.761365341867372
52019,8175,5,2.8328219665284986
52019,8495,3,3.6249962711967068
