user_id,book_id,rating,predict
52034,324,3,6.268281314549583
52034,634,3,4.355885192080139
52034,647,3,3.465276109886034
52034,761,3,3.747256191320969
52034,777,5,3.4207963676369757
52034,811,2,4.228009167475903
52034,849,5,3.3171052051756558
52034,886,5,4.7550114773014105
52034,931,4,2.871284037588379
52034,940,3,4.5515381420440875
52034,955,5,3.6169374950628894
52034,991,3,4.870994979430289
52034,1044,4,4.238036857258033
52034,1046,5,4.3745275314249685
52034,1063,4,3.459047348358596
52034,1072,4,3.754101895769002
52034,3891,2,3.2933404100776698
52034,3998,4,3.699637382572947
52034,7751,3,3.6318827885588
52034,7796,3,3.9291898430680816
52034,8203,5,4.862336324341619
52034,9792,5,4.33258497230048
52034,9847,5,4.6813996181893245
