user_id,book_id,rating,predict
52586,3850,3,4.545816147056439
52586,6364,3,4.123879657167176
52586,8430,4,4.208778049768602
