user_id,book_id,rating,predict
52615,5087,2,3.5519652048886163
52615,6958,4,3.4915784523961726
52615,7207,4,3.4361759479344745
