user_id,book_id,rating,predict
52639,2896,5,3.7879539062977257
52639,6391,3,3.234528909418042
