user_id,book_id,rating,predict
52866,4628,3,4.630668849644373
52866,5442,3,4.608544757559372
52866,5954,5,4.622282078908582
52866,6592,4,4.543666058246653
52866,7257,5,4.577442404298644
