user_id,book_id,rating,predict
52869,6360,4,3.882376015659382
52869,7508,4,4.104571791826682
52869,7665,4,3.566164646056718
