user_id,book_id,rating,predict
52897,5374,5,4.915179004579803
52897,6856,4,4.602640397017145
