user_id,book_id,rating,predict
52895,1006,3,3.7085902780918416
52895,1065,2,3.7478851046127626
52895,1092,4,3.784370834705773
52895,1173,1,3.656525951715638
52895,1490,3,3.7918991239284803
52895,1543,4,3.944342387044281
52895,1596,4,3.6485335506439984
52895,1729,4,3.688314933703635
52895,1744,1,3.8020644480434393
52895,1837,4,3.8139232421607185
52895,1871,4,3.8413239393545817
52895,1898,4,3.888728848436014
52895,1911,4,3.766994414847675
52895,2048,4,3.7591451733678816
52895,2057,4,3.7867708438619037
52895,2059,4,3.8741692278410222
52895,2113,4,3.7482474315334042
52895,2212,4,3.7646724262391125
52895,2218,1,3.6670297352481223
52895,2245,4,3.855635410393928
52895,2384,4,3.8585814671253402
52895,2393,4,3.848660926529457
52895,2401,1,3.7734080721810925
52895,2429,4,3.8852987109336588
52895,2431,4,3.9262414281405076
52895,2497,4,3.9048903603016787
52895,2515,4,3.858743207847836
52895,2522,4,3.84221250256999
52895,2525,4,3.839927186282067
52895,2574,4,3.894896364871658
52895,2596,4,3.853006678456078
52895,2622,4,3.910357274847682
52895,2639,4,3.8369232547548586
52895,2641,4,3.82462351572874
52895,2751,4,3.898105325882714
52895,2768,4,3.8192543862634856
52895,2774,2,3.741907584445824
52895,2791,4,3.8280633396620587
52895,2830,4,3.8801487831211694
52895,2835,4,3.8821774084100253
52895,2893,4,3.8443331735664117
52895,2920,4,3.896306139800992
52895,2964,4,3.8897760734557005
52895,3005,5,3.823735012579039
52895,3058,2,3.905611934121396
52895,3112,4,3.8049812241514975
52895,3125,4,3.923107333942372
52895,3144,4,3.795528583428506
52895,3155,4,3.773201726904127
52895,3167,4,3.885446931494832
52895,3190,4,3.9073792070524243
