user_id,book_id,rating,predict
53019,845,5,2.903743795863425
53019,2146,5,3.3797403743173646
53019,2896,5,3.6047676354591096
53019,4323,4,3.6616371326562915
53019,4457,5,3.8203901261386735
53019,4732,4,3.897762852944145
