user_id,book_id,rating,predict
53145,647,1,3.884416581249317
53145,777,3,3.7436937322078894
53145,907,5,3.529837412836721
53145,955,3,3.861468636716406
53145,1044,5,3.9872667743191954
53145,1063,3,3.5243196365163647
53145,1111,5,3.331347089332965
53145,1417,5,3.3387500638481042
53145,1430,5,3.618660903525337
53145,1711,5,3.3816839133979215
53145,1717,5,3.835155549094659
53145,1735,5,3.758554255359962
53145,1857,5,3.503237676460057
53145,1871,5,3.8179240076689913
53145,1884,5,3.7123048674009023
53145,2069,3,3.421976102028423
53145,2075,3,3.4615855723514666
53145,2158,3,3.4339825091973997
53145,2168,5,3.5216897418389035
53145,2209,3,3.8481491421244267
53145,2297,3,3.567250348922701
53145,2343,3,3.5745338576899512
53145,2361,3,3.503325211612186
53145,2484,2,3.4082385117534804
53145,2490,3,3.550784098828128
53145,2571,3,3.522901555856559
53145,2589,5,3.475266579484544
53145,2802,5,3.4955988662224367
53145,2858,5,3.5380356846657586
53145,2985,5,3.391149180579456
53145,2993,5,3.547777349772386
53145,3011,5,3.352315704939283
53145,3022,3,3.848092767476868
53145,3037,5,3.663195329535803
53145,3206,5,3.5219227011811394
53145,3252,3,3.8424252657361637
53145,3323,5,3.603486695676047
53145,3401,5,3.4822491232714454
53145,3657,5,3.378837158556993
