user_id,book_id,rating,predict
53288,3888,3,3.1476071796373746
53288,4648,3,3.543459257383821
53288,5406,3,2.850837345436525
53288,6421,2,2.7103480889126983
53288,6679,2,2.948428042688547
53288,6747,2,3.5415811364760756
53288,7134,3,4.355367101256271
53288,7657,4,3.4099457471835275
53288,7745,3,5.074268004048742
53288,7957,5,3.7652526515993983
53288,8183,5,3.6142366366692498
53288,8622,4,5.511848284582491
