user_id,book_id,rating,predict
53326,2474,3,2.5057380636213225
53326,3152,4,3.7901182758197987
