user_id,book_id,rating,predict
5341,7091,3,4.022112936899969
5341,7739,3,2.7307334121133415
