user_id,book_id,rating,predict
5488,4117,4,3.1074023100444177
5488,5119,5,2.6920596976301012
5488,5783,5,2.8554676460998603
5488,7779,4,2.4540640841791865
5488,8140,2,2.758226702355091
