user_id,book_id,rating,predict
5628,7592,3,3.975176724903887
5628,8356,1,3.0687544996448852
