user_id,book_id,rating,predict
5721,3493,3,4.513289236753955
5721,8152,3,3.734943891280185
