user_id,book_id,rating,predict
611,3682,3,3.420627322947858
611,5469,3,2.9740033457368993
611,5485,2,3.0307793061948964
611,5570,4,2.0493776921489095
611,6038,4,2.3738437847549845
611,6564,3,3.7548669795233773
611,7070,3,3.828247409974527
611,7278,3,3.8346316129398637
611,7360,3,2.4989668628878805
