user_id,book_id,rating,predict
6125,5482,4,4.299136503718685
6125,5809,5,4.468367139274195
6125,7668,4,4.882271083321369
