user_id,book_id,rating,predict
6159,536,1,2.5798355952259167
6159,732,3,1.3523441082335985
6159,1749,3,2.503029148382296
6159,6674,1,2.958944957728294
6159,7969,2,3.0980516381039918
6159,7984,3,3.0889114508631565
6159,8298,3,3.114155051641934
6159,8449,3,3.1642730132682444
6159,8593,4,3.134219172564202
6159,8661,1,3.16031830573027
6159,8722,2,3.0781121328107277
6159,9054,2,3.053571915089739
6159,9443,3,3.0799043638861674
