user_id,book_id,rating,predict
6169,4963,3,3.4391832615053746
6169,5126,4,3.286141002812835
6169,5699,3,2.5707643504767317
