user_id,book_id,rating,predict
6290,435,3,3.2743760802163244
6290,443,3,3.3269191250383825
6290,506,3,3.3437055758372924
6290,536,3,3.2071441586422895
6290,811,3,2.990958209014547
6290,831,3,3.2671816390182995
6290,921,3,3.475236034959543
6290,973,4,3.060509749549158
6290,1045,3,3.282090607545613
6290,1062,3,3.116571921501545
6290,1072,2,3.048115284769378
6290,1152,3,3.1528558528046933
6290,1192,4,3.532599114319498
6290,1306,2,2.7516818888380876
6290,1345,3,3.2455455273043237
6290,3845,2,3.206208755086447
6290,5910,4,2.663920934855642
6290,5922,4,3.4824537432436875
6290,6094,3,3.3118400071292236
6290,7166,2,2.894099379185193
6290,7425,4,3.46230736173594
6290,7739,3,3.1794043564252648
6290,7821,3,3.213185549285698
6290,8228,3,3.1567970675483914
6290,8983,3,2.6100542317092383
6290,9365,3,3.1101024754420807
