user_id,book_id,rating,predict
6487,4747,3,3.140053934320793
6487,4834,3,3.1919749479506736
6487,5259,3,4.229773955472243
6487,5422,5,4.200122756454564
6487,5618,2,3.2971505181519096
6487,6756,4,3.5239257183197785
6487,6912,3,3.4500097307777158
6487,7067,3,3.1167368586553263
6487,7265,4,3.6775813195433162
6487,7482,5,3.062638447466805
6487,7609,3,3.34977333323956
6487,7896,4,3.557575823688343
6487,8671,3,3.2574716724909187
6487,9340,4,3.7983267795141678
