user_id,book_id,rating,predict
670,7681,4,4.17078486786831
670,7991,4,4.099895944654821
