user_id,book_id,rating,predict
6941,1965,4,4.092120542643022
6941,2369,5,4.2141618901797875
6941,5922,5,4.20640396635369
6941,6921,4,3.776287861758431
6941,6977,4,4.5632410913931185
6941,7206,4,4.002010668601086
6941,9165,3,4.091412600580075
6941,9728,4,4.136952305896923
