user_id,book_id,rating,predict
7076,1313,5,3.7294616446446547
7076,1330,3,2.8074784140081497
7076,1392,3,3.1016540846258325
7076,1446,5,2.3920777275410114
7076,1519,4,3.4708329997328184
7076,1666,5,3.371356061947091
7076,2439,5,3.8836298215832654
7076,2867,5,4.025612313665521
7076,2934,2,3.3345499368732163
7076,3674,3,3.5620714565329488
7076,4960,5,3.7300531456040993
7076,7440,5,4.102194498000011
7076,8221,5,3.602262360176496
7076,8819,3,3.9770649110263583
7076,9699,5,3.253681473634505
