user_id,book_id,rating,predict
711,1125,3,2.9300734635010506
711,1793,2,1.6073736458772698
711,2388,4,3.7968354773417086
