user_id,book_id,rating,predict
7176,4356,5,3.613268473415155
7176,4699,4,3.6219715645977795
7176,5624,4,3.744414338936615
7176,5765,4,3.766386369822357
7176,6060,3,3.3502762000935142
7176,6802,4,3.767935399965526
