user_id,book_id,rating,predict
7192,5094,3,2.8341965799578586
7192,5237,4,3.000298979051342
