user_id,book_id,rating,predict
7269,1621,4,3.6353052140314785
7269,2414,4,3.485883732255691
7269,2441,4,3.9029971121467115
7269,2590,4,4.185878465163705
7269,7876,4,3.199781913960529
7269,8843,3,2.9116256167878856
