user_id,book_id,rating,predict
7315,7755,4,4.038131887635221
7315,7982,4,4.958331733570091
