user_id,book_id,rating,predict
7399,4173,4,4.417797114034077
7399,5733,3,5.235680040834416
7399,6331,4,4.49994528856464
