user_id,book_id,rating,predict
771,4489,5,3.004237514150725
771,6040,4,3.0003600388432674
771,6827,4,3.0028787510900266
