user_id,book_id,rating,predict
7734,951,3,3.9621582237872817
7734,1035,3,3.536748412916923
7734,2442,3,3.243397981478179
7734,3123,3,3.5525904390049883
7734,3335,4,2.866561917643807
7734,3572,4,3.0083117543206366
7734,4566,5,4.089914261058823
7734,4688,5,3.451108129638514
7734,6385,5,3.464433223968989
7734,6564,4,3.379647639204767
7734,7037,3,3.4675455662606813
7734,7569,5,3.353856747154539
7734,7865,4,3.6555563376044975
7734,7950,1,3.227653254099669
7734,8167,4,3.6169681937371756
7734,8229,4,3.3447835408402815
7734,9958,2,3.121513708267776
