user_id,book_id,rating,predict
7787,3181,5,3.647266329588932
7787,4723,3,5.174126457681401
7787,7257,5,5.117602445087068
