user_id,book_id,rating,predict
7791,5452,5,3.3893803571085073
7791,5552,5,2.6880427672209395
