user_id,book_id,rating,predict
8127,5104,3,3.3885920905572173
8127,6544,4,3.9715297252710267
8127,6975,4,3.6344712749193673
8127,7388,2,3.522105153419047
8127,7918,4,3.622890881927845
