user_id,book_id,rating,predict
8144,4297,5,3.821948883915936
8144,5449,3,4.936189473714528
8144,5845,3,4.0645932798810085
8144,7868,3,4.994283938200152
