user_id,book_id,rating,predict
8153,5851,3,3.058519319449277
8153,6475,3,2.928340664166651
8153,7794,2,2.775677407148548
