user_id,book_id,rating,predict
8333,5016,3,3.123808638353043
8333,6290,3,3.3963366558125117
8333,6296,4,3.143731113702864
8333,6756,5,3.2601658072921462
8333,6813,3,3.105914463103721
8333,6972,3,2.7790757821554255
8333,8298,3,2.8381261145250276
8333,8597,2,2.59976480266387
