user_id,book_id,rating,predict
8380,2001,5,3.790574150289978
8380,5211,5,4.097041564894787
8380,5526,5,4.737943420100405
8380,7176,4,3.9800174251475
8380,7905,5,4.278427671213085
8380,8162,2,4.489061587326709
