user_id,book_id,rating,predict
8564,607,3,4.958522635192796
8564,1166,4,3.6097854563986047
8564,1194,4,4.509607660097231
8564,1891,4,4.514217239562062
8564,1901,4,4.644264411132946
8564,1945,4,3.5668482422999883
8564,1946,4,4.474572254213156
8564,2125,4,4.2353696825211316
8564,2230,4,3.2478502361771415
8564,4210,3,3.210232484832288
8564,8272,5,3.2690305951550687
