user_id,book_id,rating,predict
8722,6995,3,4.797194526078884
8722,7028,5,3.708275228786553
8722,7352,5,3.8170083883935946
8722,7613,5,4.716708041349035
