user_id,book_id,rating,predict
8797,1338,5,5.334239323945118
8797,1670,2,4.030360486600332
8797,1833,4,4.10923448545911
8797,1848,4,3.6474152077340554
8797,2057,4,3.1890855362703947
8797,3347,2,3.5440018999081198
8797,6006,5,4.008362129092846
8797,6927,4,3.925872094845617
8797,7840,3,3.425098888236173
8797,8856,4,3.972110201524557
8797,9000,3,3.2655287010506715
8797,9349,3,3.0317976538719633
8797,9661,4,4.067836801089703
8797,9849,4,3.9809786680558146
