user_id,book_id,rating,predict
8859,2906,5,4.2563606215762295
8859,3401,5,3.0547960719479743
8859,9037,5,4.422108914031533
