user_id,book_id,rating,predict
9021,6776,3,3.117101334257965
9021,7630,5,3.911327288729818
