user_id,book_id,rating,predict
9218,4721,5,4.992503092532927
9218,5679,5,4.851234536970933
9218,5976,5,4.9211239795248085
9218,6890,5,4.818443103566367
9218,7668,4,3.1240191330961125
9218,7931,5,4.8375471727603525
