user_id,book_id,rating,predict
9222,7495,3,2.4583873422738316
9222,7722,3,2.6230582730750363
