user_id,book_id,rating,predict
9255,462,5,4.176245227115459
9255,4106,5,4.818588572848195
9255,6157,4,4.865221720305785
9255,6195,5,4.382471829901924
9255,6475,4,4.90392290992887
9255,7606,5,4.996869703929352
9255,7777,4,4.896926020767848
9255,7869,5,4.946294915551143
