user_id,book_id,rating,predict
9283,2588,3,3.5016760690513595
9283,3093,5,4.545452460775577
9283,4264,2,3.4574808007579096
