user_id,book_id,rating,predict
9398,1647,3,3.668002816486794
9398,1787,4,3.6750074317801893
