user_id,book_id,rating,predict
956,2139,5,5.172687034262425
956,6659,5,5.569739111256745
