user_id,book_id,rating,predict
9585,3191,3,4.4611945198112455
9585,3603,3,2.8766440254753265
9585,4706,4,3.747213767239375
9585,5399,4,4.616759448623872
9585,6599,2,3.4699841932022877
9585,8262,4,3.3304912405634792
