user_id,book_id,rating,predict
9699,4566,4,3.540340115793146
9699,5399,3,4.028803501680128
9699,5551,4,4.126848990347937
9699,6317,5,3.4285607819710777
