user_id,book_id,rating,predict
9764,5471,4,2.5152121130281464
9764,8313,3,2.71545226201998
