user_id,book_id,rating,predict
10529,4732,4,1.2500069888783458
10529,6132,2,0.804303161675179
10529,9291,4,3.25
10529,9511,3,6.805871268827163
