user_id,book_id,rating,predict
10574,3142,5,8.499998499017282
10574,3421,4,6.499999549787166
10574,4284,4,8.499995418445833
10574,5244,5,4.5
10574,6471,5,7.531809659759393
10574,6524,5,8.07352949208178
10574,7333,3,9.27269344997671
10574,7720,5,7.1682613617447135
10574,7833,4,6.879469245918781
