user_id,book_id,rating,predict
10626,3506,4,2.875
10626,4511,4,2.875
10626,5291,5,-1.9610528525177964
10626,6171,5,5.338553137075823
