user_id,book_id,rating,predict
10846,3012,2,4.57894525741879
10846,3493,5,3.5789473684210527
10846,3742,3,3.5789473684210527
10846,4252,5,3.5789473684210527
10846,4666,4,3.5789473684210527
10846,4853,2,6.578947144271726
10846,5335,5,-0.42105056704008215
10846,5698,3,8.578943303054208
10846,7647,4,3.5789473684210527
