user_id,book_id,rating,predict
1084,585,5,7.719979352396711
1084,1613,4,8.381960454454903
1084,1982,2,7.124798068892293
1084,2316,5,8.121630548232128
1084,4706,5,3.72
1084,5624,4,0.40668722794851675
1084,6802,4,-1.0877590710249962
1084,7397,3,-0.37943912383026257
1084,8280,5,8.63644140443366
1084,8387,4,7.001368173336807
1084,8556,4,8.029118222831535
1084,9808,4,8.176378882308239
