user_id,book_id,rating,predict
10873,6058,5,7.414822983657004
10873,6809,5,7.749999651288098
10873,7069,4,7.673782213581674
