user_id,book_id,rating,predict
11039,3864,3,3.090909090909091
11039,6304,3,6.995624569781395
11039,7570,3,1.566554507871785
11039,8002,3,1.76974846561401
11039,8012,3,6.631731636346942
11039,8830,3,7.233640527666813
