user_id,book_id,rating,predict
11073,183,5,3.5952380952380953
11073,202,4,3.5952380952380953
11073,203,4,4.018022554880647
11073,218,4,-0.4047596083827223
11073,334,4,-0.32325545735378114
11073,434,3,6.595233765013672
11073,539,4,5.532515683035731
11073,583,3,7.494296268092237
11073,589,5,-0.4932918101774404
11073,600,2,4.595236651829954
11073,644,5,5.486396129346755
11073,796,4,7.626935093737723
11073,841,5,8.484188239940892
11073,861,3,7.088995449771951
11073,889,4,8.13552214148249
11073,904,5,7.284459055794188
11073,945,3,6.638226197543488
11073,954,1,8.164052988198637
11073,962,4,7.42413534296745
11073,978,4,3.591689279783341
11073,1122,4,8.52065344571782
11073,1147,4,8.105414769249172
11073,1209,3,6.577815125708515
11073,1291,4,8.480939832556789
11073,1336,4,8.153142334528098
11073,1425,3,7.383032706820209
11073,1473,5,7.748992155036101
11073,1483,3,8.394383223375172
11073,1513,4,8.127106167222617
11073,1682,3,7.894269834371489
11073,1702,2,7.340955144760174
11073,1813,5,7.016843210897257
11073,1891,4,8.489081126013074
11073,1901,5,8.495374544266937
11073,1932,4,7.758438058804131
11073,1945,4,8.458217245613563
11073,1946,4,8.458217245613563
