user_id,book_id,rating,predict
11919,4763,3,4.666666666666667
11919,7593,5,9.666666636454593
11919,7777,4,8.094891962367514
