user_id,book_id,rating,predict
11933,992,3,4.071428571428571
11933,1041,5,1.1612329133842096
11933,1113,4,5.984768462817021
11933,1250,5,7.534571088753491
11933,1283,4,4.748420248828467
11933,1364,4,8.587096266502082
11933,1467,3,7.715040606993403
11933,2388,5,4.071428571428571
11933,3152,5,6.145987248759993
11933,5704,4,5.934113854830283
11933,6264,4,1.0714351233667898
11933,7251,4,5.002221358019622
11933,7898,3,4.071428571428571
