user_id,book_id,rating,predict
11951,2222,3,3.3
11951,3335,4,6.299999315835243
11951,3448,4,3.3
11951,4663,5,3.3
11951,4748,3,6.299999820966713
