user_id,book_id,rating,predict
1225,505,1,3.641509433962264
1225,777,3,7.641505627546437
1225,1063,3,1.932340395397684
1225,1449,4,6.960221919807373
1225,1843,4,6.762763992083832
1225,1976,4,7.4263420831806215
1225,2288,3,7.771884782244513
1225,2367,3,6.8378394006149295
1225,2371,4,6.819413032458334
1225,2561,4,7.224769605819963
1225,2578,3,8.141384349281987
1225,2601,4,6.877044641409901
1225,2618,5,0.20526845819956163
1225,2679,4,6.763811005495951
1225,2820,4,6.857864301856905
1225,2939,5,7.779376887000435
1225,5215,3,8.641502704275556
1225,5237,3,3.641509433962264
1225,7856,5,1.7486197622918287
1225,7868,4,2.379271958536277
1225,8998,4,0.43448948760415584
1225,9670,3,3.641509433962264
1225,9759,5,5.3262367794881955
