user_id,book_id,rating,predict
12364,787,5,4.011904761904762
12364,841,4,-0.5436099632555491
12364,889,4,0.6534672813224387
12364,978,4,7.011904125075956
12364,980,4,-0.5510322546461675
12364,1291,4,8.008001908553245
12364,1304,4,0.012116963253333779
12364,1336,4,8.366854823945232
12364,1363,4,0.012116963253333779
12364,1394,4,0.012116963253333779
12364,1450,4,7.97064056459143
12364,1473,4,8.38689064817609
12364,1483,4,7.972739345232455
12364,1513,4,8.097248441144856
12364,1579,5,7.055472529800757
12364,1602,5,8.602812439952453
12364,1630,4,8.602812439952453
12364,1636,4,7.997931128761039
12364,1653,4,7.880166666134722
12364,1690,4,7.659199315194361
12364,1831,4,7.02233789413402
12364,1889,4,8.236787218427601
12364,1891,4,8.299843339779851
12364,1901,4,8.535943888999014
12364,1932,4,8.323200306938872
12364,1945,4,8.090654372394617
12364,1946,4,8.271494696452422
12364,1962,4,8.358399317902792
12364,2031,4,8.00783652400985
12364,2057,4,6.927737688820102
12364,2081,4,8.611271651634656
12364,2094,3,7.962393104669447
12364,2126,4,7.960321469176966
12364,2154,4,8.667304133216204
12364,2180,4,7.07601745078029
12364,2206,5,5.825945801572151
12364,2224,3,8.276312887058715
