user_id,book_id,rating,predict
12476,183,1,3.234375
12476,202,1,3.234375
12476,210,2,3.234375
12476,370,3,3.234375
12476,384,3,3.234375
12476,394,2,3.234375
12476,419,1,3.234375
12476,434,1,3.234375
12476,643,1,6.23437427162987
12476,759,3,-0.7656231187196587
12476,805,1,5.780295474731224
12476,817,4,3.234375
12476,907,3,5.960693768132305
12476,909,3,5.547762768480117
12476,981,1,6.256843307053122
12476,1004,2,7.0461361167750045
12476,1077,4,7.392270530275662
12476,1140,2,6.614552537126134
12476,1304,4,-0.7655854277671508
12476,1363,4,-0.7655854277671508
12476,1394,3,-0.7655854277671508
12476,1416,4,7.5858048643759926
12476,1450,3,6.863601303799856
12476,1480,2,7.38288844366117
12476,1540,2,7.0723960066445795
12476,1602,4,8.23437425091325
12476,1630,4,8.234374261835521
12476,1680,2,6.790937275705444
12476,1692,3,3.234375
12476,1696,2,6.66534901679127
12476,1751,2,6.34302951385954
12476,1767,3,7.248653219780954
12476,1771,5,7.01295385667878
12476,1818,2,6.988044209459232
12476,1857,2,7.805758593165834
12476,1911,4,6.922983737033166
12476,1930,2,7.243343197029828
12476,1966,3,7.200178281252826
12476,1971,2,6.360134911775955
12476,2038,1,7.182689374729442
12476,2091,3,6.917583673985114
12476,2103,4,6.5076585102379925
12476,2168,5,6.681692391701095
12476,2392,2,6.3783541790218194
12476,2405,2,7.4597772836367
12476,2420,3,5.774238145965838
12476,2577,4,6.692241014647889
12476,2623,1,7.070920655434167
12476,2662,2,6.927573905249483
12476,2802,2,7.3607752060547975
12476,2858,3,7.987306619243828
12476,2882,3,7.028220094173555
12476,2901,1,6.3399948338063075
12476,2959,2,6.622676024438446
12476,2971,2,6.380236013520976
12476,2998,2,7.290236565384626
