user_id,book_id,rating,predict
12604,6597,3,-1.066634112548701
12604,7100,3,7.225440258011205
12604,7148,5,5.890909482965762
12604,7191,3,3.933333333333333
12604,7288,4,8.67283088739308
12604,7391,5,8.933333359083948
12604,7437,5,4.7733430603326426
