user_id,book_id,rating,predict
12848,1618,5,8.428571398612105
12848,2024,3,3.4285714285714284
12848,2681,5,3.4285714285714284
12848,2940,5,-1.5714111194522915
12848,2947,3,7.00876207299556
12848,3286,3,6.12614344342852
12848,3416,3,7.817843268412519
12848,3614,3,6.12614344342852
12848,3918,3,6.153088586588012
12848,8465,3,6.321368347074374
