user_id,book_id,rating,predict
12853,3224,5,4.142857142857143
12853,4835,4,4.766167260402228
12853,5130,2,2.7147671290309194
