user_id,book_id,rating,predict
12943,1389,3,6.672190680895072
12943,1645,5,7.722682781090381
12943,1955,5,7.1734450463819615
12943,1960,4,6.463743816815804
12943,2011,1,6.6521738822653464
12943,2485,4,6.311730903166955
12943,8162,3,3.652173913043478
12943,8581,5,3.270542126466104
12943,8874,4,5.447107012536376
12943,9622,3,6.767120172058698
