user_id,book_id,rating,predict
14232,927,5,7.902573353813835
14232,1579,5,6.959936834261897
14232,1711,4,7.769984742188436
14232,1713,5,8.349052253382514
14232,3998,4,4.494565201673156
14232,5427,4,3.79771468385219
14232,5696,3,5.967692827586033
14232,7556,4,6.196980668405067
14232,7652,5,2.8155970504255485
14232,8073,5,6.838131708652101
