user_id,book_id,rating,predict
14459,7472,4,7.31167632763756
14459,8634,4,1.5696083762372206
