user_id,book_id,rating,predict
14883,2971,4,8.347620022856368
14883,2998,5,8.778027798095131
14883,4088,4,1.1724241836874998
14883,6029,4,4.630104670960935
14883,6520,4,7.841653622720793
14883,6941,4,8.197038035878277
14883,7017,4,7.87593121775758
14883,7099,4,8.155054734297433
14883,7624,5,7.698040726147795
14883,7941,4,8.035509446183834
14883,8596,4,8.303384775081721
14883,8861,4,8.448906622459589
14883,9996,5,7.616812940387241
