user_id,book_id,rating,predict
15132,4154,5,3.1333333333333333
15132,4750,5,3.1333333333333333
15132,5075,3,3.1333333333333333
15132,6164,3,7.590025786944334
15132,6815,4,6.0557401883722815
15132,6963,5,3.1333333333333333
15132,7514,2,6.952123800279672
