user_id,book_id,rating,predict
15339,4706,5,3.1052631578947367
15339,5215,3,-1.894735963398269
15339,5882,5,2.1732760380995786
15339,6033,3,5.105256755744504
15339,6737,3,7.105257096543012
15339,7537,5,6.668952535405164
15339,7730,5,1.4802864176040336
15339,8166,3,5.81945260850833
15339,8282,4,6.934447783537207
