user_id,book_id,rating,predict
15609,6193,5,5.407036619884417
15609,6494,3,2.4457663828446403
15609,8267,5,8.21208652831173
15609,8408,5,8.16192971365344
15609,8702,5,7.753782285569915
