user_id,book_id,rating,predict
16136,3842,3,6.749999892203155
16136,5473,3,7.74279783699205
16136,8740,3,3.75
