user_id,book_id,rating,predict
16302,1006,4,6.5888421865545475
16302,2525,5,7.200480819477963
16302,2641,5,8.142536251556699
16302,4958,3,3.75
16302,5311,4,0.25044512804957275
16302,7376,4,7.324073152461851
16302,7456,2,8.167045888503743
16302,7681,3,3.7249101013524366
16302,7851,3,7.549117189322378
16302,8169,5,7.194328007518257
16302,8751,4,3.234773153918975
16302,9675,3,6.540726346668624
16302,9887,4,3.75
