user_id,book_id,rating,predict
16407,3430,5,-1.089256064664871
16407,3637,5,2.4254111067806763
16407,3842,5,5.736523296581747
16407,3895,5,3.6666666666666665
16407,3967,3,6.082690415153353
16407,5636,3,0.620792114418268
16407,5803,3,5.952799927189499
16407,5943,5,0.6666704423874124
16407,6034,4,2.5455596843614767
