user_id,book_id,rating,predict
17068,5757,4,8.869563476236351
17068,6029,5,8.75142761562827
17068,6048,5,9.869525020824984
17068,6162,5,3.602955599348908
17068,7167,4,9.542143866897822
17068,7301,5,7.979572302203724
17068,7442,5,9.067999480741378
17068,8208,5,9.387912212313116
17068,8244,5,9.508910630009638
17068,8450,5,9.140601232274985
17068,8562,5,7.047044647104458
