user_id,book_id,rating,predict
1717,3930,4,6.37488563156341
1717,4202,3,-0.6249987109855715
1717,5054,2,3.375
1717,6234,2,8.374996053585042
1717,6984,3,0.37500009634647924
1717,7540,3,7.374996960775681
1717,7664,2,6.419747823151289
