user_id,book_id,rating,predict
1722,1154,4,5.616158732809228
1722,1349,3,1.6675938579283014
1722,1672,5,6.323186699877033
1722,1969,4,7.016274085715735
1722,2172,4,7.054116883557747
1722,2295,3,7.19796529355609
1722,2357,4,7.152168992795152
1722,4908,3,1.3333341047972738
1722,4972,3,5.597200637935572
1722,5765,3,7.333331893322468
1722,5911,3,3.3333333333333335
1722,6070,4,3.3333333333333335
1722,9905,4,0.7368063862108083
