user_id,book_id,rating,predict
18022,2511,4,8.478223002520252
18022,3888,3,6.407244177940321
18022,4314,2,5.441737140430452
18022,5406,2,2.376940872536073
18022,5636,5,6.3568410568937015
18022,5887,3,6.1247972079982524
18022,6209,3,4.928407875314404
18022,6388,5,7.068544958353712
18022,6434,4,7.9122249144438275
18022,6476,4,8.253617926277508
