user_id,book_id,rating,predict
18070,3624,5,8.299660750869922
18070,4207,5,8.027893006727805
18070,6749,4,6.623791674589205
18070,6988,4,0.571428706982942
