user_id,book_id,rating,predict
18100,18,5,8.060076279675933
18100,21,4,7.836562499470368
18100,23,4,7.956348852344082
18100,24,4,8.571495393119136
18100,25,5,8.058907059326351
18100,27,4,8.212512230289349
18100,37,4,8.187382839408532
18100,39,5,7.60558246118987
18100,50,5,7.625451500475575
18100,59,4,7.751175407795561
18100,72,3,7.8081627064225625
18100,73,3,7.11438754925057
18100,75,4,7.474093626894394
18100,79,3,7.869667535524638
18100,80,5,7.649500737647514
18100,89,5,8.02539100576567
18100,90,4,8.076012713321123
18100,102,5,8.726899253065053
18100,406,4,4.046153846153846
18100,1041,3,1.0462577048115862
18100,1141,4,4.046153846153846
18100,1188,5,5.703250680204936
18100,1327,5,1.7237152201251202
18100,1578,4,0.6047353932401385
18100,1686,4,-0.9537287843578035
18100,2002,5,4.436135253517633
18100,2004,4,8.18625893845989
18100,2009,4,4.986693431988966
18100,2052,5,7.946339198283331
18100,2198,3,6.887011876835693
18100,2361,4,6.649211580319811
18100,2366,4,7.979918356755098
18100,2380,5,8.380309060740244
18100,2501,3,8.334720313014001
18100,2674,4,8.06521998432826
18100,2680,5,8.642025259723066
18100,2741,4,7.972270257783001
18100,2854,5,7.033676631603608
18100,2990,4,7.7789483976250295
18100,3079,4,6.974650876297202
18100,3127,3,7.330451430959522
18100,3333,4,7.946482698692496
18100,3758,3,7.723596518957375
18100,3948,5,8.121080220040287
18100,4066,3,8.017911167839763
18100,4317,4,6.399270864850957
18100,4332,5,5.868466979380517
18100,4435,5,8.15729756267112
18100,4678,3,8.650330363257101
18100,5802,4,8.365773880259244
18100,6553,4,7.368011652716948
18100,6629,4,7.517183484590538
18100,7143,4,7.493140340379614
18100,7737,4,6.850284760890963
18100,8923,4,8.04614080801499
18100,9281,4,7.046153322075568
