user_id,book_id,rating,predict
1825,5241,5,3.5
1825,6140,3,7.860639477321398
1825,6546,1,7.320422550137444
1825,6831,4,6.705657139028551
1825,7034,5,7.499998067568466
1825,8066,4,0.8889324533737901
1825,8186,4,-1.0619239399255491
1825,8199,3,5.824594096442411
1825,8464,4,0.7649422509975459
1825,8816,3,5.977101795988255
1825,8843,2,3.463483390000493
1825,9621,2,6.772480237384029
1825,9628,3,6.887848212326238
