user_id,book_id,rating,predict
18542,6234,4,8.749999512980885
18542,7872,3,6.8994675004873605
