user_id,book_id,rating,predict
18566,702,4,5.1845515982345045
18566,1205,4,-0.2857135278563967
18566,1293,5,6.250100725999756
18566,1500,4,7.357899124745355
18566,1810,5,8.420191499246801
18566,3736,5,3.7142857142857144
18566,4966,3,4.904657589641714
18566,5311,4,0.39506187733754095
18566,5508,4,3.7142857142857144
18566,7045,3,1.7142860483845
18566,8192,4,7.488879528717014
18566,9216,4,7.849248695568589
18566,9330,4,6.79399966519108
18566,9622,4,7.736888908537779
18566,9911,4,8.088316651481275
