user_id,book_id,rating,predict
19022,3930,1,3.0
19022,4902,4,3.0
19022,7553,2,4.390501940388784
19022,7640,4,4.76900766212975
19022,7923,4,3.0
19022,7946,3,3.0
