user_id,book_id,rating,predict
1902,2869,5,7.2938129923865525
1902,3141,3,5.948917594927812
1902,5146,5,2.4782608695652173
1902,6351,3,-2.521737369589206
1902,7826,5,2.696110359617902
1902,7882,2,3.2036367764755775
1902,8470,1,6.543452809417664
1902,8547,5,0.7021450041956034
1902,9302,3,6.458671470877101
1902,9645,2,5.194163286966487
1902,9991,1,5.960579167497471
