user_id,book_id,rating,predict
20571,4335,3,7.233332766972194
20571,6304,3,6.880139938083988
20571,7549,4,7.3562351115882505
20571,7570,3,4.726676995767738
20571,7821,3,1.3415239160980241
20571,8002,3,3.19094698756366
20571,8012,3,6.776615665288151
20571,8433,3,0.2333360767806658
20571,8830,3,6.5829177524674325
20571,8898,3,4.711027801255481
20571,9000,3,6.002979808713214
20571,9068,3,6.441749482375446
20571,9885,3,7.406134125508954
