user_id,book_id,rating,predict
21381,744,4,4.256752771185732
21381,1047,5,0.41618487264459825
21381,1065,4,6.503982416894077
21381,1081,3,7.07943846770476
21381,1173,4,1.2923440697886888
21381,1187,3,7.554874788732672
21381,1212,4,7.510528786208679
21381,1345,2,7.071440251094716
21381,1358,4,3.1079010912016716
21381,1410,4,3.6132664373151506
21381,1424,3,5.077677877510428
21381,1538,3,6.306330427598875
21381,1539,4,7.400537780124052
21381,1565,2,5.809257599395547
21381,1610,2,5.949253948020017
21381,1712,4,6.723044822805344
21381,1723,4,7.477332140400621
21381,1740,3,6.241649509242771
21381,1741,4,4.511719533554302
21381,1798,1,6.891379475725888
21381,1804,3,5.761127828951487
21381,1819,3,6.825563517173062
21381,1834,3,6.449373006482141
21381,1838,3,7.5155432237243645
21381,1870,3,6.704644982531743
21381,1876,3,6.964651561624129
21381,1903,3,6.765929429092392
21381,2016,3,7.248295362210527
21381,2113,4,7.256756769320022
21381,2121,3,7.613030361723954
21381,2245,3,6.976371728741128
21381,2268,4,7.942451742591157
21381,2334,3,6.50982150468718
