user_id,book_id,rating,predict
21519,4346,4,3.857142857142857
21519,6363,5,2.184785099921821
21519,6487,5,5.198801518396649
