user_id,book_id,rating,predict
21624,6376,5,4.5
21624,8710,4,6.41617677135565
21624,8972,4,8.499999853250202
