user_id,book_id,rating,predict
21987,940,4,9.166658761048385
21987,980,4,9.166660516904365
21987,1400,5,-0.017643427868245354
21987,1578,5,5.362178267076778
21987,1636,4,8.990202096018756
21987,1653,4,8.990202096018756
21987,1840,3,7.399591579548964
21987,1889,4,8.705246592935339
21987,1962,4,8.539849205877253
21987,2105,4,8.503735590823197
21987,2306,4,9.013762530939836
21987,2317,4,7.977525242440231
21987,2486,4,7.425128804061483
21987,2545,4,7.490001415523706
21987,2583,4,7.3925058169148645
21987,2614,4,8.561084946931562
21987,2807,4,9.006131419910709
21987,2887,4,8.981836343905865
21987,2930,4,8.997754872430384
21987,2971,4,8.294887506791
21987,2998,4,8.143384330518561
21987,3065,4,7.7195924598109205
21987,3105,5,8.11806084970912
21987,3175,5,8.0791645530834
21987,3215,5,8.740987424198474
21987,3330,4,8.850140984354312
21987,3374,4,7.3142612660886
21987,3382,4,8.166666711327787
21987,3454,4,7.649759175391004
21987,3463,5,8.563824687145846
21987,3673,5,8.562229193014211
21987,3716,4,7.6385005726659765
21987,3803,4,7.308853975421352
21987,3804,4,7.883125449890262
21987,3814,5,8.562229193014211
21987,3819,5,8.971470296482707
