user_id,book_id,rating,predict
22189,1933,1,3.3333333333333335
22189,3288,3,6.685402817608539
22189,4235,3,6.15064982719084
22189,4591,3,6.9097588977491124
22189,4676,3,7.152249143525307
22189,5647,3,6.750292928673533
