user_id,book_id,rating,predict
22412,5267,5,9.222221613853112
22412,6859,5,8.540447313072576
22412,7050,4,8.690948609729638
22412,7374,5,8.620770306582859
