user_id,book_id,rating,predict
22429,4604,3,6.866664501329758
22429,5021,5,8.722282631165996
22429,6930,5,9.245122166706123
22429,7202,5,9.583058543102052
22429,7203,5,9.370537296972785
22429,7252,3,7.237934678978427
22429,7903,4,9.104478036657266
