user_id,book_id,rating,predict
22840,1078,5,4.078557926467632
22840,3994,5,2.959587348930116
22840,4240,4,7.999999321177436
22840,4611,5,4.0
22840,6006,5,0.21443985840465096
22840,7611,4,7.269329197922039
22840,8186,5,8.22815102893864
22840,8464,5,8.056179004889088
22840,9722,3,6.780300638447153
22840,9773,4,6.3389512917028465
22840,9849,5,7.99999886348224
