user_id,book_id,rating,predict
22857,667,3,5.049424531282593
22857,735,3,7.002224363086537
22857,1029,5,8.193580832382032
22857,3191,4,7.273952659640022
22857,5029,5,-0.43478065809391664
22857,6296,5,3.5652173913043477
22857,6527,4,8.343662146093171
22857,8724,3,3.5652173913043477
22857,8747,4,7.565216457831777
22857,8995,4,6.603632613166985
22857,9270,3,4.6002826254403075
