user_id,book_id,rating,predict
23039,1116,4,8.71044093781286
23039,2171,4,3.7777777777777777
23039,3636,3,-0.2222199609991362
23039,6738,4,-0.22220214501051583
23039,8459,1,5.844784332349878
