user_id,book_id,rating,predict
23089,4840,4,3.066666666666667
23089,5954,3,7.066666049762306
23089,7161,4,6.8394617796676505
23089,7545,2,3.8927206068736018
23089,8166,2,5.9106686143829625
23089,8227,3,6.617337987665216
23089,8255,1,6.233944738690646
