user_id,book_id,rating,predict
23303,474,4,3.345864661654135
23303,647,3,3.345864661654135
23303,764,3,-0.6541281314211824
23303,854,3,3.345864661654135
23303,951,3,3.345864661654135
23303,1013,3,3.345864661654135
23303,1124,2,8.174979883814302
23303,1148,5,5.33244932750962
23303,1156,3,0.3459367055654732
23303,1236,3,8.34586197751648
23303,1294,4,2.779782131368746
23303,1309,3,4.28392124486659
23303,1389,2,7.345862443037046
23303,1392,3,6.650258331846681
23303,1417,3,2.341462368654174
23303,1430,3,6.30564015922808
23303,1432,4,2.9896094622759417
23303,1495,3,8.117101435501015
23303,1515,5,4.569707268586737
23303,1570,4,6.977762730577394
23303,1579,3,6.460032305621243
23303,1645,4,3.6697646134852233
23303,1677,3,1.4368020090488125
23303,1701,3,6.387502367061913
23303,2011,3,7.071241410822175
23303,2035,3,6.404282998066694
23303,2076,3,7.938893981141533
23303,2186,4,6.34586258722854
23303,2379,3,7.823284820394765
23303,2494,3,7.185115019728684
23303,2506,4,4.506651975406536
23303,2523,3,7.66290685417024
23303,2579,3,8.2324244206246
23303,2597,4,7.923308134926103
23303,2661,4,7.740160284576572
23303,2698,4,7.428764889124219
23303,2806,3,6.960994353111158
23303,2865,4,6.431019080269911
23303,2897,4,8.11879719951042
23303,2960,4,7.710465378866896
23303,3033,4,7.936555538942567
23303,3101,4,7.891668362179816
23303,3172,4,8.224265050979408
23303,3451,4,7.721049209575133
23303,3625,4,7.731764428537968
23303,3933,5,6.431958686297955
23303,4081,4,6.358457623352003
23303,4137,3,6.465366141291106
23303,4414,3,6.3460627768798865
23303,4485,4,7.434365687798495
23303,5128,3,7.540473662289234
23303,5376,5,7.623189349416103
23303,5625,4,6.562434113716349
23303,6750,3,3.345864661654135
23303,7106,4,7.277295011715147
23303,7257,3,5.993134329964502
23303,8167,3,4.562295705688685
23303,8334,4,7.084757078625534
