user_id,book_id,rating,predict
23772,4086,5,8.687498822862759
23772,4382,5,9.577101456391786
23772,5164,5,8.585066425816397
23772,6694,4,6.078906852437008
23772,7040,5,4.270192393088864
23772,7184,4,7.108822783793384
23772,7610,5,8.62190880221644
