user_id,book_id,rating,predict
23905,3301,5,4.485714285714286
23905,5281,5,1.8331090364332407
23905,5422,4,0.036604657630046944
23905,5566,5,0.7780050071687006
23905,5710,4,5.4346047016091745
23905,6248,1,7.485711138105939
23905,6260,5,8.485709971256746
23905,6332,5,8.67522176666391
23905,6783,4,7.113157087594014
23905,7460,4,7.264030344403679
23905,7475,5,9.379040328974849
23905,7966,5,9.22471326764119
23905,8190,4,5.792944837718408
23905,8391,4,1.6132019860154632
23905,8595,4,8.913607288247052
