user_id,book_id,rating,predict
23993,6940,4,1.200181300911507
23993,6965,4,3.2811989314792545
