user_id,book_id,rating,predict
24460,1743,3,6.530341583063025
24460,8326,4,7.999998186605978
24460,8430,3,4.008947869268381
24460,8504,3,6.181623908229544
24460,8627,5,7.999997514973851
