user_id,book_id,rating,predict
24668,4382,2,4.333333333333333
24668,4945,4,1.4682381203994672
24668,6613,5,7.45874875452462
