user_id,book_id,rating,predict
24746,8263,4,4.107897940584515
24746,8447,4,5.099451868625617
