user_id,book_id,rating,predict
25524,3847,5,4.125
25524,5910,5,7.124990595461836
25524,7965,4,3.8779523014009625
25524,8228,5,4.927141454996676
