user_id,book_id,rating,predict
25780,7018,5,1.666667197326325
25780,7216,4,4.172823453679599
25780,7468,5,4.666666666666667
25780,8924,4,8.677373786507577
25780,9151,5,4.204168951657234
