user_id,book_id,rating,predict
26159,4750,5,4.444444444444445
26159,7070,5,7.796426587936731
26159,7278,4,8.444444455846238
26159,7541,4,4.444444444444445
26159,8062,5,7.4444420973081815
