user_id,book_id,rating,predict
26725,6526,4,5.013106475859638
26725,9189,3,4.891104871489023
