user_id,book_id,rating,predict
26886,5706,2,6.264171183025017
26886,7823,4,7.41075148498324
26886,7937,4,7.581093148737105
