user_id,book_id,rating,predict
27069,5824,4,4.25
27069,6560,3,3.314130829760692
27069,7051,4,7.533692562932586
