user_id,book_id,rating,predict
27387,2166,4,3.2857142857142856
27387,3270,4,3.2857142857142856
27387,4699,5,-0.7142846798701643
27387,6007,4,2.743981903575724
27387,6308,4,6.285708928018122
27387,7137,3,6.872434700239054
27387,7248,3,7.26954631717026
27387,7798,1,7.641409147909459
27387,7800,2,3.427511918145792
