user_id,book_id,rating,predict
2762,3760,5,3.4585532497269997
2762,4353,5,5.728036547791062
2762,4756,3,8.030690967696517
2762,5423,4,7.679432058398308
2762,5525,4,7.435720926559564
2762,6200,4,6.8687253603493
