user_id,book_id,rating,predict
27920,470,4,6.787874960441499
27920,761,4,6.787878281139815
27920,777,4,3.787878787878788
27920,784,4,-1.2120390670576908
27920,940,3,0.0015999162900190989
27920,1081,4,7.2408649365859485
27920,1111,3,7.184335750045822
27920,1300,4,6.89800463911163
27920,1417,4,6.752333076394901
27920,1430,3,6.8523984935412035
27920,1522,3,7.703707445825911
27920,1610,4,7.870268599122684
27920,1612,4,7.254700725698523
27920,1757,4,7.787777118683065
27920,3604,5,0.6805623243800589
27920,3891,3,6.787878008807089
27920,4497,5,2.3808284569724947
27920,5286,3,1.5808697361321506
27920,5397,4,1.5086221429182638
27920,6047,5,6.207237752107441
27920,6158,5,4.91480438444594
27920,7497,5,-0.7513381152972984
27920,8136,5,8.072506341565347
27920,8675,3,6.947625463222181
27920,8843,3,7.460104243473139
27920,9185,3,6.300674044618903
27920,9294,5,8.611346984112974
27920,9511,4,7.362304818226086
27920,9835,5,8.381946646774768
