user_id,book_id,rating,predict
28586,4884,4,7.9863879624095375
28586,6132,5,3.014026726758953
28586,6757,5,8.623472499526645
28586,7025,5,4.304347826086956
28586,7241,5,4.437905988453279
28586,7570,5,7.495086657548363
28586,7972,4,8.295380980068783
28586,8002,5,8.25850922046034
28586,8012,5,8.622976127086512
28586,8496,4,7.809261998937238
28586,8646,4,4.567447612467846
