user_id,book_id,rating,predict
28584,2572,5,4.25
28584,3203,4,4.25
28584,4186,5,3.077250007580224
28584,5268,5,8.2414798748829
