user_id,book_id,rating,predict
29295,1767,4,6.667665314714444
29295,1951,2,7.250060499391676
29295,3598,2,4.0
29295,4344,3,4.0
29295,9169,3,4.0
29295,9791,3,5.999999472328445
