user_id,book_id,rating,predict
2952,7247,4,3.3636363636363638
2952,8243,5,7.364826250473495
2952,8400,3,1.9549247657971511
2952,9213,4,6.606127844257726
2952,9722,1,6.14393696274888
