user_id,book_id,rating,predict
30015,1300,5,-0.1666606279487648
30015,1364,5,4.55528987934893
30015,1378,3,7.412302348756991
30015,1427,3,6.68601728375288
30015,1481,3,6.837799509804979
30015,1485,4,6.143429758463334
30015,1691,5,7.251758366952806
30015,1796,4,7.329347134574025
30015,1877,4,6.708965955984628
30015,1976,4,6.480519280859248
30015,2005,5,7.166876545946796
30015,6682,4,0.038218983307408916
30015,6885,5,6.343880257368397
