user_id,book_id,rating,predict
30105,4616,5,6.9452196599734535
30105,4884,3,5.821498753481519
30105,6344,5,-0.19385074861585494
30105,6422,4,7.2560157072326845
30105,6533,5,6.939511309954996
30105,7492,4,6.5732013910823115
30105,7571,3,7.161699937922266
30105,7804,5,4.086730077455004
30105,8284,3,8.570357417662919
30105,8777,2,5.213030360441142
30105,8945,3,7.822332990676225
30105,9057,4,6.523902189163575
