user_id,book_id,rating,predict
30709,2520,5,1.3333334667257914
30709,8056,5,4.333333333333333
