user_id,book_id,rating,predict
31321,1257,5,8.475676376227753
31321,1291,3,8.199034591658574
31321,1336,5,7.912084665489125
31321,1473,3,7.599551125152334
31321,1483,3,7.75346672221432
31321,1513,5,8.410894518000692
31321,1636,4,8.185146490498415
31321,1653,3,8.130106766817743
31321,1735,4,6.947094955610701
31321,1779,5,8.689986471051446
31321,1818,5,8.003034740731119
31321,1840,4,8.776386993972785
31321,1889,4,8.067968819607671
31321,1932,5,8.19682468150419
31321,1962,3,8.460224407265217
31321,2075,4,7.710839138432899
31321,2126,4,7.786708068863743
31321,2224,3,8.576417632490246
31321,2237,4,7.984296912614812
31321,2275,4,8.182101091696651
31321,2278,4,6.653504912395535
31321,2287,4,8.330754790348477
31321,2303,4,7.748422290097124
31321,2317,4,8.039740474851452
31321,2341,4,7.8535736572193
31321,2471,3,7.009019369785651
31321,2545,5,8.300010505773413
31321,2549,3,7.819738991499342
31321,2550,4,7.890111001801664
31321,2581,4,7.38876764620792
31321,2605,5,8.141090623033897
31321,2614,4,8.463258833076825
31321,2684,2,7.993493274695806
