user_id,book_id,rating,predict
31619,5656,4,3.2
31619,7972,2,6.3316307891975825
31619,8186,3,2.2917121244352865
