user_id,book_id,rating,predict
31651,3813,5,4.571428571428571
31651,6257,3,4.571428571428571
31651,7615,4,9.571427778696302
31651,8127,3,8.270237542220523
31651,8814,3,2.5916731411390685
31651,9022,4,4.664277754312114
31651,9490,3,8.22218109759498
