user_id,book_id,rating,predict
32090,5075,3,3.8333333333333335
32090,7417,4,3.8333333333333335
32090,7818,5,7.114129058938782
32090,8002,3,8.143342462115614
32090,8012,4,8.253366335004237
32090,8113,2,7.833332910288757
