user_id,book_id,rating,predict
32163,3480,3,7.616164445290277
32163,4850,3,3.5714285714285716
32163,7493,3,7.454978756125587
32163,8109,4,-1.125143551658954
