user_id,book_id,rating,predict
32364,946,2,6.608695163289948
32364,987,5,5.489448834408159
32364,991,2,6.153486981364173
32364,1045,3,8.116435681461702
32364,1198,5,8.608694752155191
32364,1203,5,8.361204369081214
32364,1575,4,8.199205974303974
32364,3211,4,1.5975568511479699
32364,7695,4,6.709446184537069
32364,7802,3,7.398901342208118
