user_id,book_id,rating,predict
32705,3849,5,3.9545454545454546
32705,4770,4,3.9545454545454546
32705,5585,2,3.9545454545454546
32705,6033,3,6.700788209568897
32705,6215,2,3.9545454545454546
32705,6607,4,3.9545454545454546
32705,7161,3,1.2283546109121493
32705,7333,4,6.954544596765028
32705,7958,3,7.954545175927304
32705,8255,4,6.653999041211877
