user_id,book_id,rating,predict
33241,1218,5,8.056135914214273
33241,2263,5,9.656242643129556
33241,2940,5,9.65624731882434
33241,4043,4,8.716662282776099
33241,4945,5,5.201066259689994
33241,5285,4,4.972644443836371
33241,5682,5,4.697484071861319
33241,6547,5,2.684216115511446
33241,6978,5,9.029060104286177
33241,7165,5,3.030780631915696
33241,7182,5,9.575601383657512
33241,7720,5,8.123626227596636
33241,8028,4,7.944476130047963
33241,9231,4,8.561008509962752
33241,9753,5,8.870207389639118
