user_id,book_id,rating,predict
34043,4011,4,3.9
34043,4615,4,6.164197346326281
34043,5174,4,8.899980130330682
34043,7460,3,6.4711141653678625
34043,7474,4,7.899997609908532
