user_id,book_id,rating,predict
34436,3888,4,3.946702802277192
34436,3901,5,5.992482154637036
34436,5308,5,7.41718514441303
34436,5391,3,3.5477080898952167
34436,5452,5,2.865768307048446
34436,5708,5,4.225423367246959
34436,6477,2,7.846151310063279
34436,6710,5,-1.1538419694975484
34436,7685,5,7.410425691728427
34436,7840,3,6.879409621355698
34436,7919,2,0.7685671604937965
34436,8279,3,8.058379164532752
