user_id,book_id,rating,predict
34838,854,4,0.9783292711088545
34838,951,3,3.9782608695652173
34838,1090,4,7.978085746581582
34838,1124,4,-0.9562978726172227
34838,1236,2,8.231448623872797
34838,1389,4,7.220127798979184
34838,1555,2,3.108163275279202
34838,1591,4,5.787001653588405
34838,1645,4,8.081229507716886
34838,1657,3,8.592428057544433
34838,1717,4,8.811391428937844
34838,1907,4,7.850364568069972
34838,2011,2,6.812928409705702
34838,2168,3,7.292713965269428
34838,2225,3,8.30104431160557
34838,2230,4,8.817278055033741
34838,6555,4,7.978199633316104
34838,6664,5,0.705495042717553
34838,8388,4,8.116729772247398
34838,8798,4,7.113992542984114
34838,8874,1,5.773259980728927
