user_id,book_id,rating,predict
35473,3181,4,4.153846153846154
35473,3624,4,4.153846153846154
35473,4207,4,4.153846153846154
35473,5435,5,-0.08233344678643917
35473,6848,4,8.15383142419412
35473,7090,4,8.05265605171284
