user_id,book_id,rating,predict
35738,6364,3,7.599993487871631
35738,6681,5,7.599997995366227
35738,6709,4,7.988977848860889
35738,7070,4,7.607145637869955
35738,7278,4,7.670246387234997
35738,7551,4,6.410853386687513
35738,7627,4,7.787918315991906
35738,8035,3,-0.399999566225993
35738,8113,2,3.6
