user_id,book_id,rating,predict
367,3954,3,3.909090909090909
367,4015,3,3.909090909090909
367,4202,5,3.909090909090909
367,4969,5,3.909090909090909
367,5054,3,3.909090909090909
367,5241,3,3.909090909090909
