user_id,book_id,rating,predict
37128,667,4,7.553486187711272
37128,843,4,5.279514594350349
37128,1192,4,7.4154971701874866
37128,1414,4,6.891640434518509
37128,3273,4,1.803390145668763
37128,4344,5,4.125
37128,7508,3,4.125
37128,8574,4,7.519894179713148
37128,9381,4,2.202631065306283
37128,9449,2,-0.8749958370336195
37128,9639,4,5.2903331513439555
