user_id,book_id,rating,predict
37135,448,4,3.4642857142857144
37135,504,4,-0.5993115383008796
37135,797,5,7.065845757576517
37135,1025,4,6.502892156343871
37135,1277,3,6.718841315417789
37135,1357,3,0.7050013500954031
37135,1467,3,6.069834570862812
37135,4346,4,3.4642857142857144
37135,7826,4,7.367507340893198
37135,8213,4,4.345688298827805
37135,8425,4,3.06089969223981
37135,9932,3,6.977512385968628
