user_id,book_id,rating,predict
37169,2340,5,4.814308606522652
37169,4770,5,4.44
37169,5114,4,6.596778033617841
37169,5656,4,8.980258303296019
37169,6422,4,7.684992353242043
37169,7995,5,6.439999690110049
37169,8759,4,7.884689430990015
37169,9038,4,1.7793461697222912
37169,9169,4,4.083347968305748
37169,9707,3,7.156583512196503
37169,9759,1,9.439997179621805
