user_id,book_id,rating,predict
37607,3230,5,4.666666666666667
37607,3885,5,4.666666666666667
37607,4229,5,4.666666666666667
