user_id,book_id,rating,predict
38574,2868,2,6.542594418072486
38574,2956,5,8.333331942098134
38574,3226,1,8.33332620282379
38574,4655,3,1.6582682870309855
38574,5856,4,6.187977011916528
38574,5904,3,7.179989680933204
38574,6111,3,6.059704891732903
