user_id,book_id,rating,predict
38897,2235,5,7.94529483006139
38897,5785,5,9.64284595869012
38897,8786,4,1.9735079803763784
38897,8849,4,6.4885377162288975
38897,9233,4,8.6528819044497
38897,9910,4,7.654534745858417
