user_id,book_id,rating,predict
3918,505,1,3.4761904761904763
3918,777,1,3.4761904761904763
3918,1570,4,7.35232938693527
3918,1797,4,6.54867354956191
3918,1843,3,7.446293513759377
3918,2240,4,7.279262211626656
3918,2257,5,7.2630027417038185
3918,2260,5,5.476190171658005
3918,2506,2,6.415175908674878
3918,2517,5,3.101860940864244
3918,2597,4,6.866732765888326
3918,2680,2,6.568272418791365
3918,2921,4,8.154285462264607
3918,2960,4,7.0619636219785615
3918,3002,4,7.118414462759285
3918,3079,4,6.605933321218206
3918,3106,4,7.329884620964981
3918,3126,5,6.553073259033891
3918,3206,4,8.064064897113816
3918,3237,3,6.978075380126599
3918,3304,4,6.550980142306738
3918,3388,4,6.9821723349731055
3918,3568,3,5.924766337959984
3918,3676,3,5.533392301566021
3918,3871,3,6.476190083901416
3918,3916,5,7.168734973801692
3918,4009,1,5.375889246611791
3918,4658,4,6.485606421541126
3918,4815,4,6.445471178848369
3918,6113,3,6.544174958327458
3918,6530,3,6.326583189756173
3918,6579,1,1.0534244207858348
3918,6644,4,7.081040718343843
3918,6692,4,7.515655188614587
3918,8018,4,7.1832218943542365
3918,9317,4,7.476187176046027
3918,9648,3,5.4598614514632775
