user_id,book_id,rating,predict
39295,4450,1,3.363164566668068
39295,5375,5,7.619046544532003
39295,5594,4,7.009078293885468
39295,6020,4,7.349086195887528
39295,6029,5,7.920570786377537
39295,6162,5,1.8647270981661788
39295,7301,5,6.861396691468692
39295,7442,5,7.562569529472367
39295,9584,5,7.40636758016415
39295,9869,4,6.597709789231821
