user_id,book_id,rating,predict
39572,4184,4,7.8235289564899695
39572,5202,4,-1.1764688746551406
39572,6461,4,6.628784639057532
39572,6594,4,3.823529411764706
39572,7232,3,3.823529411764706
39572,7580,3,7.867386862337822
39572,8097,2,6.443948560612289
39572,8460,3,7.541686055037807
