user_id,book_id,rating,predict
39688,3604,4,7.96296081019677
39688,4011,4,6.962913060538187
39688,4300,3,-0.036916999384978055
39688,4808,4,1.2888424379662817
39688,4829,4,2.7603582950983476
39688,6116,4,7.962958628483028
39688,6206,3,6.962961441241921
39688,6473,4,6.449604191975427
39688,6940,5,0.050440659888750794
39688,8118,5,6.962962912954418
39688,8239,3,-1.0370220806396686
39688,8297,2,0.7250642506007807
