user_id,book_id,rating,predict
40087,1609,5,4.0
40087,2868,5,3.1840403670104207
40087,3486,4,5.003975711861561
40087,3637,3,6.036439954838475
40087,3759,5,7.176646830798712
40087,3842,3,5.032535050945133
40087,5542,3,4.174584081095459
40087,5570,4,6.999998899933239
40087,7324,5,8.412571118265303
40087,7617,4,8.234751270311321
40087,8266,5,8.165661704429983
40087,8502,4,7.103380568141446
40087,9104,4,4.489093421711341
