user_id,book_id,rating,predict
40248,1711,4,4.401479420696154
40248,1839,3,7.72727357491976
40248,2156,3,4.792937784606566
40248,4168,4,7.2604349582092915
40248,7864,3,-0.30434563631606615
40248,7888,4,7.248328215109052
40248,8143,5,7.508353445132761
40248,8261,4,7.6956458853519045
40248,8290,3,3.6956521739130435
40248,8421,4,7.695646820586532
40248,8789,4,0.6956531367658467
