user_id,book_id,rating,predict
40494,5200,3,3.7142857142857144
40494,5465,3,0.8465658196195927
40494,7757,4,7.447452054843884
