user_id,book_id,rating,predict
40774,4370,5,3.7777777777777777
40774,4372,3,7.777776986299253
40774,5255,4,3.7777777777777777
40774,5562,5,3.7777777777777777
40774,6854,3,6.777773501400031
