user_id,book_id,rating,predict
40886,2636,5,7.259309357904794
40886,2804,4,6.930368937335798
40886,4115,4,3.3333333333333335
40886,6799,3,3.3333333333333335
40886,7425,5,-0.666665965795866
