user_id,book_id,rating,predict
40992,4604,5,2.5000028389883138
40992,5749,5,2.238266729609804
40992,5892,4,-0.07783847094916574
40992,5902,4,2.913456390456037
40992,6513,4,8.848080997757343
40992,7760,5,9.09250992638583
