user_id,book_id,rating,predict
41006,2537,5,-0.3571422007168916
41006,4179,5,1.263641633391292
41006,5523,3,8.17988925848708
41006,6346,5,5.695267525167813
41006,6444,5,7.6714469396834755
41006,7217,5,9.11383804384096
41006,7361,5,8.281375034808022
