user_id,book_id,rating,predict
41053,6360,3,3.7142857142857144
41053,7665,3,3.9091754973800232
41053,7689,5,6.724313783072441
