user_id,book_id,rating,predict
41556,858,3,4.09375
41556,1082,5,7.829704202500973
41556,1205,5,7.263565474099515
41556,1259,5,5.0105812287997065
41556,1302,2,7.462000052206667
41556,1350,4,1.8774561577935138
41556,1370,2,8.515202888515624
41556,1380,5,7.51906075664025
41556,1385,5,8.399700313400501
41556,1391,3,6.998832300104592
41556,3946,5,4.09375
41556,4496,4,0.09386272346013325
41556,6460,3,1.0937676736595683
41556,8019,4,8.093748831028838
