user_id,book_id,rating,predict
41952,5432,2,2.2000005190254486
41952,7167,4,6.674222078045661
41952,8527,2,0.714797188997724
