user_id,book_id,rating,predict
42292,3186,3,3.388888888888889
42292,3267,4,3.388888888888889
42292,4787,5,3.388888888888889
42292,6693,4,6.707889236708953
42292,6965,4,7.7180278151976776
42292,7779,3,3.388888888888889
42292,7885,4,5.460707336536476
42292,8261,4,2.0316258517440318
