user_id,book_id,rating,predict
42526,4489,2,3.8
42526,4804,5,3.8
42526,5246,2,1.631104736667845
42526,6127,5,1.9147172498646785
42526,6289,4,3.9579780569879253
42526,6637,5,7.799926152459981
42526,6849,5,8.18862450959113
42526,6907,5,6.799995389007934
42526,7073,5,8.008349526827734
42526,7100,3,7.344307189645171
42526,7413,3,8.280828020026782
42526,7694,4,8.096482846106394
