user_id,book_id,rating,predict
42704,1612,5,9.538156325664954
42704,1680,5,9.113002069443663
42704,1930,5,8.35561311616203
42704,2046,5,7.452823056539187
42704,2091,5,9.083658823933174
42704,2159,5,8.656948048373845
42704,2378,5,8.778716182420936
42704,2405,5,9.410211413974041
42704,2432,5,9.443724349141636
42704,2872,4,0.9523817919019781
42704,5790,5,1.9524631433616224
42704,6137,5,4.9523809523809526
42704,6360,5,4.9523809523809526
42704,7601,5,4.9523809523809526
42704,8143,5,9.382129559221053
42704,8765,5,8.745179533848514
42704,8884,5,4.9523809523809526
42704,8945,5,9.000556387584098
42704,9786,5,9.032550267475889
