user_id,book_id,rating,predict
43122,3915,5,7.838941573764741
43122,5274,4,4.0625
43122,5714,5,8.114001063099941
43122,7446,5,8.394464466007562
43122,8062,5,4.742666215012727
43122,8594,4,7.485305457829549
43122,8944,3,3.043742965586925
43122,9121,4,7.47340303682989
