user_id,book_id,rating,predict
43131,3825,5,4.2
43131,4173,4,1.735122493520044
43131,5575,5,-0.7999962919002277
43131,5954,5,4.2
43131,6171,4,4.748811851232505
43131,6197,5,6.144252164895723
43131,6346,5,7.906468683710615
43131,6890,5,8.509947316672164
43131,7846,5,9.143947195291954
43131,8177,5,8.377123567727633
43131,8251,4,8.413447206428266
