user_id,book_id,rating,predict
43692,2557,5,3.5
43692,3059,3,3.5
43692,4677,3,6.082967155998363
43692,5008,2,-1.4999981092334904
43692,5430,2,3.5
43692,5723,4,-1.4999997269502137
43692,8385,2,6.385330432674795
43692,8389,5,7.870973975985676
