user_id,book_id,rating,predict
44864,3554,5,6.999995319873751
44864,5172,4,5.000137978908137
44864,5854,5,6.613002813453847
44864,5888,4,1.438055696895601
44864,6464,5,5.124886211188455
44864,7334,5,6.669255084298799
