user_id,book_id,rating,predict
44964,6081,4,-0.3333315498170841
44964,7962,4,7.756537300706883
44964,8089,4,7.574866921330836
