user_id,book_id,rating,predict
45513,3415,2,3.6666666666666665
45513,5391,2,6.666665570331895
45513,5852,3,3.0898273667645517
45513,6245,4,6.0098489774575174
45513,7107,2,7.400740647700809
45513,7199,4,7.544751935827369
45513,7329,4,6.7285399196083
45513,7537,5,6.372763605592793
