user_id,book_id,rating,predict
45555,4702,5,1.5833333333333333
45555,6110,1,4.147464438151822
45555,6599,3,-0.9626620457007828
45555,6626,1,4.995517031921706
45555,6971,1,5.019518540074144
45555,6988,1,6.154255960282532
