user_id,book_id,rating,predict
45684,1154,4,7.49799311640245
45684,1870,3,5.635851263846719
45684,1876,3,7.126639504360868
45684,2016,3,6.49891257436591
45684,2042,4,6.607465504472693
45684,2121,3,6.813296427350652
45684,2135,3,7.208224448308808
45684,4853,3,3.4285714285714284
45684,8286,3,3.3743174671387055
45684,8299,3,7.187713346666458
45684,9515,3,3.4285714285714284
45684,9546,4,0.6926417018204387
45684,9587,3,-1.5286739200775359
