user_id,book_id,rating,predict
46017,5272,5,3.11298697896744
46017,6303,5,6.3333326223446935
46017,6493,5,7.972793076431407
46017,6657,5,3.4553114727322347
