user_id,book_id,rating,predict
46289,4217,5,9.005734859614702
46289,5838,4,5.479888252366441
46289,9538,4,8.232858258084452
