user_id,book_id,rating,predict
46657,2132,5,3.7777777777777777
46657,4566,5,3.7777777777777777
46657,5119,3,3.7777777777777777
46657,7293,4,7.051832947212387
46657,8323,3,2.538813735095933
