user_id,book_id,rating,predict
47175,904,4,3.462329676346541
47175,1607,5,3.7941176470588234
47175,1934,3,7.299327932315281
47175,4701,4,7.79409814315951
47175,6048,4,-1.2058792363197544
47175,6292,4,7.929371612223303
47175,7115,4,7.94171926680302
47175,7648,5,6.402608993336521
47175,7884,4,2.985626011249632
47175,8395,5,3.7941176470588234
47175,9016,4,3.7941176470588234
47175,9043,4,8.175772363796597
47175,9044,4,6.957539685566108
47175,9139,4,8.333219171878556
47175,9662,4,7.322446255283118
