user_id,book_id,rating,predict
47391,6794,4,6.3943418269976675
47391,6859,4,6.199138578338658
