user_id,book_id,rating,predict
47720,5671,5,5.437647357220653
47720,7780,4,8.433520411340382
47720,7793,5,6.8133537665441635
47720,7939,5,9.039604129364513
47720,7940,5,8.541330343342725
47720,8327,5,1.297811707228902
47720,8495,4,8.76409674399541
47720,8595,5,8.328405325298212
47720,8970,4,7.987893092792412
47720,9149,3,8.154581105659474
47720,9184,4,8.88481677842434
47720,9331,5,7.639952482307141
47720,9362,1,7.536737344667679
47720,9586,5,7.3785627814781485
47720,9848,5,8.564693028214187
