user_id,book_id,rating,predict
47967,1408,4,7.078290718245868
47967,1424,3,3.9940609574218677
47967,1838,3,7.554638116395099
47967,1870,5,7.165596375732067
47967,1876,3,7.274878448561333
47967,2016,5,7.486140047365181
47967,2121,2,6.789637923543944
47967,2135,4,7.10187389210447
47967,2245,5,7.914876946393015
47967,2383,3,7.2224497602448645
47967,2393,3,7.311142279249234
47967,2423,4,7.6218890416980045
47967,2429,3,7.893763195021519
47967,2752,3,3.5319148936170213
47967,4616,3,6.199328146272235
47967,6450,3,3.5319148936170213
47967,6912,3,3.282820296642968
47967,8237,3,3.5319148936170213
47967,8711,3,8.531880447741642
47967,8945,4,5.105596208039509
47967,9312,4,2.3628982035344017
