user_id,book_id,rating,predict
48234,1453,5,9.44545750558246
48234,1951,5,9.077174233409213
48234,1965,5,9.191469377939306
48234,5259,5,0.7187642055570853
48234,5597,5,8.105571956439292
48234,7148,5,8.971159467852917
48234,7272,5,8.943666695691062
48234,7373,5,9.343900820811957
48234,7560,5,9.00794483806674
48234,8265,5,9.367552461394945
48234,8958,5,8.151191008497781
48234,9470,5,9.311354360775187
