user_id,book_id,rating,predict
48977,3012,2,4.499999337505232
48977,6358,4,1.2512606414547727
48977,6737,3,7.763807353413485
48977,6748,2,1.5000030902857073
48977,6810,4,0.8383886799865428
48977,7455,5,7.309491488015192
48977,7482,2,-0.003205762703699211
48977,8094,3,1.8976910874935466
48977,8434,2,8.005974185502268
