user_id,book_id,rating,predict
49075,7378,4,0.0985579500247753
49075,8425,5,6.419959279345413
49075,8961,5,7.203736913725901
49075,9277,5,7.302718458130416
49075,9313,4,7.5624753630817505
