user_id,book_id,rating,predict
49611,1749,4,3.12
49611,4692,4,6.119995740773147
49611,4763,2,3.12
49611,5230,2,2.1200083412891866
49611,5808,3,3.12
49611,5948,3,3.12
49611,6310,3,3.12
49611,7137,4,4.260438281061367
49611,7384,4,-0.8799988235877119
49611,7749,4,6.260398715887883
49611,8479,4,6.131858994141412
