user_id,book_id,rating,predict
50025,2609,4,8.093011180350338
50025,5714,4,7.071829695204142
50025,6926,4,8.384694981657997
50025,8062,4,3.7984378208230347
50025,9410,4,7.5095398928999355
50025,9463,4,7.4858408073144735
50025,9658,4,7.381241946218058
