user_id,book_id,rating,predict
50442,532,3,6.320269186394103
50442,735,4,7.866962906407396
50442,1029,4,6.988874270390719
50442,1077,5,7.957782654695222
50442,1422,3,8.19709878636705
50442,1623,3,6.953685188044229
50442,1628,2,2.255007983139489
50442,1886,5,7.708964604037238
50442,1950,3,7.876035405674255
50442,2110,4,7.457533186009426
50442,2129,2,7.045293327537185
50442,2143,5,7.569972498789712
50442,2196,3,7.670820687836429
50442,2426,4,6.996036610890366
50442,2504,3,6.924754373260725
50442,2514,2,6.9372647112921335
50442,2536,3,6.807380900581502
50442,2569,2,7.093293942642801
50442,2646,3,7.107056135291953
50442,2760,2,6.321326687572524
50442,2767,5,8.05299316058812
50442,2782,3,7.309233557262392
50442,2817,2,6.049726565541734
50442,2843,2,7.306629179322913
50442,2898,1,7.758652626322403
50442,2900,3,3.956124881918215
50442,2922,3,8.1207766080517
50442,2937,5,8.234770699664756
50442,3055,5,8.056926683607864
50442,3082,5,8.305697284977835
50442,3191,5,4.404376866794942
50442,3395,5,8.087931337091902
50442,3396,5,8.085431913366238
