user_id,book_id,rating,predict
50500,656,3,3.2624608718235795
50500,842,2,2.3459200503174653
50500,1243,4,6.671943510608721
50500,1399,3,7.612895246298983
50500,1456,4,7.4041896120216455
50500,1504,3,7.3312251694886825
50500,4710,2,-1.1812603844644856
50500,5962,3,7.6874959505571425
50500,6051,3,5.658599732020569
50500,6197,3,5.4774442450589085
50500,6346,3,6.234001697734756
50500,6571,2,6.536411808318016
50500,6749,3,3.33649541592023
50500,7358,4,1.340361366220883
50500,7846,3,6.14068130038388
50500,8031,3,5.050061656449277
50500,8104,3,6.034988865731583
50500,8106,2,7.57510422484943
50500,8251,3,6.71967404253902
50500,8678,2,6.98867172287075
50500,9053,3,6.5814564888989135
