user_id,book_id,rating,predict
50917,4169,5,3.857142857142857
50917,5952,4,6.875501535453726
50917,6579,4,-0.14285468529990153
50917,6706,3,-1.1428555641659872
50917,7126,4,6.174235059538565
50917,7652,4,7.61938510021671
50917,7721,4,6.2820147920285425
50917,9012,5,1.7997817632797268
50917,9390,3,6.770560515343396
