user_id,book_id,rating,predict
51792,6431,5,1.5670156008710419
51792,7912,3,5.042390500281984
