user_id,book_id,rating,predict
52026,6993,5,7.927546209002493
52026,7334,5,1.6666669481574723
