user_id,book_id,rating,predict
52225,7957,3,-1.3918893995161028
52225,8244,3,6.741962671336842
