user_id,book_id,rating,predict
52257,5791,5,3.6666666666666665
52257,7469,4,3.6666666666666665
