user_id,book_id,rating,predict
52523,4335,4,-0.5320678599895232
52523,4913,2,5.126687687446444
52523,5124,4,2.5418637438847838
52523,5882,3,-0.6363625308260747
52523,6134,3,3.9015233165834404
52523,6528,3,4.352565351021619
52523,7371,3,3.3636363636363638
52523,7390,3,7.158998041158961
52523,8881,2,7.560314877508192
52523,9196,3,7.548383915901283
