user_id,book_id,rating,predict
53114,7614,5,5.3158530114062605
53114,8135,3,8.310503251241474
53114,8302,4,7.681411062805089
