user_id,book_id,rating,predict
53202,5249,2,-0.29999614471062186
53202,5575,4,3.7
53202,6275,4,3.7
53202,6555,2,3.7
53202,7711,4,-1.2999971218662703
