user_id,book_id,rating,predict
5531,878,4,-0.20867297659061057
5531,2247,4,7.167316802062263
5531,2255,3,5.86712638747326
5531,2534,3,7.181325032738702
5531,2661,3,7.021870585256606
5531,4526,2,2.9130434782608696
5531,7008,4,2.9130434782608696
5531,7292,3,0.9130469847048399
5531,7770,3,6.0419872261087395
5531,8470,2,5.828403526945975
5531,8666,2,2.9130434782608696
