user_id,book_id,rating,predict
5890,1456,4,4.334731226337435
5890,1611,4,7.188670872598902
5890,1626,4,7.490741821897485
5890,1738,5,8.382681777131394
5890,1760,5,7.712105510425754
5890,6956,2,7.8888725673807905
5890,7502,3,8.888888602164418
5890,8910,3,7.389926225068091
