user_id,book_id,rating,predict
6144,6098,3,2.5
6144,6949,3,2.3547402543674467
6144,7761,4,4.9492542183699815
