user_id,book_id,rating,predict
6534,3923,4,8.300479157070093
6534,6446,4,4.090909090909091
6534,8320,4,4.090909090909091
6534,8705,5,4.079453349157297
6534,9234,3,6.819330976845176
6534,9922,5,8.903181583170898
