user_id,book_id,rating,predict
6541,1697,3,5.9332608763426125
6541,3273,5,3.2916666666666665
6541,4911,3,8.291661764999983
6541,5490,4,4.1900465911177385
6541,6503,4,7.2916654727385035
6541,7611,4,3.2718491448961844
6541,7901,3,-0.43896375766995455
6541,8239,4,3.2916666666666665
6541,8369,4,-1.7083319398344199
6541,8842,5,5.5547758199818436
6541,9790,5,6.291665894414816
