user_id,book_id,rating,predict
6617,1265,4,4.104091527551363
6617,1384,5,7.470987932509013
6617,1449,3,5.135687229750426
6617,1460,4,0.09351184263533519
6617,1907,5,6.729855383720036
6617,1996,4,0.26287206240134875
6617,2163,3,6.3488552167202705
6617,2250,4,7.605080836016014
6617,2508,3,6.419355840438146
6617,2517,4,4.947651531629374
6617,2865,5,7.316511937036448
6617,2897,5,7.04695209751144
6617,2988,4,6.920717424447653
6617,3210,4,6.596649191056601
6617,3234,3,7.548639603464264
6617,3304,4,6.7801798471053285
6617,3585,4,6.476948983052699
6617,7575,4,4.073763195215888
6617,8677,3,6.075376331675313
