user_id,book_id,rating,predict
7339,3571,4,8.099149429333753
7339,5124,5,3.3636363636363638
7339,5822,4,3.3636363636363638
7339,6642,5,8.000311653143976
7339,6720,4,8.155813651382239
