user_id,book_id,rating,predict
7452,5428,3,6.123500714630912
7452,5575,4,3.8125
7452,5714,4,7.834921962741555
7452,6798,3,1.3819129189866497
7452,7173,3,3.8125
7452,8135,3,6.96005482728544
7452,8177,4,8.376370717207504
