user_id,book_id,rating,predict
7629,2132,4,3.6451612903225805
7629,3129,4,3.6451612903225805
7629,3235,4,3.6451612903225805
7629,3733,4,0.6451693121398034
7629,6192,4,2.674484570622914
7629,6485,3,-1.3548318714645533
7629,6564,3,2.4448941680115053
7629,6672,4,8.14329891587432
7629,6821,4,6.7216593664084066
7629,6922,4,3.034967632302394
7629,7376,3,7.924162691337367
7629,7456,3,8.250821055439319
7629,7675,3,5.826327965477024
7629,7825,3,7.6666852319388
