user_id,book_id,rating,predict
7686,3123,4,3.25
7686,5486,4,7.039020244824004
7686,7046,3,3.25
7686,7750,3,6.764468086438793
7686,8405,3,8.014883209576197
7686,8898,3,6.417845390809159
7686,9600,4,7.865374342120725
