user_id,book_id,rating,predict
8394,6293,5,4.625
8394,7492,4,8.455579742459264
8394,7804,5,5.520369548735481
8394,8231,4,2.6250004156922007
