user_id,book_id,rating,predict
8789,1243,3,6.898866597357747
8789,1399,4,7.328884483515097
8789,1504,3,7.749448444728815
8789,1628,4,-0.1312601447119217
8789,6972,3,3.652173913043478
8789,7604,4,5.578632753382168
8789,7670,4,0.21687597370953915
8789,7838,4,3.652173913043478
8789,8594,4,5.122602074698755
8789,8915,3,-1.347825528837498
8789,9925,4,2.06593506887618
