user_id,book_id,rating,predict
94,6160,4,-0.49999975505104644
94,7639,4,8.351399164747413
