user_id,book_id,rating,predict
9667,5325,3,4.333333333333333
9667,9183,4,4.333333333333333
