user_id,book_id,rating,predict
9879,2940,3,-1.4999509560968045
9879,4210,4,8.452320196050644
9879,4327,3,7.499999215143443
9879,4342,3,-1.4999942879739754
9879,4482,3,3.5
9879,5441,3,1.22151521756417
9879,5480,3,5.042511846180321
9879,6667,4,7.360192768774198
9879,7489,3,6.6672649557329535
9879,7534,3,6.714071520673155
