user_id,book_id,rating,predict
994,2165,5,6.714723672160996
994,3998,4,6.273017298603937
994,5355,4,0.9956675165152573
994,7126,4,3.6191478187400605
994,7399,4,0.3968213812198682
994,9001,3,6.812499242867524
994,9511,2,7.752377121026287
994,9663,1,6.382671904533758
