user_id,book_id,rating,predict
103,3733,4,4.0
103,6450,3,3.5714285714285716
103,6781,4,8.023809088274515
