user_id,book_id,rating,predict
10834,1251,3,6.9574219713211285
10834,1523,3,5.5972950392834235
10834,2134,4,6.225105695305979
10834,2390,3,8.61634925624738
10834,2688,3,6.674999813613589
10834,2850,4,6.239074957349208
10834,6631,4,3.6666666666666665
10834,9795,5,8.786837862073233
