user_id,book_id,rating,predict
10982,2977,5,7.950250530415113
10982,3684,4,7.89809465424858
10982,7864,5,3.774193548387097
10982,8667,4,8.883008396120808
10982,9429,5,3.546875
10982,9463,4,8.799998776652366
