user_id,book_id,rating,predict
11103,462,4,4.333333333333333
11103,1793,3,2.0
11103,2660,5,4.5
11103,3674,4,4.0
11103,4262,5,4.25
11103,4880,5,4.166666666666667
11103,4968,4,8.35714171230618
11103,5531,4,3.5625
