user_id,book_id,rating,predict
12320,435,4,2.6666666666666665
12320,927,4,7.687498445337286
12320,1016,4,2.0
12320,1063,2,6.362244834260004
12320,1258,5,8.28571238240122
12320,1417,4,6.3874899317060265
12320,3998,3,6.803674801401241
12320,4199,4,7.7499581749829245
12320,5078,4,8.153844182462482
12320,5696,4,6.058344309805797
12320,5869,5,4.25
12320,8693,4,7.590158844149965
