user_id,book_id,rating,predict
12435,5821,4,8.499999244069537
12435,7235,4,4.636958173928239
12435,7255,2,7.877907109212488
12435,7415,5,8.070235105772234
