user_id,book_id,rating,predict
13137,659,4,4.0
13137,690,5,8.517594601257699
13137,719,5,7.056905333500994
13137,775,5,8.479627404813865
13137,776,5,4.0
13137,1055,4,8.66666601151091
13137,1224,3,7.673987314189748
13137,1250,5,7.999999569834254
13137,3896,4,8.478963962075838
13137,5418,3,3.625
13137,8121,3,7.054543501743973
