user_id,book_id,rating,predict
14174,1004,4,7.611565313427436
14174,1045,5,7.930743399658878
14174,1244,4,7.15718350017357
14174,1844,3,3.0
14174,5984,3,3.6875
14174,7555,5,3.760869565217391
14174,7653,3,7.501435057756074
14174,8960,2,6.137928322047883
14174,9013,2,6.984295733230976
14174,9422,5,6.595299455470894
14174,9523,1,5.735291622924807
14174,9882,3,6.942727757104543
