user_id,book_id,rating,predict
14320,1880,4,7.230429980356133
14320,2243,4,5.788234587290907
14320,2303,4,7.52928430891998
14320,2341,4,7.308724329769867
14320,2416,4,7.868420692925046
14320,2549,3,7.194835837435553
14320,2550,3,7.067360103781505
14320,2605,4,7.179465192962561
14320,2654,4,8.019230481956164
14320,2808,4,7.929824311909326
14320,2911,3,6.958859321146867
14320,3393,4,7.870129705529706
14320,3500,4,7.878048868537788
14320,3510,3,6.975133363419275
14320,3611,4,6.941577151369623
14320,6465,4,6.909090701077797
14320,9133,4,7.925446269896279
14320,9216,4,7.480587314278321
14320,9480,3,7.012078464492036
14320,9622,3,7.299818127928528
14320,9684,3,7.222386134995084
