user_id,book_id,rating,predict
14664,1810,5,7.723075103959711
14664,1913,4,6.928234442922898
14664,3103,4,8.428569459324244
14664,5663,3,6.818060836575581
14664,5696,2,6.208526453730562
14664,6376,4,4.666666666666667
14664,7493,3,6.8749993417974675
14664,9588,3,8.476182409376527
