user_id,book_id,rating,predict
15627,7975,2,0.3793155030434674
15627,8044,4,1.1926210223560565
15627,8119,4,6.8333300482627575
15627,8739,3,6.666664292945478
