user_id,book_id,rating,predict
16281,6029,4,8.249997656270839
16281,6158,4,7.945220367216134
16281,7454,4,3.3
16281,7624,4,8.093023068075723
16281,7684,4,7.789381684191856
