user_id,book_id,rating,predict
16352,671,5,4.0
16352,913,5,9.142853654182037
16352,1100,4,4.0
16352,1661,3,7.987621545765163
16352,1688,1,7.167062955380171
16352,1712,3,7.60469660189336
16352,1732,5,7.982996035339259
16352,1814,1,6.286609047990255
16352,2014,4,7.362421821880313
16352,2144,2,7.310538627254736
16352,2257,3,8.101644854712834
16352,2304,2,7.539433239567617
16352,2370,5,7.12927904844001
16352,2380,3,7.769430079785986
16352,2490,5,7.512575539807271
16352,2823,4,7.723625904856538
16352,2942,4,6.536748689166115
16352,2975,5,7.1215432272385275
16352,5396,4,9.003793213787937
16352,7375,4,7.656248076674734
16352,8343,5,8.245343546098226
16352,8923,1,6.862715530358172
16352,9197,4,8.308541831696319
