user_id,book_id,rating,predict
1664,4740,4,4.0
1664,5202,5,4.666666666666667
1664,5418,2,3.625
1664,7277,4,8.658824744692046
1664,7372,3,6.493328606175963
1664,7507,3,4.173076923076923
1664,8497,5,8.019753105843739
1664,8846,3,3.960526315789474
