user_id,book_id,rating,predict
16781,4205,4,4.428571428571429
16781,4746,3,3.5
16781,6265,2,3.4890406640914575
