user_id,book_id,rating,predict
16928,1623,4,8.985180774715177
16928,1950,4,8.019723910398822
16928,2111,5,8.16410433136096
16928,2143,5,8.573387283945003
16928,2328,4,6.933930894140667
16928,2389,4,6.9428572926993075
16928,2514,4,8.199541010031377
16928,4826,5,4.0
16928,4951,4,4.0
16928,5354,4,7.666657250300251
16928,6568,5,8.766763007490914
16928,6630,5,6.736841407299526
16928,7378,5,3.4166666666666665
16928,7521,5,8.440050620036194
16928,7664,3,3.0
16928,8243,4,8.6955171151529
16928,8287,4,8.062499898009115
16928,8654,4,7.832378238966596
16928,9213,5,8.565043660169204
16928,9298,5,7.809338321234622
16928,9385,5,8.536098764662356
16928,9994,4,8.195122123313336
