user_id,book_id,rating,predict
17522,4292,4,3.923076923076923
17522,4934,4,4.3
17522,5140,3,7.8571371686906275
17522,5992,2,4.32
17522,6565,4,3.6538461538461537
17522,8356,3,3.4901960784313726
17522,9233,2,6.250309368634101
17522,9276,3,6.887498760392676
