user_id,book_id,rating,predict
17828,4752,4,3.5714285714285716
17828,5178,4,4.0
17828,8129,3,7.574070931538111
