user_id,book_id,rating,predict
18046,2476,3,0.7571447336103203
18046,3038,4,7.064193099641621
18046,5743,3,4.886446247858363
