user_id,book_id,rating,predict
18341,5212,5,4.947368402490611
18341,5275,3,5.332356083267235
18341,5413,1,5.2877052670364595
