user_id,book_id,rating,predict
18449,1601,3,8.210787834071256
18449,1800,5,7.33442102282773
18449,2503,5,7.276237083187194
18449,2755,4,8.087637037987587
18449,3915,3,4.142857142857143
18449,5537,5,7.923075809298286
