user_id,book_id,rating,predict
18460,4784,3,3.0
18460,5553,2,7.3423441006138255
18460,5808,3,3.0
18460,5935,3,4.0
18460,6007,3,4.4
18460,6230,4,4.0
18460,6234,3,7.071426494159088
18460,6364,2,3.6
18460,6405,3,6.614250690367328
18460,6687,3,6.820511460876787
