user_id,book_id,rating,predict
18791,2656,3,5.0
18791,4151,5,6.894723032847494
18791,4415,3,6.916531895457129
18791,4689,4,6.589331120475158
18791,4851,2,6.89173523861154
18791,5001,4,6.965517031043214
18791,5213,2,6.918480459339172
18791,5291,2,6.72855531365108
