user_id,book_id,rating,predict
18964,1045,5,9.032257664992827
18964,1062,4,8.367242752323287
18964,1170,5,8.56073722868551
18964,5455,4,8.818180754434007
18964,5660,5,8.676547482050937
18964,6301,5,8.079133296597165
18964,7897,5,7.3625922467868925
