user_id,book_id,rating,predict
19819,3567,4,7.483145825920866
19819,3610,4,7.239130338576196
19819,9383,4,7.162812252717666
19819,9511,4,7.359868164998509
