user_id,book_id,rating,predict
20018,1788,5,9.726543567369756
20018,1865,3,8.169349691788694
20018,1920,4,3.6271186440677967
20018,2058,4,8.769226886958174
20018,3070,4,7.808939512007025
20018,3151,4,8.77579809277277
20018,3636,3,3.1666666666666665
20018,3850,4,3.5
20018,5596,5,4.5
