user_id,book_id,rating,predict
2031,1459,4,3.5405405405405403
2031,2465,4,7.220737356409059
2031,2873,4,8.015934597003184
2031,3407,4,7.4870895509378705
2031,3561,2,7.585033477035405
2031,3688,4,8.053333298587606
2031,3750,4,8.012987109422916
2031,3754,5,8.632347755858945
2031,5254,5,4.0
2031,8790,3,7.45833269261398
