user_id,book_id,rating,predict
20672,4415,5,3.9166666666666665
20672,6574,5,4.863181345015373
