user_id,book_id,rating,predict
21094,5762,3,3.75
21094,6431,5,7.249999969724781
21094,6965,3,6.882352696172491
