user_id,book_id,rating,predict
21803,6132,4,8.916665191993019
21803,6304,5,8.33019397302185
21803,6519,5,8.557590993020632
21803,6672,5,9.111111180826377
21803,6821,5,8.714365622281031
21803,7241,3,2.8947368421052633
21803,7456,5,8.888888784220661
21803,7570,5,8.582197986079697
21803,7851,5,8.891881152536055
21803,8002,5,8.522584041690576
21803,8012,3,8.853226865515683
21803,8763,4,8.162212522185536
