user_id,book_id,rating,predict
21827,3785,5,4.0476190476190474
21827,4763,5,3.4
21827,4866,5,9.437497888637935
21827,5009,5,8.555554579126145
