user_id,book_id,rating,predict
2197,2439,3,3.0
2197,5508,4,6.6637842792270465
2197,6376,3,4.666666666666667
2197,6533,2,6.215295035573474
2197,6975,3,6.981443908857887
2197,8150,3,7.292015159555396
2197,8199,1,6.4775078931482035
2197,8399,3,6.913220474159798
2197,8631,3,6.84692693308188
2197,8863,3,6.430816954690281
2197,8963,2,6.382994252510521
2197,9333,2,6.588543534589558
2197,9628,3,7.067012837578812
2197,9764,3,6.548541718869297
2197,9852,2,7.076016801986264
