user_id,book_id,rating,predict
22006,4958,3,4.041666666666667
22006,5275,5,3.888888888888889
