user_id,book_id,rating,predict
2220,3415,4,4.466666666666667
2220,4640,4,5.0
2220,4763,1,3.4
2220,6326,5,3.933333333333333
2220,6587,5,8.388887436916143
2220,6889,5,3.8095238095238093
2220,6892,5,4.291666666666667
2220,7008,5,4.32
2220,7579,3,8.89282859409752
2220,7923,4,9.14893411315024
2220,8433,3,7.536963857240898
2220,9008,4,8.97613028872852
2220,9542,4,8.641879834806186
