user_id,book_id,rating,predict
22325,6292,4,8.34267987839719
22325,7618,4,8.096961969835563
22325,7780,5,8.16155222480646
22325,7818,4,8.301167171019907
22325,7940,4,7.975776481194469
22325,8244,5,8.704941389504103
