user_id,book_id,rating,predict
2252,4274,2,4.222222222222222
2252,7137,4,6.2903220135398
2252,7372,3,5.973792804168324
