user_id,book_id,rating,predict
23284,3080,2,7.23363212486159
23284,4242,4,7.743989064339363
23284,9472,4,7.7203115028415565
23284,9773,5,7.923075321634451
