user_id,book_id,rating,predict
23581,744,4,6.088705237856716
23581,3142,4,4.499999778193737
23581,3896,5,6.876852643311972
23581,4694,1,7.044920951302903
23581,5180,5,4.133333333333334
23581,6518,5,4.2
23581,6885,3,3.4444444444444446
23581,8220,3,6.004734689174889
