user_id,book_id,rating,predict
23890,629,2,7.224908988451577
23890,1205,4,7.633126279693449
23890,2336,3,3.0
23890,3370,3,4.25
23890,5054,4,4.25
23890,5244,3,8.307690692032537
23890,5911,4,8.15384558760758
23890,6820,5,4.181818181818182
23890,7039,4,8.590642823431878
23890,7449,5,7.5434766427179865
23890,8015,3,7.826785088347508
23890,8305,4,7.555426607152157
23890,8682,5,6.609373482469872
23890,8973,4,7.997001348243474
23890,9966,4,6.244508142296187
