user_id,book_id,rating,predict
24357,5691,5,9.083333358200292
24357,6142,5,9.071428400680077
24357,6222,5,8.99999970868295
