user_id,book_id,rating,predict
24618,5881,5,9.066666333595919
24618,6128,5,-1.5294103644930983
