user_id,book_id,rating,predict
24695,3761,5,4.0
24695,4099,2,3.769230769230769
24695,4478,4,8.083332235046072
24695,4707,3,7.7692274033105475
24695,5154,3,7.846145440134118
24695,5592,3,3.8181818181818183
24695,7031,3,6.999990910094686
24695,7916,4,8.703473829918224
24695,8598,5,8.079212097797948
