user_id,book_id,rating,predict
24959,5391,2,-1.9090872423310268
24959,6391,2,3.4
24959,6764,5,-1.4399976130699064
