user_id,book_id,rating,predict
25255,822,5,4.0
25255,856,4,6.999997903205594
25255,1265,5,7.285712077975974
25255,1439,4,7.080378439140171
25255,1471,4,8.059772916679577
25255,1494,4,7.064755034545918
25255,1610,4,6.882563970688431
25255,1815,5,7.749890784614365
25255,1903,4,7.421699404191745
25255,1913,2,6.498274636519927
25255,1990,3,7.130774918768227
25255,2013,3,7.1893327127898905
25255,2018,5,7.547127696956155
25255,2114,3,7.522317083276808
25255,2520,4,7.1311760023897905
25255,2523,5,8.628809742598378
25255,6090,4,6.860743311616744
25255,6785,5,7.924835022350511
25255,8385,4,7.802156203399981
25255,9600,2,6.8694719730676574
