user_id,book_id,rating,predict
25254,5731,3,4.181818181818182
25254,6785,4,4.478260869565218
