user_id,book_id,rating,predict
25521,1077,4,3.857142857142857
25521,1427,4,7.7511772004922666
25521,1439,5,8.076275372280232
25521,1451,5,8.665171962071712
25521,1715,4,8.804187289843519
25521,2370,5,8.215298030987448
25521,2485,5,8.554846218417639
25521,2674,5,8.191058211036438
25521,3544,5,8.886277820343594
25521,3813,5,7.749995854251696
25521,7143,4,7.433091752614418
25521,7438,4,7.555531328205321
25521,8096,1,7.9499648361123985
25521,8921,5,7.052992202627735
25521,9058,5,8.807443254386133
