user_id,book_id,rating,predict
25864,3831,3,3.4285714285714284
25864,4497,4,5.999999778816327
25864,4692,3,4.125
25864,5023,5,6.555555162090387
25864,5978,4,3.9411764705882355
