user_id,book_id,rating,predict
26132,6948,2,6.588232397941789
26132,8315,4,6.384612942603581
