user_id,book_id,rating,predict
26201,7831,4,7.402126011718825
26201,8441,4,0.02227260753184135
