user_id,book_id,rating,predict
26214,5757,5,3.9166666666666665
26214,5981,4,7.286962356750106
26214,6248,3,6.768991920872417
26214,6710,4,4.458333333333333
