user_id,book_id,rating,predict
26299,5291,5,9.210525895198447
26299,5339,5,9.133333457179464
26299,6362,4,9.03942603948594
