user_id,book_id,rating,predict
26617,4072,5,3.5714285714285716
26617,4784,3,3.0
26617,5043,3,7.325228433576692
26617,5624,4,7.374999206672063
26617,6083,3,7.089078024726643
26617,6310,5,4.0
26617,6620,5,8.025478794980895
26617,6802,5,8.252241297051208
26617,7382,4,3.75
26617,8280,4,7.753616433421108
