user_id,book_id,rating,predict
26933,382,4,4.0
26933,777,3,4.0
26933,897,4,4.0
26933,1519,5,7.571427406095493
26933,1591,5,8.083312500334085
26933,1629,5,7.999999485455007
26933,1848,5,7.074305925205987
26933,1864,2,7.818663265283567
26933,6429,4,4.166666666666667
26933,8662,5,7.856951772544688
26933,8790,3,6.458330050805585
