user_id,book_id,rating,predict
27305,3831,4,3.4285714285714284
27305,4300,5,3.5
27305,4436,4,8.67077487613169
27305,6391,5,8.12508087232669
