user_id,book_id,rating,predict
27902,797,5,8.96140722910831
27902,1045,5,9.032258049328194
27902,1170,3,9.219686079220278
27902,1297,3,8.255758092982443
27902,1453,4,8.64688529198836
27902,3436,3,7.936708641156223
27902,4372,5,8.412625408399759
27902,4936,4,2.5
27902,5645,3,7.940115279571849
27902,5900,5,8.257565525011893
27902,6040,4,8.856859986445908
27902,6434,4,8.9166648086099
27902,6649,5,9.14370098227841
27902,9355,4,7.8511070385446065
27902,9880,1,6.436798126731077
