user_id,book_id,rating,predict
28152,7935,4,4.162162162162162
28152,9059,5,0.03640907762407952
