user_id,book_id,rating,predict
28251,1920,4,7.6843901259803165
28251,2024,3,5.0
28251,7077,2,3.6666666666666665
28251,7944,3,6.9856118270443135
28251,8452,4,3.8596491228070176
28251,8881,3,7.704964998655392
28251,9025,5,7.641121150659956
28251,9396,3,7.175663554469432
