user_id,book_id,rating,predict
28362,2191,4,4.5
28362,4729,4,8.166665305254881
28362,5413,4,-0.04165809086368988
