user_id,book_id,rating,predict
28798,5362,5,8.333332832114904
28798,5724,5,8.789472174343603
28798,6388,5,8.789473612245326
