user_id,book_id,rating,predict
28870,1241,5,7.371882808462745
28870,1440,5,7.394721486118996
28870,2784,5,4.333333333333333
28870,3845,5,8.562500021045892
28870,6519,5,8.812499286182778
28870,7065,5,8.666666483661592
28870,7126,5,9.384614435204647
28870,7287,5,9.093749160088354
28870,7371,5,8.74999993208976
28870,8121,5,4.054545454545455
28870,8146,5,3.8
28870,8254,5,8.68749958289196
28870,8638,1,4.441860465116279
28870,8710,5,8.849998986540657
28870,9057,5,8.577777553308266
28870,9399,5,4.117647058823529
28870,9403,5,8.745452285110357
28870,9635,5,8.969230480631328
