user_id,book_id,rating,predict
29023,6884,4,9.386357570963035
29023,7768,3,7.9643364322430905
