user_id,book_id,rating,predict
29790,5613,4,3.2857142857142856
29790,7164,3,7.166666474270961
29790,7248,3,7.141145062061074
29790,7551,4,7.78144817827741
