user_id,book_id,rating,predict
29972,4987,5,4.4
29972,5043,4,8.44444273067864
29972,5126,2,3.652173913043478
