user_id,book_id,rating,predict
30047,5585,3,7.573965325085447
30047,6672,4,8.134549209140738
30047,6821,3,7.594077222025932
30047,7456,4,7.7896281168467665
30047,7675,4,8.019286652720908
