user_id,book_id,rating,predict
30309,3629,5,6.909022753977576
30309,3651,3,6.6666661417650595
30309,4179,4,7.374498375359166
30309,5213,2,6.903225496814724
30309,5291,2,7.284706808746199
30309,5670,2,9.210525518604445
