user_id,book_id,rating,predict
30409,3802,3,3.5
30409,7077,3,8.666651243218467
30409,7380,4,6.908857010283918
30409,7384,4,3.869565217391304
30409,7439,4,6.880939206480312
30409,7507,4,8.173074991822919
