user_id,book_id,rating,predict
30472,1782,3,7.393826905146059
30472,1818,3,7.588462042894982
30472,1962,4,7.836761599196059
30472,4229,4,4.454545454545454
30472,6189,3,4.0
30472,6292,3,7.579660247794836
30472,7573,3,3.5
30472,7618,4,7.66071952355588
30472,8450,3,7.735645759613354
30472,8970,4,7.607886443930189
30472,9164,3,8.039205843276545
30472,9313,5,8.252820297401488
30472,9597,5,7.949948275379414
30472,9943,4,8.540982865336535
