user_id,book_id,rating,predict
30645,6718,3,6.814713549644422
30645,6977,5,4.551724137931035
30645,8330,3,7.315421085000197
