user_id,book_id,rating,predict
30892,3726,1,9.333332162907467
30892,5226,4,4.0
30892,5636,4,4.0
30892,7275,4,8.940855819952006
30892,7440,5,4.4
30892,8045,3,7.64184243905487
30892,8525,4,3.590909090909091
30892,8724,3,7.622459817641933
