user_id,book_id,rating,predict
31111,4136,1,5.399999530958521
31111,4272,3,7.057068355877082
31111,4389,5,7.869365722834169
31111,4735,3,6.573267718796515
