user_id,book_id,rating,predict
31740,1006,3,7.755959678014987
31740,1045,4,8.392354872076218
31740,2379,3,7.619642683135053
31740,6815,4,7.9230760450579645
31740,7387,4,3.6666666666666665
