user_id,book_id,rating,predict
32106,4314,5,7.977783522511293
32106,4450,3,8.074853423324955
32106,4655,3,8.562037120818164
32106,5854,4,8.996108564406068
32106,6597,3,7.750827956456524
32106,8436,4,7.789767924984973
32106,8941,3,8.145628638084943
32106,9394,3,7.866749257764159
