user_id,book_id,rating,predict
32234,3836,5,9.499999043527495
32234,4894,5,-1.0952134829162268
32234,6351,5,3.7777777777777777
