user_id,book_id,rating,predict
32440,1788,3,7.743589446283728
32440,1996,3,6.548386914249493
32440,2512,3,7.048780425482771
32440,2541,3,7.264706003345494
32440,2696,3,6.9833332951966
32440,6708,3,6.933332780960491
32440,7016,3,7.181818032979776
32440,8978,3,7.785713590366987
32440,9124,3,7.272727041044117
32440,9125,3,7.434782484722858
32440,9210,3,7.052631353238447
32440,9746,3,7.241379326143273
32440,9773,3,6.923076207408984
