user_id,book_id,rating,predict
32507,7061,4,8.567629359239756
32507,7136,4,8.035604880070082
32507,7303,5,7.791665866591199
32507,7381,5,8.75960561903607
32507,7415,4,9.040218876607508
