user_id,book_id,rating,predict
32707,1437,5,9.068178626035788
32707,1541,5,3.8545454545454545
32707,1612,5,3.725
32707,1930,5,8.891890673870314
32707,2159,5,9.024388932458542
