user_id,book_id,rating,predict
32717,585,5,8.568707693692499
32717,720,4,7.780975925514832
32717,810,5,7.7750477376621046
32717,835,5,4.0
32717,2537,3,4.333333333333333
32717,3977,2,5.749999112212199
32717,5396,5,4.833333333333333
32717,6401,4,5.761903997198396
32717,6598,3,5.8284716374805345
32717,6776,3,5.692250720495995
32717,8401,3,5.3124986898438165
