user_id,book_id,rating,predict
33230,462,2,4.333333333333333
33230,3310,5,4.2
33230,3864,1,3.5555555555555554
33230,4179,3,3.9444444444444446
33230,5435,5,4.25
33230,6461,2,8.49846614454476
33230,6769,3,8.04144315667882
33230,6817,2,8.519248648075038
33230,7314,1,9.173912544349983
