user_id,book_id,rating,predict
33378,1527,5,8.934769612068305
33378,2768,4,7.680110043298683
33378,3239,4,8.141091172653516
33378,3393,4,8.63716966915698
33378,3500,4,8.09956716608653
33378,3512,3,7.837251786308755
33378,4257,4,8.90904581832697
33378,4583,3,7.239130311944149
33378,4783,4,3.75
33378,7143,3,8.426711708773245
33378,9115,3,7.086688045605692
33378,9538,3,8.235499872773977
