user_id,book_id,rating,predict
33465,3370,5,4.25
33465,3719,5,4.0
33465,4531,4,6.666660376484966
33465,6265,5,7.691149208329119
