user_id,book_id,rating,predict
33565,5441,3,7.032102207939035
33565,7297,2,4.321428571428571
