user_id,book_id,rating,predict
33786,4853,2,2.25
33786,4878,4,3.0
33786,6221,4,7.5906651136592815
33786,6596,3,5.181917904274564
33786,6929,1,7.257514414561353
33786,7004,3,6.209096403007663
33786,7036,3,6.982946290425096
33786,7145,1,5.086956051481458
