user_id,book_id,rating,predict
34034,3901,5,8.366920065949653
34034,4403,1,7.730558972018056
34034,5172,4,8.640761396056789
34034,5584,3,7.227456787963427
34034,5854,2,8.830643670272558
34034,6310,5,4.0
34034,6343,2,8.65190284736767
34034,6415,3,8.677620965513695
34034,6803,5,9.384615239089076
34034,7303,2,8.189595403881183
34034,8328,5,7.561646493445342
34034,8364,3,8.551194828624311
34034,8473,2,8.925372002140216
34034,8762,4,8.850156764827553
