user_id,book_id,rating,predict
34685,5035,3,7.499999419827139
34685,6038,4,4.3125
34685,7357,2,3.8666666666666667
34685,8045,4,7.012195644380944
