user_id,book_id,rating,predict
34699,5897,5,3.409090909090909
34699,8663,5,4.661764705882353
