user_id,book_id,rating,predict
3470,5267,3,6.8333332894704375
3470,6794,3,5.915390924909058
3470,6859,4,7.269767683351202
