user_id,book_id,rating,predict
34820,4248,5,8.488218863636888
34820,5542,4,8.518577758697853
34820,6052,4,7.7717704801527585
