user_id,book_id,rating,predict
34829,5426,4,3.5833333333333335
34829,5904,5,1.6333598244404852
34829,6001,4,-0.14431301029134458
