user_id,book_id,rating,predict
34846,4783,3,8.74999062315165
34846,5009,2,8.37441706911876
34846,6392,5,9.373757028435922
