user_id,book_id,rating,predict
35040,5897,5,3.409090909090909
35040,9508,2,6.701489742848268
