user_id,book_id,rating,predict
3601,630,4,6.899993861318327
3601,1044,4,7.231876561561325
3601,1076,4,7.011189990607387
3601,3186,4,4.4
3601,4666,3,4.0
3601,6137,3,3.5
3601,8073,3,3.595744680851064
3601,8816,3,6.111089239224986
3601,9872,3,3.632911392405063
