user_id,book_id,rating,predict
36096,470,4,6.666665917320001
36096,1065,5,7.496526597860276
36096,1081,5,7.454846288469902
36096,1152,4,6.864474968129331
36096,1212,2,7.356492673483059
36096,1439,3,6.828405512334527
36096,1499,4,8.07960221482283
36096,1532,4,6.738229205453949
36096,1671,4,7.734566955842991
36096,1767,4,7.162508647344723
36096,1810,5,7.138273302424714
36096,1899,4,7.325772315432371
36096,1939,4,7.712912670161697
36096,2057,3,8.049310524926426
36096,2071,3,7.450565798315006
36096,2088,5,7.469563256904193
36096,3285,4,3.75
36096,5104,4,3.5
36096,5708,3,6.58454157029335
36096,5944,2,5.899996285302928
36096,6034,4,3.8947368421052633
36096,6866,4,8.06050882544438
36096,7564,5,7.33515187112714
36096,8389,3,7.725472549617315
36096,8669,4,8.36877763438276
36096,9417,3,8.70395781126903
36096,9514,3,7.531248226875833
