user_id,book_id,rating,predict
36134,5852,4,4.2
36134,6988,4,2.419135852500312
36134,7339,4,8.757347440175382
