user_id,book_id,rating,predict
3647,7649,2,6.843749302174386
3647,8114,4,6.759257919404101
