user_id,book_id,rating,predict
36520,3110,5,4.2
36520,3266,2,7.499998992528343
36520,3629,4,6.953280107449679
36520,3977,4,6.861920387957982
36520,5339,4,7.655336946267932
36520,5637,5,8.39999831966487
