user_id,book_id,rating,predict
37184,764,4,4.5
37184,1128,4,7.999999443725012
37184,1129,4,3.5454545454545454
37184,1250,4,4.0
37184,1329,5,8.83333109905405
37184,1388,3,4.0
37184,1430,3,7.307683039208769
37184,1570,4,8.012144044136493
37184,1999,4,7.5384600720659325
37184,2257,3,7.864864673176818
