user_id,book_id,rating,predict
37323,4405,3,4.0
37323,6006,4,7.098448260851724
37323,6526,3,7.790652515280355
37323,7720,4,8.73657064828009
37323,7753,5,9.203120588109318
37323,8669,3,7.747060055845717
37323,8729,5,3.4285714285714284
37323,9120,3,7.057360137076891
