user_id,book_id,rating,predict
37455,6776,3,5.692307286004388
37455,7038,4,3.6666666666666665
37455,7245,3,6.148147032145579
37455,7459,3,4.0
37455,7662,1,5.947352219687419
37455,9737,2,5.789837553400732
