user_id,book_id,rating,predict
37604,7494,4,3.5454545454545454
37604,8255,5,6.563331238469348
37604,8498,4,9.058820113833626
