user_id,book_id,rating,predict
37847,6673,3,7.568253956080575
37847,7824,3,7.65862078408334
37847,9074,3,7.63210620104466
