user_id,book_id,rating,predict
37971,3349,3,-0.8690431503053793
37971,9169,4,3.3934426229508197
37971,9744,3,7.7692293317758665
