user_id,book_id,rating,predict
38094,6269,5,8.699999735800738
38094,6689,5,8.899999558702646
38094,7064,5,8.904762069688422
38094,7533,5,9.125000196869735
38094,7536,5,9.187796066992643
38094,7718,5,9.242856979139233
38094,8076,5,9.32084444835384
