user_id,book_id,rating,predict
39301,702,3,7.381060482887412
39301,4893,5,4.230769230769231
39301,5302,5,5.272710494686953
39301,5624,4,5.374983255151758
39301,6310,5,4.0
39301,6405,4,3.5555555555555554
39301,7137,5,3.2903225806451615
39301,7247,5,5.67782482144468
39301,7357,4,6.462750312885836
39301,8470,5,8.271126740163332
39301,9215,5,8.014453794637483
39301,9302,4,7.908176281077453
39301,9991,3,7.57455144391599
