user_id,book_id,rating,predict
39382,1883,4,7.9578951553606485
39382,2609,4,8.08115757494231
39382,8614,5,4.127272727272727
39382,9093,4,3.7313432835820897
39382,9276,4,5.887497362299678
