user_id,book_id,rating,predict
39481,1180,3,3.5
39481,6037,4,5.445988366820577
39481,6603,4,5.905613953495928
