user_id,book_id,rating,predict
39633,5111,3,7.2499992442872445
39633,6904,3,3.775626079207176
39633,7815,3,7.559863104558168
