user_id,book_id,rating,predict
3981,7378,5,8.096293827231982
3981,8406,3,-0.3170629547067838
3981,8880,4,9.244312914693236
