user_id,book_id,rating,predict
39880,3481,4,3.333332470134186
39880,3911,3,7.964230707104282
39880,4225,4,4.428571428571429
39880,5553,4,7.953014462739596
39880,5663,4,5.818181216516732
39880,6827,4,5.934937598132683
39880,7285,4,6.342275188928406
39880,7359,3,5.999999636152597
39880,7592,4,6.045448094191636
39880,7640,3,7.2102060858685295
