user_id,book_id,rating,predict
39939,2389,5,8.462872342618105
39939,2861,5,8.301504738708683
39939,3089,5,8.835164876139437
39939,3276,5,8.863157756920012
39939,3369,5,8.389054309301862
39939,5108,5,3.6666666666666665
39939,5965,4,8.268116074860654
39939,6735,4,8.269352057658073
39939,7595,4,7.623538693794311
