user_id,book_id,rating,predict
40831,1355,4,5.0
40831,2070,3,3.3333333333333335
40831,3114,2,3.5454545454545454
40831,3233,3,3.8
40831,3736,5,9.499999289583734
40831,3848,3,7.315178590663798
