user_id,book_id,rating,predict
41166,5971,5,7.091432073463455
41166,7153,5,9.476190068325742
