user_id,book_id,rating,predict
41657,4803,1,3.6551724137931036
41657,5702,5,6.783778988531484
41657,6037,3,3.9714285714285715
41657,6639,1,8.952743054962653
