user_id,book_id,rating,predict
41704,5053,5,7.640179953617981
41704,5275,4,7.460597501921464
