user_id,book_id,rating,predict
41822,3760,3,3.0
41822,6961,3,4.022222222222222
41822,7293,3,7.743586626177921
