user_id,book_id,rating,predict
42007,4004,4,4.0
42007,4331,4,7.230767047585543
42007,4566,4,4.666666666666667
42007,4688,3,6.999999945789528
42007,4811,4,7.399999580087547
42007,5524,3,6.529407102627404
42007,5679,4,6.7727263813588054
42007,5809,3,6.954258215134329
42007,6435,4,7.644883902076325
42007,7046,4,7.290774196453711
42007,7072,4,6.914893076517616
42007,7299,4,7.417771242444658
