user_id,book_id,rating,predict
42026,4169,4,3.888888888888889
42026,5164,4,8.085522504268496
42026,5585,4,7.4551120790520065
42026,8644,5,8.60971305379342
42026,8711,4,7.660931529062696
42026,9040,5,7.889260749613977
