user_id,book_id,rating,predict
42278,3267,4,7.187171442881119
42278,4367,3,3.6666666666666665
42278,4640,4,5.0
42278,5954,4,4.333333333333333
42278,6257,4,4.166666666666667
42278,6298,4,7.7272724257504475
42278,6688,3,3.8461538461538463
42278,6769,3,7.868841512814081
42278,6827,4,6.491771540044326
42278,7082,3,5.857105661983248
42278,7438,3,7.534552542647587
42278,7551,2,3.4166666666666665
42278,7591,4,6.485454911145632
42278,7826,5,7.43344409049557
42278,8193,4,7.3424771220074
