user_id,book_id,rating,predict
42464,6077,4,4.428571428571429
42464,6468,3,4.416925920553823
