user_id,book_id,rating,predict
42964,3493,2,4.333333333333333
42964,5230,3,2.6666666666666665
42964,5663,3,3.8181818181818183
