user_id,book_id,rating,predict
43789,1058,5,4.375
43789,1193,3,8.549999628523647
43789,1324,3,8.749995698444007
43789,1607,3,4.0
43789,1875,5,8.988704857864473
43789,1917,5,8.416653261952536
43789,1921,5,9.185184937671508
43789,2209,3,9.430161839765347
43789,2300,5,9.040539367506772
43789,7690,5,9.249999955204979
43789,9045,5,8.999999805940622
43789,9061,5,8.78754958112778
43789,9151,5,8.85714296097839
