user_id,book_id,rating,predict
43876,3378,4,8.723376813901961
43876,3408,5,8.82702303009609
43876,6422,3,7.240437056933258
43876,7065,4,7.666666658199497
43876,7287,5,8.093749902558862
43876,7289,4,7.789473559650516
43876,7600,5,8.53236048556683
43876,7786,5,8.515721460309695
43876,8102,5,4.0
43876,8254,4,7.68749995792729
43876,8398,4,8.4246410338173
43876,8851,5,8.56434705250658
43876,8994,4,7.725806337951839
