user_id,book_id,rating,predict
44093,3596,5,9.219511613760867
44093,4575,5,9.206521959034458
44093,5978,5,7.941175553604245
44093,6274,5,8.499998995112248
44093,6471,4,7.571427870777178
44093,7730,5,9.097558941860807
