user_id,book_id,rating,predict
44411,5414,4,7.019757757578091
44411,6396,3,5.999999241412365
44411,6734,3,7.071376138328478
44411,6855,4,6.432452093084354
44411,7788,1,6.875526574148152
44411,7927,3,3.6904761904761907
44411,8035,4,6.9776664077210775
44411,8098,4,6.3367664978549385
44411,8401,3,8.021857281604555
44411,8472,3,8.162011404140518
44411,8729,2,6.967479653812353
