user_id,book_id,rating,predict
44440,3392,3,7.1666647467310645
44440,4945,3,6.83280012478483
44440,5682,3,7.664703230598304
