user_id,book_id,rating,predict
44508,443,3,4.0
44508,615,3,3.4
44508,667,3,4.1
44508,831,3,7.956055413087257
44508,921,4,7.9328055316926465
44508,946,3,7.440946150530773
44508,1008,2,7.025794733530012
44508,5360,5,8.610517421632057
44508,5442,5,8.071066349063134
44508,5944,3,2.9
44508,6051,4,8.444444381156712
44508,6241,2,7.3478219620058
44508,6456,2,3.909090909090909
44508,6734,4,4.071428571428571
44508,7802,3,7.717390781035025
44508,8695,4,8.037513551477108
44508,9882,5,7.250325213719656
