user_id,book_id,rating,predict
44599,4569,3,3.3333333333333335
44599,5824,3,6.3636362108480515
44599,6081,5,-0.10525945488812827
44599,6560,3,6.984449830230755
