user_id,book_id,rating,predict
44644,3891,4,2.5
44644,5918,3,6.273109944839859
44644,6068,3,3.25
44644,8227,1,6.674386336802387
44644,8356,4,6.9905522833392375
