user_id,book_id,rating,predict
45261,2956,5,9.333333047517854
45261,3275,5,5.0
45261,3447,5,4.5
45261,3759,5,9.299999488835244
45261,4038,5,9.428571307959302
45261,4107,5,9.642855106649524
45261,4248,5,8.999999834620255
45261,4960,5,3.0
45261,5000,5,9.499998666727206
45261,5611,5,9.499998703875516
45261,6203,5,9.433332472307072
45261,6511,3,9.075471124822638
45261,6563,5,8.844443680706847
45261,6756,5,4.0
45261,7468,5,4.185185185185185
