user_id,book_id,rating,predict
45550,7782,4,8.148293459492896
45550,7877,4,8.957412259835927
45550,7936,5,8.24915242256774
