user_id,book_id,rating,predict
45611,6215,4,3.6666666666666665
45611,7701,2,8.999999806982244
