user_id,book_id,rating,predict
4610,7372,4,-1.0256382164384332
4610,8167,3,7.020832446330909
