user_id,book_id,rating,predict
46916,4831,5,4.5
46916,6808,4,7.359280558834605
46916,7311,2,6.479997931900455
46916,7615,3,7.442299380452919
46916,8167,3,4.020833333333333
46916,8692,5,7.679924959097385
46916,8879,2,3.844155844155844
46916,9012,3,7.0388898513477915
46916,9921,4,7.417183926108114
