user_id,book_id,rating,predict
47016,2166,4,5.0
47016,3235,2,3.7
47016,4147,4,3.0
47016,5369,4,7.666664880821098
47016,5418,4,3.625
47016,5664,5,8.470587825754142
47016,6037,5,8.251931781170796
47016,6730,3,3.9347826086956523
47016,6929,5,8.749999637775439
