user_id,book_id,rating,predict
47066,3226,1,7.571428082183974
47066,3917,3,6.733329124604154
47066,3977,5,7.144438332439961
47066,4930,4,7.177027625698956
