user_id,book_id,rating,predict
47571,3146,2,2.6
47571,3845,3,3.5625
47571,5562,5,7.499998907643402
47571,6024,5,3.8333333333333335
47571,7154,3,7.24998256946747
47571,7302,5,7.971425698975974
47571,7366,3,7.692304546883193
47571,7584,4,8.133329971805978
47571,7988,5,8.119043373895725
47571,8198,5,8.64271131356703
47571,8690,4,7.825396345425778
