user_id,book_id,rating,predict
47683,585,3,8.26073376112248
47683,3629,4,8.908977317235353
47683,5440,4,8.799998892840806
47683,5520,4,3.6
47683,6503,3,8.670477336282616
47683,7514,4,3.789473684210526
