user_id,book_id,rating,predict
47751,1732,3,7.120922896063422
47751,4187,3,6.755284677938804
47751,4276,3,6.999999860576658
47751,4701,3,3.7142857142857144
47751,5570,3,6.410473774886466
47751,7143,3,6.70588082784116
47751,8057,3,7.259258688605318
47751,8343,3,4.48
47751,8798,3,6.6002983501566845
47751,9104,3,7.050261850692017
