user_id,book_id,rating,predict
47848,6346,4,7.43332049843089
47848,7846,5,8.524451040651332
47848,8251,4,8.344565646587608
