user_id,book_id,rating,predict
47865,5484,4,5.849998276626469
47865,5981,4,3.7857142857142856
47865,6226,4,7.204097263447107
47865,6466,3,6.645158664028754
