user_id,book_id,rating,predict
4820,6414,5,4.3076923076923075
4820,8613,3,-0.3635817465258535
