user_id,book_id,rating,predict
48535,1235,5,8.179078213126996
48535,1682,4,7.84273970584521
48535,1731,4,7.600874704430941
48535,1905,2,7.917791540322651
48535,4597,4,3.4285714285714284
48535,6292,4,7.961205170118085
48535,7503,3,7.799998644807995
48535,7667,4,6.624999655484094
48535,8594,4,7.154028605622012
48535,8645,4,8.02894161643275
48535,9415,4,8.184209063795127
48535,9631,3,7.402776264309172
