user_id,book_id,rating,predict
49289,202,5,5.0
49289,203,5,3.0
49289,299,5,5.0
49289,348,5,5.0
49289,363,5,3.3333333333333335
49289,470,5,7.666665700884298
49289,474,5,3.0
49289,504,5,9.384613957879566
49289,532,5,9.24999942160477
49289,585,5,9.209302069783199
49289,619,5,8.964285016663624
49289,630,5,8.899999206305885
49289,677,5,9.49999946212393
49289,719,5,8.699999194824603
49289,720,5,8.919354608355762
49289,721,5,9.583331640030101
49289,735,5,9.374999715209329
49289,803,5,8.903224999214935
49289,810,5,9.229728929934858
49289,811,5,8.666665980346478
49289,874,5,8.999998741843267
49289,900,5,8.833332814379146
49289,913,5,9.142856976969838
49289,931,5,8.227272059349774
49289,942,5,8.533333010929871
49289,995,5,9.166666364788632
49289,1013,5,8.909090468549522
49289,1077,5,3.857142857142857
49289,1099,5,9.22222190757492
49289,1113,5,8.571426972652278
49289,1148,5,8.759999892537143
49289,1203,5,9.239130427354898
49289,1224,5,8.666666073568557
49289,1241,5,8.681816656770092
49289,1294,5,8.749999571411774
49289,1309,5,8.809523595419464
49289,1315,5,8.833333080898313
49289,1349,5,9.199999701502065
49289,1492,5,9.166666476581263
49289,1527,5,9.155172524828677
49289,1577,5,9.379999449884231
49289,1615,5,8.921568192395117
49289,1721,5,9.14285643781124
49289,1782,5,9.246575364372312
49289,1904,5,5.0
49289,1911,5,8.883720361132124
49289,1914,5,8.70833223049493
49289,1965,5,8.941176229335998
49289,1967,5,9.109374607210324
49289,1976,5,8.866666423970178
49289,2020,5,9.239436754513584
49289,2100,5,9.777776689577657
49289,2145,5,8.661764331968637
49289,2180,5,8.55555456631498
49289,2231,5,8.840579451270285
49289,2244,5,9.63855393524306
49289,2279,5,8.806451216279893
49289,2280,5,8.61728342291471
