user_id,book_id,rating,predict
49316,4331,3,7.2307686739900365
49316,4694,3,3.8181818181818183
