user_id,book_id,rating,predict
49958,5671,4,6.874999534141903
49958,6091,5,8.083331957106424
49958,6158,5,3.5714285714285716
49958,6667,4,8.266663701358901
49958,7819,4,8.877541464717023
49958,7983,5,8.71066981368997
49958,8040,4,8.799193820423772
49958,8267,5,8.866918958033466
49958,8408,5,9.23517309736425
