user_id,book_id,rating,predict
50319,4750,4,2.200002694827422
50319,6471,4,7.5714277629713855
50319,7032,5,3.6904761904761907
