user_id,book_id,rating,predict
50610,474,4,3.0
50610,657,3,3.5
50610,673,4,5.0
50610,1198,4,8.166666278433107
50610,1213,4,7.287447058707857
50610,1281,3,7.807134917902463
50610,1385,5,4.0
50610,1490,3,6.614092743142259
50610,1660,4,6.799998903782454
50610,1727,3,7.840843695755115
50610,1729,3,6.697316192733569
50610,1770,3,7.3232588116839
50610,1792,3,6.4692446605594105
50610,1851,3,7.41274506389022
50610,1883,4,7.679438846202241
50610,2016,3,6.7931031150253744
50610,2035,4,6.606299849542991
50610,2084,3,7.512798447206896
50610,2102,3,7.227285469110554
50610,2118,3,8.117614862107963
50610,2316,3,6.466054549954462
50610,2396,3,8.591957248389171
50610,2422,3,6.72739307151995
50610,2429,3,7.225771021890606
50610,2500,3,6.891314754331692
50610,2522,3,6.380940227475685
50610,2552,3,8.321527981751627
50610,2848,4,7.550672161682526
50610,2852,3,7.5216945568771765
50610,3064,3,6.633464819551795
50610,3249,3,8.285770295929288
50610,4220,1,7.647425758511786
50610,4540,2,7.123315406848496
50610,5288,3,6.8229165395833835
50610,5578,4,6.856495022025676
50610,6033,4,7.827820234100081
50610,6317,5,7.888885898225086
50610,6490,3,6.956703960688721
