user_id,book_id,rating,predict
51202,4342,4,7.499999900004239
51202,7197,4,8.000459060374517
51202,8755,5,8.508175529376587
51202,8887,2,9.045453608710195
51202,9216,4,7.035714210440643
