user_id,book_id,rating,predict
5127,6892,5,4.291666666666667
5127,6984,4,3.5
5127,8647,4,8.440388304015688
