user_id,book_id,rating,predict
52002,6083,3,8.499985258558311
52002,6894,3,8.179486661011742
52002,7187,5,8.239997613123995
52002,7419,1,7.653505557821438
52002,7839,4,7.963634881892691
52002,7921,3,3.784313725490196
52002,8239,4,7.036531236397302
52002,8560,3,7.3275684015936156
52002,8690,4,3.8253968253968256
52002,9240,3,7.506664475638095
