user_id,book_id,rating,predict
52084,5689,4,7.057393542752257
52084,6239,4,7.900716352483025
52084,6511,5,7.879913365651706
52084,6635,4,8.072052370048928
52084,6911,4,7.47250795196528
52084,7324,4,7.948982952095178
