user_id,book_id,rating,predict
52468,835,4,4.0
52468,845,4,3.0
52468,1129,2,3.5454545454545454
52468,1183,3,4.333333333333333
52468,1321,1,5.0
52468,1352,4,5.0
52468,2460,4,4.0
52468,2537,2,7.333332734451519
52468,2656,3,5.0
52468,2886,1,3.6666666666666665
52468,3281,4,3.3333333333333335
52468,3301,4,7.4999997207152695
