user_id,book_id,rating,predict
5271,5045,3,3.2222222222222223
5271,5075,4,3.2857142857142856
5271,5593,1,3.7058823529411766
5271,5691,3,7.549719439305873
5271,6544,4,7.916665002721153
5271,7556,4,3.75
