user_id,book_id,rating,predict
52789,4558,3,4.89999988686942
52789,5919,5,5.758620632904468
