user_id,book_id,rating,predict
53140,2829,5,5.0
53140,3270,4,3.0
53140,4489,3,3.8333333333333335
53140,6460,4,7.88878743079603
53140,7140,3,7.55555294815653
53140,8499,3,7.628561300196999
53140,8649,3,7.885713897224189
53140,9787,5,8.119266076228538
53140,9788,4,8.292941066955834
