user_id,book_id,rating,predict
53403,3139,4,3.5
53403,4015,4,4.0
53403,5009,2,5.555555428889406
53403,5184,2,8.1869128291677
53403,5626,5,5.7692303289910525
53403,6055,5,4.354838709677419
53403,6354,4,4.0344827586206895
53403,7068,5,6.357141611297366
53403,7090,3,5.799999657647414
53403,7269,5,6.172393116369263
53403,7412,3,5.947367340704845
53403,8107,3,3.9166666666666665
53403,8570,3,7.34332097736961
53403,8682,4,5.3681714053545955
