user_id,book_id,rating,predict
537,1691,3,7.439518626790264
537,2515,5,8.348809743766104
537,2622,5,7.857545732472488
537,2830,3,8.936117676397231
537,2890,4,7.442724772478277
537,2920,5,9.1005113929126
537,4597,3,3.4285714285714284
537,5543,5,3.3333333333333335
537,8276,4,6.85244976247596
537,9243,4,4.017857142857143
537,9946,5,4.126760563380282
