user_id,book_id,rating,predict
5418,517,4,7.544348667472289
5418,1006,2,7.1748911959993364
5418,4382,2,4.666666666666667
5418,5504,3,8.313577995606096
5418,5613,4,3.2857142857142856
5418,6659,3,4.571428571428571
5418,6956,3,6.9862863578072325
5418,6995,4,4.291666666666667
5418,8153,3,7.560064750953165
5418,8844,3,7.663896591740535
5418,9064,5,3.7333333333333334
5418,9379,5,8.184607960395095
