user_id,book_id,rating,predict
5465,3928,3,4.0
5465,6304,5,8.444444364032492
5465,6420,3,6.945941953197864
5465,6579,4,8.714285833808713
5465,7961,5,3.962962962962963
5465,8132,5,3.814814814814815
5465,8465,3,7.04718577062608
5465,8830,5,8.77551023040576
