user_id,book_id,rating,predict
5812,470,4,6.666665545327784
5812,657,3,3.5
5812,807,4,4.0
5812,854,4,6.992577275636123
5812,1001,3,7.999999198891601
5812,1515,5,8.081530613103263
5812,1538,4,6.234486347553633
5812,1670,3,7.494373338188133
5812,1762,4,7.655425043800431
5812,1839,1,7.148149624480348
5812,1882,3,6.94697565807305
5812,2005,5,6.464595498875562
5812,2250,3,7.04445234264036
5812,2281,3,7.837418815108924
5812,2359,4,6.937736647333134
5812,2449,5,6.964923322837441
5812,2630,3,7.433670926442009
5812,2652,4,7.5004254482841635
5812,2824,3,7.73591116461447
5812,2905,3,7.169883116225775
5812,2939,5,7.669292122342885
5812,3070,4,6.788222524586634
5812,3134,4,7.744607678856466
5812,3204,4,6.862684768922621
5812,3216,3,7.105513245423916
5812,3219,3,7.207085352361986
5812,3268,4,6.745422131176053
5812,3410,5,7.742032335736889
5812,3456,3,6.912363101216903
5812,3468,3,7.216665255805899
5812,3724,4,6.450872466995824
5812,3963,4,7.782709453761903
5812,4020,3,6.5147743103790585
5812,4100,3,6.893414138582489
