user_id,book_id,rating,predict
5883,1789,4,7.150291762569667
5883,4357,4,8.285709389061324
5883,6132,5,7.914161786246915
5883,6220,2,4.0
5883,7241,5,6.894736612159127
5883,8506,4,7.918489925469744
5883,8763,5,7.322631627944219
5883,9217,4,3.8260869565217392
5883,9270,4,7.408614494639733
