user_id,book_id,rating,predict
5890,1456,4,7.691356563382966
5890,1611,4,7.214551177026778
5890,1626,4,8.122448265870494
5890,1738,5,8.017177659423
5890,1760,5,8.035570827624738
5890,6956,2,3.8571425035481313
5890,7502,3,6.045110214693403
5890,8910,3,8.169372602248533
