user_id,book_id,rating,predict
6018,4115,4,4.6
6018,4202,2,3.3333333333333335
6018,5146,5,4.0
6018,5302,2,8.272724179514071
6018,6191,4,3.1666666666666665
6018,6364,2,8.10163903198416
6018,6990,4,8.933332700656846
6018,7285,4,3.3333333333333335
6018,7329,4,6.847671118549197
6018,7359,5,8.999997918106388
