user_id,book_id,rating,predict
6161,3762,3,6.9284491164585305
6161,3830,4,6.8804344732399665
6161,4258,3,7.223893582538528
6161,6935,4,3.3333333333333335
6161,7753,3,7.652915003139821
6161,9746,3,7.241379086149406
