user_id,book_id,rating,predict
6367,753,5,8.040177110743821
6367,3849,4,4.0
6367,5395,4,3.75
6367,6097,3,7.636194104265039
6367,6364,3,7.599996768659642
6367,6405,3,3.5555555555555554
6367,6449,4,3.7567567567567566
6367,6497,5,4.16
6367,6840,4,3.5517241379310347
6367,8367,4,7.061394293104052
6367,8709,3,7.695569879757709
6367,9038,4,7.499659090956006
6367,9143,3,7.683247710957527
6367,9842,5,8.591543854291636
