user_id,book_id,rating,predict
6615,5124,4,8.647584657200138
6615,6192,4,6.666665709418234
6615,7675,4,7.248918542499251
6615,7825,4,7.379664399197349
6615,7959,4,6.7090735208619385
6615,8681,4,7.576832164830731
6615,8894,4,7.896551626797074
6615,9149,4,7.950759913391462
6615,9177,4,6.681155009960539
6615,9199,4,7.55661977909424
