user_id,book_id,rating,predict
6759,673,4,5.0
6759,1059,4,6.4560687760169415
6759,1187,4,7.937499839501214
6759,1310,3,4.166666666666667
6759,1482,3,7.356110705834313
6759,1522,4,7.214464834355438
6759,1587,3,6.886032082087503
6759,1757,3,7.91374883283476
6759,1807,4,7.162797439266526
6759,4323,4,7.9382020087674405
6759,6871,4,3.8666666666666667
6759,7542,3,5.830553362695858
6759,7777,2,3.6666666666666665
6759,8936,3,6.360673050343081
6759,9012,2,6.360581014990024
6759,9485,4,5.880594315492706
