user_id,book_id,rating,predict
7020,4682,3,8.70044795872656
7020,4731,5,7.260868417007281
7020,7948,5,8.326052999577652
