user_id,book_id,rating,predict
7081,1626,3,8.841778850975452
7081,1728,4,8.158492557260086
7081,1760,4,8.605740226993252
7081,2134,3,7.5303767587464225
7081,2201,3,6.985255390792407
7081,5490,3,7.999999364401161
7081,5815,3,8.697114974247263
7081,5922,4,8.060102255443805
7081,6943,4,3.8214285714285716
7081,7473,4,4.057142857142857
7081,7960,3,8.894882512454018
7081,8561,4,8.443358137989948
7081,8614,4,8.992299598521834
7081,8673,2,8.80596823433803
7081,9524,4,9.058779867632206
