user_id,book_id,rating,predict
7205,7468,5,9.185180973438875
7205,7602,5,3.769230769230769
