user_id,book_id,rating,predict
7357,878,3,6.937499653231088
7357,1800,2,6.849633982532307
7357,1886,3,7.132714697810852
7357,2241,2,7.108357506428467
7357,6593,2,3.5789473684210527
7357,7232,3,3.08
7357,7662,4,7.408976168435011
7357,8647,2,7.269324636707053
7357,8815,1,3.4642857142857144
7357,8850,2,7.893977880735075
7357,9393,3,7.179691393411767
