user_id,book_id,rating,predict
7520,2310,5,4.0
7520,2424,4,6.749545817911064
7520,3469,4,4.2
7520,5845,4,6.71729345756205
7520,6853,4,3.230769230769231
7520,7833,5,6.049999299474141
7520,9443,5,4.2631578947368425
7520,9702,5,5.836057790914875
7520,9744,4,6.028927182645795
