user_id,book_id,rating,predict
7526,5428,3,6.999994763822612
7526,6037,5,3.9714285714285715
7526,6169,3,7.192800591483072
7526,6798,3,6.9230761405573435
7526,7378,3,6.486037115473215
7526,7446,4,7.133332870539231
