user_id,book_id,rating,predict
7953,732,3,3.5
7953,764,3,4.5
7953,1459,2,7.540532130334964
7953,1481,3,3.1666666666666665
7953,1733,3,6.400599769258928
7953,1938,3,7.49999915657224
7953,2028,3,5.983023292926536
7953,2085,2,6.43411295165909
7953,2102,3,6.3852831703527775
7953,3493,5,4.333333333333333
7953,3946,5,6.99999970612563
7953,4297,4,4.6
7953,7352,4,4.111111111111111
7953,8677,4,7.744184611356703
7953,9173,4,7.892300099491399
