user_id,book_id,rating,predict
804,5830,4,4.166666666666667
804,8152,4,6.921568493255473
