user_id,book_id,rating,predict
8164,870,3,4.333333333333333
8164,1522,4,7.535067006144523
8164,2117,4,7.9114435201147
8164,2253,2,8.898121413891623
8164,3144,3,6.444505639125543
8164,3190,3,8.858260844344493
8164,6413,5,8.509102312830581
8164,7285,4,8.019122774029318
8164,7352,4,4.111111111111111
8164,7601,4,8.896550135944766
