user_id,book_id,rating,predict
8186,6575,4,3.972972972972973
8186,6688,3,6.846153644216367
