user_id,book_id,rating,predict
8365,2258,5,3.0
8365,3849,5,4.0
8365,4486,5,4.0
8365,5249,3,8.714285034218378
8365,6058,5,8.333333243359974
8365,6249,5,8.49999810015104
8365,6312,5,8.11312043536696
8365,6487,4,8.166664161847631
8365,7069,4,7.966190067249028
8365,8109,5,8.526360716610714
8365,8157,3,7.431597443600614
