user_id,book_id,rating,predict
8635,4295,3,6.8212625377893765
8635,4335,3,6.847998630187801
8635,5364,3,4.0
8635,6285,3,3.8125
8635,6546,3,6.798219345884481
8635,7366,4,6.6930925350367065
8635,7382,3,3.75
8635,7384,3,3.869565217391304
8635,7557,3,6.92498819155907
8635,7898,3,6.8374203376826745
8635,8261,3,7.339493975507115
8635,9503,3,7.666645318557764
8635,9574,3,6.7619045172186265
