user_id,book_id,rating,predict
8760,4668,1,3.875
8760,5725,1,8.324995687171443
8760,5971,2,-1.1960749231029277
