user_id,book_id,rating,predict
882,1595,4,7.232111916328945
882,2958,4,7.565241186051336
882,3342,3,7.4179918785777685
882,6007,4,8.018672963218687
882,7338,3,6.647050063713341
882,8025,1,4.081632653061225
882,8944,3,7.632391910917214
882,9995,1,6.217952549820598
