user_id,book_id,rating,predict
8997,6287,3,4.157894736842105
8997,6604,3,7.416665810969537
8997,7131,3,4.285714285714286
8997,7491,3,6.694671247230948
8997,7882,3,3.36
8997,7977,4,7.976620503230822
8997,7995,3,6.174999654408628
8997,8083,4,8.363627414607187
