user_id,book_id,rating,predict
9084,644,4,7.354269137051993
9084,947,4,7.11603845880403
9084,995,4,7.62999403834747
9084,3986,5,3.6666666666666665
9084,4297,4,4.6
9084,5697,4,7.499999547710621
9084,5815,4,7.830904379694227
9084,8196,5,7.760146713753946
9084,8827,5,8.392605452728132
9084,9508,5,8.546051303077302
