user_id,book_id,rating,predict
9261,4981,4,4.230769230769231
9261,6272,5,8.869565102515292
9261,6575,4,8.972965906152687
