user_id,book_id,rating,predict
9272,2171,2,6.553385750687073
9272,4756,2,4.980022898223402
9272,6200,4,6.1438281152566585
9272,6306,2,4.37359470718423
