user_id,book_id,rating,predict
9322,1047,5,8.732661634018235
9322,1175,5,8.499999131162037
9322,1229,5,5.0
9322,1635,5,8.36363639702938
9322,1781,4,8.737344792640657
9322,1941,2,7.952895823033671
9322,1943,4,7.827370654141134
9322,2007,5,8.420228015201893
9322,2088,5,7.947901841195004
9322,2127,4,7.8338137253628215
9322,2338,5,8.865671042419562
9322,2418,4,8.91549229224928
9322,2582,5,8.689272249473307
9322,5656,3,8.348964250433221
9322,6006,5,9.070765059479829
9322,7390,4,3.774193548387097
9322,7564,4,3.466666666666667
9322,8348,4,7.420162446076316
9322,9417,4,9.042856975610544
9322,9528,3,8.180555326184253
9322,9994,5,8.247769718101143
