user_id,book_id,rating,predict
9578,4824,5,3.8333333333333335
9578,6831,4,7.726134953777648
9578,6857,5,8.270262117400799
9578,7376,4,7.913340348627731
9578,7571,5,8.540298376583046
9578,7754,3,6.631777535870638
9578,7761,4,8.311388095700167
9578,8258,3,7.531618243216097
9578,8284,5,7.690905991826066
