user_id,book_id,rating,predict
962,645,4,2.6666666666666665
962,655,3,3.6666666666666665
962,884,4,7.999999837612563
962,1054,4,7.777776077167608
962,1082,3,7.566664440376336
962,1182,4,8.339853503118388
962,1205,4,8.0561631354077
962,1244,3,7.252203190862393
962,1479,3,8.40370844532407
962,2872,5,8.199998766188916
962,5592,4,3.8181818181818183
962,6664,5,4.2
962,6769,4,9.041661875899734
962,8828,3,7.507460818987466
962,8844,1,3.378787878787879
962,8985,4,3.893939393939394
