user_id,book_id,rating,predict
10332,7102,5,9.266666608819323
10332,7339,4,3.9375
10332,7497,5,9.270268817420813
10332,8075,5,9.076922937816663
