user_id,book_id,rating,predict
10858,4399,3,3.4285714285714284
10858,5581,4,3.2857142857142856
10858,5733,3,6.090875946313039
10858,6444,3,7.411764594558857
10858,6445,5,7.173910676571071
10858,6532,3,6.315789505043371
