user_id,book_id,rating,predict
10949,5779,3,4.170731707317073
10949,7964,3,3.8870967741935485
