user_id,book_id,rating,predict
1102,6988,3,4.0588235294117645
1102,7251,4,7.534152151525131
1102,7543,4,3.5454545454545454
