user_id,book_id,rating,predict
113,3708,2,3.3333333333333335
113,4656,4,7.708333328992516
113,4663,3,4.0
113,5092,4,7.755101965594513
113,5294,5,9.030302607656813
113,7647,5,6.7499963661135585
113,8398,3,7.642855489801759
113,9533,5,8.341384527907435
113,9542,5,8.666666017471632
