user_id,book_id,rating,predict
11567,5845,3,3.35
11567,6296,5,9.142847941947146
11567,7502,4,8.757657195057787
11567,8382,2,3.3548387096774195
