user_id,book_id,rating,predict
11571,3222,4,6.615384286537789
11571,4106,5,3.25
11571,4341,4,7.8366654128158935
11571,4811,5,4.4
