user_id,book_id,rating,predict
11673,6269,4,7.699999684368578
11673,6689,4,7.899999665441301
11673,7064,4,7.904761675645856
11673,7159,4,7.9545452391660225
