user_id,book_id,rating,predict
11732,2569,4,8.06984895580711
11732,2651,4,8.164178442060456
11732,2755,4,8.247123384346166
11732,3111,5,8.367103512041256
11732,3178,5,7.91508729455182
11732,3246,5,7.986841859842354
11732,3247,5,8.033348703739321
11732,3291,4,7.076428292654141
11732,5332,4,7.908687984636823
11732,5714,5,8.335197206980023
11732,8432,4,8.48632359615673
