user_id,book_id,rating,predict
11785,3261,2,8.174817906860426
11785,3696,3,8.479346659228133
11785,3820,3,8.4632333460392
11785,7517,5,8.083741175590863
11785,8681,3,4.111111111111111
11785,8688,5,6.364302977007354
11785,9766,4,7.469550021107796
