user_id,book_id,rating,predict
1229,4342,2,6.49999861256536
1229,4663,5,4.0
1229,4861,3,8.411731326491097
1229,6296,3,4.142857142857143
1229,6469,3,7.729166231967081
1229,6895,2,8.499998492092816
1229,7608,5,5.950889759765953
