user_id,book_id,rating,predict
12603,5483,3,9.060596269691647
12603,5779,4,6.595731129632668
12603,5786,3,8.132003305535022
