user_id,book_id,rating,predict
12679,1647,4,4.0
12679,2033,4,8.777635982892196
12679,2588,3,5.686927106879459
12679,3251,1,7.4475379304465035
12679,3538,3,5.848822535833736
