user_id,book_id,rating,predict
13242,657,4,6.205462095529598
13242,1046,4,7.061714246765618
13242,1060,4,4.0
13242,1148,4,8.441010658655223
13242,1309,4,8.187400637669
13242,3867,4,3.6666666666666665
13242,3885,5,3.6666666666666665
13242,5286,3,9.187487747138647
13242,6007,4,8.545095740924339
13242,7826,4,7.847825572388295
13242,8847,4,7.820741439229124
13242,8930,3,7.8904080393459495
13242,9514,2,7.19345577325414
13242,9759,3,7.311565104611763
13242,9949,3,6.631363558347931
