user_id,book_id,rating,predict
13328,1437,4,4.068181818181818
13328,1541,4,3.8545454545454545
13328,5026,3,6.8924730161674805
13328,5795,3,6.772083208560213
13328,5945,4,6.846153885481259
13328,6073,3,6.702127468658712
13328,8068,3,7.200093376825508
13328,9890,3,7.166530633921127
