user_id,book_id,rating,predict
1352,659,4,4.0
1352,690,4,4.0
1352,1063,3,8.16666321001013
1352,1102,4,8.47272469235751
1352,1436,1,8.157888484304186
1352,1908,1,8.326085319737556
1352,2163,4,8.022956744711339
1352,2464,5,8.297296848863589
1352,2561,4,7.147459251533689
1352,5430,5,3.4285714285714284
1352,6712,3,3.8378378378378377
