user_id,book_id,rating,predict
13538,3572,1,4.999999843159273
13538,4465,3,8.86666589678702
13538,4501,5,9.421051969255911
13538,4518,2,9.19228794614498
13538,4694,3,5.100538466898296
13538,4796,4,9.49999990917397
13538,5008,3,8.999999003286652
13538,5637,2,4.4
