user_id,book_id,rating,predict
13650,7484,4,6.945425863427777
13650,7567,3,6.115137510879824
13650,7955,2,6.498580182938335
