user_id,book_id,rating,predict
13721,5546,3,4.111111111111111
13721,7051,4,8.166665588813384
