user_id,book_id,rating,predict
14073,2223,3,6.943531079247455
14073,3109,4,7.726189728977358
14073,3584,4,7.40434271152057
14073,3920,4,7.836529829535639
14073,4091,4,6.929411482875035
14073,4268,3,7.526315584245975
14073,4298,3,7.516924344547302
14073,5596,4,7.499999102428555
14073,6264,4,7.4813270035673956
14073,7173,4,4.225806451612903
14073,7307,4,3.6666666666666665
14073,8627,4,7.962564593712965
14073,8635,3,7.999999351138078
14073,8847,5,8.258620369398914
