user_id,book_id,rating,predict
14554,4935,5,8.075471313978351
14554,4980,3,7.277546335762549
14554,7043,5,8.235293585455372
