user_id,book_id,rating,predict
14783,7004,4,-0.4615122529449742
14783,9658,4,0.08003450629384634
