user_id,book_id,rating,predict
1481,4940,5,4.5
1481,5280,5,3.3333333333333335
1481,5954,4,8.333331565539076
1481,6475,4,3.6666666666666665
1481,6577,4,3.8
