user_id,book_id,rating,predict
15141,629,3,7.4117607002479335
15141,708,3,3.6486486486486487
15141,1837,4,3.933333333333333
15141,1947,3,6.705881321417332
15141,2509,3,4.270587687884719
15141,3357,3,6.814814776885362
15141,3416,2,5.932427507632978
