user_id,book_id,rating,predict
15259,1372,4,3.3333333333333335
15259,1475,3,4.666666666666667
15259,1647,4,4.0
15259,1933,4,2.5
15259,2033,5,5.777777216309836
15259,2292,4,6.714285175366503
15259,2588,3,6.292659660978187
15259,3093,5,8.279284167606608
