user_id,book_id,rating,predict
15306,2790,4,4.0
15306,4004,5,4.0
15306,4055,4,4.0
15306,4202,5,3.3333333333333335
15306,4969,3,3.25
15306,5146,4,4.0
15306,6101,4,7.304149271442018
15306,7008,3,9.319998222676373
15306,7169,5,8.57142731090781
