user_id,book_id,rating,predict
1622,5493,5,8.406249562739253
1622,5778,4,7.153845974751527
