user_id,book_id,rating,predict
16302,1006,4,6.847291386604691
16302,2525,5,7.54375861234972
16302,2641,5,8.753622991282079
16302,4958,3,4.041666666666667
16302,5311,4,8.333332111844488
16302,7376,4,8.600701306623844
16302,7456,2,7.888888467923458
16302,7681,3,3.5454545454545454
16302,7851,3,7.538932830865065
16302,8169,5,7.403508252279436
16302,8751,4,8.01818104399036
16302,9675,3,6.551020341828918
16302,9887,4,3.626865671641791
