user_id,book_id,rating,predict
16366,3471,4,7.249995888374107
16366,5205,4,4.4
16366,5962,5,9.210477196435335
16366,5986,3,9.28887102646052
16366,6749,5,8.318181696923515
16366,7580,5,9.326529455111794
