user_id,book_id,rating,predict
16607,5311,3,7.33332666949182
16607,7722,5,8.736841787603872
16607,8171,4,8.848484407600502
16607,8397,4,8.904761487592399
