user_id,book_id,rating,predict
16884,1747,3,5.0
16884,2256,5,5.0
16884,4136,2,3.4
16884,4327,4,4.5
16884,4482,5,7.333330644892185
16884,4945,5,8.867995231589646
16884,5142,3,7.916666586319829
16884,5472,5,3.5
16884,5593,5,8.529666979431482
16884,5682,5,9.035332415012043
