user_id,book_id,rating,predict
17032,4152,5,4.125
17032,4519,2,4.0
17032,7358,4,3.772727272727273
17032,7462,4,6.784313394049044
