user_id,book_id,rating,predict
1722,1154,4,7.107142524030461
1722,1349,3,7.433206545593982
1722,1672,5,7.1428562155150255
1722,1969,4,6.660377074475749
1722,2172,4,7.063829751639263
1722,2295,3,6.999999686630255
1722,2357,4,7.042856902614846
1722,4908,3,6.655293464650111
1722,4972,3,6.749999784787171
1722,5765,3,3.6666666666666665
1722,5911,3,4.153846153846154
1722,6070,4,4.0
1722,9905,4,6.3164517521599794
