user_id,book_id,rating,predict
17617,659,4,4.0
17617,1055,5,9.66666642524814
17617,1191,4,9.666662429340143
17617,1378,5,8.663706360735972
17617,1591,5,9.0833328504357
17617,1689,3,8.05882220016995
17617,1914,4,8.708332617788816
17617,2027,4,8.921567854521841
17617,6935,5,3.3333333333333335
17617,7008,4,4.32
17617,8479,5,3.689655172413793
17617,9389,4,8.924206733952634
