user_id,book_id,rating,predict
17989,7045,3,6.611110720819603
17989,7879,3,6.36170193600152
