user_id,book_id,rating,predict
18291,4091,3,8.929411691300448
18291,4716,3,7.452892437788323
18291,4810,5,7.206377314568695
18291,4845,4,5.714202397980765
18291,6607,2,7.229778150667864
18291,7668,2,8.878784088569628
18291,7769,2,8.73528445859137
18291,8923,4,8.862744476337408
18291,9323,2,5.804065923465748
