user_id,book_id,rating,predict
18445,6977,5,4.551724137931035
18445,7222,5,7.9615127914287775
18445,8164,5,8.548385265219823
