user_id,book_id,rating,predict
18657,1357,3,8.035082361358096
18657,1691,3,8.317551367430802
18657,1896,4,6.905049072051799
18657,2002,2,9.069766878772931
18657,2076,5,8.494501053656666
18657,2366,5,8.980769041464026
18657,2466,5,9.37735828997991
18657,2544,2,8.74137882516741
18657,2680,5,7.2068563618639825
18657,2732,3,8.553571178692978
18657,3469,5,4.2
18657,4880,4,7.918669967659829
18657,6456,4,8.268726552676855
18657,8226,2,7.56459936378456
