user_id,book_id,rating,predict
1875,647,3,5.9999994792640745
1875,775,3,5.749999503615163
1875,1072,3,6.171995314747957
1875,1711,2,7.169791125156078
1875,1833,5,8.699062522190946
1875,2114,4,7.923076417216533
1875,2589,3,5.75167584406843
1875,2630,3,6.814397225948744
1875,9516,4,4.0
1875,9860,4,5.903673885411572
