user_id,book_id,rating,predict
19363,3954,4,9.333332376776983
19363,4395,4,4.75
19363,6460,3,3.888888888888889
19363,7008,5,4.32
19363,7382,4,3.75
19363,7425,4,7.999997847687287
