user_id,book_id,rating,predict
19444,7050,5,5.192307427340307
19444,7926,1,7.773997204609185
