user_id,book_id,rating,predict
19502,2167,4,8.059019013641565
19502,2533,2,7.953575400215829
19502,2587,3,8.202134564191613
19502,2629,4,7.9568815855278245
19502,3189,3,7.211110178841314
19502,3241,5,7.5368419773239586
19502,3318,3,6.894735916201045
19502,5954,5,8.333329640329293
19502,6207,2,6.499999619963881
19502,6865,2,3.28
