user_id,book_id,rating,predict
19643,992,5,5.0
19643,1035,5,8.945451894856369
19643,1128,5,8.999998802551033
19643,1494,5,8.656249234155103
19643,1615,5,8.92156808820953
19643,1815,5,9.22580548799106
19643,1942,5,8.63491807271469
19643,2021,5,8.458332054782387
19643,2523,5,9.212765640987774
19643,2582,5,9.027777567338703
19643,2648,5,9.380951746326797
19643,2650,5,8.62499937072596
19643,7840,5,8.838709105477594
19643,8845,5,4.0
19643,9647,5,8.74576151838965
