user_id,book_id,rating,predict
1967,4173,4,3.5
1967,5312,4,4.3076923076923075
1967,5769,5,8.36363627690301
1967,6846,5,4.4
