user_id,book_id,rating,predict
19755,128,2,2.0
19755,900,5,8.169924404079701
19755,1100,4,7.107296032461033
19755,1113,5,5.654557026054762
19755,1160,3,8.102805605144429
19755,1235,4,7.2857137721005465
19755,1314,4,6.769230217583643
19755,1364,4,8.821601566362332
19755,1877,5,7.227272297692022
19755,1963,3,6.074412427010174
19755,2063,3,6.810810276525978
19755,2209,4,7.345894559921479
19755,2240,3,6.3076919505990885
19755,2242,3,6.3587090494657925
19755,2259,3,7.243300980346042
19755,2272,4,6.805431527280598
19755,2297,3,7.8888882624174865
19755,2366,5,7.9807689845783445
19755,3377,4,4.0
19755,4475,4,7.499999713274079
19755,6156,4,7.111110703210545
19755,6456,4,7.43087397377542
19755,6664,4,7.199999569148506
19755,7440,3,7.399999627422548
19755,8399,3,5.754616406245757
19755,8647,3,6.3977883946511085
19755,8863,3,6.962263878100018
