user_id,book_id,rating,predict
19892,2069,4,6.431034378001341
19892,3116,4,6.968749296537468
19892,3286,3,5.499999982543422
19892,3614,3,5.60975608284575
19892,3918,3,5.630952284240934
19892,4218,3,6.652631465422573
19892,4289,2,5.551724054749614
19892,6420,3,6.611432892349985
19892,8068,3,6.72222233494209
19892,8465,2,5.977777708583583
19892,8790,3,6.45833222857535
19892,9890,3,6.724999799451143
