user_id,book_id,rating,predict
20633,4043,5,8.124983669897036
20633,4704,3,4.0
20633,6479,3,7.111602582261863
20633,6491,4,8.35714047553907
20633,6707,4,3.5714285714285716
20633,6799,3,3.75
20633,7140,3,7.555554981244645
