user_id,book_id,rating,predict
20788,7764,2,6.879999764065323
20788,7962,3,5.769094602180262
20788,8089,3,7.079364952611268
