user_id,book_id,rating,predict
20923,655,2,3.6666666666666665
20923,685,3,5.857142573707765
20923,897,2,4.0
20923,1050,2,6.506422155960266
20923,1298,3,7.133332454469382
20923,1399,3,7.058823285879884
20923,1437,3,7.068181757024401
20923,1531,4,6.999999877358686
20923,1591,4,7.083333045956882
20923,1881,2,7.163002470544235
20923,1917,3,6.647655041180842
20923,2066,4,7.181307405830886
20923,2187,3,5.7362025913120345
20923,2211,3,6.285306010495669
20923,8197,3,4.111111111111111
20923,9552,2,3.6031746031746033
20923,9585,3,7.692409775150777
