user_id,book_id,rating,predict
21133,4272,4,3.75
21133,4735,4,3.5714285714285716
21133,6101,4,7.714285362951561
