user_id,book_id,rating,predict
21151,6013,4,7.166666144261743
21151,6653,3,3.3076923076923075
21151,6681,4,4.0
21151,7614,4,7.461538422586648
21151,7627,4,8.166666373598117
21151,8035,3,3.6842105263157894
