user_id,book_id,rating,predict
21216,5420,5,3.7857142857142856
21216,6857,4,9.270267342740278
21216,7142,4,8.068181170773764
21216,7517,4,8.650485452266043
