user_id,book_id,rating,predict
21464,3802,3,3.5
21464,5762,4,3.75
21464,5984,3,6.6874948942693955
21464,6053,4,6.529411658914222
21464,7247,5,6.588233439124254
21464,7439,4,8.153837910580828
