user_id,book_id,rating,predict
22134,5783,5,3.5
22134,8078,5,9.203703334121762
22134,8112,5,9.22950764622427
22134,8217,5,8.785712248758301
22134,8465,4,7.977777639389388
22134,8594,4,8.444442058649539
