user_id,book_id,rating,predict
22301,470,5,6.666666270273853
22301,564,4,6.999998551974515
22301,927,4,7.363064305120823
22301,1370,3,8.68109650457503
22301,1392,4,7.666665472719069
22301,1464,4,8.249999197696274
22301,1508,4,7.578945819189322
22301,1583,4,7.520833275455729
22301,1604,4,7.899999902480466
22301,1704,5,7.6087991365558505
22301,2855,4,2.6666666666666665
22301,6282,4,3.5
22301,7943,3,6.891891214718962
