user_id,book_id,rating,predict
22651,720,5,8.010645554671864
22651,835,5,4.0
22651,8187,5,9.090018524042769
22651,8506,4,6.8440076075947776
22651,8806,4,8.943573791784358
22651,9133,5,7.7341716145549135
22651,9152,4,8.085558960425017
22651,9408,4,8.913903477154786
22651,9480,5,8.28549288322698
22651,9925,5,8.477602554775238
