user_id,book_id,rating,predict
22947,4824,4,3.8333333333333335
22947,5286,5,4.1875
22947,6062,3,3.6486486486486487
22947,6295,4,4.0
22947,6677,3,7.599983654279028
22947,6809,4,8.82743071801234
