user_id,book_id,rating,predict
2297,2263,3,3.6666666666666665
2297,2681,4,4.0
2297,3129,4,3.6666666666666665
2297,4225,4,4.428571428571429
2297,4750,4,8.199999523619644
2297,5215,4,7.999999582266031
2297,5640,4,9.333332165001563
