user_id,book_id,rating,predict
23080,1560,3,6.632652514309493
23080,1840,4,6.555555346525249
23080,1891,5,9.300857697570866
23080,1901,5,8.878142315822004
23080,2130,3,6.637499810125206
23080,2306,4,8.824173749879598
23080,2417,3,6.693181528055565
23080,2807,4,8.807804810980748
23080,2887,4,8.680363567608884
23080,2930,5,8.816197974962524
23080,3115,3,7.131868227589857
23080,3571,4,7.083333209493299
23080,6689,3,8.899997016716682
23080,7687,4,8.013078532756882
