user_id,book_id,rating,predict
23618,4558,3,8.899999680209834
23618,6545,3,7.342539496257263
23618,6782,3,9.499998067372267
