user_id,book_id,rating,predict
23904,2968,4,7.894755990216112
23904,5136,5,7.816339225920649
23904,5504,3,8.804361317962137
23904,6792,3,7.333332944806299
23904,8276,4,3.71875
23904,8435,5,3.6052631578947367
