user_id,book_id,rating,predict
24414,2231,4,8.81012687332295
24414,2728,4,7.078947403449746
24414,3099,5,8.131578724092073
24414,3645,4,8.444431956535931
24414,6220,4,4.0
24414,6354,4,8.876570192314182
24414,7446,4,8.815827763511646
24414,8167,4,8.020832756345733
24414,8633,5,7.510414071436667
24414,8815,5,3.4642857142857144
24414,9058,3,7.713549263221012
24414,9235,3,7.332109257915697
24414,9359,4,8.401454156147661
