user_id,book_id,rating,predict
24598,719,3,8.699999176308896
24598,764,5,4.5
24598,1265,2,4.285714285714286
24598,1300,3,4.0
24598,1712,4,8.216040733251221
24598,1757,3,8.149999204805622
24598,1961,1,5.008480727369535
24598,4211,5,7.850621084971903
24598,4295,3,8.833333418989632
24598,9113,5,7.35375589905486
