user_id,book_id,rating,predict
24686,1532,5,8.082701784450663
24686,1565,3,2.739130434782609
24686,1899,5,8.450979797220723
24686,1979,3,8.069767323120985
24686,2094,5,8.692307418569873
24686,2138,5,8.781249648651661
24686,2261,5,8.535713908666265
24686,2264,5,8.860464911792697
24686,2568,5,8.531249739863787
24686,2575,5,8.482003956348862
24686,2675,5,8.857142313522694
24686,2746,5,8.050532268010782
24686,2773,5,8.707317004980391
24686,2878,5,6.548386721227654
24686,3025,5,8.465753547371627
24686,3058,5,6.959990971681074
24686,3112,3,7.35120493319683
24686,3113,3,8.58024698106396
24686,3845,1,6.054415403262759
24686,6757,5,8.304347399878466
24686,8803,4,3.732142857142857
24686,8983,4,8.005170318700156
24686,9057,2,7.079008867343491
24686,9488,5,9.095237801150832
