user_id,book_id,rating,predict
24854,5521,4,7.8120030278881645
24854,5607,5,8.51548617059752
24854,7129,4,3.310344827586207
24854,7687,4,7.659088222134244
24854,7724,4,8.6240541951386
