user_id,book_id,rating,predict
25246,6434,5,5.9166663460337166
25246,6749,5,7.318180086955659
