user_id,book_id,rating,predict
25277,5830,5,4.166666666666667
25277,7164,4,8.166665942968844
25277,7619,5,8.489330226789228
25277,7748,5,8.409830654124125
25277,7855,3,8.57456796932151
25277,8640,3,8.393394448534526
