user_id,book_id,rating,predict
25435,1771,2,8.999999430733755
25435,1872,3,8.812499544800456
25435,1899,3,8.45097894505721
25435,1907,3,9.289473260166028
25435,1996,5,8.54838717016141
25435,2123,5,8.18567869427559
25435,2763,3,7.504579642406647
25435,3018,2,8.86566985037754
25435,6595,3,4.2
25435,7065,5,8.666666600349851
25435,7289,5,8.789473360428634
25435,8002,3,3.696969696969697
25435,8012,4,4.0
25435,8254,5,8.687499549190509
25435,8477,4,8.927270351967548
25435,9472,3,8.379963910314226
