user_id,book_id,rating,predict
2591,5441,1,5.588234084330323
2591,5580,5,9.333333204706813
2591,6194,4,3.6923076923076925
2591,7410,2,7.095187587617593
2591,7662,3,3.9473684210526314
2591,8728,1,6.29833860358963
