user_id,book_id,rating,predict
26029,6789,5,9.24999961569246
26029,7220,5,7.099238255153113
26029,7725,5,6.659573235313687
