user_id,book_id,rating,predict
26756,6271,4,7.93333280800737
26756,7061,4,7.635931008282073
26756,7381,3,8.283018473359041
