user_id,book_id,rating,predict
26853,1494,3,6.635925963621812
26853,1495,4,7.985187480724466
26853,1781,4,8.91999962841863
26853,3248,4,9.66666570638475
26853,3602,4,3.5
26853,5180,4,9.133331814179266
26853,6006,5,8.249999233997205
26853,8937,4,8.918439325260668
26853,9495,4,9.238094186529894
26853,9502,3,9.03570773486189
26853,9934,5,4.08
