user_id,book_id,rating,predict
27021,3813,3,2.75
27021,3915,4,8.142854447082733
27021,6292,3,4.0
27021,6798,3,3.923076923076923
27021,7616,3,5.472195949269326
27021,7691,3,6.4107836639628575
27021,7941,4,6.974093133896957
27021,8146,4,7.799997440652451
27021,8245,5,8.274395578661242
