user_id,book_id,rating,predict
27122,2709,4,8.005881532058739
27122,2982,4,7.9367084766968
27122,5881,1,9.066666306898998
27122,6298,5,9.312262182984838
27122,7952,4,7.840821491647275
27122,9549,4,8.589737858331254
