user_id,book_id,rating,predict
27318,1125,3,2.5
27318,3146,2,6.599999613207362
27318,3225,4,3.892857142857143
27318,4045,2,2.096774193548387
27318,6253,4,7.333331667889227
27318,7033,5,7.877914176771537
27318,7889,4,7.826429158472035
27318,8191,3,6.393958070055427
27318,8355,4,3.462686567164179
