user_id,book_id,rating,predict
27586,2185,3,5.24218331003858
27586,4738,1,5.796786868103622
27586,5246,1,7.033040238637589
27586,5736,3,5.983940999903588
27586,6004,3,3.3333327981016345
27586,6127,5,6.089573237576559
27586,6343,3,5.496620968802918
27586,6464,3,5.81240576018614
27586,6476,1,6.155046601310415
27586,6711,3,7.751588368504654
27586,6983,5,6.684210364407173
27586,7073,5,6.742756414960036
27586,7100,3,8.964285526109459
27586,7136,1,6.105897513733993
27586,7303,1,4.791666614646413
27586,7729,1,5.555826856296687
27586,7764,1,7.798398210508175
27586,7847,1,6.324417377262179
27586,7903,2,7.064424868750255
27586,8001,1,5.01388880343729
27586,8137,1,4.956521663009142
27586,8392,1,7.984088254076531
27586,8395,4,5.0588234804821814
27586,8952,3,4.999999910109679
27586,9105,3,6.209423644522108
27586,9269,2,5.2760677800318305
27586,9619,3,8.305621110828387
