user_id,book_id,rating,predict
27644,6471,4,6.571427748198904
27644,6748,3,7.2999871947804635
27644,6940,3,7.0882349996236425
