user_id,book_id,rating,predict
27756,5901,5,9.34164995468472
27756,7622,5,9.104165438425117
27756,8519,4,8.913025162821164
27756,8654,4,8.404758009568791
27756,9311,5,7.657142205438696
27756,9675,1,4.551020386051817
27756,9743,4,4.051724137931035
