user_id,book_id,rating,predict
28068,4382,4,8.666666590346285
28068,6694,3,7.733333289111078
28068,6713,3,8.307691420747211
28068,6769,3,4.041666666666667
28068,6843,3,6.873884799210671
28068,7033,3,6.46153821106184
28068,7365,4,6.896550866563032
28068,7424,4,7.292062754936803
28068,7908,4,7.515927691095017
