user_id,book_id,rating,predict
28269,443,4,4.0
28269,634,3,6.999999710468277
28269,761,2,6.4999994663634855
28269,854,4,6.333333148920711
28269,955,4,6.333333160700687
28269,1001,4,4.0
28269,1060,3,6.999999128221072
28269,1063,4,6.166666589621146
28269,5792,4,4.0
28269,6935,4,6.333332823543564
28269,9272,4,7.325915565729508
