user_id,book_id,rating,predict
28316,5075,1,5.285714197055297
28316,5205,2,7.732467071685559
28316,7288,1,6.693984045108106
28316,7927,3,6.592160012693364
28316,8113,1,4.594652078503778
28316,8381,3,6.294041400162381
28316,8587,3,8.078123870562425
28316,8652,2,6.414510184900255
