user_id,book_id,rating,predict
28438,717,3,9.517241163831194
28438,1122,3,7.471600390553295
28438,1140,4,8.760000052668039
28438,1197,5,9.035713872725818
28438,3624,5,8.49999910832985
28438,3901,3,8.255391703251606
28438,4207,5,8.333333254593017
28438,4596,5,6.999999612209258
28438,5267,4,8.833332943681196
28438,5622,5,8.785712726885652
28438,5633,5,8.863635486114397
28438,6270,5,8.1666661436538
28438,6562,5,9.088888831278098
28438,6571,3,9.562498772290663
28438,6747,5,8.999999925818342
28438,6861,5,8.849999343142697
28438,6911,3,8.862067309541874
28438,7091,5,8.786424207251603
28438,7452,5,8.49999932128733
28438,8003,5,8.918918530998324
28438,8123,5,8.830769034715802
28438,8970,2,3.5789473684210527
