user_id,book_id,rating,predict
29220,1637,3,6.462486324611177
29220,2008,5,8.842201236892231
29220,2345,2,5.6711381224507
29220,4403,1,4.9429773014778755
29220,5098,3,6.3498789050743625
29220,5710,3,7.2727271023525155
29220,6596,4,8.065922323138324
29220,7285,4,3.3333333333333335
29220,8005,4,8.947023311579581
29220,8458,4,7.452197845990632
29220,9953,4,8.791362471791535
