user_id,book_id,rating,predict
29277,3761,5,4.0
29277,5154,3,3.8461538461538463
29277,5264,3,8.545453565026826
29277,5892,5,8.688859947697672
29277,5902,4,9.33333290438388
