user_id,book_id,rating,predict
29413,2784,3,4.333333333333333
29413,4153,4,3.875
29413,5610,2,8.514284305210131
29413,6928,4,7.744932410605356
29413,6961,5,4.022222222222222
29413,8594,5,7.1656099015945305
