user_id,book_id,rating,predict
29454,1357,3,7.144100914419583
29454,1699,5,7.425386000074378
29454,2236,4,5.0
29454,2880,4,3.2
29454,5102,3,3.4545454545454546
29454,5480,3,3.6842105263157894
29454,6639,4,3.9565217391304346
29454,6694,5,3.7333333333333334
29454,7560,4,8.919830314781628
29454,9196,3,8.323566306078469
