user_id,book_id,rating,predict
29466,3211,4,3.3333333333333335
29466,3503,4,4.0
29466,5379,5,3.75
29466,6140,5,9.249999853297997
29466,6293,4,4.25
29466,6422,5,8.81818156405134
29466,6506,5,3.24
29466,6538,4,3.8
29466,6831,5,9.05555503825708
29466,7065,5,8.666666605925005
29466,7289,5,8.789473360428634
29466,7721,4,8.363687924013616
29466,7732,5,9.099999032090114
29466,7930,5,3.6607142857142856
29466,8254,5,8.68749993635836
29466,8299,5,8.760869520137655
