user_id,book_id,rating,predict
29475,8353,4,3.9365079365079363
29475,8499,2,7.628566161563774
