user_id,book_id,rating,predict
29892,6019,5,7.869557165591267
29892,6122,4,8.894705443361152
29892,6300,5,6.599998657996425
29892,7023,4,7.932997056803508
29892,7558,5,7.962963033325725
29892,7759,4,7.266666618952171
29892,8054,4,8.517710592585429
29892,8148,4,7.260869435395728
29892,8206,4,7.551020192149799
29892,8462,5,7.69090869817846
