user_id,book_id,rating,predict
30157,4829,4,3.1666666666666665
30157,7487,5,7.904761440800368
30157,7659,4,5.231328462703104
30157,7665,3,7.586956327625547
30157,7758,4,7.933332909904953
