user_id,book_id,rating,predict
30177,3888,5,8.833332781678347
30177,4405,3,4.0
30177,4750,5,4.2
30177,5029,5,3.8333333333333335
30177,6643,5,9.083332886513116
30177,6756,5,8.999999386380189
30177,7020,4,8.76923024155596
30177,7174,4,9.089285057028317
