user_id,book_id,rating,predict
30582,3554,5,9.399999270258682
30582,4373,5,9.33333313059854
30582,4833,5,8.714285396998347
30582,5821,5,9.499999544358745
30582,5888,5,8.99999966280621
30582,5904,5,8.545454122816226
30582,5998,2,8.999999648866794
30582,6001,5,8.66666643321471
30582,6026,4,9.285599091412626
30582,6127,5,8.499999393908505
