user_id,book_id,rating,predict
30616,4569,5,7.333332829701014
30616,6424,5,8.23818674126793
30616,8918,5,8.754898028225279
