user_id,book_id,rating,predict
30629,4450,2,7.320758451190832
30629,5970,5,6.499999779514924
30629,5998,3,8.530925528129815
30629,6983,4,8.390154573394216
