user_id,book_id,rating,predict
30656,1130,4,8.536192793011246
30656,3842,3,7.749999616965381
30656,6387,2,8.033332907970564
30656,6849,5,8.49999564465475
30656,7085,5,8.235293580996377
30656,7488,4,8.410254485159822
30656,7697,3,7.459044016046835
30656,7744,3,3.5416666666666665
30656,8395,4,8.058823017633408
30656,9252,5,4.53125
30656,9982,5,8.06666596095943
