user_id,book_id,rating,predict
30667,6559,5,8.799992726991142
30667,6925,3,8.24956732198887
30667,7039,5,9.590901957755833
