user_id,book_id,rating,predict
30840,835,3,4.0
30840,1183,4,4.333333333333333
30840,3191,5,9.29999856103748
30840,3825,3,9.333330619222172
30840,4184,3,4.0
30840,5575,4,3.1666666666666665
30840,5976,5,9.285714160727448
30840,6101,5,8.121338661239799
30840,6171,4,9.062499608697228
30840,6321,5,8.799999016008345
