user_id,book_id,rating,predict
312,7025,3,7.298142769179182
312,7684,4,7.7751830737699885
