user_id,book_id,rating,predict
31455,5523,4,9.216214823674385
31455,5780,5,6.651162662502125
31455,5847,5,7.735382888995398
