user_id,book_id,rating,predict
31564,1236,3,9.099072728097452
31564,1494,5,6.424005633991245
31564,1666,3,9.148289918217635
31564,1678,2,7.968749287795324
31564,1857,4,8.575381034958987
31564,4670,5,3.8
31564,6010,3,7.181816925592445
31564,6547,4,8.19047269426451
31564,8309,5,8.761901491726302
31564,9018,5,8.538593383091147
31564,9281,3,8.72222005409512
