user_id,book_id,rating,predict
31670,5679,5,3.772727272727273
31670,7299,5,8.268290864166838
