user_id,book_id,rating,predict
32405,4935,3,7.916924952342742
32405,5706,3,5.121035910950479
32405,7472,5,7.183098551394007
32405,7790,4,8.451225408066632
