user_id,book_id,rating,predict
32513,6537,5,9.151515074344807
32513,7181,4,9.06248712699469
