user_id,book_id,rating,predict
32736,1444,4,8.906975575616652
32736,2149,5,9.549018501047314
32736,2421,5,8.79220021332656
32736,2426,5,8.743243176401041
32736,2506,5,3.4310344827586206
32736,2527,5,9.54054045685395
32736,2673,5,8.982455835785427
32736,8594,4,8.444442802854432
32736,8688,5,3.1451612903225805
32736,8940,5,4.066666666666666
