user_id,book_id,rating,predict
32834,220,5,2.0
32834,370,5,2.0
32834,548,1,8.249999360635499
32834,636,5,7.46992923850875
32834,655,4,7.19330031989424
32834,685,4,6.741521315703774
32834,717,5,9.517240292710166
32834,781,3,6.484939692336733
32834,946,4,6.815145593198428
32834,1147,2,7.511323894940626
32834,1355,5,5.0
32834,1377,5,9.399999775772947
32834,1404,3,3.9545454545454546
32834,1534,5,5.1666664372094395
32834,1639,5,8.499998995977098
32834,1670,5,8.427100260314482
32834,1677,4,8.299999780152145
32834,1691,5,8.69467847682792
32834,1820,2,6.957122880823464
32834,1839,5,8.717946601888123
32834,6458,3,8.54829000777678
