user_id,book_id,rating,predict
32833,4228,4,8.23913056698494
32833,4881,4,8.263157854078157
32833,4917,5,7.9684200780579895
32833,6598,4,3.8275862068965516
32833,6776,5,3.6923076923076925
32833,6822,4,3.5714285714285716
