user_id,book_id,rating,predict
33443,5543,5,3.3333333333333335
33443,7819,5,5.176470275861266
