user_id,book_id,rating,predict
33551,5471,4,6.853650956893772
33551,6060,3,6.363635934166403
