user_id,book_id,rating,predict
34154,4373,3,4.333333333333333
34154,4804,5,4.166666666666667
34154,6412,5,8.999999926413695
34154,6711,5,8.133054310560828
34154,7125,5,7.124816122519254
34154,7255,5,7.305010765745579
