user_id,book_id,rating,predict
34682,3347,5,8.79999175197284
34682,4783,5,3.75
34682,5040,2,3.272727272727273
