user_id,book_id,rating,predict
34726,7287,4,4.09375
34726,8586,5,3.7037037037037037
