user_id,book_id,rating,predict
34852,2082,2,4.0
34852,6215,3,3.6666666666666665
34852,6568,3,7.199999298429384
34852,6653,3,3.3076923076923075
34852,6688,3,6.846153059195082
34852,8588,2,7.03192150437104
34852,8612,4,6.942307442061721
34852,8697,4,6.2629665786272755
