user_id,book_id,rating,predict
35111,183,4,5.0
35111,370,3,2.0
35111,817,5,3.0
35111,980,4,8.11383523988296
35111,1257,3,6.909090616165617
35111,1479,3,9.010849379302456
35111,1496,5,7.99427153504649
35111,1519,4,7.5714281283537375
35111,1591,4,8.209039412042568
35111,1636,4,7.875120621016305
35111,1653,4,7.742686805336115
35111,1686,4,8.799999290466744
35111,1809,5,7.34009541967014
35111,1812,5,7.2497052041120735
35111,1818,3,7.229166494830691
35111,1848,2,7.015901937446978
35111,1889,4,7.325581231245709
35111,1891,4,8.511110857835078
35111,1901,5,7.948372387880321
35111,1945,4,8.142770541898152
35111,1946,4,8.402197799746943
35111,1962,4,7.339285638373665
35111,2102,4,8.192182055490473
35111,2105,4,7.807692349484567
35111,2125,5,9.03124983308743
35111,2149,5,7.549019299820431
35111,2154,4,8.265463720979985
35111,2160,3,7.857678571848341
35111,2201,4,6.523875910601717
35111,2230,5,9.151514986720976
35111,2269,4,8.295987996744106
35111,2285,3,7.962962479676808
35111,2287,3,7.0405404786090315
35111,2325,3,8.62558258309484
35111,2448,4,9.166666138957131
35111,2512,4,8.048780408015865
35111,2591,4,7.172603901317552
35111,2614,5,7.22222224702023
35111,2616,4,7.122942985625745
35111,2721,3,8.366399763375094
35111,2811,4,7.840908734288239
35111,2825,5,8.899999604627073
35111,2971,4,8.101265545608284
35111,2992,5,9.086206557457416
35111,2998,4,8.202381024934244
