user_id,book_id,rating,predict
35533,1183,5,4.333333333333333
35533,4143,3,6.499999827993432
35533,4655,3,6.8908620751121585
35533,5856,3,8.872509512732424
35533,6657,2,6.954544272418975
35533,6705,4,8.15074648843558
