user_id,book_id,rating,predict
35833,3483,3,8.207316509939186
35833,4708,5,8.65263089319764
35833,4853,1,2.25
35833,8109,5,4.714285714285714
