user_id,book_id,rating,predict
35980,3251,4,8.491820276614533
35980,3288,5,7.628570383531352
35980,4760,4,7.959183262533001
