user_id,book_id,rating,predict
36282,6533,4,6.119999548101563
36282,6568,5,4.2
36282,7307,3,3.6666666666666665
36282,7798,5,7.464284965944327
36282,8214,5,8.94230746748115
36282,8400,3,8.168284907322949
36282,8635,3,7.99999287369588
36282,8814,5,8.565835977439955
36282,9152,3,7.568963862422265
36282,9290,5,7.609895306952158
36282,9780,5,8.564179854857716
36282,9868,4,7.393927734569084
