user_id,book_id,rating,predict
36355,5911,3,7.1538459074440155
36355,7575,5,7.409529606812329
36355,7647,3,6.749995806869169
36355,7649,5,7.749278140811036
