user_id,book_id,rating,predict
36890,6948,3,3.588235294117647
36890,7537,5,4.454545454545454
36890,8291,4,6.905609286267098
