user_id,book_id,rating,predict
37207,5918,3,7.142856910382973
37207,6019,5,6.869559030126354
37207,6072,3,7.470586279331194
37207,6300,3,6.003509960704764
37207,7399,4,7.20010030945877
37207,7648,4,7.869564375083932
