user_id,book_id,rating,predict
37251,4134,5,3.6666666666666665
37251,4616,5,8.777777442352946
37251,4694,5,3.8181818181818183
37251,6619,5,9.294117248053158
37251,7371,5,8.749999538816411
37251,7477,5,8.942856485813817
37251,8515,5,3.896551724137931
