user_id,book_id,rating,predict
37316,4951,3,4.0
37316,5202,5,4.666666666666667
37316,5428,4,3.0
37316,5849,5,9.090907798530477
37316,6331,3,8.055554642338612
37316,6419,5,9.047998287173975
