user_id,book_id,rating,predict
37467,4783,3,3.75
37467,6776,4,3.6923076923076925
37467,7270,3,7.164277845965567
37467,7521,3,7.408329151758396
37467,8243,4,7.341463131094205
