user_id,book_id,rating,predict
37546,4951,4,4.0
37546,5984,3,3.6875
37546,7338,3,7.390513566692412
37546,7405,3,6.90566033514961
37546,7584,3,4.133333333333334
37546,7608,4,7.387722385111799
