user_id,book_id,rating,predict
37619,4663,4,7.854684441672702
37619,6945,4,4.076923076923077
37619,8456,2,3.9863013698630136
