user_id,book_id,rating,predict
37627,3896,4,7.749999958140059
37627,4133,4,7.444444337198643
37627,4910,5,8.59999847782132
37627,5375,4,9.24997443972996
37627,6158,5,8.571426522086343
37627,6162,5,7.999999751885785
37627,6757,4,7.889067344195524
37627,7175,4,7.45454339442391
37627,7442,4,7.895833162317583
37627,8075,4,8.076922869055263
37627,9023,5,3.5294117647058822
