user_id,book_id,rating,predict
377,721,4,4.583333333333333
377,920,4,6.558175013053708
377,931,3,7.227271404442069
377,983,4,8.777616865772956
377,1499,4,8.113636199648212
377,1688,4,7.3999999578679585
377,1920,3,7.627118430293672
377,2037,4,8.530573802123772
377,4115,5,4.6
377,5422,4,8.249999397789072
377,6862,4,7.716807936840567
377,7273,4,8.558803237272105
377,7664,5,3.0
377,8065,4,7.799999185179225
377,8722,5,8.160713681168593
377,9054,4,8.514918421627698
377,9232,3,7.7638779798135875
