user_id,book_id,rating,predict
38165,3836,1,5.499999808705499
38165,6595,4,8.199979253601846
38165,7216,2,9.006279007168825
38165,7503,2,8.176738799931133
38165,7767,2,6.130157711621036
38165,8262,2,8.939393156544778
38165,8477,3,6.255485938261717
38165,8924,5,8.736589391507653
