user_id,book_id,rating,predict
38460,3405,3,6.833333123762977
38460,3554,4,8.399999233276374
38460,3863,4,6.383940446096153
38460,4373,4,7.571959581467489
38460,4604,3,6.529859527047908
38460,4738,4,6.399999870968683
38460,5064,2,5.999999247405663
38460,5426,3,7.5833308710302765
38460,5546,4,7.111111088466009
38460,5821,3,7.49999994506663
