user_id,book_id,rating,predict
3857,385,5,7.999999575698297
3857,657,3,6.499996722729511
3857,761,3,6.708754195691235
3857,849,2,7.888880061392669
3857,1106,4,7.428269576640132
3857,1307,4,6.012172325229505
3857,1383,4,3.3333333333333335
3857,1468,3,5.164261881639057
3857,1672,5,6.267053195602228
3857,3759,3,6.65302091790156
3857,6192,3,3.6666666666666665
3857,6503,4,3.761904761904762
3857,6604,4,3.4166666666666665
3857,8295,3,7.02221958328914
3857,8496,3,4.773579544335109
