user_id,book_id,rating,predict
38971,3888,2,7.563991036210673
38971,4314,3,8.313181941786612
38971,4573,3,5.0
38971,4648,3,8.376845758671276
38971,5724,3,7.789472536093241
38971,5856,4,8.560835147640203
38971,6004,4,6.333333219117382
38971,6111,5,9.249999555172996
38971,7134,3,8.684454095515232
