user_id,book_id,rating,predict
39213,1512,4,8.127271610008053
39213,4666,4,4.0
39213,6285,2,3.8125
39213,8425,4,3.619047619047619
39213,8435,4,7.605261852939526
