user_id,book_id,rating,predict
39326,3950,3,3.1666666666666665
39326,4133,5,7.444444152599608
39326,4451,5,3.7142857142857144
39326,4734,5,8.499999408488359
39326,4879,4,8.142851411432975
39326,4913,3,3.8
39326,7491,4,8.444442831440627
39326,7545,4,8.147048220270912
