user_id,book_id,rating,predict
40478,5521,5,7.8546631584399105
40478,5607,5,7.515486221856323
40478,7724,4,8.424242351824791
