user_id,book_id,rating,predict
40568,2185,3,7.49996593106351
40568,4752,3,3.5714285714285716
40568,5000,4,7.956486714645191
40568,5611,4,7.956486714645191
40568,5635,3,7.499999503647043
40568,6193,4,7.187499536161541
40568,6203,3,7.433332643875839
40568,7061,3,8.148147933162512
40568,7381,3,8.283018738504271
40568,7415,3,7.095237978212154
40568,7532,4,7.559321223319639
