user_id,book_id,rating,predict
4081,7004,3,3.5384615384615383
4081,7091,3,6.235290630695235
