user_id,book_id,rating,predict
41250,6949,5,4.1063829787234045
41250,7478,5,8.764696605678356
