user_id,book_id,rating,predict
41410,7436,4,8.739128546810456
41410,7935,2,9.16215981446592
41410,8136,5,9.049999792229013
