user_id,book_id,rating,predict
41519,3041,2,4.466666666666667
41519,5053,3,5.7645024587107425
41519,5208,3,5.122652044295543
41519,5268,2,5.611282581041786
41519,5413,2,5.704275134084929
41519,5549,1,5.265342917664285
