user_id,book_id,rating,predict
41574,708,3,3.6486486486486487
41574,1395,4,6.4772717144996665
41574,4493,5,3.2
41574,5626,4,3.769230769230769
41574,5740,3,7.333331007732497
41574,6546,4,6.378465292248009
41574,6699,2,3.230769230769231
41574,7652,2,7.838705931334658
41574,8347,5,7.130431200591624
41574,8671,4,6.805966280123762
41574,9158,4,6.541659715566519
