user_id,book_id,rating,predict
41675,4372,5,4.153846153846154
41675,4648,4,3.857142857142857
