user_id,book_id,rating,predict
41716,1321,5,5.0
41716,4107,3,4.642857142857143
41716,5596,3,4.5
41716,6681,5,4.0
41716,7784,5,8.183540678065226
41716,8633,4,7.504206907802413
41716,9441,2,7.149996052479965
41716,9779,5,9.063817608327037
41716,9956,5,9.281689182910366
