user_id,book_id,rating,predict
418,8336,5,8.268100145374856
418,8882,5,8.073705239075682
