user_id,book_id,rating,predict
42019,4710,3,7.999999545687421
42019,4831,3,4.5
42019,5697,4,7.006326172121803
42019,5757,3,8.916662887789336
42019,5965,4,8.355587770823313
42019,6189,4,7.9999993711257105
42019,6396,3,7.533797436542087
42019,6734,3,8.201953681409613
42019,6756,4,7.52372636547514
