user_id,book_id,rating,predict
42233,3549,5,7.8788401507831605
42233,3701,4,3.3333333333333335
42233,4073,4,6.956484183147613
42233,4604,5,7.115752063068862
42233,4738,4,7.036225530183538
42233,4910,5,9.599998654815248
42233,5266,3,7.666666463348301
42233,6019,5,3.869565217391304
42233,7061,4,8.148148191889575
