user_id,book_id,rating,predict
42399,5246,5,7.999992647467497
42399,6657,5,8.954545107360635
42399,6711,5,8.719999468522957
