user_id,book_id,rating,predict
42395,4344,4,4.75
42395,5114,4,7.624999578938014
42395,5440,3,7.799999235758143
42395,8575,3,7.180621369110814
42395,9210,4,6.723049605896353
42395,9353,2,3.642857142857143
42395,9438,4,5.740274860416413
