user_id,book_id,rating,predict
42915,7527,4,7.304346678749233
42915,8588,3,3.8358208955223883
