user_id,book_id,rating,predict
4292,4367,5,3.6666666666666665
4292,4769,3,3.75
4292,6471,3,3.5714285714285716
4292,6866,3,3.8
4292,6990,5,8.902493998364355
4292,7980,3,4.830502291001437
