user_id,book_id,rating,predict
4428,3471,4,7.249999657885267
4428,5075,3,3.2857142857142856
4428,5205,4,8.399999341913128
4428,5893,3,7.6999993436621
4428,5922,3,7.999999732171622
4428,6428,3,8.911583670606227
4428,6756,3,7.999998868927074
4428,7153,4,6.617597435554259
4428,7443,5,8.252071816889597
4428,7452,3,7.499998693959933
4428,7523,4,8.616050835989295
4428,8534,3,8.541318377380815
4428,8551,3,7.3187927165725855
4428,8587,3,8.078125063316058
4428,8910,4,4.079365079365079
4428,8911,4,6.852590487614788
