user_id,book_id,rating,predict
44467,843,3,6.631578649161643
44467,1110,4,6.931034284532304
44467,1468,3,6.980926765189416
44467,5078,4,6.1538458406134104
44467,5974,3,4.052631578947368
44467,6843,3,6.461537888838449
44467,7084,4,7.833332881503207
44467,8839,4,3.723684210526316
