user_id,book_id,rating,predict
44503,7709,5,3.6545454545454548
44503,8266,3,3.7903225806451615
