user_id,book_id,rating,predict
44612,3123,3,4.0
44612,4729,4,4.166666666666667
44612,4811,4,4.4
44612,5354,4,9.666659982130906
44612,5399,4,9.374998725778928
44612,6446,5,8.846149634279003
44612,6593,4,7.060037286776509
44612,6620,3,7.050572458012763
44612,6996,4,8.369707453857654
44612,7407,4,3.8846153846153846
44612,7623,4,8.145833192791265
44612,8121,4,9.054545225303388
44612,8375,4,8.983870858717479
44612,8996,4,8.711392416010668
44612,9648,4,7.821427516053408
44612,9834,4,7.509497082257374
44612,9874,3,7.16215281473601
