user_id,book_id,rating,predict
44707,2001,3,4.5
44707,4449,4,8.428571061606755
44707,5405,4,8.833333285841622
44707,5436,3,3.888888888888889
