user_id,book_id,rating,predict
44930,2872,5,8.199997990694554
44930,4133,3,7.444444136135074
44930,4168,3,4.0
44930,4875,4,6.707995184887821
44930,5650,3,7.833332987922468
44930,6479,3,7.19999805631298
44930,6757,3,6.854711005158204
44930,6907,4,7.947106885531902
44930,6958,4,6.799999469132761
44930,7040,4,6.385273258910629
44930,7161,4,6.955248411343767
44930,7240,5,7.293151056438694
44930,7467,4,7.366665112270086
44930,7676,4,8.08107901652832
44930,7867,4,7.4999991585787384
