user_id,book_id,rating,predict
44950,5769,5,3.3636363636363638
44950,7121,4,4.051282051282051
