user_id,book_id,rating,predict
45003,7248,5,8.141145003625624
45003,7993,4,4.264705882352941
