user_id,book_id,rating,predict
45022,6577,4,8.799992292873842
45022,6591,5,3.764705882352941
