user_id,book_id,rating,predict
45417,415,5,1.0
45417,434,5,3.0
45417,517,5,8.499999634666871
45417,583,5,8.42857134435313
45417,600,5,6.999999695947181
45417,632,5,7.66666624962496
45417,645,5,2.6666666666666665
45417,685,5,7.857142554145257
45417,756,5,7.74999994850161
45417,759,5,7.499999286014289
45417,945,5,8.423076582955956
45417,947,5,9.06249968643035
45417,3347,5,8.799999531822877
45417,3783,5,8.499999794004887
45417,4203,5,8.39999949487173
45417,5660,5,8.999999656097888
45417,6433,5,9.07692252373624
45417,6550,5,9.058823449841196
45417,6848,5,9.037036068142088
45417,7057,5,8.636363389349992
45417,7222,5,8.961537974506127
45417,7451,2,8.499999435117973
45417,7595,5,9.208332447384382
45417,7897,5,8.562499668993292
45417,9218,5,8.737499773871678
45417,9687,5,9.054794430607657
45417,9898,4,9.066666571077649
