user_id,book_id,rating,predict
45734,7064,5,8.410308497938969
45734,7442,3,3.8958333333333335
45734,8076,5,8.44776364796365
45734,8345,5,8.288461356196885
45734,8408,5,8.53191465273116
