user_id,book_id,rating,predict
45853,991,5,7.049999842962897
45853,1309,4,7.809523006276226
45853,1370,3,7.177777200984729
45853,1744,4,7.464366347657492
45853,1790,5,6.444443544145843
45853,4367,1,3.6666666666666665
45853,5043,4,6.856308791572472
45853,6827,3,7.059489700931649
45853,7382,3,6.749986916043973
45853,7527,3,7.304347369984158
45853,7592,4,4.045454545454546
45853,7944,4,6.456520715597433
45853,8981,2,3.425925925925926
45853,9938,3,6.904098952616549
