user_id,book_id,rating,predict
45986,4415,4,3.9166666666666665
45986,6444,3,7.411764497881679
45986,7217,3,7.433333413903638
