user_id,book_id,rating,predict
46106,1729,4,7.729728914815359
46106,1982,3,6.523331494415158
46106,2097,5,7.854162245996617
46106,2538,5,9.118418035317077
46106,6672,4,8.787862042845557
46106,7398,5,4.173913043478261
46106,7948,5,8.326077843507743
46106,8925,5,3.892857142857143
46106,9398,5,6.862581184862593
