user_id,book_id,rating,predict
4615,582,4,7.355135211351591
4615,744,5,7.888888219142825
4615,790,5,7.749999788194773
4615,968,4,3.6666666666666665
4615,1408,4,7.380534389830638
4615,1587,3,7.71428487656145
4615,4475,5,9.234314099553458
4615,5845,3,3.35
4615,7659,2,3.1621621621621623
4615,7698,2,3.7735849056603774
4615,8356,4,6.490193036012146
4615,9220,3,7.118304094116375
