user_id,book_id,rating,predict
46174,6543,4,8.962962753734462
46174,7727,5,8.227468751150724
46174,7746,4,8.777776599920916
