user_id,book_id,rating,predict
46252,1146,5,7.90565744077772
46252,2100,5,4.777777777777778
46252,3813,4,2.75
46252,8320,2,3.8378378378378377
46252,8961,3,8.829266120529962
46252,9189,4,4.074626865671642
