user_id,book_id,rating,predict
46733,2258,4,3.0
46733,2682,4,8.015317872410995
46733,3636,4,6.5049018987598854
46733,4566,5,4.666666666666667
46733,5901,5,8.85074172581488
46733,7551,5,8.056824567623709
46733,7629,5,4.333333333333333
46733,8887,5,7.356862950082196
46733,9992,5,7.598151096326832
