user_id,book_id,rating,predict
47206,1470,3,8.123971551727863
47206,1673,3,8.269685677274131
47206,2106,3,8.610790147535344
47206,2801,5,8.604166248983887
47206,4738,5,8.399999830498748
