user_id,book_id,rating,predict
47653,5472,5,3.5
47653,7739,4,8.534883352548906
47653,8237,5,8.97619005868941
