user_id,book_id,rating,predict
47853,3370,4,4.25
47853,4072,5,3.5714285714285716
47853,4765,4,4.285714285714286
47853,4824,4,3.8333333333333335
47853,8598,3,3.739130434782609
