user_id,book_id,rating,predict
48060,830,5,8.269230507955278
48060,1550,5,8.672727070794762
48060,2457,5,8.666665966413866
48060,3418,5,9.249998620779857
48060,3587,3,3.75
48060,3967,5,8.018248540440418
48060,5803,5,8.999999813512076
48060,6086,5,8.684210542712098
48060,6239,5,8.999999900285388
48060,6415,5,9.105262302155479
48060,6563,5,8.844444500053031
48060,6679,4,8.37499814585594
