user_id,book_id,rating,predict
48164,7484,1,5.361937099745487
48164,7955,2,4.863617889227704
