user_id,book_id,rating,predict
48744,1475,3,4.666666666666667
48744,1933,2,2.5
48744,2292,5,8.714284348138936
