user_id,book_id,rating,predict
48776,636,2,7.700901572081244
48776,1652,2,7.935064579287604
48776,1754,4,7.370722445189966
48776,2684,3,7.987951736074483
48776,4107,5,4.642857142857143
48776,4966,2,3.8333333333333335
48776,6189,3,4.0
48776,6387,5,8.085978785240254
48776,6403,4,8.506946459924933
48776,7020,4,8.307560331931363
48776,7171,3,6.9959713424557
48776,7324,5,8.635963495843148
