user_id,book_id,rating,predict
48993,2460,4,4.0
48993,3266,3,7.499999790165982
48993,3854,3,6.499998160181534
48993,4689,4,7.406729774475926
48993,4930,4,7.77419324723099
