user_id,book_id,rating,predict
49314,8057,4,7.259257610529266
49314,8659,4,6.807691306071045
