user_id,book_id,rating,predict
49397,827,5,8.032275999887162
49397,845,5,3.0
49397,1062,4,7.8046330162869095
49397,1276,3,9.02439009205688
49397,1558,5,8.481210508154042
49397,1559,4,7.575757504110832
49397,1782,4,8.817629695096663
49397,1820,4,8.465554079157943
49397,1860,5,7.870129811210375
49397,2886,5,3.6666666666666665
49397,2896,5,3.3333333333333335
49397,4934,5,4.3
49397,6138,5,4.1
49397,7183,2,7.088896581299878
49397,7776,3,7.74998929552805
49397,9882,4,7.605262374684836
