user_id,book_id,rating,predict
49536,4071,3,7.082932237531784
49536,5116,5,3.3333333333333335
49536,5520,3,3.6
49536,5820,5,4.0
