user_id,book_id,rating,predict
49622,1129,2,3.5454545454545454
49622,5267,2,3.8333333333333335
49622,5442,4,3.875
49622,5794,4,4.4
49622,6008,4,8.736841828372677
49622,7368,5,9.221878606179523
