user_id,book_id,rating,predict
49965,4229,5,4.454545454545454
49965,4410,5,4.823529411764706
