user_id,book_id,rating,predict
49973,2805,4,4.5
49973,3825,4,4.333333333333333
49973,3849,4,4.0
49973,4097,3,8.499999239727723
49973,4834,5,8.749998415609438
49973,5087,3,2.6666666666666665
49973,5202,1,9.666665375657711
49973,5484,4,8.84998904197421
