user_id,book_id,rating,predict
50739,7511,3,8.607114989038415
50739,7670,4,8.893615412489098
50739,7841,3,7.24520152630307
