user_id,book_id,rating,predict
50912,5892,3,7.554417645684024
50912,6292,3,7.377020754391656
50912,6950,4,9.411764657748751
50912,7509,4,7.363636317019967
50912,7618,4,7.041327648458386
50912,7857,5,9.142856711152916
50912,7983,5,8.942856931967125
50912,8267,4,9.176470297726423
50912,8402,4,9.08955220223952
50912,8527,3,7.253333149423643
50912,8645,3,7.186440405654202
50912,8702,5,9.014706041770552
50912,8909,5,8.938059401791087
50912,9415,3,9.184210260698357
