user_id,book_id,rating,predict
51767,3103,5,3.4285714285714284
51767,6533,5,8.119999949554835
51767,6975,5,8.71428551511632
51767,7436,5,8.739128546810456
51767,8399,5,8.79999986876594
