user_id,book_id,rating,predict
51854,3760,4,6.9999996074993875
51854,4119,3,4.0
51854,4353,4,7.599999721129219
51854,4756,4,7.749999946646745
51854,5423,4,7.357142492769759
51854,5525,4,7.0999997275763995
51854,6200,4,6.999999814362321
51854,6306,4,7.4680851478230466
51854,6324,4,7.173913169729393
