user_id,book_id,rating,predict
51870,3436,5,3.6
51870,5897,5,7.409089908948625
51870,5962,4,8.210525929557864
