user_id,book_id,rating,predict
52151,4203,4,6.399999652406836
52151,5021,3,6.520746936875727
52151,5710,4,8.711416821493016
52151,6040,4,3.857142857142857
52151,6136,4,8.312498754561652
52151,6205,3,5.366003808157519
52151,6208,5,9.363636292915402
52151,6930,3,8.873952523709164
