user_id,book_id,rating,predict
5220,3328,3,6.9999997651441594
5220,5045,3,3.2222222222222223
5220,5489,4,6.720643225072431
5220,5689,4,6.985201023495655
5220,5712,3,7.529396754954048
5220,5803,3,6.999999946829972
5220,6086,3,6.684210342221618
5220,6115,5,7.571428435898989
5220,6239,3,6.999999969006484
5220,6421,2,7.65384584630196
