user_id,book_id,rating,predict
52466,9413,5,8.28527530458674
52466,9548,4,8.900019172136462
