user_id,book_id,rating,predict
52660,1240,4,9.529406135377277
52660,1313,4,8.499999323408053
52660,1691,4,9.007550696558493
52660,1874,4,8.648147369024178
52660,4154,5,8.833330476335043
52660,6963,5,9.105263048474306
52660,6995,4,9.291665537749768
