user_id,book_id,rating,predict
53052,6884,5,4.386363636363637
53052,8089,5,9.079364868108726
