user_id,book_id,rating,predict
5463,3646,4,8.804347357201422
5463,3994,4,7.247842431110555
5463,7399,4,3.2285714285714286
5463,7563,3,6.749999847424847
5463,7771,3,6.874999313363681
5463,8384,3,3.66
5463,8677,3,7.437173105853992
5463,9516,5,4.0
5463,9743,4,6.08127413950046
