user_id,book_id,rating,predict
5620,5302,4,7.272722203787483
5620,5354,4,7.6666666161162595
5620,5624,4,7.374988162185873
5620,6802,3,8.333332979614719
5620,7318,4,7.6111090074184276
5620,7609,4,3.5588235294117645
5620,8280,4,8.02272717524423
5620,8322,4,7.573769744469429
5620,8387,3,7.672131198940667
5620,8412,4,8.066666081919855
5620,8556,4,7.772727140049684
5620,8858,4,7.5206494774169785
