user_id,book_id,rating,predict
588,1,5,6.836104819741934
588,3,1,6.766666615870841
588,8,3,7.519908802959629
588,9,3,6.983501557886227
588,11,4,7.91938552408666
588,671,4,4.0
588,807,3,4.0
588,931,4,7.008775689301281
588,1040,4,7.466664983691735
588,1082,3,6.566663815682724
588,1174,3,6.830687143953206
588,1240,4,8.211209527772617
588,1392,4,6.918637546298263
588,1460,4,8.737353699071615
588,1467,4,6.905921577358413
588,1538,4,6.77418103469933
588,1539,3,7.999999614297546
588,1631,4,7.9615376178957025
588,1688,3,6.871940087728528
588,1734,4,7.315788980640955
588,1794,2,7.44444067691828
588,1843,3,6.84999957245564
588,2192,4,7.049132523909199
588,2264,4,3.86046511627907
588,2502,4,7.6681727523109195
588,2800,4,7.070773610216128
588,2841,5,7.283982283615762
588,2952,1,7.538460555974824
588,2970,4,7.893939011427075
588,3305,3,7.308649686766776
588,4178,4,6.563560417363267
588,4317,4,7.141175172291291
588,4452,4,7.14227832300898
588,4630,4,7.720429868039547
588,4711,3,4.99645292118899
588,4873,2,7.246030157170987
588,5299,4,7.826529571358234
588,5639,4,7.818181295608021
588,5663,3,7.529863947714151
588,5829,4,7.808080271437588
588,5836,4,7.731958190710113
588,5938,3,6.889795056163609
588,6148,4,7.818181232086584
588,6191,3,6.698611451218381
588,6844,4,3.925925925925926
588,6865,5,3.28
588,6917,2,7.191488341907544
588,7022,4,3.7142857142857144
588,7065,4,7.08574574701526
588,7279,3,3.68
588,7289,4,7.789473561689974
588,7296,4,7.714285300541348
588,8254,4,7.687499738098843
588,8305,4,3.890625
588,8802,2,7.405403963890635
588,9021,3,6.35089433397363
