user_id,book_id,rating,predict
597,2258,4,3.0
597,6013,4,7.12668829355392
597,7003,4,3.1
597,7038,5,7.928702391357691
597,7446,5,8.698739821895675
597,7584,5,9.133332783070266
597,7614,4,7.46153802103532
597,7627,5,8.738894572565485
597,7814,5,8.696969146113759
597,8302,4,7.8148144715218875
597,8880,5,9.551724073656839
597,9274,5,8.89448445285901
597,9410,4,8.411896701883203
597,9526,4,8.2427905039745
597,9575,4,8.229951958736127
597,9626,5,9.371428360177635
