user_id,book_id,rating,predict
6105,5845,3,6.349894411696344
6105,7020,4,3.769230769230769
