user_id,book_id,rating,predict
6307,5267,4,7.833332947721861
6307,6794,4,8.099999687312629
