user_id,book_id,rating,predict
6407,8890,5,9.323076869492077
6407,9245,5,9.386363586057659
