user_id,book_id,rating,predict
6694,983,5,8.92659828767437
6694,1205,3,7.279528057256391
6694,1212,5,7.206046866386194
6694,1224,4,8.279233417117887
6694,1239,4,7.882352472960292
6694,4388,5,4.0
6694,4969,4,8.249999276132389
6694,5399,5,9.374997922036751
6694,5482,5,8.999999037017613
6694,7307,5,3.6666666666666665
6694,7359,3,4.0
6694,8489,5,8.036383512868623
6694,8635,5,7.99999663797241
6694,8831,5,4.222222222222222
6694,9049,4,8.776937337465837
6694,9743,3,6.649382767935727
