user_id,book_id,rating,predict
7349,5699,1,3.392857142857143
7349,5994,3,6.9615378494988285
7349,7198,4,3.877551020408163
