user_id,book_id,rating,predict
7642,1092,4,8.221264891546896
7642,1298,4,8.393321019811996
7642,1338,5,7.166665962113406
7642,1543,5,7.366450475712206
7642,1554,4,7.3838648398286075
7642,1596,4,7.207569331741286
7642,1628,4,6.999999194154818
7642,1734,5,9.063672885769375
7642,1809,4,7.793103092564884
7642,1880,4,7.202389542919867
7642,1963,4,7.890130227719643
7642,2414,2,4.0
7642,9079,4,7.981131818716417
7642,9241,4,8.078124724852787
