user_id,book_id,rating,predict
7833,5922,5,7.327177091774179
7833,6550,3,7.058823411533729
7833,7157,4,7.321541728308095
7833,7957,4,7.862633927392329
7833,8378,4,7.399192972967871
7833,8869,4,7.65400502161621
