user_id,book_id,rating,predict
8604,6817,5,8.302165536526973
8604,6890,5,9.055554829497183
8604,7270,2,8.583321298907867
8604,7299,5,9.268291448549418
8604,7405,5,8.905659988818375
