user_id,book_id,rating,predict
8635,4295,3,6.833333384727113
8635,4335,3,7.392509592979678
8635,5364,3,4.0
8635,6285,3,3.8125
8635,6546,3,6.249999498496162
8635,7366,4,6.992225871859024
8635,7382,3,3.75
8635,7384,3,3.869565217391304
8635,7557,3,6.92498819155907
8635,7898,3,6.743587641917987
8635,8261,3,6.82499845268236
8635,9503,3,6.66665065558499
8635,9574,3,6.761904227250186
