user_id,book_id,rating,predict
9108,582,2,3.652173913043478
9108,1529,3,5.40508019419341
9108,1961,3,7.105842861591118
9108,2107,2,7.79826956025785
9108,2163,1,8.082140512719654
9108,8547,2,4.098360655737705
