user_id,book_id,rating,predict
942,3123,3,4.0
942,4388,3,4.0
942,5551,3,7.749992266203957
942,5978,3,6.941175694918851
942,6220,4,7.999999034857694
