user_id,book_id,rating,predict
9579,6820,2,9.181814264412552
9579,7444,3,7.865381643959374
9579,7622,4,8.104166259501955
