user_id,book_id,rating,predict
9742,6672,4,6.776218395536342
9742,6821,4,6.42415616887593
9742,7456,3,7.1711963590702705
9742,7477,4,7.942855740473002
