user_id,book_id,rating,predict
9811,3828,3,3.5
9811,4516,3,3.5714285714285716
9811,4748,3,6.79999574921381
9811,6431,3,7.249999817631303
9811,7003,4,6.099998556546325
9811,7593,2,4.549019607843137
9811,7777,4,7.666664345442491
9811,8291,3,6.849056556910976
9811,8670,4,6.536538824854724
9811,8975,4,7.696967523378032
9811,8998,4,7.934776819339309
9811,9546,3,6.586523063653513
