user_id,book_id,rating,predict
9814,6506,3,8.239998967144837
9814,7492,4,7.676470209057367
9814,8060,3,8.116337509512688
9814,8689,5,8.826053486157162
9814,8966,5,7.817765126439335
