user_id,book_id,rating,predict
9852,6410,4,3.4489795918367347
9852,7019,4,4.333333333333333
