user_id,book_id,rating,predict
9860,4975,3,3.909090909090909
9860,5311,4,7.333332923714687
9860,5440,4,6.908017230281466
9860,5455,4,7.3227027138158
9860,5465,5,3.5454545454545454
9860,6813,4,7.999999777589897
9860,7188,5,8.029410911222627
9860,7366,3,3.6923076923076925
9860,8192,3,7.688887234780173
9860,8218,4,8.525521787683648
9860,8279,5,8.515263064807652
9860,8368,5,7.823521131432142
