user_id,book_id,rating,predict
992,3930,4,4.0
992,4880,4,8.644147997783618
992,8035,5,7.850015639808877
992,8062,5,7.919997816028159
992,8472,3,7.961982774743712
992,9214,5,8.704902411606515
992,9277,4,3.7142857142857144
992,9287,4,7.476920947649391
992,9408,5,9.232558175313425
