user_id,book_id,rating,predict
10898,5551,4,8.74999916809285
10898,6354,5,9.034481547014312
10898,6895,3,3.5
10898,7198,4,6.877539924769016
