user_id,book_id,rating,predict
11177,5455,3,3.8181818181818183
11177,5465,3,7.545453715071546
11177,6372,4,3.3333333333333335
11177,6434,5,6.916662840141435
