user_id,book_id,rating,predict
11369,619,3,7.123038434926964
11369,2206,3,6.303354287879253
11369,2232,2,6.438643235732467
11369,2349,5,6.428219383408557
11369,7087,3,3.6296296296296298
11369,7154,5,6.249988025762743
11369,7545,2,3.1470588235294117
11369,8655,3,6.243403508016732
11369,9183,4,7.219172841149845
