user_id,book_id,rating,predict
11986,504,5,4.384615384615385
11986,1751,4,7.599999955483122
11986,1794,3,3.4444444444444446
11986,1930,4,7.891891798122077
11986,2159,4,8.024390215852694
11986,2390,4,8.841099697494995
11986,4327,4,4.5
11986,7960,5,8.812818991338844
