user_id,book_id,rating,predict
12289,4397,3,3.789473684210526
12289,4702,4,3.9411764705882355
12289,4748,5,8.7999980397077
