user_id,book_id,rating,predict
12828,1669,4,6.8232568667123275
12828,2457,3,7.666665078423692
12828,4878,4,3.0
12828,5660,4,8.236400719151016
12828,6221,4,7.749999048535341
12828,6538,4,7.799993355191791
12828,7036,4,7.7307689689977614
12828,7776,3,7.9767438311422545
12828,8426,4,7.84931426479759
12828,8443,3,7.82140396406075
12828,9252,4,4.53125
