user_id,book_id,rating,predict
12921,7065,5,7.833897747449393
12921,7267,5,6.631447405302962
12921,7289,5,8.104442207020186
12921,7369,5,3.659090909090909
12921,7779,3,3.5348837209302326
12921,8132,4,8.655847779646283
12921,8254,4,7.965403839985144
12921,8750,4,7.679978075806398
