user_id,book_id,rating,predict
12994,4616,4,8.280681470226618
12994,5112,5,8.134020443472613
12994,5266,4,8.529007635125371
12994,6091,4,8.098821483872822
12994,6260,5,4.142857142857143
12994,6344,4,8.601349325826924
12994,6522,4,3.6315789473684212
12994,6667,4,8.266663396501889
12994,6904,5,8.839999021007333
12994,7061,4,7.494287549817875
12994,7312,4,9.148148243514377
12994,7381,4,9.008983904502433
12994,7676,5,9.081081009512015
12994,7758,4,8.93333303867186
12994,8649,5,8.885714308760868
