user_id,book_id,rating,predict
13192,2082,3,4.0
13192,2236,3,5.0
13192,4189,3,7.249999570507363
13192,4960,4,3.0
13192,5334,4,3.5833333333333335
13192,8033,5,7.0166644634223925
13192,8195,3,7.408158251814617
13192,8411,3,7.7846054513134275
