user_id,book_id,rating,predict
13367,4086,3,3.375
13367,4300,4,3.5
13367,6206,4,6.666666723811714
13367,6708,3,7.93333285463377
13367,6940,4,7.120143489906168
13367,7067,4,5.280672388837969
