user_id,book_id,rating,predict
13879,40,3,6.8340550125956145
13879,44,2,7.0508149308180625
13879,49,3,7.450881485173224
13879,52,3,7.439009855654483
13879,53,4,6.532255352801323
13879,56,3,7.491609395133954
13879,62,4,6.131558097702305
13879,67,3,7.615864068244354
13879,70,2,7.017425074009517
13879,72,2,7.324755081222626
13879,78,4,6.381625806775517
13879,82,3,7.380129537834765
13879,84,3,7.407354303125163
13879,85,4,8.259276588711288
13879,86,2,6.872092972328948
13879,89,3,7.065906823691208
13879,92,3,7.93406574812459
13879,95,5,7.383222935408908
13879,103,3,8.47849302337919
13879,104,2,7.964303190772586
13879,108,3,6.218713504932878
13879,109,3,7.972722966048332
13879,111,4,6.801598538154401
13879,114,4,7.707691522698809
13879,115,3,7.894821292520058
13879,121,3,7.997482893212621
13879,122,2,7.099711914953615
13879,125,5,8.689461353072655
13879,126,2,6.766199644281224
13879,127,3,7.368700717336653
13879,132,2,7.305714470751829
13879,133,4,8.326192573381496
13879,136,5,7.927868894442527
13879,137,3,6.788849440671559
13879,145,2,6.075833692307018
13879,777,2,4.0
13879,992,3,5.0
13879,1111,3,3.6470588235294117
13879,3443,3,7.342854213138807
13879,5573,4,7.594008710017572
