user_id,book_id,rating,predict
14114,835,4,4.0
14114,1352,4,5.0
14114,2672,5,7.199998671017783
14114,3783,3,8.195919322650692
14114,3888,3,7.644140856210873
14114,4975,3,3.909090909090909
14114,5016,3,7.333331592193062
14114,6643,5,7.073451548254145
14114,6813,3,6.999999714189665
14114,7773,4,8.33397311207635
14114,7799,5,9.143063806516642
14114,8200,4,8.623989726304462
14114,8368,2,8.823527458346241
14114,8530,3,7.511183910084517
14114,8584,5,8.189172109266392
14114,8935,4,7.045068411503715
14114,9355,5,8.206238439617575
14114,9798,5,8.64073368066479
