user_id,book_id,rating,predict
14726,2896,5,3.3333333333333335
14726,4457,4,4.095238095238095
