user_id,book_id,rating,predict
14821,6075,5,9.187999017905629
14821,6421,4,3.6538461538461537
