user_id,book_id,rating,predict
14886,1318,4,8.659412877700245
14886,1444,4,8.90697666691295
14886,3139,4,3.5
14886,3789,5,4.333333333333333
14886,6607,4,5.221251704220082
14886,9647,5,8.551057349418329
