user_id,book_id,rating,predict
14909,3742,5,-1.2499995715317684
14909,7028,5,4.148936170212766
