user_id,book_id,rating,predict
15070,8226,3,7.625544075362127
15070,8564,3,8.366263949951918
