user_id,book_id,rating,predict
15078,5575,3,3.1666666666666665
15078,7824,4,8.058823483060479
15078,8490,3,3.3
