user_id,book_id,rating,predict
15240,5636,3,6.831202109732958
15240,6391,2,5.866510973093408
15240,6402,2,4.976731272249319
15240,7220,4,5.8414825501672105
15240,7546,2,5.750517539970599
