user_id,book_id,rating,predict
15490,3018,3,6.865671754910599
15490,3197,3,7.000904871788144
15490,3286,3,6.4999998893599304
15490,3614,3,6.609756083460075
15490,4717,3,6.842105019104515
15490,7570,3,6.727272441235318
15490,7833,4,4.05
15490,7868,3,6.7222210138135985
15490,8012,3,6.999999826959249
15490,8021,4,3.75
15490,8465,3,6.977777598758667
15490,8776,4,7.936170001911433
15490,9068,3,6.754098469994565
