user_id,book_id,rating,predict
15759,7835,4,9.324231019551377
15759,8293,4,5.375929609389242
