user_id,book_id,rating,predict
15814,6303,2,7.666664675416561
15814,6930,5,8.055962142710193
15814,7125,5,8.193177147843238
15814,7835,2,8.98922211681378
