user_id,book_id,rating,predict
15906,7675,3,7.87499989632337
15906,7722,3,7.513922320461486
15906,7825,3,7.623511893797032
15906,8171,3,6.998761954188099
