user_id,book_id,rating,predict
16412,3742,4,7.749996934290477
16412,5008,3,4.0
16412,6446,4,3.8461538461538463
16412,6599,3,3.6875
