user_id,book_id,rating,predict
17009,448,2,4.0
17009,504,3,4.384615384615385
17009,784,2,7.7499987131544374
17009,1100,3,6.999997115408837
17009,1106,3,6.954544225334445
17009,1300,3,4.0
17009,1357,3,5.973608775162695
17009,1460,4,6.064847189488829
17009,1659,3,7.080865175150965
17009,1661,4,6.545695093132316
17009,1798,2,7.239590503885692
17009,1921,3,7.965262019047843
17009,1925,3,7.04241377844985
17009,2063,4,6.8108106146085845
17009,4729,4,7.125716436009711
17009,5643,2,7.25925830434803
