user_id,book_id,rating,predict
17025,6275,3,4.117647058823529
17025,6428,5,9.600000068780506
