user_id,book_id,rating,predict
17194,1174,4,6.32120820955125
17194,1499,3,8.428767894076444
17194,1715,4,7.857463944876387
17194,4566,5,4.666666666666667
17194,7259,5,6.974925339673467
17194,7399,3,7.228367693733087
17194,7730,5,7.097521158697596
17194,8347,3,8.167228162028909
17194,8417,4,3.607142857142857
