user_id,book_id,rating,predict
17402,4707,4,3.769230769230769
17402,5976,4,9.285714162172926
17402,6196,4,9.076921706709996
17402,7270,4,7.546950277292945
17402,7521,4,7.465563889231344
17402,8097,5,7.438641494225028
17402,8157,3,7.30448385512586
17402,8285,3,8.261292648259937
17402,8650,4,8.439827828504228
17402,8826,5,8.601246282541293
17402,9037,5,8.727820715494783
17402,9203,3,7.604883177444188
