user_id,book_id,rating,predict
17440,677,5,4.5
17440,803,4,8.90322173453935
17440,947,5,8.062499341696345
17440,978,5,3.5
17440,1032,5,3.75
17440,1175,3,7.288661390175697
17440,1397,3,8.149574121774847
17440,1456,5,7.968730600802553
17440,1496,5,9.380829577068848
17440,1560,4,7.632652904912851
17440,1611,5,7.281181892763325
17440,1626,5,8.11406549185952
17440,1760,5,8.139999838733772
17440,3301,5,4.5
17440,3347,4,8.089753008461585
17440,3651,4,7.666665790496876
17440,5264,2,7.810662040511097
17440,5291,5,8.210516602771504
17440,5689,4,7.499999613741414
17440,5986,4,8.288882580083696
17440,6783,4,7.444444036326055
17440,7110,4,4.388059701492537
17440,7460,4,7.517241171776766
17440,7516,5,4.130434782608695
17440,7922,3,8.113206861355076
17440,8004,5,4.024390243902439
17440,8808,4,7.61904735792511
