user_id,book_id,rating,predict
17534,6094,5,7.546512662958987
17534,7738,5,8.999997592626165
17534,7953,4,7.639999557069009
