user_id,book_id,rating,predict
1831,622,3,3.5
1831,1041,4,3.5
1831,1174,3,6.999999772603646
1831,1864,3,7.3291426730746085
1831,2004,5,7.760721891922575
1831,2014,4,8.782482561530852
1831,2097,3,8.655846267502062
1831,2481,5,7.30248163559151
1831,2521,4,7.531912885105944
1831,2651,5,8.125230362099368
1831,2716,4,7.581954610474668
1831,6604,4,7.369952982855791
1831,8094,4,8.18181639157316
1831,8576,4,6.8947359523592855
1831,8885,4,7.477588116200312
1831,9044,4,6.952191697969232
