user_id,book_id,rating,predict
18444,4831,5,4.5
18444,5136,4,8.285714014668006
18444,5757,5,7.91666644058388
18444,6747,5,4.0
18444,6792,4,7.584529089100556
18444,7020,4,8.769230515610268
18444,7502,5,9.20939465227422
18444,7927,4,8.061848248029845
18444,9056,5,8.189557470839825
