user_id,book_id,rating,predict
18555,3796,5,4.0
18555,3895,5,3.1666666666666665
18555,5281,5,8.888888742400537
18555,5636,5,4.0
18555,6034,5,8.419492767199317
