user_id,book_id,rating,predict
18794,4493,4,3.2
18794,5169,3,4.5
18794,6124,3,3.52
18794,6248,2,3.769230769230769
18794,6465,2,3.909090909090909
18794,6565,3,6.653845821964653
