user_id,book_id,rating,predict
18846,3310,5,9.199987911215837
18846,5435,5,9.249994301201504
