user_id,book_id,rating,predict
19105,7196,3,8.150414968593072
19105,8205,4,3.5019054795878093
