user_id,book_id,rating,predict
19461,1512,5,4.127272727272727
19461,1560,4,7.996209646147779
19461,2134,4,8.26479346726785
