user_id,book_id,rating,predict
19481,220,4,2.0
19481,469,5,4.0
19481,636,4,7.520993552545338
19481,671,2,4.0
19481,790,3,6.749999285271773
19481,1338,2,6.148319605599295
19481,1384,3,6.8620682842649146
19481,1485,5,3.3125
19481,1784,5,6.691731581508356
19481,1872,2,3.8125
19481,2048,4,6.767438403600289
19481,2082,2,4.0
19481,2209,3,7.19637570754624
19481,2236,3,5.0
19481,5919,1,4.758620689655173
