user_id,book_id,rating,predict
19757,685,3,6.857138999092003
19757,987,5,7.642660870673847
19757,1095,5,6.992494183842007
19757,1192,4,8.144547557216574
19757,1850,2,6.561643853482847
19757,1917,4,7.434290006732661
19757,5016,2,7.333332785653486
19757,6747,4,4.0
19757,8534,4,7.610168171073812
