user_id,book_id,rating,predict
19892,2069,4,6.431034355682083
19892,3116,4,6.968749466493547
19892,3286,3,5.499999951529068
19892,3614,3,5.6097560874841665
19892,3918,3,5.630952371459029
19892,4218,3,6.652631596474836
19892,4289,2,5.551724129778945
19892,6420,3,6.236819796849021
19892,8068,3,6.72222230438944
19892,8465,2,5.977777764032323
19892,8790,3,6.45833254077967
19892,9890,3,6.7250000278645174
