user_id,book_id,rating,predict
199,7931,5,9.166666532612993
199,8140,4,8.645823398029412
