user_id,book_id,rating,predict
19941,449,5,2.5
19941,643,5,2.25
19941,783,5,2.75
19941,805,5,7.2857137786541815
19941,814,5,7.846153596621479
19941,1093,5,8.423076956536452
19941,1304,5,4.0
19941,1351,5,9.11111096033311
19941,1363,5,4.0
19941,1394,5,4.0
19941,1450,5,9.33333331467707
19941,1461,5,9.374994477326894
19941,1535,5,8.911764539469555
19941,7143,5,8.705870767699263
19941,7804,4,8.449999657997118
19941,7887,4,8.999999649760447
