user_id,book_id,rating,predict
19987,1998,5,5.0
19987,3181,5,3.75
19987,3392,5,9.166665342611294
19987,3890,5,9.142855794504772
19987,4035,5,4.0
19987,4136,5,6.399996234414189
19987,4327,5,4.5
19987,4389,5,7.49999928349304
19987,5745,5,9.518517761257232
19987,5919,5,9.758620528257609
19987,6524,5,8.909090258346641
19987,7019,5,4.333333333333333
