user_id,book_id,rating,predict
20709,2169,5,6.440033029543489
20709,6402,1,4.411328763012446
20709,7558,1,4.636549042185299
20709,7759,2,5.628500430297374
20709,8626,3,4.516128668171753
20709,9361,4,5.613216913678791
20709,9847,4,3.6578947368421053
