user_id,book_id,rating,predict
21927,5521,4,8.33333325867753
21927,5607,5,7.999999776050218
21927,5743,3,7.166665397048988
21927,7070,4,7.6387209826612805
21927,7278,2,7.861707892159096
21927,7436,2,7.1188813679701655
21927,7724,4,8.424242272203808
21927,7841,4,7.431369283678009
21927,7932,3,7.999999915524728
