user_id,book_id,rating,predict
21989,878,4,8.461885817187163
21989,3736,5,4.5
21989,6025,4,4.25
21989,7575,4,4.032258064516129
