user_id,book_id,rating,predict
22913,1300,5,4.0
22913,1404,4,7.837243399262748
22913,1467,4,6.359997163904334
22913,2005,3,7.628089466765493
22913,2107,4,7.179256052559036
22913,2304,5,7.705659867805168
22913,2350,3,6.29097662939703
22913,2523,3,8.712472288715109
22913,2598,4,6.9963098676597575
22913,2839,4,5.9928977758969975
22913,3003,3,6.107912849917229
22913,3028,4,7.110107437112032
22913,3136,3,7.447156151019589
22913,3352,4,7.851830467290968
22913,3387,5,7.232903153295986
22913,3590,2,7.128417522993392
22913,3861,4,7.483785615423081
22913,3939,3,7.058823371940067
22913,3946,5,6.795444808786701
22913,3964,4,7.5910590092814845
22913,3971,3,7.426249420762943
22913,4029,3,8.206764248698565
22913,4129,3,5.922458311940675
22913,4368,4,7.573032476164377
22913,4385,3,8.479479838097259
22913,4476,3,6.988371903290631
22913,4685,4,7.111207187590924
22913,4856,3,6.841662563297213
22913,4904,4,7.854950025074803
22913,5050,4,7.659793137899235
22913,5104,4,6.499999639517464
22913,5182,4,6.275271875240783
22913,5216,4,5.793337090530228
22913,5251,2,5.87806093576617
22913,5404,4,6.987211281044271
22913,5573,2,6.7765956592230605
22913,5704,4,5.513442606182494
22913,5804,5,8.255813358077322
