user_id,book_id,rating,predict
23113,3225,4,6.892856380888553
23113,4991,2,4.948114637559023
