user_id,book_id,rating,predict
23123,4372,3,4.153846153846154
23123,6705,4,8.78114069630307
23123,6839,3,8.171557143401227
23123,7400,2,7.130433984550935
