user_id,book_id,rating,predict
23454,858,5,4.0
23454,1259,5,8.775978815210987
23454,1263,5,7.4382252203159
23454,1341,5,8.391840814395419
23454,1350,5,8.94833453460874
23454,1363,4,4.0
23454,1394,5,4.0
23454,1450,3,8.536761443165746
23454,1479,4,8.792097369820727
23454,1480,5,8.507671244783964
23454,1629,5,8.903370598626344
23454,1630,5,8.903997056994527
23454,1665,5,8.095917181817075
23454,1674,4,8.196201961872461
23454,1690,5,8.356605209659502
23454,1698,5,7.6428535317610224
23454,1730,4,7.686788409016705
23454,1731,5,7.242478812026235
23454,1808,5,8.871508012138609
23454,1857,4,9.03999990117811
23454,1863,5,9.121211947611608
23454,1905,5,9.333332969701997
23454,2006,5,7.955079343248546
23454,7325,5,8.182718154362199
23454,7900,5,8.522648795876028
23454,8035,4,8.291488306554431
23454,8551,4,8.040614671867969
23454,8708,4,8.92592542989214
23454,9992,5,8.341771387606748
