user_id,book_id,rating,predict
23474,6626,4,3.933333333333333
23474,7548,5,4.555134009222683
