user_id,book_id,rating,predict
23717,5078,5,7.1538457163555735
23717,7201,5,6.226224978735595
