user_id,book_id,rating,predict
24949,4144,3,4.0
24949,5521,4,8.04313916550968
24949,5607,5,7.588591549393216
24949,5771,5,8.900000171613902
24949,5784,4,4.304347826086956
24949,6065,4,4.4
24949,6376,5,9.666665612512436
24949,6619,3,9.294117290737162
