user_id,book_id,rating,predict
24941,3283,3,3.5
24941,5280,5,8.33333104458139
24941,5900,5,7.993225224522197
24941,5939,3,6.034359754464847
24941,6248,3,6.769230397962467
24941,6565,3,6.653843472140613
24941,6921,5,7.749997974929507
