user_id,book_id,rating,predict
2502,3142,4,8.499998890968683
2502,6431,5,5.249999939210435
2502,7257,5,6.156710418491418
2502,7293,3,5.99559323876108
2502,7864,3,5.478500927501294
2502,8159,5,9.212744515624195
2502,8291,5,7.968898768753341
2502,8755,5,9.078431279218655
2502,8805,4,6.4210538007662255
