user_id,book_id,rating,predict
25335,7174,4,8.089285496398125
25335,8574,4,7.641509282105465
