user_id,book_id,rating,predict
25786,1029,5,4.478260869565218
25786,2682,4,9.068488599928934
25786,2935,5,9.192771045322143
25786,2968,5,8.768292398441732
25786,5136,5,9.285714344156952
25786,5504,5,9.181818348328004
25786,6792,5,8.333333380763625
25786,8506,5,3.769230769230769
25786,9371,5,8.555555297381968
25786,9408,3,8.785577521719002
25786,9636,4,8.749999298470732
