user_id,book_id,rating,predict
26004,4151,3,3.8947368421052633
26004,4721,4,8.43749820243192
