user_id,book_id,rating,predict
26175,2928,5,3.7142857142857144
26175,3107,3,7.631352940543852
26175,4746,3,3.5
26175,4910,4,8.269820327798575
26175,5172,3,7.74999963874812
26175,5375,4,8.24996336618027
26175,6020,2,7.523017595285744
26175,6162,5,6.999999478002423
