user_id,book_id,rating,predict
26363,3701,3,3.3333333333333335
26363,4878,2,3.0
26363,5022,5,7.923076106783119
26363,5602,2,3.125
26363,5935,5,4.0
26363,6120,4,8.73672644166279
26363,6394,3,2.0
26363,6444,4,8.211601080992269
26363,7217,4,7.941120884000629
26363,7271,3,3.625
26363,7389,1,7.553570249442178
26363,7807,3,8.293307972901847
26363,7975,3,5.789843322542575
26363,8113,2,6.266034977355114
26363,8223,5,8.752445206529107
