user_id,book_id,rating,predict
26434,5202,5,4.666666666666667
26434,6169,5,7.039138850145967
26434,7604,5,8.500200428670446
26434,7987,5,7.607554251459128
26434,8000,4,8.67758725647667
