user_id,book_id,rating,predict
26484,2460,5,4.0
26484,3110,5,4.2
26484,3944,2,7.461538298388213
26484,5339,4,8.526823034539436
26484,5653,5,7.741935047394554
26484,6444,5,9.411764364447606
