user_id,book_id,rating,predict
26591,835,4,4.0
26591,893,4,6.7701007853870205
26591,1146,3,8.193840362533834
26591,5202,3,4.666666666666667
26591,5258,5,6.42857089162587
26591,5332,4,6.777776149364097
26591,6461,4,8.802357096087727
26591,6817,3,7.331927353566639
26591,7594,5,7.245253793901256
26591,8159,3,4.212765957446808
26591,8243,5,8.196821760164791
26591,8420,3,7.29084917427622
26591,8701,3,8.242423878071817
26591,8982,5,8.670678018158712
26591,9465,3,8.786884130843863
26591,9775,4,7.611505248988333
