user_id,book_id,rating,predict
26654,582,5,8.437772721205585
26654,1734,5,9.315789079134493
26654,2310,5,4.0
26654,4395,5,4.75
26654,6393,5,8.705875578609124
26654,7292,5,6.961530491782744
26654,8524,5,8.84374504977044
