user_id,book_id,rating,predict
26697,5001,5,8.017374259833339
26697,5213,3,8.022278858062652
26697,6290,4,8.422364585658414
26697,6362,5,8.463763577750617
26697,6378,3,8.536729466374513
