user_id,book_id,rating,predict
26886,5706,2,7.174981761180941
26886,7823,4,7.9285005397488195
26886,7937,4,6.866713534418821
