user_id,book_id,rating,predict
26985,4104,5,4.0
26985,4785,5,3.9375
26985,5009,4,7.55555553078133
26985,5369,5,3.6666666666666665
26985,5624,4,7.374988162185873
26985,5626,4,7.769227248975181
26985,6802,4,8.333332909102923
26985,7090,4,7.799999306675115
26985,7151,5,4.103448275862069
26985,7952,4,7.539999474485798
26985,8226,4,7.599998989089638
26985,8280,4,8.022727079375452
26985,8387,4,7.185380871378297
26985,8556,4,7.3421147364976544
26985,8570,4,7.749999753904344
26985,8704,4,8.13846070319359
26985,8997,4,7.928571239779263
