user_id,book_id,rating,predict
27125,203,2,3.0
27125,218,3,4.0
27125,573,3,4.333333333333333
27125,764,5,8.499999567017566
27125,904,4,3.857142857142857
27125,913,3,8.050296056033716
27125,1013,5,7.909088988131135
27125,1134,3,4.014285714285714
27125,1209,3,3.21875
27125,2186,4,8.866665767062164
27125,2510,4,7.365760799114063
27125,2573,3,7.330499058136189
27125,2710,4,7.596773658021695
27125,3003,5,7.752665122461888
27125,3159,4,8.509585547037599
27125,3729,4,7.470588079018233
27125,6328,4,8.349691509057905
27125,9246,4,8.003121868870014
