user_id,book_id,rating,predict
27239,4740,3,4.0
27239,5514,3,3.7142857142857144
27239,6764,3,4.559999699079437
