user_id,book_id,rating,predict
27318,1125,3,2.5
27318,3146,2,6.089230104328759
27318,3225,4,3.892857142857143
27318,4045,2,2.096774193548387
27318,6253,4,7.3333319928253395
27318,7033,5,7.69788699383402
27318,7889,4,7.600089854686026
27318,8191,3,7.092658475700401
27318,8355,4,3.462686567164179
