user_id,book_id,rating,predict
27466,7943,5,8.89189149202997
27466,8414,4,3.9836065573770494
27466,9288,3,7.427917424117508
