user_id,book_id,rating,predict
27827,6070,4,4.0
27827,7039,5,9.590905498055212
27827,7524,5,4.446808510638298
27827,7759,2,5.266666642809419
