user_id,book_id,rating,predict
28271,2638,5,3.0
28271,4287,4,8.589614614760102
28271,4717,3,7.553156698518441
28271,4919,4,8.658149075486923
28271,4936,3,5.518597573088945
28271,5142,4,8.916666387459525
28271,5691,4,8.025336598599397
