user_id,book_id,rating,predict
28428,6962,4,7.157894404481477
28428,7758,5,-1.066434218369284
28428,8237,4,-1.0234689259754228
