user_id,book_id,rating,predict
28845,5788,3,3.923076923076923
28845,7073,2,0.34042690551539945
