user_id,book_id,rating,predict
2926,845,4,3.0
2926,3328,3,4.0
2926,3368,3,3.4
2926,3436,5,7.5999967246800155
2926,4752,3,3.5714285714285716
2926,4804,4,9.166658262336316
2926,5111,4,3.25
2926,5131,4,8.875254220344065
2926,5333,5,8.176468645412024
2926,5602,5,3.125
2926,5635,2,6.499999627735281
2926,5736,5,8.018980196942255
2926,5854,4,9.181815726858634
2926,5974,5,7.983022506619385
2926,6008,5,8.189315965522251
2926,6077,5,9.42855633568707
2926,6468,5,8.087271122488183
