user_id,book_id,rating,predict
29273,585,5,6.5812963709438215
29273,720,4,7.919354336326546
29273,835,4,4.0
29273,1321,4,5.0
29273,2482,3,7.072453942458116
29273,3452,3,6.07280875220936
29273,6772,4,8.17499485659869
29273,7759,4,6.221237940565935
29273,7889,4,3.558139534883721
