user_id,book_id,rating,predict
2929,2159,5,9.024390118289446
2929,2394,4,4.634754829185384
2929,6891,5,8.45891025886155
2929,7886,5,8.949999663673221
2929,7893,5,9.249999596803338
2929,8103,5,9.199999760968186
2929,8132,3,3.814814814814815
2929,8460,5,9.09999959392314
2929,8667,5,8.398803340955265
2929,8750,3,8.786423059409929
2929,8860,3,8.729729502697397
2929,8995,4,8.622220400972656
2929,9195,3,7.454801657170553
2929,9653,5,7.688338150983235
2929,9911,5,7.9919467980807735
