user_id,book_id,rating,predict
29924,4011,4,3.6666666666666665
29924,4853,3,2.25
29924,4879,4,3.142857142857143
