user_id,book_id,rating,predict
30048,5460,5,8.499999082404775
30048,5865,5,8.045454208770009
