user_id,book_id,rating,predict
30122,3850,4,7.499999655634507
30122,4808,4,3.5
30122,5585,3,4.299999946570416
30122,5645,4,7.7418331685567985
30122,5884,5,4.117647058823529
30122,6538,4,7.7999980303331995
30122,6737,3,3.2142857142857144
30122,7175,5,3.4545454545454546
30122,7272,4,8.259999133747906
