user_id,book_id,rating,predict
30204,3438,1,6.715342520077172
30204,4676,3,5.276627977835645
30204,5053,5,3.9615384615384617
