user_id,book_id,rating,predict
30342,2263,2,8.244937042457975
30342,2784,1,8.911603692619492
30342,4004,5,4.0
30342,4441,5,9.666665138703712
30342,4531,4,7.666663052298226
30342,4688,5,7.999999813724419
30342,4811,5,6.399933121843418
30342,5116,5,7.333332843435508
30342,5336,4,8.993869701496372
30342,5374,4,7.599999946422021
30342,5754,5,8.166636078206745
