user_id,book_id,rating,predict
30360,2638,4,3.0
30360,3331,4,3.75
30360,3392,4,9.166666406526854
30360,3448,4,3.4
30360,4151,4,6.105235978927136
