user_id,book_id,rating,predict
30844,3863,5,3.3333333333333335
30844,4281,5,9.118257349480725
30844,4833,5,8.16680083647882
30844,5064,4,7.693144455687132
30844,5426,4,7.2649566436106205
30844,5546,5,4.111111111111111
30844,5791,5,8.31534698976877
30844,5892,5,8.051517327690544
30844,6001,5,8.040643047211281
30844,6029,5,8.24999804575687
30844,6269,4,8.352652457601547
30844,6689,5,8.350520750972562
30844,7051,5,9.166666014991328
30844,7064,4,8.284027189755601
30844,7112,5,7.8467749873641965
30844,7136,5,7.941176435268895
