user_id,book_id,rating,predict
30930,4804,3,4.166666666666667
30930,5272,4,8.959901057494697
30930,6303,5,6.898054468118952
30930,6412,2,7.694101457763207
30930,6493,4,7.436307426638431
30930,7136,4,7.358089601011503
