user_id,book_id,rating,predict
30944,2,5,8.303452753816195
30944,4,5,7.7054336220124675
30944,5,4,8.739130324334283
30944,7,5,7.919999919530129
30944,8,3,8.233750872634213
30944,17,5,7.651330918756704
30944,18,4,7.974988637618558
30944,19,5,9.241444280975582
30944,20,5,7.889899161290794
30944,21,3,9.279069608693533
30944,23,5,8.205882080057012
30944,24,3,8.796620591107757
30944,25,4,9.013481755873784
30944,26,3,7.470588013745486
30944,27,2,9.146854805945594
30944,28,5,8.450633931428191
30944,29,4,8.564250379445841
30944,37,5,8.714752117758014
30944,39,4,9.019589864282267
30944,41,5,8.616965915366222
30944,45,4,8.301942256239755
30944,50,4,8.61026016149068
30944,53,3,7.50724650919385
30944,54,5,8.985506999190708
30944,55,4,7.424487124874387
30944,59,4,8.532970734084774
30944,62,5,8.742857119709154
30944,71,3,7.6164382051821455
30944,79,4,8.58263371706585
30944,80,3,8.221208625638486
30944,83,3,7.288603643372051
30944,84,4,7.926436363603646
30944,90,4,8.387000656736774
30944,97,5,7.810677230797012
30944,102,4,8.870341815744167
30944,109,5,7.624562964093296
30944,110,4,8.43201971897766
30944,122,5,7.738482403657175
30944,980,4,4.666666666666667
30944,1106,4,8.95454319969472
30944,1380,5,9.571427117642504
30944,1391,3,8.846151019848783
30944,1492,4,9.166659666174032
30944,1636,4,9.384614715189226
30944,1653,4,9.321428089961996
30944,1715,5,8.974358007335574
30944,1725,4,8.123320551882488
30944,1797,3,3.5757575757575757
30944,1818,3,8.229165360793269
30944,1889,4,9.325580282941704
30944,2126,4,8.969230274389332
30944,2195,3,8.712326136635587
30944,2209,5,9.306812240716969
30944,2269,5,8.584785420247636
30944,2336,5,3.0
30944,3220,5,9.081914222585386
30944,3628,5,9.011696931680088
30944,3636,4,7.1988103282884275
30944,3934,4,8.375179841320278
30944,4653,4,8.841630395056104
