user_id,book_id,rating,predict
30964,3430,5,8.999999846124695
30964,4436,5,8.699999766208752
30964,5078,4,8.153845606982928
30964,5427,5,8.14285662077888
30964,7192,5,8.795454175250832
30964,7201,4,8.214738542134922
30964,7992,5,8.742424213126519
30964,8180,5,8.76923024238741
