user_id,book_id,rating,predict
31521,2460,5,4.0
31521,2585,5,5.0
31521,2656,5,5.0
31521,3266,5,9.499998420734116
31521,3651,5,8.666666701587738
31521,4770,5,9.249998871745397
