user_id,book_id,rating,predict
31614,3405,5,8.833333302442975
31614,3554,5,9.160050448956031
31614,5272,5,9.749999973444174
31614,5998,5,8.251094646321613
31614,6339,4,8.631578680657373
31614,7461,5,9.145833105611771
31614,7786,5,8.342347243720946
31614,7940,3,8.734969150350615
31614,8244,5,8.49865179920706
