user_id,book_id,rating,predict
31773,4373,4,9.333332659509358
31773,5178,5,8.999999426040926
31773,5720,5,8.75080306762604
31773,6205,5,8.833332546614525
31773,6412,4,8.49088524272242
31773,6803,5,9.384615270508846
31773,6904,5,8.260130073742864
31773,6930,5,9.374999923709046
31773,6974,5,8.83870974214697
31773,7185,5,8.949999652122756
31773,7202,5,8.5759890875147
31773,7203,5,9.687499764114758
31773,7303,5,8.791665917461277
31773,7413,5,8.98934740017793
31773,7702,5,8.808112825501539
