user_id,book_id,rating,predict
31911,7313,2,3.7
31911,7556,3,8.74998262480998
31911,8094,5,4.181818181818182
