user_id,book_id,rating,predict
31936,324,5,5.0
31936,991,4,7.049996584901336
31936,1060,3,6.860323265193241
31936,1265,3,9.27243401078106
31936,1710,4,8.641099809657561
31936,1859,5,8.937497975857433
31936,1969,5,7.34316110494353
31936,2076,5,8.684209901085786
31936,6274,2,4.5
31936,6564,2,9.173902694101095
31936,7279,5,3.68
31936,9650,5,7.015357187966129
31936,9993,3,8.8923042024994
