user_id,book_id,rating,predict
32261,6230,5,4.0
32261,8157,5,8.660376332025011
32261,8619,5,9.416662646756343
32261,8626,5,8.516128623229907
