user_id,book_id,rating,predict
32350,3895,5,3.1666666666666665
32350,7191,5,4.470588235294118
32350,7663,5,7.870368589841502
