user_id,book_id,rating,predict
32400,3248,5,9.666660940656662
32400,4649,5,8.833332844318413
32400,4831,5,4.5
32400,5731,5,4.181818181818182
32400,6647,5,9.333332630307098
32400,7029,5,9.60714300145493
32400,7588,5,8.576270710125122
32400,7720,5,9.39999995133065
