user_id,book_id,rating,predict
32683,7391,3,7.646020187758815
32683,7393,4,6.916666035860651
