user_id,book_id,rating,predict
32838,4676,3,3.2814472006557214
32838,7294,1,3.380904508405965
