user_id,book_id,rating,predict
32860,4951,4,4.0
32860,6033,3,5.6363635183359815
32860,6332,3,5.9629620948252615
32860,7140,2,5.555554284829512
32860,7584,3,6.372834969457996
