user_id,book_id,rating,predict
32953,3483,4,7.207316549353731
32953,8887,3,7.744710175487521
32953,9133,3,7.054053916200296
32953,9216,3,6.653584306333322
32953,9330,2,6.513345038142097
32953,9480,3,6.8222221873703095
32953,9622,2,6.1107652745872425
32953,9911,3,6.450114323146119
