user_id,book_id,rating,predict
33127,958,5,5.0
33127,989,5,7.499999400754845
33127,1100,5,7.938508259708388
33127,1152,5,7.444443802400359
33127,1351,5,9.111109024585941
33127,1358,4,8.28307421391768
33127,1424,4,8.142856807201142
33127,1535,5,8.911764356377322
33127,1617,5,8.08333319485099
33127,1829,3,7.599456277974953
33127,1838,4,7.558537420171626
33127,1870,5,7.319561186133137
33127,1872,5,7.84544878077255
33127,1876,5,7.906250012602602
33127,2016,4,7.793103172847439
33127,2030,5,8.437306052980516
33127,2066,4,7.940803508656885
33127,2073,5,6.930522793372052
33127,2135,4,7.878788186297986
33127,2203,4,7.797836849205538
33127,2245,5,7.711781831903013
33127,2261,5,8.23915391888868
33127,2282,5,8.409849673066194
33127,2354,4,7.8976795414381
33127,2522,5,7.866666534685481
33127,2525,5,7.393977003248628
33127,2527,4,8.540539383213414
33127,2568,5,8.53125010655527
33127,2687,4,8.433733994599889
33127,2746,5,8.27142332011059
33127,2751,4,7.833333276264346
33127,2773,5,8.70731740029922
33127,2823,5,8.62218813517813
33127,2942,4,7.7794395419117786
33127,2973,5,8.486990405217146
33127,2974,4,8.157792280124685
33127,3098,4,7.889022724746875
33127,3136,5,8.456845792090386
