user_id,book_id,rating,predict
33212,1829,5,8.899999724396462
33212,1961,3,8.785713686468
33212,2103,4,8.611499257810973
33212,2158,5,8.359479722890443
33212,2168,5,8.588036578149797
33212,2260,5,8.909090967581779
33212,3813,5,2.75
33212,4701,4,7.71424155139692
33212,5397,4,8.55555472086148
33212,7315,5,3.574468085106383
33212,7629,5,4.333333333333333
33212,8636,5,3.6666666666666665
33212,8798,4,8.534882744156949
33212,9044,5,8.952380359575162
33212,9139,5,9.40909062823452
33212,9151,5,8.857142662651228
33212,9363,4,8.553191050066182
33212,9814,4,7.355976946557682
