user_id,book_id,rating,predict
33427,3111,5,7.5891062579864235
33427,7541,4,4.0
33427,9119,4,6.472753734613692
33427,9343,3,8.843748539228663
33427,9506,4,3.765625
