user_id,book_id,rating,predict
33665,1732,4,7.569902845616058
33665,2105,3,8.36817469584188
33665,2126,3,7.862662264902198
33665,2418,4,7.097195536970387
33665,6541,4,7.8217102487210965
33665,7281,5,9.078944630969616
33665,7493,3,3.875
33665,7575,4,6.032194051253478
33665,8504,5,8.488263887776203
33665,8908,2,8.453303659675026
33665,9123,5,8.800368620004821
33665,9403,5,8.518936498700958
33665,9795,3,3.7868852459016393
