user_id,book_id,rating,predict
34010,4995,5,8.202209068581748
34010,5605,5,3.8333333333333335
34010,6465,3,8.909080076085814
34010,7469,5,9.213380054275197
