user_id,book_id,rating,predict
34027,5516,5,7.733333167549857
34027,7588,4,-1.4237269553745793
