user_id,book_id,rating,predict
34128,5307,4,8.150166282892638
34128,5671,3,7.305123053856014
34128,6691,3,3.7142857142857144
34128,8614,4,8.127271746133506
34128,8708,5,8.925919285634427
34128,8729,5,8.143881232541826
34128,9397,4,8.474942004189437
34128,9643,3,8.216227899492008
