user_id,book_id,rating,predict
34175,2956,5,4.333333333333333
34175,4648,5,7.89400052937753
34175,5888,4,8.760793335575165
34175,5998,5,8.314483842354356
34175,6464,4,7.86580140041625
34175,6506,5,3.24
34175,6789,5,8.249999822191262
34175,6983,4,7.897603868771185
34175,7433,5,3.888888888888889
