user_id,book_id,rating,predict
34229,5022,5,3.923076923076923
34229,7756,4,4.083333333333333
