user_id,book_id,rating,predict
34403,7790,5,8.921568646908087
34403,7937,5,8.99999962884973
