user_id,book_id,rating,predict
34425,3637,4,3.1666666666666665
34425,6051,3,8.444443912867104
34425,6433,4,7.306497106566858
34425,6649,3,7.7447165088060475
34425,6801,3,7.749999763288557
34425,7023,4,7.424239813500306
34425,8265,4,7.157823053544835
