user_id,book_id,rating,predict
34466,7575,5,4.032258064516129
34466,7689,5,7.762000376072278
34466,8245,3,6.740738683168308
34466,8631,4,7.880246860318955
34466,8700,3,8.517806328135357
34466,9472,4,8.470987085521292
34466,9793,5,6.948047801544138
