user_id,book_id,rating,predict
34477,6162,2,6.999999478002423
34477,7301,2,6.51219509707107
34477,7442,2,6.89583335930153
