user_id,book_id,rating,predict
34495,6885,5,8.4444436403027
34495,7419,2,8.191349051246029
34495,8075,5,9.076923043549645
34495,8340,5,8.456521687887465
34495,9828,5,8.45762719899626
