user_id,book_id,rating,predict
34514,4260,3,3.8421052631578947
34514,5955,4,9.111108454199622
34514,7200,3,7.148674158691067
