user_id,book_id,rating,predict
34551,4918,5,9.499999392803895
34551,5178,5,8.999999426040926
34551,5720,5,9.000000173593897
34551,5736,4,8.999999539412741
34551,6098,4,7.702447791339398
34551,6370,5,8.857142548495759
34551,6849,5,8.805248240286847
34551,6974,4,8.405862235307179
34551,7085,4,8.612391211854035
34551,7303,3,7.763442130621071
34551,7413,5,9.279999597758298
