user_id,book_id,rating,predict
34618,2686,4,3.857142857142857
34618,4823,4,3.7241379310344827
34618,4953,4,8.955496022759325
34618,5529,3,8.902055111744065
