user_id,book_id,rating,predict
34719,7560,3,7.548797810205986
34719,8365,4,6.492301231438409
