user_id,book_id,rating,predict
35177,4372,4,7.9163019801521735
35177,4975,1,3.909090909090909
35177,5259,3,7.624999684300961
35177,5645,5,8.034854099399247
35177,5913,3,8.4374980719018
35177,5981,4,7.508383270817438
35177,6051,4,8.32150577469016
35177,6925,4,7.834731238610586
35177,6947,5,8.018269498764118
35177,7148,4,7.1371570861342395
35177,7334,4,7.3697523064745045
35177,7358,3,7.96007467556449
35177,7363,2,6.774193425310802
35177,7421,5,7.0548386748819905
35177,7433,3,7.790398320681668
