user_id,book_id,rating,predict
35469,680,4,7.8695646025066
35469,897,4,4.0
35469,969,4,7.833332979513591
35469,1157,4,7.622640809405892
35469,1191,5,8.666666586577168
35469,1358,4,8.24999969372964
35469,1507,4,8.052630931557879
35469,1534,4,7.166666340267351
35469,1617,4,8.083333130592845
35469,1684,4,7.986300609405653
35469,1712,4,7.593745295131125
35469,1876,4,7.906249862418836
35469,1881,4,7.722222075652737
35469,2016,4,7.793103291483307
35469,2059,4,7.909090838152057
35469,2135,4,7.878787641771046
35469,2318,4,3.0
35469,2505,4,8.499999607789366
35469,4295,4,7.833330917323578
35469,6140,4,8.250000040450153
35469,6192,4,7.666666032817096
35469,6264,4,7.999999545705579
35469,7436,4,7.225025434469117
35469,7851,4,8.024390104307663
35469,8806,4,8.61671314846817
35469,9043,4,8.19642784801876
35469,9277,4,7.637240852094779
35469,9399,4,8.117645212210304
35469,9979,4,8.518929075340159
