user_id,book_id,rating,predict
3562,1115,3,7.122942312935789
3562,1404,4,7.333780179977541
3562,1538,3,6.410673817417443
3562,1615,4,6.767789703371558
3562,3726,4,4.333333333333333
3562,4497,4,6.999995415747453
3562,5142,4,3.9166666666666665
3562,5851,2,3.526315789473684
3562,6206,3,3.6666666666666665
3562,6287,5,4.157894736842105
3562,6546,4,6.731007695084752
3562,7497,3,4.27027027027027
3562,8503,3,4.196078431372549
3562,8693,3,3.5901639344262297
3562,8828,4,7.439537021614491
3562,9185,3,7.569815999808813
