user_id,book_id,rating,predict
35620,776,4,4.0
35620,4597,5,7.428571064632856
35620,5399,5,7.755342360558416
35620,6057,4,4.4
35620,6337,3,7.665598052233852
35620,6467,4,4.0
35620,6885,5,3.4444444444444446
35620,7827,4,7.931815897488903
35620,8090,4,6.9608973909312
35620,8675,5,8.176468474628377
35620,9080,3,3.742857142857143
35620,9104,5,7.927271574750807
