user_id,book_id,rating,predict
35732,5422,5,9.249999505649239
35732,5628,5,4.2727272727272725
35732,5656,3,8.990121605385394
35732,7979,3,8.307089160386562
35732,8362,5,9.544111878473526
35732,8499,4,7.803666854382767
35732,8582,5,8.178283934233026
