user_id,book_id,rating,predict
36446,7903,4,6.93939366224838
36446,8089,3,7.235603346143568
36446,8344,5,7.261953569125865
