user_id,book_id,rating,predict
36536,6098,3,7.886106388254303
36536,6193,5,7.850603489452667
