user_id,book_id,rating,predict
3698,3850,4,3.5
3698,4405,3,4.0
3698,4934,3,6.899734533278666
3698,7573,3,7.466864557009478
3698,7604,3,6.729254089448242
3698,7898,4,7.7431256376612385
3698,7975,2,6.37930959204118
3698,8495,3,8.405405383763368
3698,8800,3,7.794114750924971
3698,9393,4,7.052631350128152
3698,9511,1,3.238095238095238
3698,9607,3,8.095932012772863
