user_id,book_id,rating,predict
36998,3436,4,3.6
36998,7540,5,7.833299537156021
36998,8318,4,3.639344262295082
