user_id,book_id,rating,predict
37135,448,4,4.0
37135,504,4,8.384614290093147
37135,797,5,7.961538015003195
37135,1025,4,7.703703433600761
37135,1277,3,7.215148975862171
37135,1357,3,7.727272174228954
37135,1467,3,6.359996875196507
37135,4346,4,4.333333333333333
37135,7826,4,7.794111159054829
37135,8213,4,8.428570411462502
37135,8425,4,6.619035042901377
37135,9932,3,8.240740090202234
