user_id,book_id,rating,predict
37500,1898,4,7.948605587072125
37500,2241,4,7.209841911018376
37500,2342,4,8.049999829941356
37500,2693,5,8.305728646744612
37500,2828,5,7.808757781604903
37500,2978,5,8.710365139489019
37500,7670,4,7.893616502498203
37500,8245,4,7.485696971648432
37500,8281,4,7.154707861456719
37500,8561,3,7.612243397967431
37500,8849,4,7.846152904891561
37500,9235,3,8.204806314067127
37500,9541,3,7.535710043532767
