user_id,book_id,rating,predict
37821,5740,4,8.709218576339628
37821,6293,4,8.249998599769548
37821,6360,4,4.4
37821,6757,4,7.745019082187444
37821,6931,4,7.299998680645034
37821,6958,3,7.317459087965887
37821,7313,4,7.699995663873645
37821,7468,5,9.185183539654624
37821,7566,4,8.145796885719887
37821,7582,5,7.249993282443525
37821,7610,4,8.678131022122308
37821,7698,4,8.726424226041406
37821,7708,4,8.308358792617494
37821,7721,4,8.856582228507934
37821,7935,5,8.883000094451047
