user_id,book_id,rating,predict
38329,3010,3,6.708247013079751
38329,3355,5,8.101884583328456
38329,3619,4,6.862068482914639
38329,5762,4,7.766070469838689
38329,6159,3,7.404695711078224
38329,6520,3,6.769230320606633
38329,6638,3,7.386512821161508
38329,7509,4,6.363628855257748
38329,8590,4,6.826078512986758
