user_id,book_id,rating,predict
38470,6676,4,3.433333333333333
38470,7726,3,6.304345243083787
