user_id,book_id,rating,predict
38476,2308,4,3.857142857142857
38476,5691,5,9.083332454535435
38476,6222,5,8.006746772497047
38476,7182,3,8.121279122342173
