user_id,book_id,rating,predict
38840,1197,3,7.10043978112707
38840,1429,5,8.666666214819166
38840,1560,3,6.737657164251488
38840,1674,5,8.578947338399878
38840,6189,5,4.0
38840,8222,5,7.81794764121881
38840,8535,3,9.08510607543597
38840,8636,2,3.6666666666666665
38840,8783,5,8.18084444963554
38840,9429,5,8.061752256160714
38840,9814,5,8.356162421074782
