user_id,book_id,rating,predict
3893,985,5,9.260867549171753
3893,1041,5,8.499939936801617
3893,1106,5,8.954545049382938
3893,1213,5,3.5
3893,1349,5,7.228212992733802
3893,1432,5,3.3333333333333335
3893,1998,5,5.0
3893,7611,5,8.937500177128323
3893,7838,5,8.666665443608156
3893,7994,5,4.190476190476191
3893,8174,5,9.224485947058207
3893,9698,5,9.123075956003554
3893,9746,5,9.241379048594197
