user_id,book_id,rating,predict
39281,2797,3,4.333333333333333
39281,6567,2,3.966666666666667
39281,6572,3,3.9056603773584904
