user_id,book_id,rating,predict
39302,4099,5,3.769230769230769
39302,4833,5,7.701725164340077
39302,5170,5,4.333333333333333
39302,5821,5,8.46440836573625
39302,5854,5,8.423830128496625
