user_id,book_id,rating,predict
39605,4489,4,7.833329964557608
39605,5276,4,8.384613111975977
39605,5698,4,3.6
39605,6068,2,7.249999405798054
39605,6748,2,7.29999755198433
39605,7040,3,7.499999653577271
