user_id,book_id,rating,predict
39721,3981,5,9.111109879019757
39721,4484,5,6.686048129520229
