user_id,book_id,rating,predict
4000,128,5,2.0
4000,348,3,5.0
4000,649,5,5.0
4000,822,4,4.0
4000,985,4,7.299537748289431
4000,1001,5,4.0
4000,1081,3,8.499999426525186
4000,1281,4,7.639225641930976
4000,1300,4,7.898024084709954
4000,1534,3,7.166666319738547
4000,1543,3,6.499999852127964
4000,1557,4,7.716102021748603
4000,6041,5,7.703381280044291
4000,6871,3,3.8666666666666667
4000,6895,4,7.3354800114853544
4000,7579,3,7.892856221397941
4000,9182,4,4.314814814814815
4000,9521,5,3.765625
4000,9640,3,8.431946913384198
4000,9901,4,9.08771722384595
