user_id,book_id,rating,predict
40105,3828,4,3.5
40105,4388,4,4.0
40105,5851,5,3.526315789473684
40105,6844,5,3.925925925925926
40105,7271,5,6.624998843341407
40105,7375,5,3.65625
40105,8079,3,9.245276402947063
40105,8879,5,3.844155844155844
40105,9172,2,8.012368886027005
