user_id,book_id,rating,predict
40194,582,4,5.652172244069873
40194,932,3,8.222454996605045
40194,956,2,4.0
40194,1191,5,4.666666666666667
40194,1302,2,8.463948259550403
40194,1591,3,7.083317708583897
40194,1628,5,7.999999669534995
40194,1629,3,7.351704804844302
40194,4536,3,3.4545454545454546
40194,8697,3,5.142815040317792
40194,9235,4,8.199999739769998
40194,9959,4,6.182931120672659
