user_id,book_id,rating,predict
40331,870,5,7.821442384693613
40331,956,5,6.99999988010539
40331,1710,4,7.334238384568698
40331,1734,5,9.315789582701296
40331,1927,5,7.947161310176659
40331,3142,3,7.499999112774946
40331,5180,4,9.133184817288015
40331,7302,5,8.498609834663318
40331,7563,1,6.74999948897372
40331,7623,5,9.064664555484661
40331,8220,5,7.225053620504012
40331,8337,3,7.952327630808295
40331,8789,3,8.03242498811274
40331,9295,2,7.235540688481829
40331,9834,3,6.735293831288076
