user_id,book_id,rating,predict
40673,6197,3,6.568602603532277
40673,6346,3,7.065716142989114
40673,7846,4,7.821262617170736
40673,8251,3,7.8367349899086785
40673,8354,3,7.835075313590001
