user_id,book_id,rating,predict
41033,4910,3,4.6
41033,5254,3,4.0
41033,5631,4,3.8461538461538463
41033,6226,4,4.285714285714286
41033,6907,3,7.60292358959857
41033,7099,2,8.999999061304845
41033,7167,5,9.045454788047936
41033,7221,4,8.327545565494962
41033,7256,3,7.942522818372592
41033,7438,3,6.901206421806657
41033,8022,2,7.653472199531832
