user_id,book_id,rating,predict
41225,3224,3,7.401685666593787
41225,3678,4,3.5555555555555554
41225,4835,5,4.2
41225,5451,3,7.043127149556854
41225,5477,5,6.94570976755341
