user_id,book_id,rating,predict
41538,1372,1,7.333332974531942
41538,1475,3,4.666666666666667
41538,1647,4,4.0
41538,2033,5,3.7777777777777777
41538,2292,2,6.108026175733444
41538,2588,3,6.1558971011054116
41538,3288,4,5.738021556954454
