user_id,book_id,rating,predict
41797,2434,5,3.5
41797,2537,4,4.333333333333333
41797,3917,5,8.733325820529014
41797,3981,3,9.111110380398383
41797,4484,5,9.210525775671691
