user_id,book_id,rating,predict
42336,947,3,8.56779262964746
42336,1170,4,8.589663423591343
42336,1257,5,7.90909068261584
42336,1264,4,9.15180699116273
42336,1413,2,7.259844100558973
42336,1472,5,8.708624472702086
42336,1651,5,7.7687653806795725
42336,1668,5,8.638329567159671
42336,1743,4,7.811594051362253
42336,1818,5,8.229166735298488
42336,2008,3,8.220865567084314
42336,9282,3,7.101449192966525
