user_id,book_id,rating,predict
42403,4783,3,3.75
42403,4987,4,4.4
42403,6428,3,7.600000041268303
42403,6527,5,4.615384615384615
