user_id,book_id,rating,predict
42414,4153,5,8.396870464404484
42414,5143,5,8.89940531247639
42414,6264,5,4.0
42414,6647,5,9.333332812134671
42414,7216,5,9.476188274282432
42414,7690,5,9.249999824432935
42414,7730,4,9.09755958287803
42414,8924,4,9.255813642982325
42414,9151,5,8.857142540221732
42414,9767,4,9.111111041035416
