user_id,book_id,rating,predict
42946,1377,3,8.399999913124207
42946,1735,3,8.297727004506509
42946,1870,4,7.4951766443449745
42946,1872,1,6.627968656373874
42946,2354,3,6.679075184498984
42946,2383,3,8.046190953880586
42946,2539,5,8.105669703008235
42946,2557,3,9.49999934848384
42946,5344,4,4.4
42946,5485,3,7.650389943987336
42946,9005,3,3.343283582089552
