user_id,book_id,rating,predict
43030,203,3,3.0
43030,777,3,4.0
43030,920,5,6.544363810329408
43030,1401,3,7.938774891069041
43030,1467,5,8.033061935298958
43030,1495,4,8.30885021966488
43030,2318,3,3.0
43030,5012,3,7.749986686728232
43030,5043,4,7.768261693826831
43030,5594,4,4.142857142857143
43030,5785,5,8.758899740901969
43030,6271,4,7.93333266118041
43030,7003,4,3.1
43030,8329,4,7.528874491327134
