user_id,book_id,rating,predict
43343,169,3,5.0
43343,210,4,5.0
43343,384,4,5.0
43343,394,2,5.0
43343,419,1,5.0
43343,506,3,4.0
43343,645,3,2.6666666666666665
43343,673,1,5.0
43343,759,3,4.686331859743472
43343,764,3,7.123574463913133
43343,1027,3,7.488745583908475
43343,1162,3,6.448115281701128
43343,1197,4,7.723663896181737
43343,1297,3,5.666666478650958
43343,1298,4,5.221631033681804
43343,1416,3,7.007850706178944
43343,1480,5,7.791177157150795
43343,1718,2,6.198073959200665
43343,1725,2,5.876487016002971
43343,1735,3,5.97423514352384
43343,1766,3,7.155641528073611
43343,1857,5,7.726115351571647
43343,1863,4,7.631862753158076
43343,1890,3,7.212499872684227
43343,1934,2,7.396714854632233
43343,1997,4,6.790123372857141
43343,2069,3,6.5509558409052815
43343,2219,1,5.067038551287602
43343,2270,3,6.269253761688267
43343,2278,2,5.2428572240455935
43343,2390,3,6.6300851758913755
43343,2399,1,5.966347787261796
43343,2458,3,5.932285013125084
43343,2461,3,6.354992280333345
43343,2463,3,8.036144558697377
43343,2510,1,6.853670594076024
43343,2608,3,6.975650880397739
43343,2645,3,5.235187854960515
43343,2710,2,7.353100040013169
43343,3019,4,7.911983005795978
