user_id,book_id,rating,predict
43411,1355,5,5.0
43411,2956,5,8.725979545508466
43411,3226,5,8.249997192799473
43411,3275,5,5.0
43411,3486,5,8.425122816008583
43411,3759,5,8.696463295172567
43411,3862,5,7.914219796611511
43411,4038,5,9.428571183741958
43411,4248,5,8.999999580030519
43411,4743,5,9.314284014477476
43411,5245,4,8.841036633499622
43411,6111,5,9.249997479420442
43411,6115,5,8.571427885366075
43411,6403,5,8.42136998586738
43411,6635,5,8.54254951970346
