user_id,book_id,rating,predict
43477,7357,5,3.8666666666666667
43477,7631,4,3.8823529411764706
43477,8700,5,8.785617348562159
43477,9120,5,9.061224525254502
43477,9800,4,9.402604597324933
