user_id,book_id,rating,predict
43489,4235,4,7.144400320481646
43489,4760,5,7.6442046414608855
43489,4935,4,6.454970372491234
43489,5990,4,7.781823669112201
43489,6089,5,7.563636328194024
