user_id,book_id,rating,predict
43526,753,4,8.095001117663347
43526,1025,5,8.554883102819113
43526,1297,5,8.666665459392354
43526,1669,5,7.523801963306036
43526,4966,5,8.83333260913842
43526,7648,3,3.869565217391304
43526,9767,5,9.111110718230488
