user_id,book_id,rating,predict
43633,6893,4,3.625
43633,7750,5,8.894727146297452
43633,8057,5,9.05292112496203
43633,8343,4,7.619210845966961
