user_id,book_id,rating,predict
43979,4410,5,4.823529411764706
43979,5581,5,3.2857142857142856
43979,7281,5,4.078947368421052
43979,7480,5,4.333333333333333
43979,8688,3,3.1451612903225805
43979,8729,5,7.659085523632017
