user_id,book_id,rating,predict
45060,6573,5,8.067631568374129
45060,6718,4,7.374998237961755
45060,7920,5,9.066641536754734
