user_id,book_id,rating,predict
45126,370,2,2.0
45126,685,2,6.933380999760439
45126,817,4,3.0
45126,880,4,8.729709511201733
45126,928,5,7.1787400134646235
45126,958,1,5.0
45126,1000,2,5.976002181665242
45126,1032,4,7.897013065420638
45126,1140,1,6.468267600814963
45126,1227,5,6.425099455724265
45126,1251,5,7.8748082499714425
45126,1324,3,7.490304285744337
45126,1351,4,7.840347323330459
45126,1391,2,7.064225052673777
45126,1456,4,7.253439012569304
45126,1472,2,8.439035011709777
45126,1531,5,8.394059799316432
45126,1745,5,5.928216469408799
45126,1764,4,7.56391476669521
45126,1782,5,6.559561591565226
45126,2009,5,7.0935702346791025
45126,2282,2,7.425410278456351
45126,2293,1,8.682926515855907
45126,2376,5,7.817162978977029
45126,2381,1,6.264796714908218
45126,2472,3,7.73333328729234
45126,2558,4,7.886707838987862
45126,2611,5,8.8585963019556
45126,2687,1,7.979323719495737
45126,2711,3,5.603422759360777
45126,2764,5,9.103895819425276
45126,2785,2,6.097316713848581
