user_id,book_id,rating,predict
45139,8108,3,3.3174603174603177
45139,8315,3,3.3846153846153846
