user_id,book_id,rating,predict
45337,3107,5,6.070528945488817
45337,3405,4,7.879547860888408
45337,3554,4,8.399999233276374
45337,4373,5,8.33333309759579
45337,5246,3,5.654786632064215
45337,5998,4,6.531210529171848
