user_id,book_id,rating,predict
45421,3682,2,7.817827011706198
45421,3946,4,4.0
45421,4688,5,7.999999893333336
45421,5537,3,3.923076923076923
45421,6038,2,8.723376311843657
45421,7245,4,7.82371357569718
45421,7302,4,6.971427716708138
45421,7569,4,7.6451567183717035
45421,7738,4,7.324518204308351
45421,8229,3,7.750193615744558
45421,8323,2,4.2
45421,8333,4,7.24855592080079
45421,8347,4,7.405147794433529
45421,8523,2,6.997693693797167
45421,8639,3,7.960782871159944
45421,8923,3,7.862743065491731
