user_id,book_id,rating,predict
46070,3275,5,5.0
46070,3486,4,7.369138862052924
46070,3759,4,7.597675831685745
46070,3813,5,5.749996899733812
46070,4248,4,7.37316542137604
46070,6503,2,7.7618848039477335
46070,6511,3,7.359303502504362
46070,6531,4,8.404555851023996
46070,7324,5,7.773803869436078
46070,7697,5,7.5733366564129065
46070,9190,4,9.266139668275589
