user_id,book_id,rating,predict
46481,2613,5,4.385416666666667
46481,3186,4,4.4
46481,7492,3,6.676470304924896
46481,8284,5,9.032255103401058
46481,8433,4,7.528295528245309
46481,8921,3,5.842879595906837
46481,9227,3,6.987012860869261
46481,9592,3,6.967212977763808
