user_id,book_id,rating,predict
46724,8775,4,8.065789015017684
46724,9413,4,8.032257373137202
