user_id,book_id,rating,predict
46825,3479,3,4.428571428571429
46825,4826,3,4.0
46825,5041,3,3.5
46825,5505,4,6.181970989121487
46825,5954,5,4.333333333333333
46825,6852,2,8.83332592588088
46825,7438,4,7.539122064857866
46825,7619,2,7.353594795992882
46825,7748,5,6.232590283907927
