user_id,book_id,rating,predict
46916,4831,5,4.5
46916,6808,4,8.440712380643294
46916,7311,2,7.47999724253394
46916,7615,3,6.965680553327822
46916,8167,3,4.020833333333333
46916,8692,5,7.666467959276283
46916,8879,2,3.844155844155844
46916,9012,3,7.099628944659518
46916,9921,4,7.131516242076916
