user_id,book_id,rating,predict
47051,7076,3,6.675776802255848
47051,7217,5,9.433333047294173
47051,7807,5,9.306122530808747
