user_id,book_id,rating,predict
47360,6081,5,3.8947368421052633
47360,7051,5,8.483920882820069
47360,8967,5,8.429729620199751
