user_id,book_id,rating,predict
47749,874,4,7.999999622824971
47749,1182,4,7.666666536051607
47749,1192,5,8.199995635071959
47749,1482,4,7.582802691544783
47749,1543,5,8.053527438740401
47749,1587,5,8.058347903997063
47749,1815,5,9.225805097120604
47749,1909,5,9.22222133197878
47749,7671,5,3.870967741935484
47749,7887,4,4.0
47749,8090,4,7.482757972250612
47749,8122,5,3.5714285714285716
47749,9073,5,3.9692307692307693
47749,9170,5,3.7049180327868854
