user_id,book_id,rating,predict
47790,4913,3,6.823488880962201
47790,5406,4,8.142849284075663
47790,5939,5,3.4444444444444446
47790,6565,4,3.6538461538461537
47790,7418,4,4.277777777777778
47790,8340,5,5.691801990532488
