user_id,book_id,rating,predict
47830,2829,4,5.0
47830,3802,5,3.5
47830,6194,4,3.6923076923076925
47830,6310,4,4.0
47830,6852,4,3.8333333333333335
47830,6883,4,8.749992912165496
47830,7176,2,3.6666666666666665
47830,7311,3,8.47999896716233
47830,7384,3,8.784395571759354
