user_id,book_id,rating,predict
48218,5230,2,6.115118153854599
48218,5442,4,7.874998942239215
48218,6169,4,7.266666326736823
48218,6207,5,7.277566109169221
48218,6485,4,6.739084058258625
48218,6614,5,6.958453061470141
48218,6798,4,8.642216117333328
48218,7987,4,6.831835879616415
48218,8121,4,7.733559591037265
48218,8904,3,8.368666200371576
