user_id,book_id,rating,predict
48320,4097,5,3.5
48320,4399,3,3.4285714285714284
48320,4606,5,3.75
48320,4866,5,9.43749646000088
48320,4870,5,3.857142857142857
48320,5699,5,8.392856406207407
