user_id,book_id,rating,predict
48402,3347,4,7.8193718467696245
48402,3842,3,3.75
48402,4203,5,8.399999545267749
48402,4573,3,5.0
48402,5981,5,8.165445000684006
