user_id,book_id,rating,predict
48575,3230,3,5.0
48575,3571,4,7.634801266787619
48575,3836,4,4.5
48575,5021,5,8.525468868754455
48575,5547,2,7.692885978305453
48575,5749,2,7.740174926093363
48575,6091,5,8.56691038245021
48575,6571,4,9.002970900111254
48575,6667,5,7.638289956642939
48575,7203,4,9.147431975111584
48575,7819,5,8.33289089862937
48575,8040,5,8.276595399370636
