user_id,book_id,rating,predict
48672,7488,1,6.410253855900421
48672,7936,4,6.9322011518934135
48672,8204,4,5.191663717394931
