user_id,book_id,rating,predict
48963,3275,5,5.0
48963,4173,5,3.5
48963,5136,4,7.934462083611013
48963,5455,4,7.818180969899765
48963,5469,4,6.6666657770823905
48963,5575,5,3.1666666666666665
48963,6755,3,7.503748069359033
48963,7171,4,6.6963794043673035
48963,8177,3,7.3191128512251
