user_id,book_id,rating,predict
49349,6897,2,6.0547493161469035
49349,7772,3,7.969781991833335
