user_id,book_id,rating,predict
49497,3229,5,8.644444361341668
49497,3342,5,9.012047186501892
49497,5041,5,3.5
49497,5596,5,4.5
49497,7427,5,8.777777597154877
49497,7681,5,8.545454147943627
49497,8156,5,8.950000077598204
49497,8334,5,8.568181258461903
49497,8837,5,8.366666629525376
49497,8864,5,8.999999960714302
49497,9095,5,9.0178554426171
49497,9297,5,9.392848999428363
49497,9469,5,8.760000152390063
