user_id,book_id,rating,predict
50159,2336,3,3.0
50159,4870,4,6.857141569862029
50159,5027,3,7.545452306227846
50159,5787,3,3.5
50159,6607,3,7.25487411123116
50159,8162,2,7.959997620142363
50159,8168,2,7.862491140687904
50159,8207,4,3.41025641025641
50159,8819,4,7.1548516772449915
