user_id,book_id,rating,predict
50243,6197,5,8.999999512343816
50243,6248,5,8.76923054163235
50243,6346,5,9.499999504041249
50243,7846,4,8.821262601635066
50243,8251,5,8.83673506391646
50243,8354,5,8.835075244853783
