user_id,book_id,rating,predict
50354,945,4,6.3089276603813875
50354,950,5,8.25442243490938
50354,1045,4,7.349092249809781
50354,1066,1,7.861071141212328
50354,2457,4,5.666666642908778
50354,5393,4,5.583333269929994
50354,5671,3,5.38236392216447
50354,6977,4,4.551724137931035
50354,7062,2,3.9767441860465116
50354,7672,4,6.089285261629564
50354,9785,4,6.629026032276881
