user_id,book_id,rating,predict
50685,3438,4,6.248654428878806
50685,4935,2,6.791358894483416
50685,5706,2,6.63355857242568
