user_id,book_id,rating,predict
5124,2146,4,4.666666666666667
5124,2528,3,6.2056778432798065
5124,2533,5,7.085277754507557
5124,2886,3,7.289776452329708
5124,4088,3,6.272726572956852
5124,4615,3,6.195647315182731
5124,5174,3,7.112314081375346
5124,6458,4,4.090909090909091
5124,6537,3,4.151515151515151
5124,6964,2,3.40625
5124,7653,3,8.348854061231021
5124,8190,2,7.172351772815128
5124,8378,4,7.343938608379942
5124,8534,5,3.610169491525424
5124,9437,4,3.8260869565217392
