user_id,book_id,rating,predict
52,2263,1,8.666665434764658
52,3954,3,4.333333333333333
52,4115,4,9.599999357054458
52,5325,2,4.166666666666667
52,5996,3,7.775663110260263
52,6033,4,7.660388965271359
52,6603,4,8.853657185153981
52,7264,5,8.95428484949412
