user_id,book_id,rating,predict
52384,2256,5,5.0
52384,6469,4,8.729165181702621
52384,8378,5,2.865203656713359
