user_id,book_id,rating,predict
5273,5108,5,3.6666666666666665
5273,5455,4,7.22159757018444
5273,6094,3,3.9473684210526314
5273,6755,4,7.002968141954023
