user_id,book_id,rating,predict
53088,5771,4,7.592331366521321
53088,6134,5,7.501608507996139
53088,6422,4,7.795201244203968
53088,7474,4,8.058823561757116
53088,8258,5,7.490053683956173
53088,8759,5,7.818254825385619
