user_id,book_id,rating,predict
53403,3139,4,3.5
53403,4015,4,4.0
53403,5009,2,7.555555302223256
53403,5184,2,8.198474384545992
53403,5626,5,6.769230108871193
53403,6055,5,4.354838709677419
53403,6354,4,4.0344827586206895
53403,7068,5,7.357140988374621
53403,7090,3,6.799999486471121
53403,7269,5,7.17238277800217
53403,7412,3,6.947366800530951
53403,8107,3,3.9166666666666665
53403,8570,3,7.598670408008164
53403,8682,4,5.0917771070189035
