user_id,book_id,rating,predict
5631,2166,5,5.0
5631,4411,3,8.866665235423357
5631,4953,5,9.071427672839793
