user_id,book_id,rating,predict
6341,950,4,8.591641168808785
6341,1162,2,6.29411344323491
6341,1903,4,7.899992351948276
6341,3103,4,6.428570738644074
6341,4451,5,6.714285433109928
6341,6706,5,3.3333333333333335
6341,9792,3,7.448182137409063
