user_id,book_id,rating,predict
6914,4407,4,7.228028989906905
6914,4449,4,6.428571041554168
6914,4710,4,7.999999602588829
6914,5360,3,6.439994340230028
6914,5476,4,4.166666666666667
6914,6263,2,7.578938021487139
6914,7305,5,6.902948342682638
6914,7627,4,8.166666546344146
6914,8287,4,8.06250009571364
