user_id,book_id,rating,predict
6934,6052,5,7.990240939668217
6934,8136,5,9.049999792229013
6934,8660,5,7.274816534167459
