user_id,book_id,rating,predict
7707,7246,4,8.44444015886556
7707,7363,5,8.774191156729216
7707,7943,4,8.891891530113693
