user_id,book_id,rating,predict
7766,7529,4,4.222222222222222
7766,8333,4,7.232125448897101
