user_id,book_id,rating,predict
8019,5029,4,7.537127380466118
8019,5436,2,5.8888887095258085
8019,6122,4,7.519059209342876
8019,6402,3,3.3684210526315788
8019,7417,4,8.105236177963263
8019,7433,2,7.559146631912659
8019,7546,3,5.509421821587759
8019,7558,3,6.1964866588235
