user_id,book_id,rating,predict
8054,4633,5,8.199998839747291
8054,4903,4,8.16665950467959
8054,5762,3,3.75
8054,6015,4,5.230767615631413
8054,6321,5,8.799999016008345
8054,6504,5,6.388885410547833
8054,6638,4,7.434092903343464
8054,6738,5,4.157894736842105
8054,7265,5,8.99999972591906
