user_id,book_id,rating,predict
8273,6137,5,3.5
8273,6293,3,4.25
8273,6506,3,6.865740902544866
8273,7241,4,7.809385722274097
8273,7492,3,3.676470588235294
