user_id,book_id,rating,predict
8354,4174,4,7.571425848024351
8354,4694,3,7.818156205075631
8354,5532,5,3.3333333333333335
8354,5535,4,3.6
8354,5919,5,4.758620689655173
8354,5952,4,7.874999926173347
8354,6344,4,7.888841194026657
8354,6352,4,7.923076822200766
8354,7333,3,3.772727272727273
8354,7549,4,7.812499603312965
8354,7758,4,7.933332898656555
