user_id,book_id,rating,predict
8643,1103,5,9.099999588682493
8643,1351,5,4.111111111111111
8643,1535,5,8.911764370307989
8643,1841,5,8.437499365589884
8643,1986,5,8.76470520265018
8643,2261,5,8.535714020483665
8643,2282,5,8.714285618365501
8643,2354,5,8.517241471570289
8643,2381,5,8.50847379733518
8643,2568,5,8.531249795656318
8643,2573,5,8.365384242069332
8643,2607,5,8.325580938782698
8643,2746,5,8.555555195605653
8643,2773,5,8.707317016725733
8643,3098,5,8.483871018760464
8643,3273,5,8.54545415157264
8643,7887,5,8.999999754089448
8643,8777,5,8.363636503317277
