user_id,book_id,rating,predict
9022,2752,5,3.6
9022,2855,4,2.6666666666666665
9022,3059,2,4.5
9022,3882,4,3.5
9022,4086,2,3.375
9022,4516,4,7.571426752704162
9022,5650,5,3.8333333333333335
9022,5819,4,7.499996624503645
9022,5868,4,4.166666666666667
9022,6843,3,7.46153756847853
9022,7482,3,7.24086502917551
