user_id,book_id,rating,predict
9093,3645,4,9.444426535385652
9093,4297,2,4.6
9093,5258,5,7.668252872666727
9093,5269,5,7.835704064004329
9093,6567,5,7.134036845037886
9093,6620,5,7.784492389358688
9093,7003,2,7.632315008782562
9093,7142,5,6.855034324265729
9093,7594,4,8.652008446306992
9093,7814,4,7.896111045068819
9093,7950,5,7.5247612893900016
9093,8286,5,9.424240390603217
