user_id,book_id,rating,predict
9264,4287,4,7.999999823742064
9264,4482,4,7.333330650054053
9264,5691,4,8.083333206601566
