user_id,book_id,rating,predict
9550,3998,3,4.49999984385993
9550,5397,4,4.5555548498842
