user_id,book_id,rating,predict
9658,4054,5,4.142857142857143
9658,6008,5,8.323371946178762
