user_id,book_id,rating,predict
100,5730,4,4.666666666666667
100,6160,4,5.171769025287736
