user_id,book_id,rating,predict
10333,1704,4,8.026017824620764
10333,1797,4,8.010738978365335
10333,2023,4,7.182118817625928
10333,2098,4,8.083785100786717
10333,2172,4,8.3545065905198
10333,2339,4,8.287571970375014
10333,4777,4,0.6764705882352939
10333,6435,5,3.676470588235294
10333,6456,4,3.676470588235294
10333,7143,3,6.083515146581202
10333,7563,3,8.676470588235293
10333,7579,4,5.22600743944454
10333,9095,3,3.676470588235294
10333,9439,4,8.668386950363734
10333,9722,3,6.676470736540507
