user_id,book_id,rating,predict
10690,1929,3,3.5
10690,3582,4,1.6396868571651408
10690,4151,4,6.204884900274623
10690,4677,5,7.925561774778364
10690,5226,3,3.5
