user_id,book_id,rating,predict
11380,6292,5,5.403067718242223
11380,6941,4,8.288777854287865
11380,7159,4,8.04080394345351
11380,7301,4,6.359036468036981
11380,7624,4,7.751616648909465
11380,8398,5,7.058630860707966
11380,8562,3,6.944444444444445
11380,8645,5,8.389983617897244
11380,9068,3,7.554995492594234
