user_id,book_id,rating,predict
11770,1113,2,6.538461538461538
11770,1404,4,7.538461538461538
11770,1441,3,4.779356131451588
11770,1467,4,6.809545592097516
11770,6215,3,3.5384615384615383
11770,8195,1,6.538461538461538
