user_id,book_id,rating,predict
11950,4957,3,5.44456395696581
11950,5694,3,6.888888888888889
11950,6075,3,3.888888888888889
11950,6810,5,3.888888888888889
