user_id,book_id,rating,predict
1243,7146,3,6.5770017306104
1243,7628,4,7.333333333333334
