user_id,book_id,rating,predict
12452,4189,4,3.6956521739130435
12452,5671,4,2.446375778976761
12452,5769,4,0.40077364031539586
12452,6422,3,6.9343827159247
12452,6879,4,3.6956521739130435
12452,6887,2,-0.7792528426280261
12452,7121,3,8.695652173913043
12452,7793,4,7.33627447625649
12452,7817,4,-0.8779535010995789
12452,9331,3,6.015791310916395
12452,9586,4,6.918085614958686
