user_id,book_id,rating,predict
12506,1328,3,8.333315743077241
12506,1563,3,5.835542006234306
12506,1880,4,8.104764542714383
12506,3954,4,3.3333333333333335
12506,4055,3,3.3333333333333335
12506,4995,3,2.14873847824271
12506,5531,3,3.3333333333333335
12506,5954,3,3.3333333333333335
12506,7378,3,3.3333333333333335
12506,9022,3,1.6635927242643376
