user_id,book_id,rating,predict
12687,4123,4,7.333333333333334
12687,5379,4,3.3333333333333335
12687,5762,4,7.333333333333334
12687,7528,4,8.183220325322639
12687,7751,3,4.832154090094776
