user_id,book_id,rating,predict
12788,4784,4,3.5294117647058822
12788,6116,4,3.5294117647058822
12788,6866,4,0.5294117647058822
12788,6892,4,8.529411764705882
12788,6958,2,-0.08362722896357067
12788,7482,3,7.529411764705882
12788,8166,4,6.089141617918914
12788,8384,4,6.372902213961558
