user_id,book_id,rating,predict
12964,931,1,7.1773733577201
12964,1044,3,7.377139125764677
12964,1082,2,5.784393857251672
12964,1173,3,6.153541674550117
12964,1345,3,6.711408863091066
12964,1406,3,7.510402392472416
12964,1441,2,7.068965347307527
12964,1442,2,6.585049011719421
12964,1490,4,6.669438427799128
12964,1508,4,7.308489459026424
12964,1596,3,5.800525762831515
12964,1599,4,7.068965589706755
12964,2829,4,3.0689655172413794
12964,2872,5,4.168903493277797
12964,3273,3,4.833051690238806
12964,3845,5,4.872521958856112
12964,4451,4,2.7079924188682134
12964,6117,3,5.313085132815944
12964,6907,3,6.250434727176064
12964,6992,3,-0.7286859764533173
12964,7175,3,6.819053997556354
12964,7659,3,6.246103013153208
12964,8024,3,5.3035632662434224
12964,8227,3,6.076255422203202
12964,8405,3,6.69058067493504
12964,9477,4,6.626751479790156
