user_id,book_id,rating,predict
13162,1152,3,6.35998904120812
13162,3587,4,3.5886574064279615
13162,4628,3,3.607142857142857
13162,6024,3,3.607142857142857
13162,6391,3,3.607142857142857
13162,6402,3,1.6988821387647273
13162,6699,3,6.607142857142858
13162,7388,3,6.064457651235541
13162,7546,3,1.6099887310681127
13162,7840,4,-0.35447267835238305
13162,8795,3,7.398187422611031
13162,9205,4,1.4782812865118733
