user_id,book_id,rating,predict
13319,1446,2,5.796204011784292
13319,6128,3,2.4722222222222223
13319,6326,2,2.3405095681966155
13319,6467,2,-1.5277777777777777
13319,6996,2,6.498940197847426
13319,7032,3,5.472222222222222
13319,7563,3,-0.6964199864420646
13319,7771,1,4.116945386642148
13319,7812,3,2.641644494717301
13319,7874,5,7.472222421552488
13319,8141,1,3.2333647550236924
13319,8329,3,5.942062697247302
13319,8818,3,7.098136167508661
13319,9054,3,3.931135798575114
13319,9620,2,7.171104025735962
13319,9834,3,6.9276923590653965
