user_id,book_id,rating,predict
13392,3831,3,2.919131788891945
13392,3862,5,8.20308617460709
13392,4446,5,8.557548525435354
13392,5757,3,7.248276376134603
13392,6052,5,8.856047531000039
13392,6387,2,8.448958833013922
13392,6531,4,9.060073226359004
13392,6717,5,8.399937148395416
13392,6783,3,6.848065388099332
13392,7460,3,7.118671580873064
13392,7697,4,8.716934207213669
