user_id,book_id,rating,predict
13556,870,4,4.011342367816483
13556,1293,5,8.808024828602576
13556,1313,5,8.281673275770125
13556,1338,5,9.52
13556,1741,4,8.195652268122469
13556,1791,3,7.550068800736467
13556,1896,5,9.42885963570895
13556,1939,4,8.569186545948622
13556,2238,4,8.986171031274035
13556,2438,5,8.487468498867896
13556,2499,4,9.153682005740059
13556,4870,5,1.5199999999999996
13556,4966,5,9.52
13556,6297,5,9.457148675448355
13556,6927,5,1.3558009124164125
13556,6963,5,8.743357846726965
13556,7855,5,4.229229288764955
13556,7969,2,8.52
13556,8207,4,8.519999885802042
13556,8648,4,9.173254106561343
13556,9076,5,8.42894577737369
13556,9194,5,8.125445505074538
