user_id,book_id,rating,predict
1421,5226,3,6.75
1421,5838,4,6.001567658003747
1421,6219,4,8.104143379962924
1421,7378,4,-0.7689754379038494
1421,7662,3,7.019086229401471
1421,7872,5,4.561659482551402
1421,8109,5,8.584574998019534
