user_id,book_id,rating,predict
14447,1844,4,3.9166666666666665
14447,5087,3,0.9166666666666665
14447,5787,3,5.968386117885144
14447,7131,5,3.9166666666666665
14447,7615,5,8.790162492434936
14447,9017,2,7.150597498677309
