user_id,book_id,rating,predict
14969,1875,5,7.380952447144757
14969,3674,4,4.380952380952381
14969,4262,4,4.380952380952381
14969,4331,4,4.380952380952381
14969,5114,5,9.185019166746883
14969,5482,3,4.380952380952381
14969,5809,4,3.460655744035292
14969,6297,5,3.292344211115894
14969,7019,5,9.380952380952381
14969,7291,4,4.380952380952381
