user_id,book_id,rating,predict
15348,6414,5,3.0454545454545454
15348,6422,2,6.307621503402649
15348,6546,3,0.21235382316282214
15348,6579,4,-0.9545454545454546
15348,6883,4,0.045454545454545414
15348,7311,3,-0.9545453715923435
15348,7610,3,6.47113967648503
15348,7698,3,7.736859434966666
15348,7721,3,7.35135303369829
15348,7994,3,7.045454545454545
