user_id,book_id,rating,predict
15370,4467,5,9.505537285071453
15370,4471,4,9.383539883555438
15370,6158,4,9.88888888888889
15370,7433,5,8.826175381656743
