user_id,book_id,rating,predict
15424,4514,3,7.836820617217326
15424,4916,3,7.856517460623158
15424,7306,4,0.3999999999999999
