user_id,book_id,rating,predict
15420,2473,5,3.625
15420,2784,5,3.625
15420,4346,4,1.8113184334240753
15420,4643,3,6.705615175236402
