user_id,book_id,rating,predict
15467,7600,2,3.857142857142857
15467,9216,4,8.606193014190232
15467,9330,4,8.212292975627824
15467,9622,4,7.594074791208977
