user_id,book_id,rating,predict
15515,4861,4,3.8
15515,6613,3,0.7999999999999998
15515,6769,3,6.879932140846604
