user_id,book_id,rating,predict
15532,2557,3,3.966666666666667
15532,2855,4,3.966666666666667
15532,5087,1,2.966666666666667
15532,5124,5,7.966666666666667
15532,5334,3,8.966666666666667
15532,5955,5,3.5156318550224857
15532,6071,3,-0.25667576719717466
15532,6095,2,5.136500886080887
15532,6116,5,-1.0333333333333332
15532,6137,5,0.9666666666666668
15532,7356,5,7.725703659205427
15532,7412,4,7.396097619525852
15532,7478,5,4.1043010635603165
15532,7564,4,7.606285952116099
