user_id,book_id,rating,predict
15565,6499,5,1.4883715437634017
15565,8057,3,2.285737274225754
