user_id,book_id,rating,predict
15855,1285,4,7.697119409398873
15855,1308,5,8.933333712106213
15855,1556,4,8.038637677568046
15855,1860,4,7.019641476748113
15855,1965,3,7.661312999589487
15855,1971,3,7.305700526883165
15855,4831,4,3.933333333333333
15855,6136,4,7.240348903013632
15855,6421,4,7.787689576663276
15855,7560,3,8.810130538731798
15855,7657,2,8.803112178542646
15855,8810,2,8.07267187432287
15855,8827,4,7.704479271680398
15855,9964,4,8.933333333333334
