user_id,book_id,rating,predict
16003,4951,3,4.285714285714286
16003,8078,5,8.390903998625879
16003,8097,2,7.934327283417092
