user_id,book_id,rating,predict
16320,3977,4,4.142857142857143
16320,5783,2,4.142857142857143
16320,6598,4,9.11646445414737
16320,6891,5,9.142856913554603
16320,7886,4,7.7026906291626025
16320,7893,5,8.462056782639852
