user_id,book_id,rating,predict
16405,2729,4,8.607142857142858
16405,3014,4,7.607142775073731
16405,3131,3,7.04981823661428
16405,3184,3,8.607143102421055
16405,3279,4,7.9185766011181915
16405,3886,5,3.607142857142857
16405,6297,2,4.330563198114742
16405,6358,4,3.607142857142857
16405,7364,5,-0.6874696406647041
16405,7720,4,5.810138202317457
16405,8337,4,8.20411498842889
16405,8924,3,7.070004293620601
16405,9767,3,8.404865460348264
