user_id,book_id,rating,predict
17136,1100,4,7.278487526251912
17136,1491,4,7.913316294529315
17136,1578,4,7.340340890478567
17136,1617,3,7.775952715828957
17136,1659,4,4.113412154664156
17136,1677,4,5.326211835353107
17136,1829,3,7.450860768763528
17136,1872,3,4.443812176485248
17136,7278,5,7.42857155429952
17136,8731,3,7.163716547722542
17136,9498,5,7.7884159429131845
17136,9552,2,-1.296665835214371
