user_id,book_id,rating,predict
17872,4210,4,8.588235382192595
17872,5254,4,3.588235294117647
17872,7627,3,-0.41176480644072333
17872,7788,3,6.881019090742001
17872,8081,3,7.344119403604694
17872,8569,2,8.055361736180302
17872,9234,3,6.080998023854205
17872,9277,4,7.054704252964799
