user_id,book_id,rating,predict
18109,6346,3,6.50027428663212
18109,6861,3,2.897311162760677
18109,6925,3,3.1538461538461537
18109,7363,2,6.7307443268854446
18109,7846,3,7.362825712772997
18109,8251,3,6.879766421695322
