user_id,book_id,rating,predict
18353,1609,5,3.1875
18353,5430,4,3.1875
18353,6019,1,3.1875
18353,6094,5,7.1875
18353,7131,5,3.1875
18353,8395,4,4.748977362809802
18353,8693,3,6.662289789848771
18353,9012,4,6.935312476348184
