user_id,book_id,rating,predict
18654,3678,5,4.25
18654,5451,4,3.1323900901706923
18654,5778,5,6.855394862557725
