user_id,book_id,rating,predict
18734,3742,4,3.1904761904761907
18734,4341,4,3.1904761904761907
18734,5809,5,6.8216981163477435
18734,6317,4,2.375048644364205
18734,6446,3,6.190476190476191
18734,6802,3,7.190476342807236
18734,7205,3,1.7898487081727048
18734,7859,3,7.168014913818553
18734,8633,4,7.253173933736122
18734,8666,5,7.1471666759225885
