user_id,book_id,rating,predict
18743,3377,5,4.285714285714286
18743,4099,5,4.285714285714286
18743,5386,5,1.2857142857142856
