user_id,book_id,rating,predict
18762,6971,4,8.799999888941024
18762,7287,4,8.12374657011484
18762,7385,4,6.895532289078654
