user_id,book_id,rating,predict
19476,4766,3,8.25
19476,6093,3,8.25000009238181
19476,7465,4,8.25
19476,8610,3,6.526079694465723
