user_id,book_id,rating,predict
19696,5679,5,8.792553304008317
19696,6116,4,4.4
19696,6171,5,9.187896904057375
19696,6295,5,4.4
19696,6630,4,0.5578096138380495
19696,8159,5,8.395784791002868
19696,8285,3,7.694594749519407
