user_id,book_id,rating,predict
19984,183,5,4.926229508196721
19984,202,5,4.926229508196721
19984,210,5,4.926229508196721
19984,384,5,4.926229508196721
19984,434,5,4.926229508196721
19984,600,5,4.926229508196721
19984,645,5,4.926229508196721
19984,817,5,4.926229508196721
19984,1093,5,9.428494612038346
19984,1229,5,4.926229508196721
19984,1327,5,4.926229508196721
19984,1351,5,9.284092259519127
19984,1397,5,9.392297912608418
19984,1535,5,9.744267900650541
19984,1540,5,8.180833993266159
19984,1717,5,5.9160739727948295
19984,1726,5,8.052734180545794
19984,1764,5,9.437819034539192
19984,1805,5,8.329193275162318
19984,1827,5,9.60293993721826
19984,1829,5,6.956292238473415
19984,1907,5,8.128370698623767
19984,1939,5,8.817411267128104
19984,1977,5,9.566257233764485
19984,1996,5,9.400074855538843
19984,2282,5,7.883507037406972
19984,2283,5,6.887357734336037
19984,2289,5,9.307361295961819
19984,2381,5,7.701545640277441
19984,2512,5,8.456836102092854
19984,2553,5,8.926229508196721
19984,2642,5,9.390742858251754
19984,2687,5,7.883507037406972
19984,2696,5,8.02761603965185
19984,2877,5,9.043803148598077
19984,2954,5,8.802437715945876
19984,2974,5,8.321799261358631
19984,3031,5,7.615103105574461
19984,3151,5,9.536816165553626
19984,3279,5,9.210966654920306
19984,3339,5,9.048425305957736
19984,3353,5,9.274734532707052
19984,3762,5,8.828307897478187
19984,3830,5,8.643079463323815
19984,3875,5,8.620317135290914
19984,3900,5,8.680477266661393
19984,3910,5,9.336691790871889
19984,4053,5,9.091554422845942
19984,4180,5,9.849147215708914
19984,4236,5,9.426987294473747
19984,4242,5,8.531280041679805
19984,4261,5,9.058205977329305
19984,4271,5,9.926229379392382
