user_id,book_id,rating,predict
20490,7294,2,6.836471486994123
20490,7450,3,6.458733724441234
