user_id,book_id,rating,predict
20623,2797,5,4.7272727272727275
20623,3636,5,7.7272727272727275
20623,6358,4,4.7272727272727275
20623,6429,5,1.7272727272727275
20623,6875,5,4.7272727272727275
20623,6959,4,8.664439852024724
20623,6988,5,4.7272727272727275
20623,7850,5,8.727272727272727
20623,8463,5,9.208388616422237
20623,8482,5,5.880709990840272
