user_id,book_id,rating,predict
20661,4766,5,7.155993766267784
20661,5634,5,3.7142857142857144
20661,7284,4,2.9495843436233904
