user_id,book_id,rating,predict
2113,2166,2,3.9285714285714284
2113,2388,4,3.9285714285714284
2113,4688,5,3.9285714285714284
2113,4953,3,7.007609613390069
2113,5992,2,3.930783041633438
2113,6095,3,8.132640134192348
2113,6435,4,6.894390865894383
