user_id,book_id,rating,predict
213,1988,3,6.680887871402494
213,3867,3,3.3125
213,4834,4,3.3125
213,6413,3,6.659378504945751
213,6450,3,3.3125
213,6471,2,3.3125
213,6491,2,7.53473350044882
213,7612,4,7.3125
213,7944,4,5.882479028546149
213,8061,2,4.140782808266065
213,8384,3,7.6827458148055685
213,8655,3,7.312499889476323
213,8676,4,6.819107398626317
213,9064,3,7.312500067347402
213,9651,3,7.547609853832148
