user_id,book_id,rating,predict
21600,683,3,4.571428571428571
21600,1324,4,6.140569770235707
21600,6038,3,1.9910950753186207
21600,8132,4,3.5714285714285716
21600,8134,3,6.5714287462194
21600,8236,3,6.82837803716747
21600,8716,4,5.7127111246636435
21600,8750,4,3.5714285714285716
21600,9386,3,3.5714285714285716
