user_id,book_id,rating,predict
21773,469,3,3.4318181818181817
21773,629,4,7.3508253836804975
21773,708,3,6.1104834001379915
21773,817,4,3.4318181818181817
21773,974,5,3.4318181818181817
21773,1206,3,6.690081148871165
21773,1259,5,2.181930079333315
21773,1286,2,3.815291486131566
21773,1298,5,7.697067112292342
21773,1350,5,7.8541842098281105
21773,1506,4,6.500991873648609
21773,1554,5,8.153183682661043
21773,1693,4,8.152199388123043
21773,1835,5,7.10123398288842
21773,2902,3,5.431818181818182
21773,5318,3,7.278139638231466
21773,5632,3,7.055173756601817
21773,6376,5,3.4318181818181817
21773,7493,4,7.699228234352152
21773,8262,3,4.11597800108012
