user_id,book_id,rating,predict
219,3708,4,3.6923076923076925
219,4004,5,3.6923076923076925
219,7032,4,7.41267389836497
219,7311,4,6.959116577384426
219,7810,3,3.1297756628225955
219,7826,3,7.064938114198739
