user_id,book_id,rating,predict
22111,2928,5,6.958333333333333
22111,3674,5,8.297608753355242
22111,4252,5,9.072909659636672
22111,4370,5,-0.041666710804658
22111,4395,5,0.04808422017373282
22111,4493,5,2.958333333333333
22111,4704,5,1.8931201525244248
22111,4894,5,8.873105086388826
22111,5008,5,7.99884643807506
22111,5035,5,4.958333333333333
22111,5215,5,5.958333333333333
