user_id,book_id,rating,predict
22110,753,5,4.311398315981919
22110,978,5,8.823529411764707
22110,1199,5,8.900639563242729
22110,1691,5,7.674502329777788
22110,1911,5,8.8362240151144
22110,2035,3,8.896682134841678
22110,2110,5,9.038228933298356
22110,2207,5,8.823529411764707
