user_id,book_id,rating,predict
2219,6234,4,0.20000000000000018
2219,7372,3,4.9848968629236525
2219,7924,4,4.2
