user_id,book_id,rating,predict
22228,1270,2,7.869565238116673
22228,1318,5,8.172012244537417
22228,1389,2,7.869565217391305
22228,1800,1,7.20736267045393
22228,5354,4,-1.1304347826086958
22228,5395,3,0.8695652173913042
22228,7375,3,7.033231227733518
22228,7840,4,0.8695651237020967
22228,9232,3,7.712836860739596
22228,9743,2,7.706591392175523
