user_id,book_id,rating,predict
22328,5691,4,5.5706408171337705
22328,6142,4,6.785855633786205
22328,6222,4,8.749999611739543
