user_id,book_id,rating,predict
22989,4133,4,7.0454545951975796
22989,4168,3,4.045454545454546
22989,4913,5,8.405910780301213
22989,5254,4,4.045454545454546
22989,6528,5,8.628263446483658
22989,6943,4,8.270507354024556
22989,7062,3,7.045454545454546
22989,7473,4,8.106845232930153
22989,7631,4,7.52995442736241
22989,7796,2,4.045454545454546
