user_id,book_id,rating,predict
2328,1372,5,3.6363636363636362
2328,1647,5,-0.36363636363636376
2328,1787,5,2.6363636363636362
2328,2033,5,3.6363636363636362
2328,2292,3,5.8886092123865446
2328,3272,3,7.418323783896338
