user_id,book_id,rating,predict
23965,3862,4,6.593303562064637
23965,4446,4,6.593303562064637
23965,4573,4,8.777777777777779
23965,5432,3,6.777777777777778
23965,5811,4,8.543882512133862
23965,6477,4,3.7777777777777777
23965,6969,4,7.777777777777778
23965,7618,4,8.33779673576651
23965,7957,3,8.777777777777779
