user_id,book_id,rating,predict
24016,4856,3,-1.0555555555555554
24016,6475,3,2.9444444444444446
24016,6713,4,5.944444444444445
24016,7769,3,-1.9152481790230764
24016,8520,3,2.9444444444444446
24016,8654,4,5.944444444444445
24016,8731,2,2.9444444444444446
24016,9263,3,2.057912828821004
