user_id,book_id,rating,predict
24182,5769,5,4.444444444444445
24182,6292,4,7.621288280686651
24182,7121,5,8.444444444444445
24182,8645,4,8.37062824364537
