user_id,book_id,rating,predict
24286,3445,5,4.142857142857143
24286,3969,5,7.668669857778247
24286,4753,5,8.142856895592784
24286,6842,4,4.965625329377746
