user_id,book_id,rating,predict
24662,2132,3,3.36
24662,3760,3,0.7260670522437898
24662,4404,3,3.36
24662,4756,1,6.098653111586511
24662,5386,4,5.896949416870839
24662,5525,3,5.498366074002378
24662,5881,5,3.36
24662,6057,4,3.36
24662,6324,3,5.880785346501937
24662,6351,3,1.2211103690820915
24662,6399,3,5.931321475938329
24662,6533,3,6.3600001465734355
