user_id,book_id,rating,predict
24742,6298,3,-0.2857142857142856
24742,6829,5,3.7142857142857144
24742,7522,4,0.7142857142857144
24742,8045,5,7.337557797591744
