user_id,book_id,rating,predict
25112,8228,3,6.701145492978279
25112,8300,3,5.8519411345997785
25112,8816,4,5.936769563681015
