user_id,book_id,rating,predict
25219,1355,5,4.809523809523809
25219,2001,5,-0.1904761904761907
25219,2956,5,9.809523762599802
25219,3226,3,9.80952380952381
25219,3759,5,9.755526331948275
25219,5112,5,9.027664174535783
25219,5245,5,4.809523809523809
25219,5611,5,9.794677389209742
25219,6193,5,9.40989189454324
25219,6560,4,8.76201718626898
