user_id,book_id,rating,predict
25411,1008,4,5.666666666666666
25411,2225,3,7.76228030242666
25411,2836,4,7.934559812978254
25411,2873,3,7.666666645659227
25411,3339,4,8.48673084499358
25411,3397,3,7.602023317254858
25411,3817,5,8.122446582931032
25411,4399,2,3.6666666666666665
25411,9225,3,8.605438434996
