user_id,book_id,rating,predict
25708,2483,4,8.142857219212814
25708,4913,4,8.142857142857142
25708,6528,4,8.142857142857142
25708,6943,4,8.142857142857142
25708,7241,4,6.142857142857143
25708,7473,4,7.114193309578518
25708,7949,4,4.142857142857143
25708,8763,4,9.033077405485013
25708,9827,4,7.74005634054323
