user_id,book_id,rating,predict
25719,3436,4,8.285714285714285
25719,3471,4,4.285714285714286
25719,5333,5,9.00555251484252
25719,6077,5,8.684116517622186
