user_id,book_id,rating,predict
25842,1016,4,1.7647058823529411
25842,1680,4,9.134227620675649
25842,1921,5,9.764705680639034
25842,1966,4,8.928600967656745
25842,2030,5,8.965736732401476
25842,2031,5,8.207862767543187
25842,2059,5,8.84726935260758
25842,2091,3,9.516597548250298
25842,2159,4,9.221902059263908
25842,2383,5,8.782575074924122
25842,2405,4,8.841546890752532
25842,2539,5,8.622817512576784
25842,2541,4,8.306456258539445
25842,2622,5,9.764705882352942
25842,2666,5,9.764705557515224
25842,2822,5,8.088034885743115
25842,2823,5,9.482992408552096
25842,2830,5,9.05544790601421
25842,2835,5,9.468158643105511
25842,2920,5,8.934868180402479
25842,6192,5,1.4580571516013596
25842,9803,4,8.763248086263122
