user_id,book_id,rating,predict
2590,1077,5,8.185267620695026
2590,2211,4,6.987565623096557
2590,2239,4,7.364859636688989
2590,2285,4,7.7096015999143255
2590,2382,5,8.428160705618723
2590,2453,3,7.062236716946089
2590,2471,5,7.319417734217247
2590,2472,3,7.211722226503342
2590,2504,5,7.016840435068621
2590,2669,5,8.331422518712003
2590,6891,3,5.821136529043323
2590,8103,3,8.379061235737456
2590,8159,5,3.6387929640646974
2590,9290,4,7.394143250767579
