user_id,book_id,rating,predict
2620,4229,5,3.5
2620,8177,2,6.909160438890522
2620,8490,1,7.472630836333162
