user_id,book_id,rating,predict
2622,4147,1,4.666666666666667
2622,8406,3,7.666666666666667
