user_id,book_id,rating,predict
26386,1182,3,7.28125
26386,1358,5,7.136423068173116
26386,1577,2,8.310755923242375
26386,1778,3,4.28125
26386,2023,4,8.916152736089439
26386,2073,5,7.954261752179377
26386,2093,5,8.81707889008268
26386,2203,5,8.467511028214115
26386,5525,5,4.228279127263487
26386,6324,5,0.7559623907279218
26386,7386,4,8.28125
26386,8090,4,7.919276508536835
26386,9043,3,8.281250119564092
26386,9640,5,8.800917821111065
