user_id,book_id,rating,predict
26528,5397,3,4.090909090909091
26528,6467,4,4.090909090909091
26528,6899,4,1.6152319461163303
26528,9047,5,8.893673311145655
26528,9217,3,4.090909090909091
