user_id,book_id,rating,predict
26556,5824,4,4.541550641545418
26556,6560,4,8.111646504246266
