user_id,book_id,rating,predict
26641,1116,4,6.638003229159667
26641,1443,2,5.98389402132886
26641,2171,3,3.7082760812670488
26641,3760,3,6.124028376598061
26641,5041,3,2.675675675675676
26641,6102,3,2.675675675675676
26641,6359,3,5.675675675675675
26641,6399,2,6.811040988275838
26641,6533,4,5.48937216523241
26641,6867,4,5.633993305880725
26641,6927,3,2.675675675675676
26641,8378,3,-1.1841431839220289
26641,9402,2,2.675675675675676
26641,9404,3,5.858035316634799
26641,9671,4,5.591105312921499
26641,9686,3,5.858035316634799
26641,9812,4,5.846011846152629
