user_id,book_id,rating,predict
26805,5571,4,7.817349630299196
26805,7182,1,7.908129457580184
