user_id,book_id,rating,predict
27295,2868,3,7.913509842387148
27295,5040,3,3.5
27295,5360,3,8.214647170203204
27295,5584,1,4.299210436733937
27295,5636,1,8.5
27295,5670,3,3.5
27295,6525,1,4.7412956666958035
27295,6964,2,6.238456188843134
27295,7222,3,6.393646013599138
27295,7801,2,6.839057938776867
27295,8810,3,7.245730283421031
27295,8967,1,2.18703328603572
