user_id,book_id,rating,predict
27512,870,3,2.7566504069949653
27512,969,2,8.141272021073226
27512,1060,3,0.3666666666666667
27512,1191,3,-0.5810310942610255
27512,1378,4,6.366666666666667
27512,1449,4,7.177413520439625
27512,1519,3,4.337836081090033
27512,1591,4,8.16283426080337
27512,1629,3,7.341508920541987
27512,1682,3,7.3001149500126346
27512,1710,4,7.692664932419817
27512,1731,3,7.609971131679023
27512,1812,3,6.035524830306452
27512,1896,3,3.7682203759672706
27512,1931,3,5.621951886934296
27512,2158,3,6.421598183737471
27512,2253,4,7.586656606699922
27512,2269,3,6.366666507751864
27512,2291,3,7.4416367057636705
27512,2325,3,7.366666739201472
27512,2361,4,7.668383232274696
27512,2382,4,7.703710668890871
27512,2385,3,7.6184110073238145
27512,2490,4,7.979601180535932
27512,2498,4,7.796852743094645
27512,2655,5,6.6341848066174345
27512,2897,3,7.672799710105105
27512,3117,2,7.86071536217584
27512,3291,3,7.366666917375818
27512,3307,4,7.456807648553545
27512,3325,4,7.534700933864938
27512,3379,4,6.79153232495205
27512,3421,4,3.3666666666666667
27512,3484,4,7.908216443094689
27512,3578,4,7.218228286108985
27512,4182,3,7.658976383935199
27512,4200,3,6.788883392762358
27512,4271,5,7.03428370274365
27512,4333,4,6.8933875667123345
