user_id,book_id,rating,predict
27649,3623,1,6.4
27649,3727,1,2.4824183596583858
27649,9234,3,8.076617462951965
