user_id,book_id,rating,predict
27883,2185,4,6.567187186903775
27883,4143,3,7.862068965517242
27883,4648,3,3.8295038952517055
27883,4954,3,5.907045964699634
27883,5970,3,6.348650799340928
27883,6303,2,-0.13793103448275845
27883,6466,4,5.87151191979584
27883,6596,4,4.8739331634980125
27883,6969,3,3.8620689655172415
27883,7136,2,6.249859725454311
27883,7373,5,7.260226341960266
27883,7939,2,7.401865432608833
27883,8005,4,7.232501640144569
