user_id,book_id,rating,predict
2845,2940,3,3.3333333333333335
2845,4596,4,3.3333333333333335
2845,5472,3,5.043925936488639
2845,5485,4,3.3333333333333335
2845,5845,5,7.450111613035421
2845,6995,5,8.333333333333334
2845,7091,4,3.9524388105454307
2845,8378,3,7.333333309791509
