user_id,book_id,rating,predict
28586,4884,4,7.801184008067919
28586,6132,5,8.054346492224123
28586,6757,5,7.701654946612763
28586,7025,5,4.304347826086956
28586,7241,5,8.428112802449693
28586,7570,5,8.304348166396947
28586,7972,4,8.605286367697497
28586,8002,5,8.729472285265214
28586,8012,5,8.809487423182185
28586,8496,4,7.580943731705235
28586,8646,4,8.304347790770356
