user_id,book_id,rating,predict
28853,324,5,9.5
28853,419,4,4.5
28853,449,3,1.5
28853,536,4,9.13824200910269
28853,643,3,7.5000000425502655
28853,720,5,7.651146179693139
28853,752,5,8.577973439166541
28853,783,3,7.536328404063934
28853,803,4,9.389923892207305
28853,805,3,6.745194013637713
28853,810,5,8.85894258591695
28853,814,3,6.8480380762780655
28853,842,4,7.961617556912074
28853,893,5,8.939892499286707
28853,980,5,9.40151081864664
28853,1243,5,8.833107995039562
28853,1264,5,8.91918373250532
28853,1308,5,9.500000095469513
28853,1351,3,8.5
28853,1353,4,9.294126093219596
28853,1359,4,8.5
28853,1391,3,7.97919797742712
28853,1397,4,8.821280342064533
28853,1399,5,9.5
28853,1472,5,8.694049868746749
28853,1480,5,8.46584809056292
28853,1535,3,8.296216585296191
28853,1636,5,8.934245722998535
28853,1653,5,8.934245722998535
28853,1737,5,9.010718621177631
28853,1764,4,8.398897040163742
28853,1780,4,8.47193361442373
28853,1863,5,9.103860819686023
28853,1889,5,8.88009891695399
28853,1945,4,7.735453540419082
28853,1946,4,8.259576248962716
28853,1962,5,9.291450565842773
