user_id,book_id,rating,predict
29084,630,4,7.8999108850188025
29084,1173,3,6.770491748615699
29084,1212,5,8.458550173315718
29084,1344,5,7.429763342516194
29084,1433,3,7.089763041370661
29084,1490,4,7.561492744587689
29084,1508,3,7.450909149259987
29084,1539,5,8.081411089350528
29084,5628,3,7.770491803278689
29084,5819,4,7.3958341991369
29084,6033,2,2.4049561740039342
29084,6041,3,5.5733751475851685
29084,6564,5,6.814537826654802
29084,6594,4,4.855929017777841
29084,6599,4,-1.2295081967213113
29084,6639,2,3.7704918032786887
29084,7205,2,7.770491803278689
29084,7329,4,7.770491728265072
29084,7382,5,3.7704918032786887
29084,7552,4,6.770491675833114
29084,7640,4,7.992125523328407
29084,7843,4,1.1479795500155414
29084,8385,4,6.458340113650595
29084,8788,2,3.7704918032786887
29084,9042,4,7.557683711582653
29084,9188,4,6.577700740705216
29084,9930,3,6.644978620924469
