user_id,book_id,rating,predict
29445,667,3,3.888888888888889
29445,1583,4,7.954271602670806
29445,1749,4,3.888888888888889
29445,2149,5,-0.11111111111111116
