user_id,book_id,rating,predict
29623,5489,4,4.222222222222222
29623,5712,5,8.222222222222221
29623,6388,4,6.552806365682223
29623,6470,3,4.9480333445124645
