user_id,book_id,rating,predict
29803,539,5,7.933825345337171
29803,1366,5,7.809748319789751
29803,1440,4,8.22628749252839
29803,1468,4,7.259259206426609
29803,1830,4,7.008760231552874
29803,2872,5,1.3846919956368007
29803,3831,4,4.2592592592592595
29803,3847,4,0.2592592592592595
29803,4123,4,8.25925925925926
29803,4747,4,8.25925925925926
29803,4787,3,6.2592592592592595
29803,9000,4,7.399794788465579
