user_id,book_id,rating,predict
30227,5442,5,1.702700373084507
30227,5838,4,6.074945403760493
30227,5901,4,8.197459138943131
30227,6681,5,4.16
30227,6852,5,7.470762838532762
30227,7120,5,8.641798920198752
30227,7237,4,8.188498626006243
30227,7713,4,7.3629676702622655
30227,8062,4,3.2489608828307506
30227,8222,5,8.895392671183743
30227,8393,5,9.160000106488107
30227,8594,3,7.546601922573661
