user_id,book_id,rating,predict
30233,11,5,7.308659864475975
30233,15,4,6.5090713239873335
30233,16,1,7.038461538461538
30233,40,5,6.241334804882211
30233,60,3,6.96991667232659
30233,72,3,6.628182971441265
30233,75,2,7.336447014918047
30233,77,2,7.038461404195684
30233,78,3,5.699031947281793
30233,84,3,6.344991189334371
30233,101,2,7.726547542163275
30233,108,2,7.0378507244529995
30233,111,4,7.396192429016178
30233,114,3,7.700852322980724
30233,122,1,6.708569377094249
30233,123,3,6.673788587552503
30233,124,3,6.66094258330318
30233,132,5,6.806691679058626
30233,136,5,6.734380347908477
30233,152,2,6.03846147917519
30233,162,3,6.038461538461538
30233,174,4,7.1107720126784395
30233,176,2,6.786770298799732
30233,194,2,5.782708994302823
30233,196,1,7.346081458790142
30233,199,4,6.993087923356226
30233,205,3,6.989663879712742
30233,213,2,6.692653288413785
30233,622,2,5.038461538461538
30233,683,2,4.038461538461538
30233,992,3,3.0384615384615383
30233,1103,3,-1.9615384615384617
30233,1300,3,5.493737833523635
30233,1398,4,5.624514336091707
30233,1582,2,6.9492365638625095
30233,1689,4,8.024637524032475
30233,1814,3,7.038461705224302
30233,1984,3,7.505237329277001
30233,2096,3,7.782184618369332
30233,2643,2,6.770534191712812
30233,2939,3,6.717244293284125
30233,3090,3,6.720616308484301
30233,3101,3,6.640796502138564
30233,3122,3,6.269658515142178
30233,3284,2,6.368619435190364
30233,3293,1,6.224797702623718
30233,3676,3,5.849493780208731
30233,3763,4,7.553099506882573
30233,3767,4,6.641400067147618
30233,4174,2,7.0459171685270094
30233,5430,3,6.285316025854434
30233,5627,3,5.5824960630014875
30233,5933,2,6.155577562134322
30233,7597,2,7.121401168393865
30233,8210,1,2.1413061819448
30233,8380,3,3.0384615384615383
30233,9744,2,7.064081380359823
