user_id,book_id,rating,predict
30516,7754,4,7.029425493743289
30516,8060,3,6.27096465273817
30516,8265,4,6.79326746387046
