user_id,book_id,rating,predict
30795,3281,3,7.012095089370037
30795,3901,3,8.597228922079879
30795,6120,4,4.190476190476191
30795,6292,3,8.816689037812885
30795,6660,4,4.190476190476191
30795,7391,3,8.095923252772135
30795,7642,3,7.907103861672354
30795,7706,1,-0.8095238095238093
30795,8056,4,3.0110314051767704
