user_id,book_id,rating,predict
30812,3602,5,4.083333333333333
30812,5733,4,4.083333333333333
30812,7690,5,8.750601008862478
30812,7850,4,7.581766109297092
30812,8669,4,8.305624171750228
30812,8956,4,4.083333333333333
