user_id,book_id,rating,predict
30930,4804,3,3.6363636363636362
30930,5272,4,1.1248024076746161
30930,6303,5,0.9901479146500063
30930,6412,2,8.121554589399318
30930,6493,4,7.849368812060048
30930,7136,4,7.79852788359095
