user_id,book_id,rating,predict
30973,1616,4,7.609242635993175
30973,2077,2,6.5375909472361275
30973,3636,4,3.4545454545454546
30973,6053,4,2.4545454545454546
30973,7539,3,-0.5454545454545454
30973,7927,3,5.792238781124095
