user_id,book_id,rating,predict
311,2414,2,3.0476190476190474
311,3361,3,3.0476190476190474
311,4117,1,3.0476190476190474
311,4633,1,6.728019770918766
311,4823,3,2.360083112855812
311,5664,3,2.614931493914112
311,6321,3,6.859555939304906
311,6852,4,6.213758423006944
311,6997,4,7.047618952798432
