user_id,book_id,rating,predict
31542,6362,4,7.8988395679297945
31542,7110,3,8.167144819475416
