user_id,book_id,rating,predict
31638,470,5,3.787878787878788
31638,607,4,-0.21212121212121193
31638,629,3,7.201131362460185
31638,702,4,6.8457407390484395
31638,708,4,6.970976129777528
31638,721,5,1.5391338869447884
31638,3103,4,0.8916623918345761
31638,3828,2,3.0842878867558063
31638,4160,4,6.787878787878788
31638,4388,4,3.787878787878788
31638,5812,5,7.169848579679934
31638,6055,5,3.787878787878788
31638,8015,4,8.160703734655907
31638,8176,4,0.9175368470241261
31638,9172,5,6.5148524260746035
