user_id,book_id,rating,predict
31707,5849,5,4.25
31707,6626,5,7.1780317943713765
31707,6875,5,6.234648061103535
