user_id,book_id,rating,predict
31767,2082,4,3.9047619047619047
31767,3409,4,3.9047619047619047
31767,4850,5,-1.0952380952380953
31767,5132,5,3.9047619047619047
31767,5637,4,0.8535092309895194
31767,5812,4,6.94162443732954
31767,6894,3,8.29293365098673
31767,7171,5,-0.09523809523809534
31767,7778,3,7.005119267139873
