user_id,book_id,rating,predict
31815,6738,5,8.623447484493326
31815,8238,4,0.25
31815,8755,5,7.5154116480614315
