user_id,book_id,rating,predict
31912,3931,4,3.8
31912,5631,4,0.7999999999999998
31912,6222,5,8.68870017932868
