user_id,book_id,rating,predict
31937,7483,4,8.275389726080885
31937,9316,4,6.520154712398461
