user_id,book_id,rating,predict
31964,4501,5,3.5717179231884373
31964,4518,5,9.4
31964,5487,5,8.600111982007823
31964,6240,5,7.831542355294006
31964,6894,5,8.068105410843707
