user_id,book_id,rating,predict
32053,5045,4,3.5555555555555554
32053,5987,4,-0.44444444444444464
32053,7436,4,7.284906844448949
32053,8806,4,7.939994727262465
