user_id,book_id,rating,predict
32087,4059,1,3.6363636363636362
32087,4191,3,-0.36363636363636376
32087,4823,1,8.035641415860969
32087,5610,1,6.905560409444632
32087,5996,3,7.871703133611126
32087,6384,4,8.582609527162527
