user_id,book_id,rating,predict
32115,2414,4,3.5714285714285716
32115,4059,3,-0.4285714285714284
32115,7120,4,2.2339652252353273
