user_id,book_id,rating,predict
32211,1735,5,8.666666767965651
32211,3260,4,3.6666666666666665
32211,6771,4,3.6666666666666665
32211,8594,4,-0.3333333333333335
32211,9166,4,6.194470563646796
32211,9244,4,1.6666666666666665
