user_id,book_id,rating,predict
32410,573,3,7.56204736116069
32410,685,4,3.8518518518518516
32410,764,3,8.851851851851851
32410,1109,4,-1.1481481481481484
32410,1677,3,5.461846888895947
32410,1721,5,8.851851687467574
32410,1747,4,3.8518518518518516
32410,1749,4,3.8518518518518516
32410,1829,3,8.284293510252965
32410,1864,4,8.130023901046242
32410,1879,4,6.532053641411435
32410,9113,3,3.8518518518518516
