user_id,book_id,rating,predict
32516,5626,4,7.949887048401493
32516,7606,5,3.5640236221828436
