user_id,book_id,rating,predict
32589,434,3,4.461538461538462
32589,1626,3,9.461538461538462
32589,2499,5,7.742696634175335
32589,2853,4,7.735705634757078
32589,7102,4,4.461538461538462
32589,7418,5,1.4615384615384617
