user_id,book_id,rating,predict
33193,5854,4,7.222222387033607
33193,6072,3,3.2222222222222223
33193,8820,4,7.948366908289231
33193,9678,3,6.857280160620008
