user_id,book_id,rating,predict
33635,5146,5,4.8
33635,5354,4,9.055954559306718
33635,5399,5,4.8
33635,5580,5,3.4467412204597627
33635,6025,5,8.90602885841306
33635,6033,5,6.8
33635,6639,3,4.8
33635,6827,5,8.192315320378315
33635,7008,5,8.8
33635,7169,5,6.409350080893814
33635,7651,4,8.399999923615992
