user_id,book_id,rating,predict
33746,3421,3,3.1666666666666665
33746,7637,4,4.032665971951361
33746,7642,4,7.849170662026522
