user_id,book_id,rating,predict
33813,462,5,3.6666666666666665
33813,3885,5,3.6666666666666665
33813,7154,4,6.666666666666666
33813,7421,3,1.1960852426743283
