user_id,book_id,rating,predict
33864,17,3,8.004072260341227
33864,18,4,7.903184267517703
33864,20,3,8.208270120943787
33864,21,4,7.475452018354485
33864,24,4,7.810308479517918
33864,25,4,8.055314616238697
33864,26,3,6.944752324547533
33864,27,4,8.489462929734668
33864,29,5,8.602143188548723
33864,50,5,7.859504132231405
33864,54,5,7.888661957600278
33864,55,4,6.859504005902679
33864,70,4,8.172642075674927
33864,71,4,7.117616633458865
33864,72,4,7.2053197373157385
33864,75,3,7.2318656363998635
33864,79,3,6.859504299814965
33864,83,2,7.322407534672802
33864,84,4,7.155688701574416
33864,85,5,7.794241180215764
33864,93,3,7.02247658811611
33864,101,3,7.050990012561835
33864,110,3,7.9307312920297575
33864,117,5,8.239692076507069
33864,121,4,7.514024767591302
33864,125,5,8.123133594903969
33864,126,4,7.515684526264325
33864,135,4,7.864948411457168
33864,649,3,3.8595041322314048
33864,1380,4,4.6318126001991775
33864,1690,4,0.8922101149058586
33864,1816,4,4.939702782334825
33864,2018,4,8.192682185602898
33864,2105,4,2.9643895995851395
33864,2336,4,3.8595041322314048
33864,2345,4,5.957348297889813
33864,2701,2,8.17914158647877
33864,2819,5,6.703731002828924
33864,2971,4,6.969576867940905
33864,2998,5,7.9796296467373065
33864,3091,5,6.952909221303611
33864,3105,4,6.220026179811283
33864,3127,4,7.372028680104675
33864,3282,4,7.565903564315799
33864,3463,4,6.237291455107665
33864,3484,3,7.859504261294038
33864,4826,5,0.8595041322314048
33864,4921,4,8.845064362580406
33864,5261,3,6.859504132231405
33864,6397,4,5.951834867019844
33864,7162,3,6.7560353744217725
33864,7319,4,0.22078135357105833
33864,8990,3,3.5560532704744388
