user_id,book_id,rating,predict
34410,1647,5,3.8181818181818183
34410,1787,3,4.818181818181818
34410,2588,4,6.413403439636976
34410,3093,4,8.35930617548388
34410,3538,4,6.85693521929226
