user_id,book_id,rating,predict
34452,4516,2,0.20588235294117663
34452,4615,2,6.6029037392292045
34452,5234,4,1.2058823529411766
34452,5422,3,6.910347434113666
34452,5472,5,-0.7941176470588234
34452,5640,4,-0.23904189796964337
34452,5955,4,-1.7941176470588234
34452,6231,4,7.509612410377745
34452,6694,3,7.926441420486191
34452,6782,4,3.5094160769163607
34452,7033,3,7.286251633295928
34452,7040,4,5.76385843566956
34452,7508,4,-0.7941176470588234
34452,7545,3,7.205882352941177
34452,8307,3,6.0151141385412235
