user_id,book_id,rating,predict
34484,406,4,8.46384647033911
34484,580,5,4.454545454545454
34484,775,5,8.063701292490087
34484,881,4,4.454545454545454
34484,1055,4,4.060784369303869
34484,1310,5,7.108187260139655
34484,1557,5,8.902264284749313
34484,1587,3,8.454545533831926
34484,1624,3,7.454545539887745
34484,1734,3,8.684415019527556
34484,1762,5,8.099620306362164
34484,1865,5,8.938467863433644
34484,2022,4,4.454545454545454
34484,3638,5,0.7654576984848358
34484,3734,5,4.454545454545454
34484,3840,5,8.454545454545453
34484,4969,4,2.454545454545454
34484,6894,3,0.020443068500597406
34484,7623,4,7.585527461821059
34484,9984,4,0.45454545454545414
