user_id,book_id,rating,predict
34598,4569,5,-0.8181818181818183
34598,5272,4,0.4094259179527939
34598,5546,5,4.181818181818182
34598,6303,5,6.181818181818182
34598,7051,5,8.349823242674002
