user_id,book_id,rating,predict
34760,5422,5,7.290543150313182
34760,5650,4,3.608695652173913
34760,6041,2,-0.3913043478260869
34760,6213,5,7.608695652173913
34760,6355,5,7.9762134786295364
34760,6699,4,5.622029466507226
34760,6707,4,0.6086956521739131
34760,6713,3,1.0001406853511696
34760,6737,3,6.345212957676277
34760,7703,4,7.445731324475126
34760,7908,4,7.608695529597554
