user_id,book_id,rating,predict
35091,3423,5,0.3125
35091,3931,5,9.3125
35091,4262,4,4.3125
35091,4702,5,7.647184549845658
35091,5102,4,7.3125
35091,5228,5,9.104382259258163
35091,5675,5,7.336259377679897
35091,5873,5,8.572698828307802
