user_id,book_id,rating,predict
35217,4486,4,-0.375
35217,5249,3,7.795326915800671
35217,6058,4,8.625000368688822
35217,6598,2,8.625
35217,7069,3,8.325480412641618
35217,7422,4,3.291713624822761
35217,8097,4,6.773769638934943
