user_id,book_id,rating,predict
35584,3736,1,4.3
35584,4107,5,4.3
35584,5267,5,-0.7000000000000002
35584,6141,3,4.3
35584,6433,5,4.4663075180586205
