user_id,book_id,rating,predict
35685,3836,5,9.307692307692307
35685,4701,3,4.3076923076923075
35685,5054,4,4.3076923076923075
35685,7247,4,8.307692307692307
35685,7503,4,5.003564242005646
35685,7946,3,3.722107181683785
