user_id,book_id,rating,predict
35707,1183,5,4.625
35707,2434,5,4.625
35707,2656,5,-0.375
35707,3266,5,4.625
35707,3944,5,7.6553391065768075
35707,4689,5,8.784678645050224
35707,4851,4,9.20855525547736
