user_id,book_id,rating,predict
35751,3682,3,5.785714285714286
35751,5937,5,5.624839645064672
35751,6037,3,-1.6928384106540975
35751,6264,4,4.703546163424837
35751,6546,4,3.9385050305412723
35751,6727,4,2.7857142857142856
35751,6883,2,2.7857142857142856
35751,6885,2,0.8709469509379397
35751,7656,3,2.5712094576181963
35751,7738,4,2.48373612868066
35751,8061,4,6.677178669809038
35751,8107,2,2.7857142857142856
35751,9834,2,7.111305974516013
