user_id,book_id,rating,predict
36147,4281,4,8.401034981221683
36147,4655,3,7.618255565331018
36147,5112,5,0.47567250789373494
36147,5426,4,0.6666666666666665
36147,5566,3,7.984084180993769
36147,5608,4,6.136346592236844
36147,5749,3,7.935856908639709
36147,5757,4,6.456473788584358
36147,6001,4,8.415049526939956
36147,6048,4,8.666666833394588
36147,6075,4,2.207396351303502
36147,6339,4,7.267701088689174
36147,6783,4,7.263298450840756
36147,6983,4,7.222235100957349
36147,7134,3,6.5628704162593134
