user_id,book_id,rating,predict
36334,4104,5,0.2068965517241379
36334,4202,5,4.206896551724138
36334,4531,5,0.2068965517241379
36334,5280,5,4.206896551724138
36334,5374,5,4.206896551724138
36334,5420,5,0.2068965517241379
36334,5792,5,7.873751172313542
36334,5853,5,4.206896551724138
36334,6195,5,8.049166871148046
36334,6196,2,-0.7931034482758621
36334,6820,5,8.907520808556157
36334,7022,5,8.710112374366291
36334,7251,5,5.04702034122497
