user_id,book_id,rating,predict
36477,6431,4,4.0
36477,7392,3,4.512655122656854
36477,7524,3,4.0
36477,8291,4,1.0
36477,8670,3,1.5298124537811622
36477,9034,4,7.5201516735840706
