user_id,book_id,rating,predict
36504,5178,4,-1.9090909090909092
36504,5631,4,-0.8780764376149124
36504,6365,3,6.454766293984228
36504,7084,2,5.897390910783543
36504,7682,1,5.016948341187262
