user_id,book_id,rating,predict
36602,1321,5,4.294117647058823
36602,2537,4,0.2941176470588234
36602,3110,5,4.294117647058823
36602,3266,4,4.294117647058823
36602,3864,5,8.294117647058822
36602,3977,3,7.294117550051606
36602,3981,5,2.2941176470588234
36602,4126,3,4.294117647058823
