user_id,book_id,rating,predict
36724,1822,3,1.5
36724,2171,4,4.860933570672853
36724,6786,3,5.500000054775773
