user_id,book_id,rating,predict
36993,6250,3,-0.3333333333333335
36993,7063,5,3.6666666666666665
