user_id,book_id,rating,predict
37140,4073,5,8.951219448124137
37140,4569,5,9.333333333333332
37140,4604,5,2.333333333333333
