user_id,book_id,rating,predict
37171,6090,3,3.7916666666666665
37171,6137,4,6.791666666666666
37171,6231,4,2.17545986557517
37171,6479,5,-0.20833333333333348
37171,6810,5,5.513331979521888
37171,7033,4,6.755376028072983
37171,8065,3,7.052122034293355
37171,8180,3,7.9074326021714665
37171,8198,4,7.324726741006138
37171,8228,4,7.057468478130835
37171,8311,4,6.455615956495219
