user_id,book_id,rating,predict
37304,7134,5,8.954968714428377
37304,8113,4,4.333333333333333
37304,8546,4,7.333333333333333
