user_id,book_id,rating,predict
37389,1297,5,4.1875
37389,2024,5,4.1875
37389,4566,5,8.1875
37389,8174,5,8.42077507463939
37389,8864,3,7.10416047745221
37389,9522,5,8.380345752239574
37389,9568,5,8.433056853209205
