user_id,book_id,rating,predict
37944,2258,4,4.27027027027027
37944,4486,3,8.27027027027027
37944,5722,3,7.270270454678996
37944,7197,4,8.921625337314836
37944,7765,4,8.039162305661819
37944,7824,3,9.100301929081795
37944,7993,5,8.988511414098953
37944,8035,4,8.565078347552479
37944,8561,5,8.168224581022638
37944,8911,5,8.528532566694299
37944,9074,4,8.84246815736686
37944,9216,4,8.02587787113756
37944,9298,4,-0.7297297297297298
37944,9330,4,8.077434146289399
37944,9434,4,8.730900498178771
37944,9622,4,6.762882137993804
