user_id,book_id,rating,predict
38028,5325,4,2.3333333333333335
38028,6250,4,2.3333333333333335
