user_id,book_id,rating,predict
38044,2548,3,3.888888888888889
38044,4071,3,5.888888888888889
38044,4119,2,7.888888888888889
38044,4395,2,8.88888888888889
38044,4531,3,7.888888888888889
38044,5374,3,3.888888888888889
38044,6825,5,8.076549463003811
38044,7422,5,4.100775531913769
