user_id,book_id,rating,predict
38243,4616,5,8.09603690655344
38243,5344,4,3.962962962962963
38243,5526,3,3.962962962962963
38243,5771,3,7.877845432455772
38243,6344,3,7.855006023229492
38243,7287,3,3.6481338237880463
38243,7676,4,7.962553353240125
38243,8258,4,7.734455634604887
38243,8649,4,6.368666066556026
38243,8781,3,7.676236657288588
38243,8945,4,7.96296310874528
38243,9155,4,7.946762954539839
