user_id,book_id,rating,predict
38366,2460,4,4.111111111111111
38366,3110,4,4.111111111111111
38366,3266,3,8.11111111111111
38366,4415,2,8.11111111111111
