user_id,book_id,rating,predict
38586,4785,5,5.6156933429203635
38586,5435,3,6.0659715541169685
