user_id,book_id,rating,predict
39207,3811,3,0.6364126578199674
39207,4020,3,7.0136611855154225
