user_id,book_id,rating,predict
39435,4421,4,4.333333333333333
39435,4486,5,0.33333333333333304
39435,4783,5,4.333333333333333
39435,5249,5,8.45742929336446
39435,6058,5,8.579594388372799
39435,6320,4,4.087507730433408
