user_id,book_id,rating,predict
39600,744,2,8.886433279972177
39600,1099,5,8.750043658114853
39600,1250,5,2.653304084912647
39600,1303,3,7.907331430307879
39600,1329,4,0.2628477984229267
39600,1384,4,8.586942236508879
39600,1570,5,7.68398975353239
39600,1797,5,6.615308759926977
39600,2146,3,4.173913043478261
39600,2257,5,7.404390727639238
39600,2336,2,4.173913043478261
39600,5387,5,8.016353474444017
39600,6477,3,2.693394734264774
39600,6593,4,6.957633754722194
39600,7998,4,8.433126129373825
39600,8296,3,6.9400771016185026
39600,8404,3,8.631531171819201
39600,9008,5,8.808190802036762
39600,9317,4,7.573251595514666
39600,9874,3,7.704640057865715
