user_id,book_id,rating,predict
39717,3347,4,3.1666666666666665
39717,4436,3,4.226201848242299
39717,5395,5,3.1666666666666665
39717,5822,4,3.1666666666666665
39717,7192,3,6.686774494984233
39717,7246,3,0.8690496564606276
