user_id,book_id,rating,predict
39714,1126,4,8.062385914168924
39714,1387,2,7.389645276682728
39714,4203,3,4.444444444444445
39714,6800,5,6.453993670992295
39714,6801,5,5.274506922995956
39714,7558,5,8.165347683703736
39714,7759,5,8.821760928613418
39714,8148,3,7.85680089806577
39714,9940,4,8.329454062801528
