user_id,book_id,rating,predict
39743,634,5,7.395027907636969
39743,647,4,5.4845086805633105
39743,761,5,3.3008441939742923
39743,784,4,9.310344706436874
39743,807,5,8.310344827586206
39743,1072,4,7.442312769647216
39743,1081,5,7.954062493109131
39743,1092,5,8.618152386224988
39743,1300,5,5.52976097928497
39743,1406,4,7.997147309250677
39743,1790,4,7.310344850586611
39743,1854,5,8.66875638809881
39743,3604,4,8.552373712676314
39743,3998,3,7.06339509567599
39743,4353,4,7.7430842531380195
39743,6324,4,7.310344678446104
39743,6360,5,-0.6896551724137927
39743,6757,4,7.647540585184734
39743,6975,4,8.444589986475682
39743,7699,4,8.310344827586206
39743,8090,5,8.359240967620007
39743,9145,3,8.256509143080248
39743,9193,5,8.46780610614816
39743,9251,5,8.718081182200095
39743,9437,4,8.523335133745045
39743,9628,4,7.068916319652731
