user_id,book_id,rating,predict
39855,5971,2,8.0
39855,6093,3,-1.0000001597313348
39855,7188,3,0.14698043466974475
