user_id,book_id,rating,predict
39911,5108,4,3.5454545454545454
39911,6540,5,5.7966623684972705
39911,7100,3,8.545454787522885
39911,7167,4,8.084710157844334
39911,8042,3,7.883942314098075
