user_id,book_id,rating,predict
40022,4693,4,6.846153846153847
40022,5677,4,6.960890128699206
40022,6127,4,5.483346857354421
40022,7461,4,8.342963694329653
40022,8086,3,7.354257106848715
40022,8190,3,1.8086730493258112
