user_id,book_id,rating,predict
40093,3438,5,7.200000074435385
40093,4935,5,7.199999809967556
40093,7790,5,8.193285420133073
