user_id,book_id,rating,predict
40151,7051,3,5.395883086105953
40151,8089,4,6.999999940609875
40151,8758,4,7.990900392197526
