user_id,book_id,rating,predict
40351,2506,5,7.95844348157798
40351,3023,4,8.399777218958192
40351,3404,4,8.084026181519896
40351,3482,3,7.909090971640018
40351,3590,3,7.299050625712609
40351,4981,4,7.9090908766615104
40351,5704,4,7.9090908137872535
40351,7769,3,7.318852302860472
40351,8107,5,7.204359279022209
40351,8716,4,6.95288736101214
