user_id,book_id,rating,predict
40417,8670,4,7.805120035743233
40417,9544,3,3.6666666666666665
