user_id,book_id,rating,predict
40488,3813,4,4.176470588235294
40488,4441,5,5.444568697488737
40488,4711,5,4.176470588235294
40488,5983,5,4.176470588235294
40488,5994,5,-0.4508472073520773
40488,7756,2,8.543933799695942
40488,7913,5,7.337873116712289
40488,8782,5,8.176470427191706
