user_id,book_id,rating,predict
4051,3651,5,8.585607549471401
4051,4179,5,9.058293799012624
4051,6097,4,6.934381862406257
4051,6108,5,8.225143193102173
4051,6249,5,4.266666666666667
4051,6444,4,8.17565124134477
4051,6688,4,4.266666666666667
