user_id,book_id,rating,predict
41150,6799,3,6.461538461538462
41150,7453,3,3.4615384615384617
41150,7640,4,7.128849099580956
41150,9294,4,3.4303080128818935
41150,9411,3,1.3621275344741104
41150,9860,3,6.298440361568466
