user_id,book_id,rating,predict
4117,5475,3,-0.7650799768962777
4117,5922,3,5.677518148134361
4117,7776,4,7.16502113217936
4117,9000,4,3.625
