user_id,book_id,rating,predict
41402,220,3,3.635135135135135
41402,677,5,3.635135135135135
41402,958,4,3.635135135135135
41402,1103,3,1.3252179941582853
41402,1168,4,3.635135135135135
41402,1235,4,6.174614396982813
41402,1300,3,-0.3648648648648649
41402,1329,3,3.635135135135135
41402,1449,3,7.530291147189448
41402,1460,3,7.026309605850795
41402,1570,4,-1.3648649597144926
41402,1595,4,0.26814524797313855
41402,1710,3,7.928903570227887
41402,1967,3,8.635135259950694
41402,1976,3,6.931929919136362
41402,2209,4,7.97183074244806
41402,2240,4,6.844766474009342
41402,2257,2,7.45102001470417
41402,2260,4,8.04786279021737
41402,2279,3,6.982540267682879
41402,2618,4,6.097766716371181
41402,2643,4,7.7564153005205965
41402,2649,4,3.635135135135135
41402,2680,4,6.992824876336387
41402,3548,4,7.514378157615156
41402,3715,2,6.38798690756839
41402,4155,3,7.208103877388462
41402,4271,4,8.513115533649636
41402,4315,4,7.196021735354379
41402,4330,3,7.152461962130854
41402,4695,2,7.774396833884958
41402,6168,5,7.109105752416391
