user_id,book_id,rating,predict
41538,1372,1,4.1875
41538,1475,3,3.1875
41538,1647,4,3.1875
41538,2033,5,3.1875
41538,2292,2,1.7362411608138977
41538,2588,3,6.035600131248319
41538,3288,4,5.834822058714069
