user_id,book_id,rating,predict
41584,4338,5,4.833333333333333
41584,5454,5,4.833333333333333
41584,6352,3,8.633059178041925
41584,7758,5,3.434815736360992
41584,7908,5,8.133561790180666
41584,8796,5,8.579632263870645
