user_id,book_id,rating,predict
41769,1495,3,4.653185747580522
41769,1683,5,7.274525769568071
41769,3385,5,7.777777777777778
41769,4341,4,2.7777777777777777
41769,4735,2,-0.22222222222222232
41769,4765,2,2.7777777777777777
41769,6083,5,-0.7979851866937149
41769,7563,2,4.862332298339988
41769,8523,1,3.2830400488571803
