user_id,book_id,rating,predict
41963,51,2,7.663002429772984
41963,134,2,7.000330914207693
41963,1259,3,9.323529411764707
41963,1591,4,8.390899816620355
41963,1674,2,7.989209059207168
41963,1686,5,8.491392220995268
41963,1731,5,7.937421020824366
41963,1812,3,8.508263647345522
41963,2093,5,7.602653802057873
41963,2239,4,8.023020413055534
41963,2606,5,8.323529226785224
41963,2817,4,8.377486386361305
41963,2825,5,7.919496633778239
41963,3137,1,7.924877007250537
41963,3147,4,7.99228817311846
41963,3174,5,9.00742643475844
41963,3477,4,8.323529411764707
41963,3601,5,7.714202408486037
41963,4524,4,7.323529247357397
41963,4571,5,8.08500776843004
41963,4579,4,7.546539928314603
41963,4806,5,8.454082922668121
41963,5498,4,7.644622738065474
41963,5560,1,7.257695201172578
41963,5672,5,8.454082922668121
41963,5951,5,8.454082922668121
41963,6598,4,7.671714460906875
41963,7325,3,3.854632161193053
41963,8035,4,7.834185361702886
41963,8185,1,7.470604521835275
