user_id,book_id,rating,predict
42024,615,3,-0.3999999999999999
42024,667,2,0.32665718362214946
42024,1445,3,6.9671054888547115
42024,1857,5,7.927844727509235
42024,1863,5,7.868508700243222
42024,2278,3,6.3882454861847044
42024,2608,5,7.600000122508664
42024,2623,5,7.243911460362999
42024,5469,2,5.537106309674694
42024,5632,3,0.9297247009565077
42024,6189,3,0.8267128416228231
42024,6296,4,2.46279776129266
42024,7366,3,3.6
42024,7423,4,6.427874642455239
42024,7960,4,6.957884550431673
42024,8031,3,2.287484185725557
42024,8652,4,7.5999999374198115
42024,9272,3,6.51806234492509
