user_id,book_id,rating,predict
421,4750,4,3.7142857142857144
421,6866,3,4.3089805053511565
421,8094,4,7.714285922649955
