user_id,book_id,rating,predict
42129,4151,4,3.4
42129,5830,5,3.4
42129,6647,4,3.4
42129,8200,3,-0.43934388819737524
42129,8530,3,1.5693316814589044
