user_id,book_id,rating,predict
42231,2067,4,7.885567957061369
42231,2210,5,7.692480951164653
42231,2445,4,7.233315888568587
42231,2555,5,7.387162117585982
42231,2834,4,6.602462449571515
42231,2921,5,9.115384726501741
42231,3210,5,8.38073479906507
42231,3489,4,8.584843284240321
42231,3535,5,8.972643008628918
42231,3638,4,8.433434332443863
42231,7840,4,5.497701158677019
42231,8640,4,8.115384615384615
