user_id,book_id,rating,predict
42271,5682,5,8.045542229000912
42271,6978,5,7.975711999389516
42271,7360,4,8.654708503761352
