user_id,book_id,rating,predict
42814,3059,5,4.36
42814,3742,3,4.36
42814,3867,4,9.36
42814,4489,2,4.36
42814,4956,3,4.36
42814,5651,3,4.36
42814,6450,3,4.36
42814,6827,1,8.36
42814,7542,3,8.036498316868313
42814,8813,3,2.171112196096318
42814,9680,4,4.491400302094362
