user_id,book_id,rating,predict
42919,6047,3,0.20000000000000018
42919,9888,3,7.2
42919,9901,3,7.200000032063791
