user_id,book_id,rating,predict
42946,1377,3,2.746864683899648
42946,1735,3,1.8939228181741243
42946,1870,4,7.193030404027127
42946,1872,1,7.739130581419378
42946,2354,3,7.377727440440122
42946,2383,3,7.2181637691905625
42946,2539,5,7.739130662720344
42946,2557,3,3.739130434782609
42946,5344,4,3.739130434782609
42946,5485,3,6.739130434782609
42946,9005,3,3.739130434782609
