user_id,book_id,rating,predict
43061,6718,3,3.6666666666666665
43061,7389,4,6.915099067577878
