user_id,book_id,rating,predict
43402,5643,4,7.367502632970176
43402,7650,5,3.6666666666666665
