user_id,book_id,rating,predict
4343,5475,3,6.344262475168009
4343,7657,2,6.5454670115296185
4343,8381,3,5.765047736602933
4343,8592,2,6.494333708172103
4343,9234,2,5.492515135984514
4343,9355,4,5.014762707571449
