user_id,book_id,rating,predict
43519,1106,5,6.810287750944007
43519,1357,3,7.651413609972622
43519,1625,1,3.888888888888889
43519,2473,4,3.888888888888889
43519,3377,4,3.888888888888889
43519,6978,2,-0.11111111111111116
43519,7117,5,8.88888888888889
43519,7501,4,7.88888911507515
43519,7627,4,8.27693822427318
43519,8687,5,8.224318890340129
43519,8792,3,3.888888888888889
43519,9998,5,8.111336537616852
