user_id,book_id,rating,predict
43599,5140,5,4.833333333333333
43599,5516,5,6.377473638029198
43599,5959,5,1.833333333333333
43599,8731,3,1.833333333333333
43599,8924,5,9.286414988870762
43599,9509,5,8.660878394974507
