user_id,book_id,rating,predict
43759,4545,4,1.333333333333333
43759,6128,4,4.333333333333333
43759,7459,4,-0.5083996138185789
