user_id,book_id,rating,predict
43865,1491,4,8.259493445885594
43865,3469,5,-0.916666666666667
43865,6456,4,8.083333333333332
43865,8062,4,8.000965610003437
43865,8068,3,7.663916597420454
43865,8140,4,8.083333333333332
43865,9043,4,7.604820614076498
43865,9217,4,3.9812163944238845
43865,9602,4,0.08333333333333304
43865,9653,4,2.6425651786298374
43865,9890,3,6.912507501984633
