user_id,book_id,rating,predict
43938,5485,5,1.3333334279773403
43938,5740,5,4.333333333333333
