user_id,book_id,rating,predict
43965,647,3,3.8684102624929717
43965,784,5,2.468872221999495
43965,886,3,5.9691311647082905
43965,1092,5,8.878804435168725
43965,1103,3,7.896263398147111
43965,1115,4,8.730823989513794
43965,1162,5,7.715093994334348
43965,1331,4,7.354499580093606
43965,1406,5,7.8628244227317285
43965,1407,4,6.4128521782889205
43965,1430,4,7.934782399317851
43965,1610,5,7.476930871278038
43965,2872,5,7.934782364980309
43965,3845,4,5.071095524608508
43965,5397,4,6.756265946408554
43965,6293,3,3.9347826086956523
43965,7695,5,3.9347826086956523
43965,8983,5,7.33998164052762
43965,9193,4,5.3133774069435304
43965,9792,5,7.913723935648292
