user_id,book_id,rating,predict
44226,4451,4,4.166666666666667
44226,7433,4,8.166666796611675
44226,7993,5,8.981873268350064
