user_id,book_id,rating,predict
44679,845,5,3.25
44679,2896,4,3.25
44679,4174,4,3.25
44679,4323,5,3.25
44679,5521,4,-1.6752489210717254
44679,5607,4,2.192603671895359
