user_id,book_id,rating,predict
44833,462,4,3.357142857142857
44833,3734,3,3.357142857142857
44833,3840,4,3.357142857142857
44833,6419,3,5.847799872060442
44833,6449,3,3.357142857142857
44833,6587,1,4.03691033702854
44833,6704,5,8.357142857142858
