user_id,book_id,rating,predict
44984,4024,5,2.9310764429390384
44984,4648,5,4.297199565430542
44984,4903,5,0.40000000000000036
44984,4954,5,4.814099382512576
44984,5585,4,4.4
44984,5660,4,8.86452385305552
44984,6015,3,0.40000000000000036
44984,6550,4,9.146037297432754
44984,6783,5,8.74705664728833
44984,7134,5,9.051049356785278
44984,7222,4,8.449477413321825
44984,7460,5,8.856370391459578
44984,7530,5,7.659507652687818
