user_id,book_id,rating,predict
45076,1372,5,3.4444444444444446
45076,1647,5,3.4444444444444446
45076,1787,3,-0.25356637735049015
45076,2033,5,3.4444444444444446
45076,2588,5,6.393148813942277
45076,3093,5,7.824196952305041
45076,3288,5,5.996868571429724
45076,3538,3,6.7988145914060665
45076,4235,5,6.860952676488301
