user_id,book_id,rating,predict
45466,3103,3,4.071428571428571
45466,3783,3,4.071428571428571
45466,4225,5,7.071428571428571
45466,4451,4,7.3142689023264795
45466,4734,4,1.2434052636271304
45466,4787,4,4.071428571428571
