user_id,book_id,rating,predict
45916,3862,5,7.748613699296195
45916,3864,3,4.515151515151516
45916,4446,5,7.748613699296195
45916,5645,5,7.03353908125106
45916,6531,5,5.474889363169425
45916,7112,3,7.47128599777364
45916,7285,5,4.515151515151516
45916,7576,3,6.989265647929241
45916,7583,3,8.515151361294592
45916,7697,5,0.6283919454760105
45916,8050,3,8.554840812208987
45916,8700,4,8.403393350250631
45916,9128,3,9.019031568749538
45916,9496,5,7.604708864551662
45916,9546,5,5.2597760732418894
