user_id,book_id,rating,predict
46060,3848,5,9.750000074715878
46060,4495,5,3.247068139377883
46060,4984,5,1.235000997537493
