user_id,book_id,rating,predict
46306,4116,3,8.305840892741749
46306,4503,4,8.956289074193723
46306,4848,4,8.573353537648698
46306,7808,4,4.076923076923077
46306,8430,3,8.733652212375517
46306,8640,4,8.121514230043122
