user_id,book_id,rating,predict
46505,2457,5,1.6521840253430944
46505,4903,5,0.6842105263157894
46505,5364,3,4.684210526315789
46505,5393,5,1.8327452303252199
46505,6015,4,0.6842105263157894
46505,7503,5,8.68421052631579
46505,7672,5,8.890517121290552
46505,7706,4,3.5200955905818017
46505,7767,5,4.684210526315789
