user_id,book_id,rating,predict
46526,7300,3,3.0
46526,7511,4,3.285461386621129
46526,9029,4,7.234836311664737
