user_id,book_id,rating,predict
46869,1998,5,4.9
46869,3931,5,4.9
46869,4297,5,-0.09999999999999964
46869,4415,5,4.9
46869,5285,5,0.8207176144807864
46869,7541,5,6.769307053062526
46869,7690,5,9.168983150304413
46869,9045,5,8.988282183867781
46869,9124,5,8.461766701676153
