user_id,book_id,rating,predict
47157,1395,5,7.588235166690771
47157,2829,5,4.588235294117647
47157,4784,4,4.588235294117647
47157,4840,4,4.588235294117647
47157,5043,5,7.990379635915234
47157,5819,5,4.588235294117647
47157,8998,4,3.0550906478663595
47157,9841,5,7.143483732583452
