user_id,book_id,rating,predict
47154,3041,5,4.636363636363637
47154,3499,5,2.0301280184121495
47154,4780,3,7.871909254727248
47154,4785,5,8.730628063184977
47154,5038,1,2.1799697067719848
