user_id,book_id,rating,predict
47406,4616,4,7.2700039137473675
47406,4853,3,6.371428571428571
47406,6140,4,9.057432837586482
47406,6192,4,7.371428571428571
47406,6831,5,9.37142852077536
47406,6871,5,7.371428571428571
47406,6962,4,9.37142875811739
47406,7376,3,8.586465602480754
47406,7676,4,7.816246438091174
47406,7825,4,7.769844119012813
47406,8143,5,7.70087912873662
47406,8245,4,8.221732820047874
47406,8631,5,8.063190747029237
47406,8945,4,7.659727737491847
47406,9485,5,7.371428571428571
