user_id,book_id,rating,predict
47460,3235,5,4.916666666666667
47460,3361,3,4.916666666666667
47460,3661,4,9.689384138776363
47460,4762,5,4.916666666666667
47460,6672,5,8.916666521977993
47460,7456,5,9.248553346665563
47460,7675,5,7.916666540828543
47460,7825,5,9.05475923448316
47460,8281,5,8.104995460703618
47460,8313,3,9.686333670021464
47460,9199,5,8.824486445832683
