user_id,book_id,rating,predict
47519,958,5,9.529411764705882
47519,1378,4,2.695614434231211
47519,1829,4,2.22240088254209
47519,1843,4,8.23778427679174
47519,1887,5,7.370003885164574
47519,1896,4,6.849146742988539
47519,2068,5,8.277339604039723
47519,2093,5,9.529411707671052
47519,4777,5,3.924586314400884
47519,6898,5,4.529411764705882
47519,6935,5,6.8390159476273915
47519,7037,4,4.529411764705882
47519,7143,5,1.0908872764720443
47519,7210,5,8.882577772663316
47519,8290,4,4.529411764705882
