user_id,book_id,rating,predict
47567,615,5,4.614941061593055
47567,831,3,7.1430836698757165
47567,931,4,6.551416326960819
47567,2024,3,3.7916666666666665
47567,3385,4,3.7916666666666665
47567,4370,3,3.7916666666666665
47567,4746,4,3.7916666666666665
47567,5226,3,-1.2083333333333335
47567,5391,3,6.791666666666666
47567,6300,2,0.7916666666666665
47567,8886,4,3.7916666666666665
