user_id,book_id,rating,predict
47888,5607,3,6.8505755969843225
47888,6051,4,8.542017167825279
47888,6192,4,7.605600719678945
47888,7171,4,3.8333333333333335
47888,7427,3,1.7550493867814794
47888,7430,3,3.8333333333333335
47888,7724,4,7.844930101551888
47888,7932,4,7.152714181641025
47888,8226,4,3.8333333333333335
47888,8334,4,7.10595469728116
47888,8652,4,5.686902914010544
47888,8740,4,7.800900252158959
47888,8837,4,6.833333399418539
47888,8864,4,8.432576612743587
47888,8888,3,1.4017153157732936
47888,9082,3,6.226155427520319
