user_id,book_id,rating,predict
47942,1511,5,6.261668769275546
47942,1628,4,8.167180239661288
47942,1723,4,8.734666244603485
47942,1837,4,8.986528931614345
47942,1898,4,9.280000327680968
47942,6218,4,0.28000000000000025
47942,7935,5,8.280000000000001
47942,8132,2,8.635428137888884
47942,8474,4,4.28
47942,9119,4,7.56219222460996
47942,9799,4,8.111454628884257
