user_id,book_id,rating,predict
48017,5757,3,6.325309697196874
48017,5888,5,8.817333523840894
48017,5965,3,7.532544712347477
48017,6048,4,-1.0689655172413794
48017,6075,4,7.308335729900139
48017,6343,5,8.375074918106964
48017,7600,5,7.161091689840429
48017,7926,3,7.508165987993552
48017,8208,3,6.989518950687535
48017,8398,2,6.4829426499077725
48017,8443,3,8.698333717981425
48017,8851,3,7.431985245681137
48017,9122,5,7.931034331299509
