user_id,book_id,rating,predict
48058,1778,3,4.090909090909091
48058,5180,3,8.09090923501649
48058,5386,4,4.090909090909091
48058,5505,4,1.7020468318187394
48058,7612,4,4.090909090909091
