user_id,book_id,rating,predict
48064,6209,4,3.6666666666666665
48064,6989,5,7.9498725367869625
