user_id,book_id,rating,predict
48177,4144,4,3.8333333333333335
48177,5485,4,0.8333334093849061
48177,8068,4,6.761511342665916
48177,8116,2,6.239964968543422
48177,8911,4,-1.1666668779022005
48177,9335,3,3.7538796360657694
