user_id,book_id,rating,predict
48524,4314,2,7.047619156898266
48524,4615,4,6.432143201551291
48524,4737,3,3.0476190476190474
48524,5021,3,8.047619252106362
48524,5178,3,3.0476190476190474
48524,5426,3,0.04761904761904745
48524,6208,4,7.873319587410991
48524,6974,4,6.827709177103971
48524,7312,3,0.9765692353516675
