user_id,book_id,rating,predict
49741,2749,2,5.340908975384067
49741,4045,2,6.317457287308361
