user_id,book_id,rating,predict
49794,7790,4,7.731733251765259
49794,8263,5,7.082528322762245
49794,8447,3,7.476069945911323
