user_id,book_id,rating,predict
49838,8089,4,8.303042445839568
49838,8204,4,6.87443368585236
49838,8392,5,9.55751435844137
