user_id,book_id,rating,predict
49842,5405,4,-1.1666666666666665
49842,6428,4,8.488488856599112
49842,7097,4,7.409979733081383
