user_id,book_id,rating,predict
49891,685,3,3.806451612903226
49891,702,4,4.150550748800868
49891,907,3,1.8602288203972952
49891,1100,5,3.5935149819536516
49891,1612,3,7.031189597068485
49891,1661,5,7.884939388933853
49891,1751,5,7.075929072156842
49891,1814,4,6.696566139756079
49891,1874,4,8.158125441586108
49891,1920,3,7.1287816313549754
49891,6032,4,3.806451612903226
49891,7326,4,3.806451612903226
49891,8152,4,3.806451612903226
49891,9430,4,0.7380161797177913
