user_id,book_id,rating,predict
50158,1839,3,7.7472928585548715
50158,1856,4,7.159827433312705
50158,3682,3,-1.48
50158,4856,2,6.546342190102554
50158,6791,4,3.52
50158,6958,1,5.52
50158,7311,3,-0.3465918053786945
50158,7397,3,-0.48
50158,8193,4,3.2095003105542803
50158,8881,3,3.2942056210882016
50158,8886,3,7.732624277006606
50158,9519,3,3.220005529278422
