user_id,book_id,rating,predict
50216,2256,5,3.8181818181818183
50216,2681,5,3.8181818181818183
50216,3582,5,1.3921942561056784
50216,4346,5,3.8181818181818183
50216,5643,4,6.687164431092498
50216,5682,4,8.39183547557231
