user_id,book_id,rating,predict
50670,7167,5,6.042606627192115
50670,7571,4,4.8
50670,7671,5,8.79999983842618
