user_id,book_id,rating,predict
50735,4835,4,8.554661811725545
50735,5130,5,6.558972119400533
50735,5451,5,7.315209826808104
