user_id,book_id,rating,predict
50784,4449,5,9.0
50784,6303,3,6.0
50784,6370,3,8.048504409740826
50784,7362,2,4.379934812269298
50784,7400,3,6.836831345740826
50784,7694,5,8.0
50784,8395,5,8.344819000529753
