user_id,book_id,rating,predict
50811,5566,1,6.674649986464448
50811,5965,2,3.194350790204894
50811,6048,2,7.619047619047619
50811,6596,3,6.421996132467066
50811,6735,2,5.494983108753492
50811,7433,4,7.619047353953871
50811,7618,4,5.541622645410699
50811,7631,3,6.224461313470428
50811,7939,4,7.334304487789241
