user_id,book_id,rating,predict
50971,1512,3,3.385948843837056
50971,1725,4,7.525376936036569
50971,2121,4,7.825840279920089
50971,2393,4,8.220633614177316
50971,2522,4,8.21024153210467
50971,2525,4,8.052190303665792
50971,2641,4,7.9648714539613445
50971,5307,4,7.941804848364589
50971,6102,3,4.514285714285714
50971,7129,5,4.514285714285714
50971,7374,5,8.514285714285714
50971,8299,4,8.42536127232497
50971,9139,4,-0.48571437182338606
50971,9265,5,9.038596825013041
50971,9654,4,7.514285714285714
