user_id,book_id,rating,predict
51125,4962,3,4.7272727272727275
51125,5254,4,4.7272727272727275
51125,6405,5,4.7272727272727275
51125,6681,5,8.727272727272727
51125,7627,4,8.208098881504036
51125,8393,5,8.459218168530722
