user_id,book_id,rating,predict
51414,5259,4,6.094548486623078
51414,6608,3,4.111111111111111
51414,6722,5,9.111111321088973
51414,7104,3,7.111111111111111
51414,7222,5,7.211706190523028
51414,7358,4,6.111111111111111
51414,7846,3,4.111111111111111
51414,8810,3,7.476933961895358
