user_id,book_id,rating,predict
52010,1883,4,0.5561266203840165
52010,2676,3,6.9999998727754065
52010,4621,3,6.974415017781471
52010,4776,3,5.726328368968428
52010,7573,5,-2.0
52010,9234,2,5.635372117372182
52010,9992,3,7.679916427799747
