user_id,book_id,rating,predict
52157,5736,4,7.868540536984616
52157,5887,3,7.238326285586907
52157,6026,3,7.0073239852760345
52157,6370,4,8.261228851661865
52157,6803,4,7.205698262378464
52157,6974,3,7.642820321478542
52157,7415,4,7.8499998663272095
52157,7437,4,6.930383908669224
52157,7461,4,7.094477324122849
