user_id,book_id,rating,predict
5297,2075,4,4.0
5297,2844,5,6.490618154965082
5297,8324,4,4.0
5297,9663,3,0.0905692652938832
