user_id,book_id,rating,predict
53082,5909,3,8.063502658587579
53082,6437,4,8.874999851101093
53082,7489,3,8.612093332786088
53082,7939,5,9.26625191326354
