user_id,book_id,rating,predict
53251,4043,5,7.615214492592861
53251,4489,1,0.625
53251,4497,4,4.625
53251,5701,5,9.625
53251,6706,2,4.625
53251,6785,5,9.389158526463213
53251,7273,5,4.625
