user_id,book_id,rating,predict
5500,6532,3,7.311064246425792
5500,7306,3,6.666666666666666
