user_id,book_id,rating,predict
5723,4706,4,3.2
5723,7896,3,6.8255437994553585
5723,8024,2,3.292097794243662
5723,8722,2,7.660767932978853
5723,9173,2,5.210689188785878
