user_id,book_id,rating,predict
5883,1789,4,8.688154800665574
5883,4357,4,9.6
5883,6132,5,8.969638770675964
5883,6220,2,4.6
5883,7241,5,0.7920027739648421
5883,8506,4,3.652346172058723
5883,8763,5,8.5061187540694
5883,9217,4,4.6
5883,9270,4,8.667455158612606
