user_id,book_id,rating,predict
598,5549,5,4.666666666666667
598,6605,4,4.666666666666667
