user_id,book_id,rating,predict
6210,435,4,4.0
6210,532,5,-1.0
6210,568,5,4.0
6210,735,5,6.12398160498955
6210,3267,4,4.0
6210,5254,4,3.0
6210,5992,4,4.0
6210,7575,4,4.0
6210,7664,5,7.0
6210,7814,4,5.925639360831145
6210,8654,4,1.0
6210,8814,5,9.0
6210,9299,3,7.474380430670795
