user_id,book_id,rating,predict
6325,1032,5,7.8145651430100695
6325,1175,5,7.241792472056553
6325,1243,5,8.060648252111447
6325,1298,3,7.641529604903322
6325,1397,3,7.386439247848436
6325,1399,5,8.053916829177844
6325,1456,4,8.067577268798733
6325,1504,4,8.355723434089457
6325,1531,5,7.00228527332203
6325,1554,4,7.757792253230342
6325,1611,4,7.751369173671842
6325,5136,4,7.139894297180973
6325,5504,4,7.782509457234159
6325,6010,5,7.8235294117647065
6325,6792,4,6.507164908427942
6325,7020,3,7.071908659148818
6325,7502,3,8.823529556637384
6325,8838,2,7.546835741957408
6325,8910,2,7.086775261682469
6325,9079,5,8.249608692814025
6325,9241,5,6.7695995375673474
6325,9443,5,7.805787531340302
6325,9647,4,5.386455580327176
