user_id,book_id,rating,predict
6350,7099,5,8.950996610747321
6350,7941,5,8.714285625072288
6350,8237,4,9.426841731260932
