user_id,book_id,rating,predict
6793,4875,5,7.047926258355483
6793,5422,5,8.066290473212922
6793,7455,5,7.871870720414692
6793,7757,4,0.6875
6793,8095,2,3.6875
6793,8673,3,7.585495894969078
6793,8997,3,7.6875
6793,9276,5,7.646150873360536
