user_id,book_id,rating,predict
6948,4526,5,-0.45454545454545414
6948,4960,5,4.545454545454546
6948,5460,5,-0.45454545454545414
6948,5865,5,8.545454423902578
6948,6354,3,4.1081579753644695
