user_id,book_id,rating,predict
7028,449,3,4.343283582089552
7028,643,3,7.343283582089552
7028,1304,4,4.343283582089552
7028,1351,5,5.087310947128584
7028,1363,4,4.343283582089552
7028,1394,4,4.343283582089552
7028,1450,4,-0.6167607626259795
7028,1535,5,9.015439642131732
7028,1680,5,7.971657065296666
7028,1751,4,7.588457360978682
7028,2009,5,8.864349404221684
7028,2014,5,2.544056651491582
7028,2091,5,8.114677130350824
7028,2224,5,8.958645190529769
7028,2261,4,6.951946006899778
7028,2303,5,8.3377185829405
7028,2341,5,8.648181886735134
7028,2381,5,8.327513270665747
7028,2405,5,8.781299846847569
7028,2432,5,8.06738527842501
7028,2549,5,8.641607071348147
7028,2550,5,8.641607071348147
7028,2568,5,8.331929440128814
7028,2605,5,8.707936755591088
7028,2874,4,8.986811149044904
7028,2911,5,8.353437116426303
7028,3065,5,7.9660258664752845
7028,3163,4,9.070986424415281
7028,3175,4,7.9917613763955675
7028,3213,5,8.024884640705094
