user_id,book_id,rating,predict
8513,4604,3,1.9666666666666668
8513,5246,4,6.733282266238158
8513,5272,5,5.310068926474034
8513,5651,5,7.966666666666667
8513,5720,4,3.966666666666667
8513,6075,3,-1.0333333333333332
8513,6081,3,7.3792582877276764
8513,6127,3,8.06106930101587
8513,6205,5,7.966666773219064
8513,6303,4,5.966666666666667
8513,6424,4,8.333786263273979
8513,6493,3,6.903696020404871
8513,7136,4,8.641041060988872
