user_id,book_id,rating,predict
8613,1044,3,7.837607195549551
8613,1082,3,5.906366923950547
8613,1461,4,7.924515015449558
8613,1691,5,5.806372804804772
8613,4004,3,3.5625
8613,5146,3,3.5625
8613,8840,3,-0.7280480534544074
8613,9022,4,3.5625
