user_id,book_id,rating,predict
8640,3503,5,2.323549217083422
8640,5427,5,5.1692041658917525
