user_id,book_id,rating,predict
8956,3273,1,4.043478260869565
8956,3469,2,4.043478260869565
8956,6164,5,8.467676578072128
8956,6963,4,8.156787941103548
8956,6972,4,4.043478260869565
8956,6995,5,7.97837946359039
8956,7514,5,7.804963927825565
8956,7919,5,3.630655634111286
8956,8510,5,7.315915217546186
8956,9079,3,7.436408865415381
8956,9137,1,8.229253653871654
