user_id,book_id,rating,predict
9111,6000,4,3.8
9111,6391,4,1.767082324871252
9111,6402,4,7.638039108738841
