user_id,book_id,rating,predict
9199,3502,3,6.65625
9199,4734,5,0.65625
9199,4884,3,4.186944774886477
9199,4913,4,3.65625
9199,5535,5,4.65625
9199,5708,4,5.728887899375892
9199,6460,4,3.65625
9199,6643,4,7.853253113464722
9199,6813,4,7.054430438380317
9199,7478,5,7.8762212385491175
9199,7565,4,3.65625
9199,7821,3,6.656249735438724
9199,7905,5,7.443293084994185
9199,7989,5,7.65625013304373
