user_id,book_id,rating,predict
9499,4106,4,3.8181818181818183
9499,6025,4,3.8181818181818183
9499,6317,4,3.8181818181818183
9499,7575,4,7.818181700772975
9499,7649,4,3.744959963348623
9499,8553,4,6.818181818181818
