user_id,book_id,rating,predict
9699,4566,4,4.285714285714286
9699,5399,3,4.285714285714286
9699,5551,4,4.285714285714286
9699,6317,5,1.2857142857142856
