user_id,book_id,rating,predict
10054,4341,4,1.9534992170059953
10054,8107,3,2.0288800396171442
10054,8194,3,3.9233543196104512
