user_id,book_id,rating,predict
10657,6800,4,3.098921622130532
10657,6977,5,3.059200985462379
