user_id,book_id,rating,predict
10680,3123,3,4.116055230565412
10680,4106,4,3.5326544476150685
10680,4202,4,4.981413610052665
10680,6007,5,4.720232926508887
