user_id,book_id,rating,predict
10703,3789,5,4.630378155081907
10703,4119,5,4.668969938490963
10703,9133,5,4.67426027357111
10703,9216,5,3.8483065970920727
10703,9330,5,4.809494111680847
10703,9480,5,4.699980205354206
10703,9577,4,4.732184690444143
10703,9622,5,4.78574213247482
