user_id,book_id,rating,predict
11054,4174,3,2.5704405713227736
11054,6958,3,2.332604986013576
11054,8679,4,2.5268691390742615
11054,8885,5,2.3501465886883475
