user_id,book_id,rating,predict
11179,5428,4,4.071519078870805
11179,6169,4,4.098163420713181
11179,6445,4,4.075434005712528
11179,7604,4,4.113877008975178
11179,8425,3,4.079889596629739
11179,8964,5,4.0987619430633355
