user_id,book_id,rating,predict
11257,548,5,4.8669170741410905
11257,656,5,5.1258180265961055
11257,732,5,4.887337304293224
11257,777,1,5.566907034821078
11257,1111,1,5.571418573997515
11257,1398,5,4.915462783739025
11257,1550,5,4.68716085011273
11257,1652,5,4.921573387106389
11257,1803,5,5.012947359695087
11257,3486,5,5.126829769968824
11257,6531,5,4.946470895587766
11257,7697,5,5.044066715894516
11257,8197,5,4.974644551424999
