user_id,book_id,rating,predict
11504,7487,5,4.292621558963315
11504,7527,3,3.0593778542660033
11504,7762,4,4.477809834551898
