user_id,book_id,rating,predict
11603,5241,5,3.197855576679544
11603,5472,4,3.808404098315558
11603,6413,3,4.907776242800218
11603,6854,3,5.268811374556635
11603,7087,5,4.480373739519275
11603,9365,5,4.800524583709051
