user_id,book_id,rating,predict
12009,1762,4,3.792158814280328
12009,1832,5,3.8363633609472103
12009,1963,4,3.8362651920003854
12009,2517,2,4.049767083217243
12009,2559,4,3.948449901423926
12009,2815,2,3.9674217844850244
12009,2939,4,4.027815760110385
