user_id,book_id,rating,predict
12030,900,4,4.578880433736531
12030,1624,4,3.958184550986352
12030,2029,5,2.3044555520147814
12030,2247,5,3.672874186635871
12030,2304,4,3.1315521816900063
12030,2517,5,4.186108766483706
12030,2584,4,4.024115347070985
12030,2620,3,4.4212017851521885
12030,2809,4,2.590553266120306
12030,7798,2,3.5913082170916457
12030,8924,5,4.839219862098868
