user_id,book_id,rating,predict
12050,6132,5,3.2753459038535153
12050,7241,3,4.106292131956192
12050,7508,5,4.403391120161172
