user_id,book_id,rating,predict
12126,732,3,4.269515527222934
12126,909,3,4.424830186774252
12126,981,3,3.73592369789454
12126,1063,4,3.8006310780793346
12126,1095,3,4.029228907261616
12126,1293,3,3.42717298515506
12126,1405,4,3.735285537983793
12126,1432,2,4.114701868413882
12126,1436,4,3.6573218431357177
12126,1540,3,3.3280882347479417
12126,1662,3,3.9468221611481775
12126,1909,4,3.8608509674054305
12126,5490,4,3.5220080784031786
12126,9506,2,3.4335699338784558
12126,9513,3,2.8125878151035595
