user_id,book_id,rating,predict
12191,4124,5,3.7954653933631537
12191,4131,4,4.043911145280875
12191,4387,5,3.0589385017497737
12191,7887,3,2.819655517942648
