user_id,book_id,rating,predict
124,3998,3,4.517355231320916
124,4769,5,3.771681707453358
124,5374,4,3.690115371001423
124,5696,4,4.573625059555439
124,7003,4,4.0654394438614165
124,7327,4,2.926902398358134
