user_id,book_id,rating,predict
12461,990,5,2.030343746159548
12461,4153,3,3.1827176010244997
12461,4893,2,2.674958886873255
12461,5449,5,4.53597770622703
12461,5937,3,3.1533040012820233
12461,6032,5,3.1166556885368673
12461,6095,4,4.403956631211159
12461,6257,5,4.8613824614183985
12461,6784,4,3.699355161664498
12461,8046,3,2.1241501563577643
