user_id,book_id,rating,predict
12685,5070,5,4.620872857673716
12685,5075,5,4.0768350872321895
12685,5256,4,4.397822766942362
12685,5286,5,4.440707596818425
12685,7188,1,4.2018094863294735
12685,7625,4,4.5412184291766575
