user_id,book_id,rating,predict
12724,2316,4,2.9178388138000466
12724,2775,4,2.6815169693429652
12724,2953,2,3.6360561376020866
12724,3186,3,3.342285376867227
12724,7390,3,2.98426684580979
