user_id,book_id,rating,predict
12877,6689,3,3.126646346832736
12877,7064,3,3.0261936664623366
12877,7533,3,3.092563957523545
12877,7536,3,3.2002966326498843
12877,7718,3,3.0529365853193253
