user_id,book_id,rating,predict
12971,4954,1,2.498522254770087
12971,5572,3,2.7686353176211176
12971,6643,4,3.59133178945343
12971,7684,3,3.8455137650573827
12971,9692,2,1.0258393839649145
12971,9982,4,4.436757280232875
