user_id,book_id,rating,predict
12973,7872,2,0.17032548595855745
12973,8152,1,2.5946955064705874
12973,8393,5,6.789004015911043
