user_id,book_id,rating,predict
13004,3733,4,4.960557904788821
13004,5005,5,4.223739063868125
13004,5460,4,3.3405965183712802
13004,5753,1,4.908565592259549
13004,5996,1,3.6242341275937973
13004,6013,2,4.830203182957897
13004,6384,5,4.328935114695427
13004,6639,2,4.635159287382232
