user_id,book_id,rating,predict
13049,3224,3,2.5608437535387307
13049,5130,4,3.1149768482743387
