user_id,book_id,rating,predict
13081,2868,4,4.032429509610962
13081,5362,3,3.963071828624084
13081,5406,4,3.831867347545444
13081,5436,3,3.869970273602707
13081,6004,5,4.090658361338944
13081,6293,4,3.019349594044968
13081,6388,2,4.172410785107801
13081,6983,4,2.9763980399925867
13081,7566,5,4.297082104445625
13081,7659,4,2.8158711148138105
13081,7674,5,4.223603680264677
13081,7721,3,4.374650779662963
13081,7959,4,4.122893133734482
