user_id,book_id,rating,predict
13147,5029,4,3.4284395026187995
13147,5605,4,3.985096785124508
13147,6122,3,3.2492292237652585
