user_id,book_id,rating,predict
13257,4826,4,4.438234279536779
13257,5722,3,3.6947382643786706
13257,6541,4,3.930183068776963
13257,6738,3,4.0476056677454695
13257,8109,5,3.747241119779549
13257,9471,5,3.374805346680978
