user_id,book_id,rating,predict
13317,797,5,4.073005130333304
13317,1043,5,4.564895692444226
13317,1494,4,4.079598360108976
13317,1506,3,3.0863764791406743
13317,3448,4,3.887848675016753
13317,5354,4,3.536791110781369
13317,6865,3,3.572314699259275
13317,7065,4,3.905324776053145
13317,7289,4,3.7746706780618244
13317,7827,3,4.073136743254089
13317,8318,4,3.7162840274102944
13317,8348,3,3.5445892570620328
