user_id,book_id,rating,predict
1342,3469,4,4.345353840774764
1342,3708,3,3.91480707498013
1342,3928,3,4.390202969301344
1342,4566,4,4.583914848540987
1342,7522,4,4.132590651022929
1342,8239,1,4.147212920728859
1342,8640,4,4.7439995467530895
1342,8886,4,3.568932301461919
1342,9438,1,3.131896628786169
1342,9647,3,3.4745538428072615
