user_id,book_id,rating,predict
13486,4769,4,2.924393539792885
13486,6865,3,3.712152074961188
13486,6887,3,3.351232115763101
13486,7584,5,3.6609740816548344
