user_id,book_id,rating,predict
13542,5987,1,2.346361657285568
13542,6402,4,4.369372122425389
13542,7166,4,2.2723397872702606
13542,7546,4,2.504985693696741
13542,8227,2,2.565244588298409
13542,8459,1,3.2747723504447914
