user_id,book_id,rating,predict
13677,6169,3,3.8513751133087797
13677,8961,3,3.3862964447692
13677,9235,5,4.979996850301815
