user_id,book_id,rating,predict
13680,1510,3,2.6359595074279496
13680,2200,1,2.742360972174808
13680,4936,5,2.807007505052031
13680,6466,5,2.874728965210884
