user_id,book_id,rating,predict
13718,4954,4,3.445818970885902
13718,5632,4,3.40641929869628
13718,6248,2,3.2831288204746207
13718,7423,4,3.51488762960202
13718,7600,2,3.5583316713211874
13718,8231,4,3.232870522908477
