user_id,book_id,rating,predict
13973,3430,3,3.224779455999949
13973,3998,3,3.030480430611361
13973,5078,3,2.841691085657396
13973,5267,5,4.388567227533099
13973,5391,4,2.8796747163711545
13973,5696,5,3.823961879614795
13973,5984,3,3.062665627809904
13973,6470,3,4.232125609193824
13973,6794,4,3.242372312546051
13973,6840,3,3.97612678815543
13973,7342,3,3.2135913243955034
13973,8318,5,4.119268345684169
