user_id,book_id,rating,predict
1399,4284,4,3.5920056964319422
1399,4762,5,1.1450186916787315
1399,5420,1,2.465250021798557
1399,5520,4,3.3239016411859605
1399,5873,3,1.7656506486510637
1399,7417,4,2.506622252070695
