user_id,book_id,rating,predict
14013,1257,5,4.508561900882856
14013,1291,5,5.045997986745664
14013,1336,5,4.978986191148678
14013,1370,5,4.167028924282052
14013,1473,4,4.922140640500008
14013,1483,5,5.073932088033132
14013,1513,5,5.008904161566505
14013,9743,4,4.735489107589334
