user_id,book_id,rating,predict
14166,4099,5,4.607832338234284
14166,5276,5,4.263159841370009
14166,7031,5,3.7506427965272557
14166,7865,5,4.800411407648759
14166,8078,5,4.536218738809524
14166,8112,5,4.627579008741909
