user_id,book_id,rating,predict
14247,3901,3,2.9891826474236414
14247,5308,3,3.5684947818332877
14247,5393,3,4.190312564448269
