user_id,book_id,rating,predict
14295,7252,1,2.534933252899172
14295,7381,2,2.4249461238578602
14295,8288,2,1.8492985313926695
