user_id,book_id,rating,predict
14380,6738,3,3.7426561136411873
14380,7617,4,3.849816922721431
14380,8443,5,3.964527078434399
14380,8495,5,3.265950564306573
14380,9266,4,5.005973163231611
14380,9556,5,4.138155625119244
14380,9562,5,3.9193639038999404
14380,9848,5,3.2021636062831114
