user_id,book_id,rating,predict
14456,4346,4,1.9463016346646653
14456,6487,3,2.317183182759749
