user_id,book_id,rating,predict
14535,5983,4,4.694093361163313
14535,7281,4,2.9625610463460896
14535,7575,4,4.0276130138993675
14535,8127,4,3.710443072280318
