user_id,book_id,rating,predict
14565,3009,4,3.6697433977498912
14565,3695,3,3.866910649907823
14565,5831,4,3.208795308810755
