user_id,book_id,rating,predict
14560,1756,5,4.713332853030065
14560,1778,4,4.6208564794165525
14560,2108,5,4.875195963257252
14560,2263,5,5.014558356586222
14560,2505,5,4.897451606490258
14560,2548,5,4.869850501478429
14560,2784,5,4.916292497260867
14560,2790,4,4.9283562288401015
14560,3881,5,4.832365469394499
14560,4699,5,4.826710711096458
14560,4880,5,5.095318282108403
14560,5081,5,4.83817275762523
14560,5336,5,4.856098752869143
14560,5483,5,4.721142405029274
14560,5664,5,4.906480837430045
14560,5873,5,4.94922533778583
14560,6156,5,4.868841159566634
14560,6298,5,5.015301356744515
14560,6471,5,4.929176380971514
