user_id,book_id,rating,predict
14590,169,3,3.682409540203579
14590,1587,5,4.646352228248457
14590,1814,5,4.661315809013248
14590,1815,3,4.546359813742699
14590,1854,5,4.677193208778034
14590,7326,4,4.319483221051359
14590,8342,4,4.058614810101469
