user_id,book_id,rating,predict
14641,4364,2,3.6904432367907476
14641,4501,3,3.20058029803994
