user_id,book_id,rating,predict
14670,2185,3,3.3167361123342953
14670,3759,4,3.1049593251332004
14670,3836,3,3.5416909471022398
14670,4954,2,2.981644051887394
