user_id,book_id,rating,predict
14771,6019,4,3.42553536901587
14771,7020,4,3.9145947029356343
