user_id,book_id,rating,predict
1530,2681,3,2.278157824168875
1530,7306,3,2.978642041676104
1530,7465,3,2.932968049794431
1530,8661,2,3.125932598241299
