user_id,book_id,rating,predict
15377,2855,3,3.3270875641575377
15377,4516,4,4.516438179974902
15377,5987,2,3.8136673554345224
15377,6358,3,4.019330770027176
15377,6707,4,3.703327241704511
15377,6921,3,3.3741052532040916
