user_id,book_id,rating,predict
15382,6584,3,2.8877151607994693
15382,7067,5,3.278516607399826
