user_id,book_id,rating,predict
15575,1666,5,6.882130837417698
15575,2044,4,3.297862303420619
15575,7233,5,4.899861408922235
15575,7386,5,5.155439144688653
15575,8404,5,4.031107860454757
15575,8682,5,3.6725697377784385
15575,8896,5,4.781789012683705
15575,9119,5,5.31711729057637
