user_id,book_id,rating,predict
15719,4199,5,4.034696465715524
15719,5480,5,4.104004345405167
15719,5846,4,3.7532003052480984
15719,5870,4,3.548644385424523
15719,6134,2,3.436440646874483
15719,6231,3,3.8099093446531476
15719,7427,3,3.145936858910256
15719,7468,4,4.0065536213646045
