user_id,book_id,rating,predict
15825,5831,4,3.528369610964693
15825,7967,4,3.5577541804269446
