user_id,book_id,rating,predict
15971,7187,3,5.66880556264098
15971,7256,5,2.589324908140557
15971,8140,2,3.9845942969163977
