user_id,book_id,rating,predict
16009,443,3,1.3363406137505716
16009,564,4,1.538180119206253
16009,615,2,3.150175595827834
16009,667,3,3.1394867086429845
16009,3415,3,3.6522645646705922
16009,3796,4,3.9408661009608146
16009,8196,5,1.5445199712090822
16009,8597,1,0.9419313545932937
