user_id,book_id,rating,predict
16014,6316,4,3.9764379795769766
16014,6545,4,3.676885361615535
