user_id,book_id,rating,predict
1605,5918,3,3.002740447753239
1605,6391,3,3.952946453896562
