user_id,book_id,rating,predict
16245,1420,5,4.644071629841367
16245,1514,5,3.912674996419271
16245,4704,5,4.299229613721474
16245,6194,5,3.7947898112876732
16245,6317,5,5.119690043736245
16245,6587,4,4.408350249059539
16245,6607,5,4.358232540376664
16245,6704,5,5.165623803371622
16245,7227,5,4.682501142420423
16245,7738,5,4.916758914169621
16245,8280,4,5.051535131890882
16245,8929,5,4.656082312251617
16245,9158,5,4.331830754276564
16245,9864,5,4.807844519221609
