user_id,book_id,rating,predict
16360,4746,3,3.3424622074605272
16360,4902,4,3.8608522476291616
16360,5189,4,3.585001614101651
16360,5267,3,4.064363355456823
16360,5626,3,3.225729905840841
16360,6265,4,3.6310203130276424
16360,6341,4,3.8109128074184415
16360,6822,3,3.0730379830526333
16360,7032,3,3.1339201578967786
