user_id,book_id,rating,predict
16556,4495,4,4.225103187068741
16556,5962,5,4.408056628664877
16556,6749,5,4.334762040267322
