user_id,book_id,rating,predict
16684,3736,5,4.663141479348533
16684,4717,5,4.815023492273601
