user_id,book_id,rating,predict
16688,1621,2,1.4843702752246442
16688,6264,4,2.3728119604430713
16688,6564,2,4.133613343573069
16688,8519,4,3.3743022355725767
16688,8547,3,3.183538054424295
16688,8929,4,3.5066807376966835
16688,9732,2,2.84434015775876
