user_id,book_id,rating,predict
16683,2572,5,4.080871336427458
16683,5753,5,4.2896770103766855
16683,6798,3,4.726531149476765
16683,7604,3,3.7770420955403394
