user_id,book_id,rating,predict
16720,4958,4,3.5267552996262324
16720,6029,4,4.252953833315486
16720,6941,4,4.48278461088912
