user_id,book_id,rating,predict
16768,1998,5,4.8328388935927755
16768,3582,4,4.39487011188694
16768,3591,4,4.10521357476727
16768,4199,5,4.316726789375123
