user_id,book_id,rating,predict
16916,1756,5,4.330232018779762
16916,2946,5,4.211370848247473
16916,4004,5,4.2263591917747885
16916,4015,5,4.2609287144405155
16916,5256,5,4.167082040512327
16916,5537,4,4.149812889821417
16916,5937,1,3.9352550642776336
16916,5978,5,4.37968900053503
16916,7862,5,4.277434619734058
16916,8382,1,3.5149280052809373
16916,8497,4,4.072332393958886
16916,8523,5,4.233313259632748
