user_id,book_id,rating,predict
16912,5701,5,5.2773806693825
16912,6785,5,5.180351943302946
