user_id,book_id,rating,predict
16951,4853,4,1.896740141503776
16951,5422,5,4.4471466294146325
16951,6482,3,4.424398440608665
16951,8407,4,4.487231194931694
