user_id,book_id,rating,predict
16985,720,3,3.2623867219992166
16985,803,3,3.2287642498480618
16985,3721,4,4.603865098642391
16985,5520,4,3.2630122907572616
16985,6477,4,4.919713942708189
16985,8430,3,4.294496852289112
