user_id,book_id,rating,predict
17013,2099,4,3.8512561020550824
17013,2460,5,4.0297025075297945
17013,2585,4,4.077836082134224
17013,2894,4,4.0156150177659375
17013,3977,3,3.963836293043111
17013,4689,4,4.157225382956593
17013,4851,4,4.470750385175961
17013,5213,4,3.822994295100399
17013,5291,3,3.876004230926786
17013,5469,5,4.312360181727311
17013,5632,4,4.558452019280124
17013,5780,3,4.2614192761906855
17013,6108,5,4.141880615062716
17013,6622,5,3.887226166649202
17013,6891,4,4.357398495289687
17013,7406,4,3.945698660325415
17013,7420,3,3.917357995646629
17013,7423,4,4.3638139550843
17013,7886,4,4.13183633212426
17013,7893,5,4.266635593332768
17013,8103,4,4.051556438646045
17013,8460,4,4.097301578688519
17013,8995,4,4.136938233513839
17013,9270,5,3.8295040053046767
17013,9577,4,3.9230669838041643
17013,9653,5,3.8370327851409867
17013,9730,3,4.038584234452713
17013,9868,4,3.955700352366631
