user_id,book_id,rating,predict
1712,6207,5,4.11282282261212
1712,7172,5,4.182099774387778
1712,7352,5,3.4935864000271772
1712,7380,3,3.596593178460563
1712,7439,4,3.321359886883755
1712,7808,5,3.872873227480076
1712,7855,4,3.7014630781702587
