user_id,book_id,rating,predict
17239,4699,3,3.6108922002559973
17239,5054,4,4.05872826692486
17239,5258,3,2.8473685539334053
17239,5851,5,3.7948256276636227
17239,6215,2,2.5736189085227696
17239,6245,5,4.339241228970765
