user_id,book_id,rating,predict
17273,3726,5,3.2671622605776607
17273,3891,3,3.830878275875895
17273,4274,5,4.129436286907223
