user_id,book_id,rating,predict
17467,845,4,3.683460662967319
17467,2805,4,4.286314311174472
17467,2896,4,4.262515005657913
17467,3502,5,4.521258684677438
17467,3645,5,4.350708616955657
17467,4097,4,4.3737573130273315
17467,4323,3,4.520285527852465
17467,4405,4,4.461858439172764
17467,4457,4,4.510828071043951
17467,4831,4,4.543605930821434
17467,4879,4,4.4499231211136685
17467,5452,4,4.2991365540235735
