user_id,book_id,rating,predict
1749,6362,5,4.582056476708895
1749,6378,3,4.626003100695169
