user_id,book_id,rating,predict
17511,2473,5,4.893334519703804
17511,3448,5,5.112900140216484
17511,4151,5,5.103711519432661
17511,4643,5,5.0941814017696965
