user_id,book_id,rating,predict
17693,6372,3,2.3221312431775654
17693,6899,2,2.9583619675243416
17693,6947,4,4.129695229235769
17693,7167,4,4.284913822464867
17693,7246,5,2.817849523307951
