user_id,book_id,rating,predict
17744,4161,4,4.008554339785581
17744,8072,5,4.0674724113735365
