user_id,book_id,rating,predict
18030,1756,4,2.7519066429410737
18030,3010,4,3.444553497593204
18030,8513,2,2.5012756492497816
