user_id,book_id,rating,predict
18076,406,4,-0.8785122981954858
18076,956,5,4.31407187369045
18076,1035,5,3.9737520235443893
18076,1188,5,3.6866212868252792
18076,1218,4,3.916807868498501
18076,1358,5,4.6063814264861085
18076,1424,4,4.364972650137695
18076,1484,5,4.27032813523892
18076,1838,5,4.632861251375126
18076,1871,4,4.0449643276724
18076,1881,4,4.06408892766174
18076,2016,5,4.485152283852114
18076,2121,4,4.532573711348132
18076,2135,4,4.392030760191139
18076,2175,5,4.938308195553884
18076,2191,4,2.9673371298925977
18076,2219,3,3.1590482461614293
18076,2245,4,4.3244853835019965
18076,2339,5,4.2398221434134555
18076,2383,5,4.069979212109992
18076,4624,3,4.8445063648693845
18076,4729,4,3.8212081497050945
18076,5332,3,4.055024509065409
18076,7029,4,4.780363794284962
18076,7143,5,3.9098724517125416
18076,7722,3,3.9387515687847974
18076,8961,3,3.630982677029337
