user_id,book_id,rating,predict
18140,4262,5,3.352823721201785
18140,4501,3,3.970983899794285
