user_id,book_id,rating,predict
18178,4133,3,3.8576719381580826
18178,4831,4,3.9113621624241146
18178,5174,3,3.747119957451352
18178,6134,3,3.7992022852206118
18178,6231,4,3.8852964147067635
18178,6714,5,3.929459684383863
18178,6831,4,3.9011029514261026
18178,6962,4,3.944924243596204
18178,7094,3,3.870074849017697
18178,7305,3,3.983892403188717
18178,7456,3,3.99002546051813
18178,7851,3,3.9464456805721086
18178,8407,4,3.9360866201547426
18178,8434,3,3.879981038606147
