user_id,book_id,rating,predict
18554,4411,3,3.365480366359498
18554,5154,4,3.9348899614836284
18554,5336,3,3.907156084216272
