user_id,book_id,rating,predict
18639,2984,3,5.149289942648362
18639,3350,4,4.888645275810925
18639,4644,3,4.363631769749656
18639,5288,4,5.055947694269869
18639,6396,3,4.879695888360718
18639,7325,4,4.27476147372742
18639,7927,4,4.669876095569405
18639,9643,4,5.0228744429360574
18639,9877,4,4.028775055664497
