user_id,book_id,rating,predict
19022,3930,1,6.795225190874855
19022,4902,4,3.987420684240828
19022,7553,2,2.897314372863849
19022,7640,4,2.886045569914712
19022,7923,4,2.921008543274292
19022,7946,3,2.9565789175280113
