user_id,book_id,rating,predict
19039,4884,5,5.1028538108134605
19039,6871,4,4.924106558414059
19039,7058,5,4.823346197266654
19039,7631,5,4.951276426117588
19039,8351,1,5.049212116029298
19039,8648,5,5.292092081555546
19039,8897,5,5.045725310379691
19039,9125,5,4.953478587609571
