user_id,book_id,rating,predict
19045,7750,4,3.9911517488052697
19045,8888,4,2.4820894686057273
19045,9270,4,3.8429950484358804
