user_id,book_id,rating,predict
19063,5944,4,3.4024279009488474
19063,6862,5,5.635759438922654
19063,6865,3,3.2479057026124005
