user_id,book_id,rating,predict
1914,4015,5,3.540932903624373
1914,4147,5,3.477090840771274
1914,5482,4,3.3567572353534985
1914,5935,5,3.447620064884828
1914,6304,3,3.146016270559134
1914,6519,4,3.40857592969506
1914,7031,3,3.361212097158194
1914,7331,5,3.8012079685259614
1914,7399,3,3.269201338536288
1914,7570,3,3.225560595706356
1914,8830,3,3.681368851556467
1914,9000,3,3.6778000551436474
1914,9068,3,3.6661769723777646
