user_id,book_id,rating,predict
19158,1324,5,5.17753866768781
19158,1456,5,5.178553367436074
19158,1515,5,5.377579273433231
19158,1626,5,5.17641924693129
19158,1635,4,5.099504263727231
19158,1734,5,5.2942056435957
19158,1760,5,5.218357711501059
19158,1761,3,4.991028021242572
19158,6057,4,4.682664646896421
19158,6274,5,4.602645163480668
19158,7792,5,4.66527716787245
19158,7827,5,4.548703380659492
19158,8867,5,4.702436138299108
19158,9490,5,4.706734523939433
19158,9624,5,4.47608422069726
19158,9834,5,4.369289394041448
