user_id,book_id,rating,predict
19175,5281,4,3.6020066115622607
19175,5856,4,4.016929102137038
19175,6026,4,4.065823681624065
19175,6111,3,4.029333424240107
19175,6332,3,3.6588997334390303
19175,7475,3,5.148915869461517
19175,7488,4,3.9026790355203493
