user_id,book_id,rating,predict
19222,4004,3,2.783264970610622
19222,4597,3,2.455019101816053
