user_id,book_id,rating,predict
19295,4287,3,3.8442855455278018
19295,4677,3,3.5297036531722865
19295,5142,3,3.6366421810278586
19295,6410,2,2.780664722564485
