user_id,book_id,rating,predict
1931,4880,4,-3.7307336300618656
1931,7575,5,4.979730870540463
1931,8007,3,1.4131798111658842
