user_id,book_id,rating,predict
19376,6271,3,3.594899376202922
19376,6468,4,3.7708150748501437
