user_id,book_id,rating,predict
19438,2310,5,5.067967998523408
19438,5016,4,4.88759441191037
19438,5845,5,5.265383085718291
19438,7887,4,5.044148007035531
19438,7943,5,4.888376655670341
19438,8352,5,5.045412093215093
