user_id,book_id,rating,predict
19542,8462,4,4.5345763416224285
19542,8720,5,4.920310084975998
