user_id,book_id,rating,predict
19960,5724,5,4.553202795425675
19960,6214,4,5.889285111992873
19960,7658,4,3.282266474820628
