user_id,book_id,rating,predict
20095,5647,5,2.70844701481552
20095,6198,3,2.481467748866227
20095,7043,2,2.4310354211360057
