user_id,book_id,rating,predict
20090,532,4,4.3583231929096495
20090,735,4,4.242069019790284
20090,753,4,4.236472426078798
20090,1029,4,4.459781299332747
20090,1077,4,4.106087259286407
20090,1315,4,3.8847625592114534
20090,1623,4,4.024714853146726
20090,1950,4,3.844167174087598
20090,3191,4,4.05342105875085
20090,3436,4,3.8217379334995707
20090,3825,4,3.796857882671928
20090,5202,4,3.775935401908818
20090,5484,3,3.464114078832625
20090,5849,3,3.890539461517584
20090,6419,4,3.521586657290327
20090,6568,3,3.481891861278596
20090,6776,4,3.953682508799284
20090,6817,5,3.2778800364710077
20090,8020,4,3.3990020051541725
20090,8234,3,3.5566701842850135
20090,8420,4,3.798736217375486
20090,8826,4,3.807316817639515
20090,9458,4,3.810813933242035
