user_id,book_id,rating,predict
20108,5976,4,4.0064482209817
20108,6297,2,4.41037260751189
20108,6364,3,4.034565248242087
20108,6720,4,4.0932811575929815
20108,7648,5,3.4321864020944264
20108,7649,4,3.4335761338608273
20108,7931,4,3.9970494685316655
20108,8077,4,4.004880662637081
20108,8452,4,3.4460703500104524
