user_id,book_id,rating,predict
20133,5571,5,5.435213356082076
20133,6978,5,4.4417931171762675
