user_id,book_id,rating,predict
20172,1822,3,-3.464647544491478
20172,2460,3,4.224455898929579
20172,3110,3,4.602484550582069
20172,3225,4,5.02215058874158
