user_id,book_id,rating,predict
20199,8695,5,2.1373539705947753
20199,8941,3,2.136046097281153
