user_id,book_id,rating,predict
2032,4475,5,3.9161078696100087
2032,5244,4,3.9683230090996915
2032,5730,5,2.9906293757683504
2032,6354,4,3.979169985250033
