user_id,book_id,rating,predict
20812,6879,4,3.2375212708117975
20812,7380,4,3.932976026555396
