user_id,book_id,rating,predict
20893,2638,5,4.316461759142872
20893,3448,3,4.282149820047327
20893,3694,5,3.867908358155252
