user_id,book_id,rating,predict
20923,655,2,0.11445155411450658
20923,685,3,2.232517478639579
20923,897,2,3.6581747822506108
20923,1050,2,2.8605622747092143
20923,1298,3,3.2380501199490923
20923,1399,3,3.5184284519970386
20923,1437,3,3.396493172445677
20923,1531,4,3.14928410206762
20923,1591,4,3.287201721724342
20923,1881,2,3.4262171011267744
20923,1917,3,1.7845066909182408
20923,2066,4,3.445113163772407
20923,2187,3,3.187740645293645
20923,2211,3,2.930552802928551
20923,8197,3,2.8590384474461965
20923,9552,2,2.4502720942964724
20923,9585,3,2.9028014168087735
