user_id,book_id,rating,predict
21068,750,4,4.18717116167941
21068,842,4,3.6220797149458317
21068,945,3,3.7419285940695612
21068,1097,3,3.149684905735276
21068,1625,4,3.027527051546174
21068,3783,3,2.4698156875278214
21068,6136,4,2.2065295724379856
21068,7358,4,2.429833074330161
21068,8459,4,2.753798292406787
21068,9062,3,2.584124550490593
21068,9980,4,2.626869228352122
