user_id,book_id,rating,predict
21082,4501,4,4.32647788477454
21082,4796,5,3.9865279156940248
21082,5964,3,3.6741195612651825
21082,6194,4,3.8936631805980766
21082,6240,4,3.8768895059054422
21082,6351,4,3.276666920407498
21082,6593,4,3.5740521790543767
21082,6883,4,3.6377816162463947
