user_id,book_id,rating,predict
21131,965,5,2.730857143560871
21131,1542,4,2.858796932825759
21131,3708,3,3.3061687063218184
21131,4225,4,3.378551839201421
21131,4388,4,3.2811664205688107
21131,5584,3,3.16736479043102
21131,5660,5,3.6786272796227095
21131,6047,4,3.625292014742553
21131,6301,4,3.464798871017833
21131,6506,4,3.152311676944007
21131,7018,4,3.3450908535771005
21131,7560,5,3.9160946273010304
21131,8365,4,3.3249191433280028
21131,9925,4,3.3312148059829054
