user_id,book_id,rating,predict
21227,5765,3,4.015080839000704
21227,8416,4,4.25699415365837
21227,8656,4,4.134804047901656
21227,9834,5,3.9048075109467604
