user_id,book_id,rating,predict
21238,2318,4,3.430239549084026
21238,3119,4,3.468114796332804
21238,3847,4,3.548451724342838
21238,4133,3,3.256747589928721
21238,5174,3,3.213747096206116
21238,5472,3,4.038580328922905
21238,6132,2,3.0965773533985486
21238,6304,4,3.4009356830628232
21238,7241,3,2.647178605503406
21238,7331,3,3.070515664442009
21238,7570,3,3.2938877651127125
21238,8339,3,3.6596626710107643
