user_id,book_id,rating,predict
21255,4262,5,4.944973102642254
21255,7839,5,4.977015996137187
