user_id,book_id,rating,predict
21326,4054,5,4.017118956779569
21326,4545,3,4.055694359039493
21326,5787,2,2.693062777798732
21326,5809,4,3.8339285621331514
21326,6712,2,4.072072878496312
