user_id,book_id,rating,predict
21604,3895,3,5.021973259922675
21604,5965,5,5.127248923832985
21604,6263,5,4.932784690112709
21604,6735,5,4.953875878891112
