user_id,book_id,rating,predict
21808,4071,3,2.8517883516173286
21808,5733,4,2.927395613563386
21808,6249,4,3.7864479726982267
21808,6880,4,3.7350653985654234
21808,7521,4,3.2037569624586104
21808,7622,4,3.296334362362991
21808,7869,3,3.12057799819893
21808,8011,4,3.8788316551453326
