user_id,book_id,rating,predict
21887,1456,4,3.659804752275472
21887,1611,4,3.9249346983987303
21887,1626,4,3.8550531447353213
21887,1674,3,2.6128014379432765
21887,1731,5,3.679200049874107
21887,1760,4,3.9509309337654726
21887,1905,4,4.056780811389667
21887,2118,4,3.6996287981577844
21887,7197,2,3.263573846471404
21887,8506,4,3.060157072443146
21887,8887,2,3.4962855643120134
21887,9622,3,3.008241230893383
