user_id,book_id,rating,predict
22,5575,3,3.899369183620087
22,6013,4,3.324959420228377
22,6555,4,3.5124427389077537
22,7614,3,3.1826493955095856
22,7630,5,3.907703297556937
22,8035,3,3.1085251464771155
