user_id,book_id,rating,predict
22115,203,1,1.914700599886752
22115,218,4,2.348292276823829
22115,334,3,3.475309165289593
22115,589,4,4.25256379160694
22115,644,2,4.103202299855077
22115,5566,4,3.9633845174057347
22115,5757,4,3.4716160575487587
22115,6102,4,4.070772963599748
22115,6703,5,4.565431453814308
22115,7503,5,3.085348985741689
22115,7786,4,3.8071958258652288
22115,7857,4,4.400129851096871
22115,7983,4,4.010646065219601
22115,8252,4,3.961658234227661
22115,8267,4,4.411520767421906
22115,8408,4,4.81626532168209
22115,8702,4,3.80931657250805
22115,9015,4,4.3684134153881615
