user_id,book_id,rating,predict
22330,2752,5,3.5346194354098968
22330,3674,4,4.745773365128894
22330,5640,5,4.881803223810249
22330,5869,5,4.050819535352893
22330,6293,1,5.051267739953916
22330,7615,5,4.877058167041266
22330,8525,2,4.508741228004114
22330,8613,4,5.073494350482436
22330,9065,4,4.3583048190769915
