user_id,book_id,rating,predict
22423,4663,5,3.072855211978749
22423,6000,5,3.9922278352607132
