user_id,book_id,rating,predict
22434,4960,4,5.243906583053187
22434,6852,3,3.2822968701787065
