user_id,book_id,rating,predict
22473,3810,4,3.8587935212678035
22473,5529,3,4.030936907510672
22473,6095,4,3.8802489078012448
