user_id,book_id,rating,predict
22718,6048,4,3.8875498905575587
22718,6075,4,4.201327406111518
22718,7112,4,3.910723542284699
22718,7576,4,3.8123722045438067
22718,7583,4,4.018234759663604
22718,7600,3,3.8826381066306825
22718,7786,3,3.921675312615279
22718,7983,4,4.03623519808364
22718,8050,4,3.930340687782471
22718,8267,4,4.1108433046704125
22718,8398,3,3.6020618756793956
22718,8408,5,4.381880499984065
22718,8702,4,3.9775314943238
22718,8770,4,4.055564073256528
22718,8820,5,4.154724638158397
22718,8851,5,4.107212371071961
22718,9015,4,4.078945113214645
22718,9128,4,3.9934486186394578
22718,9697,4,4.023899216556613
