user_id,book_id,rating,predict
22974,4845,3,0.05937842895264378
22974,9076,5,5.512882846496305
