user_id,book_id,rating,predict
23104,6592,3,3.1415676218364865
23104,7667,4,3.878977886790301
