user_id,book_id,rating,predict
23206,5064,3,0.9600989448023594
23206,6849,5,4.503303880864004
23206,7488,3,3.540106242835358
23206,7528,4,3.553966347973727
23206,7760,3,3.8797554019531573
