user_id,book_id,rating,predict
23203,3499,4,4.122108341083648
23203,4191,4,4.725634115448238
