user_id,book_id,rating,predict
23324,5708,4,3.2382529384761325
23324,6053,3,3.27280253377178
23324,6270,4,3.58941011716911
23324,6956,2,3.0198525692047644
