user_id,book_id,rating,predict
23404,5428,3,3.0947903028442454
23404,6013,3,3.0050197909540604
23404,7614,4,2.9912909518564197
23404,7987,5,3.9649928026654067
