user_id,book_id,rating,predict
23841,2557,4,4.37476209233023
23841,2681,4,3.7754074512709668
23841,3331,4,3.6427629539276816
23841,3591,4,4.086201856383722
23841,4677,3,3.7947884606699933
23841,4721,5,4.68934019366721
23841,4936,3,2.051825651051474
23841,4981,3,4.660824540932163
