user_id,book_id,rating,predict
23957,532,4,4.112761624019921
23957,1029,4,4.113835805367909
23957,1077,3,3.774108771072065
23957,6171,4,3.702042455624065
23957,6249,4,3.643516794544852
23957,7299,2,3.80477760864871
23957,7338,3,3.612250534306431
23957,7575,3,3.700413010848435
23957,7784,4,3.6420372610525296
23957,8234,3,3.719489031896399
23957,9037,5,3.8390768222705307
23957,9793,3,3.5667537346580818
