user_id,book_id,rating,predict
24047,4903,3,3.518822362069828
24047,5016,4,3.8893046588078812
24047,6263,3,4.0174856064882505
24047,6270,4,3.959271150284806
24047,6667,4,4.1073657016145715
24047,6671,4,4.093493617764002
24047,6722,5,4.986820357412859
24047,6747,4,3.8957097372152134
24047,6848,4,3.921619981090839
24047,6861,5,3.6451259023631803
