user_id,book_id,rating,predict
24062,1134,4,3.1501860280971505
24062,1143,2,2.46129866806168
24062,4450,3,3.2117810271697183
24062,4833,2,3.256133393976241
24062,5904,4,3.2503930863947854
24062,6098,3,3.1323842922182266
24062,7744,4,2.9799203901888984
24062,8731,3,3.4979926063020623
24062,9089,3,3.2960744505634403
24062,9426,2,3.308304949469465
