user_id,book_id,rating,predict
24238,6292,3,3.7446751529148647
24238,6372,4,3.9725715211214987
24238,6891,4,3.998932390409327
24238,7722,4,4.170439434215771
24238,7886,4,4.330649776356381
24238,7893,4,4.0898336432418
24238,8103,4,4.293872645158787
24238,8388,5,4.17237776074303
24238,8460,4,4.347410102907581
24238,8645,3,4.306625276072557
24238,8667,3,4.109304890242364
24238,8709,3,4.029988440387619
24238,8872,4,4.3724338811502035
24238,8909,5,4.047481104993717
24238,9047,3,4.2459424651062045
