user_id,book_id,rating,predict
24362,6555,4,2.9780432600958764
24362,8784,4,2.5065259055345326
