user_id,book_id,rating,predict
24452,4174,1,3.426786335500957
24452,4919,4,5.196913631205423
24452,6115,3,3.4474341755218525
24452,6289,3,3.5591354018657086
