user_id,book_id,rating,predict
24484,7908,4,2.1952474350631697
24484,8685,5,3.4285095794892193
24484,9207,4,2.9193766423749232
