user_id,book_id,rating,predict
24956,3471,5,4.445474602914312
24956,5959,4,4.178471070383471
24956,6040,4,4.468818162052448
24956,7229,3,3.893242857053892
24956,7358,3,4.126950584226214
