user_id,book_id,rating,predict
24968,573,2,1.7967186351466031
24968,683,2,3.2551925551362544
24968,1041,4,3.901526029547078
24968,1229,3,3.430840942083791
24968,1245,3,2.497766935913575
24968,1303,2,3.3633342926618344
24968,1407,3,2.904005372258171
24968,1582,4,4.151448186722771
24968,1666,4,3.1420733482594203
24968,3503,2,3.512146800589366
24968,5094,2,2.5725298864445767
24968,6708,4,4.033929591695519
24968,6931,4,3.4823055694250797
24968,7216,3,3.950885521433764
24968,9625,4,3.792511123108905
