user_id,book_id,rating,predict
25118,2896,3,3.7298565828601413
25118,6862,4,4.027997127188029
