user_id,book_id,rating,predict
25251,4144,5,4.627762281898489
25251,5981,4,4.0054170088189585
