user_id,book_id,rating,predict
25256,3864,2,4.368255577415977
25256,6117,4,4.005820092024752
25256,6660,3,3.758392233777156
25256,8505,4,2.394272705035803
25256,8644,4,3.21627761693434
25256,8691,4,4.005228143986107
25256,8985,4,3.7841376303512004
25256,9057,3,3.331967659436667
