user_id,book_id,rating,predict
25301,3270,5,3.908011606042383
25301,6802,4,4.053884125343887
