user_id,book_id,rating,predict
2532,5043,3,3.4513057489938244
2532,5449,5,3.4058559286774956
2532,5624,4,3.6824621407812415
2532,6802,4,3.6929248789650595
2532,7126,4,3.7410371447966084
2532,8280,4,3.6840587763832526
