user_id,book_id,rating,predict
25379,324,3,3.3358345569533316
25379,348,5,3.6863263106746222
25379,382,4,4.0496690972656975
25379,517,1,4.155958865315837
25379,630,3,3.9521910009431136
25379,673,4,3.873809331568228
25379,811,4,3.7165879012541563
25379,874,5,3.816893278079632
25379,4545,3,3.856013671291418
25379,4663,3,3.959847862403869
25379,5023,2,3.585881415989631
25379,5852,3,3.8811735017545503
25379,5869,5,4.337126144275268
25379,6394,2,2.724270912175087
25379,6460,3,3.635606956227986
25379,6712,4,3.741152119225944
25379,6958,3,3.4876589317444444
25379,7482,3,3.5201280962735657
25379,7545,3,3.2029689199024745
25379,7640,4,3.9749067039805746
25379,7699,3,3.5235792667282837
25379,7953,3,3.6909921041637586
25379,8227,2,3.5102983800548033
25379,9306,5,3.6630136408088316
25379,9477,3,3.6041017087213065
25379,9744,3,3.442668856371366
25379,9752,4,3.1658772623429425
