user_id,book_id,rating,predict
25517,6599,3,1.5381548691980256
25517,7237,4,1.393048170041876
