user_id,book_id,rating,predict
25666,6820,3,3.1253362273761023
25666,6887,4,3.136284943267105
25666,7817,4,3.561087226668657
