user_id,book_id,rating,predict
2575,1041,4,5.16385475320383
2575,1175,4,3.960339996107418
2575,1193,5,3.7776402628515164
2575,1611,4,3.223444875752971
2575,1616,5,3.657552518012491
2575,1718,3,3.813717215216371
2575,2054,3,3.4801844212432576
2575,5440,4,3.2786044400909686
2575,5490,3,3.240050064754106
2575,7409,5,4.253508503642735
2575,8928,3,3.3188129354253806
2575,9927,4,3.2835353557307707
