user_id,book_id,rating,predict
25783,7575,5,4.645120770842191
25783,7647,3,4.14741262019418
25783,8166,4,1.6015930474873565
