user_id,book_id,rating,predict
25921,1982,5,5.493764503151798
25921,2140,4,4.418870287995372
25921,2187,3,4.822500283105592
25921,3142,4,3.9774298354149225
25921,5714,5,3.964962058516269
25921,8157,2,4.411434051891338
25921,8688,4,4.247831946300822
25921,9034,5,4.058441444975364
25921,9037,5,3.9182044008138286
25921,9658,5,3.945731725931397
