user_id,book_id,rating,predict
25976,1934,4,3.467886424183023
25976,2602,4,4.441799706611059
25976,2829,3,3.3557888304565333
25976,6840,4,4.3415114661905205
25976,7630,5,5.016951181841614
25976,7767,5,5.313165985040928
