user_id,book_id,rating,predict
26213,2635,2,5.229618656153121
26213,4497,5,4.197232033560243
