user_id,book_id,rating,predict
26292,5255,5,3.2467749238366808
26292,5369,5,4.5476164503853
