user_id,book_id,rating,predict
26341,3104,4,4.261198242481408
26341,4945,3,3.3889531419591687
26341,7432,4,4.195989854203877
26341,7852,4,3.1786897493070017
