user_id,book_id,rating,predict
26358,622,3,4.132685009332258
26358,683,4,4.10588238726592
26358,716,4,3.9295705400124237
26358,821,4,3.936127920557041
26358,1098,3,4.076197403965914
26358,1197,5,4.345284855168184
26358,1532,5,3.90551769253706
26358,1804,4,3.8335489545797725
26358,1842,3,4.167449951170146
26358,1899,4,4.003320283755742
26358,2186,4,4.361782093288366
26358,2252,4,4.1687625411249885
26358,2281,5,4.060268113643788
26358,2433,3,3.9569047747111434
26358,2457,5,4.312849848951903
26358,7131,3,4.26784215310541
