user_id,book_id,rating,predict
26455,4628,1,1.8866790689557378
26455,6359,4,2.6937674087289913
26455,7147,5,3.2835378391483157
26455,7305,5,4.547001400519023
