user_id,book_id,rating,predict
26557,5336,3,3.9890172387621696
26557,5424,5,3.8969463577945542
