user_id,book_id,rating,predict
26574,3438,1,4.308516992263578
26574,7937,2,3.9984836921846516
