user_id,book_id,rating,predict
26578,2928,4,4.231759611992844
26578,3447,5,4.951732741928603
26578,5922,5,5.254726670061077
26578,6993,5,5.182039844643125
26578,7023,5,4.451827644281593
26578,7433,5,4.585084004826104
