user_id,book_id,rating,predict
2681,3385,4,3.6636689646515013
2681,3421,5,3.3974237950402957
2681,6317,5,3.4825457288395705
2681,6564,4,3.300883868149235
