user_id,book_id,rating,predict
26901,3694,2,5.227686347325186
26901,5391,5,4.151508326834138
26901,6394,4,3.7128099985511502
26901,6872,5,4.987378540005271
