user_id,book_id,rating,predict
26929,7146,3,3.113561530076562
26929,7615,4,3.274174488685951
26929,7794,3,3.0958423655512104
