user_id,book_id,rating,predict
26932,5070,3,4.016338979065991
26932,6518,3,3.7058151877638563
26932,7339,3,3.5429273998993542
26932,7592,3,3.79764910295134
