user_id,book_id,rating,predict
27069,5824,4,3.6595120211196113
27069,6560,3,3.6739570553199536
27069,7051,4,3.5597870000201297
