user_id,book_id,rating,predict
27132,1756,5,3.075852568505786
27132,4117,4,3.2370741556084535
27132,4823,3,3.4575804481833066
