user_id,book_id,rating,predict
27186,4826,4,3.1447679959084214
27186,6630,5,2.844173329278405
