user_id,book_id,rating,predict
27222,2442,4,2.743176935081344
27222,5495,3,3.919905918995656
27222,5610,4,3.581714771949293
