user_id,book_id,rating,predict
2723,5881,5,4.583627711370285
2723,6653,4,4.580868391316478
2723,6891,3,4.775992051622154
2723,8169,4,4.006383533700789
2723,8654,3,3.9809520902909767
2723,9588,5,3.9567465584988426
