user_id,book_id,rating,predict
27337,5854,2,3.206434087119244
27337,6081,2,2.7404022676252344
27337,6631,3,3.7166782168048416
27337,6815,3,2.976069515631893
27337,7802,5,3.2327657387575632
27337,7901,4,3.336163691482141
27337,8462,4,3.216857532298388
27337,8657,2,3.26037329309563
27337,8780,2,3.4940355747626275
27337,8977,4,3.6509304331887735
27337,9273,3,3.2928959682674424
27337,9880,1,3.7077616939790254
