user_id,book_id,rating,predict
27501,630,4,2.767922075834462
27501,4398,2,3.3687553442919005
27501,6884,4,3.8712721131407983
27501,7233,3,2.800918392287063
27501,7964,3,4.318121435002379
27501,8313,3,2.8779328279288263
27501,8724,3,4.435600846023226
27501,8843,4,3.1772734658147246
27501,8976,4,3.658660482494427
27501,9791,3,4.532529719246167
