user_id,book_id,rating,predict
27588,6117,4,3.2467074593382246
27588,6592,4,3.132164171304
27588,7410,4,3.7361475487840137
27588,7492,4,3.602789018148883
27588,7637,3,4.487534350631557
27588,7761,4,3.6208127227793465
