user_id,book_id,rating,predict
27644,6471,4,3.6302811361660794
27644,6748,3,3.687357176344589
27644,6940,3,3.502177642468728
