user_id,book_id,rating,predict
27656,2654,4,4.168245674943096
27656,5075,4,4.019364850035542
27656,6691,2,3.0824766938738675
27656,6738,3,3.902380967188152
27656,8755,3,3.7678078640673016
27656,9133,4,3.917501238947927
27656,9257,3,4.1181006080256735
27656,9480,4,3.9103458238995366
27656,9525,4,3.826828287663936
27656,9609,4,3.914956740583749
