user_id,book_id,rating,predict
27772,1415,5,5.958045688031682
27772,3305,4,4.67556430685755
27772,3335,5,3.493353078916785
27772,3413,5,4.512248960121175
27772,4748,5,3.9718024247255017
