user_id,book_id,rating,predict
27844,6303,4,4.447999645061591
27844,7185,5,4.521724402176686
27844,7413,5,4.7427332024718565
27844,7835,5,4.650426170749939
27844,7903,4,4.604446308794057
