user_id,book_id,rating,predict
27916,2439,4,3.5440221752874503
27916,5524,5,4.123797962055917
27916,6592,5,3.08702137411815
27916,6887,5,4.47557035658955
27916,7561,3,4.311044062061225
