user_id,book_id,rating,predict
27971,4370,3,2.7871429137443826
27971,5395,3,1.9252112499884508
27971,6577,2,3.091495103057184
27971,6907,2,2.8744021779237863
27971,8237,3,3.3051916474113727
