user_id,book_id,rating,predict
28009,5952,3,4.138532478815102
28009,6352,4,4.97475891111303
28009,6458,3,4.453149485236783
28009,7065,4,3.9504342415945604
28009,7289,4,3.7623997290564977
28009,8254,4,3.828887847478654
28009,8994,4,3.88377571746166
28009,9346,4,4.153757098590347
28009,9492,4,3.8330437852541257
