user_id,book_id,rating,predict
28048,4451,4,3.9292384540380954
28048,4734,5,3.9778537937783276
28048,5054,3,3.7334643554000797
28048,5610,3,4.790419581957085
28048,7478,5,3.739150699656088
