user_id,book_id,rating,predict
28064,7671,5,4.753751255455448
28064,7893,5,4.570986096637996
