user_id,book_id,rating,predict
28081,2217,5,4.787441989448109
28081,3602,5,4.362261147166343
28081,4189,4,4.445560302089297
28081,4624,5,4.43036321324035
28081,5102,5,4.136933031663624
28081,5643,5,5.104715329544435
28081,5682,5,5.451160255181014
28081,5769,5,4.585179223413077
28081,6218,4,4.807530473580234
28081,6469,3,4.716924246815783
28081,8083,5,5.211280802393544
28081,8088,3,4.102553734383574
28081,9860,4,4.388211164293235
