user_id,book_id,rating,predict
28142,5983,5,4.510715456701317
28142,6240,3,4.282287648837269
28142,6524,5,5.372786286285379
