user_id,book_id,rating,predict
28241,1756,5,4.786722391897868
28241,1778,3,4.470002271561555
28241,2191,5,4.57193694742428
28241,3041,3,9.567912542680451
28241,3572,4,4.429199325848849
