user_id,book_id,rating,predict
28262,5375,3,3.541967226391955
28262,7650,5,3.227154752107123
