user_id,book_id,rating,predict
28491,676,3,3.90660140579965
28491,5355,2,2.4441460735153004
28491,5397,4,3.341244534797834
28491,5427,4,3.575322872622276
28491,5525,4,3.269682306478895
28491,5656,4,4.339661821775009
28491,7744,4,4.422342125802407
28491,8090,4,3.8139603208896204
