user_id,book_id,rating,predict
28533,4205,3,4.11558913014952
28533,7756,2,3.4957966689310456
28533,7913,3,3.817325463923733
