user_id,book_id,rating,predict
28597,5592,3,3.211822209269621
28597,6491,3,3.7873778116882266
28597,7874,3,3.2470825354329094
28597,7980,2,1.9984729525456328
28597,8679,4,3.0436794889381553
28597,8813,2,2.8413156661136982
