user_id,book_id,rating,predict
28687,3009,2,3.3388834273293426
28687,5246,1,4.8077945540896
28687,6127,3,3.8558304897454616
28687,6849,5,5.226338586474796
