user_id,book_id,rating,predict
28699,4011,1,4.047048690792017
28699,4399,3,2.6172713263118905
28699,4674,4,4.160415452346364
28699,5828,2,4.0402908766956145
28699,6206,2,3.2420771775148625
