user_id,book_id,rating,predict
28800,2511,4,4.534397611040719
28800,2902,5,3.960337885954484
28800,3211,5,4.240208543086452
28800,3503,5,4.275603612216478
28800,4693,4,4.729965204216731
28800,5318,5,3.386365157237793
28800,5572,4,4.519351499546072
28800,5740,5,4.93152976380952
28800,6506,5,4.616995588363694
28800,6658,2,3.706190293253532
28800,7684,5,4.113046647625024
