user_id,book_id,rating,predict
28898,4707,4,3.3465038156991023
28898,4748,3,3.3578763151967066
28898,5318,4,2.873232339952523
28898,5675,4,3.4756370017606923
28898,6712,4,3.3826867846718964
28898,6740,5,3.5739463039098385
