user_id,book_id,rating,predict
28945,448,1,2.9087108284342316
28945,505,1,2.5783772636833806
28945,573,1,2.458748270737127
28945,881,5,3.6894597275672187
28945,973,5,2.6778575056970677
28945,1025,5,3.6338898243537745
28945,1060,4,3.743560864083033
28945,1102,4,3.6817775142907774
28945,1168,4,3.7267245204053956
28945,1310,5,3.6611902415254662
28945,1330,3,3.757292793449653
28945,1384,5,3.85345087359478
28945,1438,4,3.748271526007789
28945,1449,5,3.599914521008269
28945,1460,5,3.685094104093333
28945,1492,5,4.265113659854676
28945,2681,3,3.8758025389213167
28945,4663,4,4.3639858879692826
28945,4721,4,4.038761446970959
28945,4861,4,4.167901920178268
28945,6746,5,4.255928290615568
28945,7686,2,4.355453928760082
28945,8290,4,4.23702259954524
28945,8463,4,4.447017374440849
28945,9456,4,4.275650275370892
28945,9482,3,4.43104457843845
