user_id,book_id,rating,predict
29222,6058,4,4.0000887420786775
29222,7069,4,4.000099095209093
29222,8056,4,4.999759772472122
