user_id,book_id,rating,predict
29467,5743,4,2.910493374259372
29467,6912,2,2.6067988457427482
29467,7984,4,2.4959756896265874
