user_id,book_id,rating,predict
29564,3831,3,3.030844215933279
29564,5226,5,3.612126343966977
29564,5701,4,4.378386322875414
