user_id,book_id,rating,predict
29713,3624,3,3.9004334111783954
29713,4207,3,3.7952849958071226
29713,4831,4,5.187455580032183
29713,5380,2,3.401543282081843
29713,5452,4,3.3626775798370874
29713,5959,2,4.138423220202602
29713,6010,4,2.8335236086332416
29713,7188,2,3.7148356287380944
29713,7363,2,3.9778597404504143
29713,7502,5,4.369238325350822
