user_id,book_id,rating,predict
29724,2894,5,3.7788380503377823
29724,4203,4,5.068931117350019
