user_id,book_id,rating,predict
29743,3701,2,3.4680713391828006
29743,4143,4,3.9698340432003034
29743,4655,2,3.4116023986423483
29743,5602,2,2.848506791127457
29743,5856,3,3.6301596867287333
29743,5902,4,3.8218174941113228
