user_id,book_id,rating,predict
29745,1372,4,4.040974835848148
29745,1647,5,3.93670917545667
29745,1787,3,3.9580520621225967
29745,2033,5,3.9197913633646673
29745,2292,3,4.067398800371191
29745,2588,5,3.7859370732996696
29745,3093,4,3.9112785084423503
29745,3251,3,3.5955869394602984
29745,3538,4,3.547191760128941
