user_id,book_id,rating,predict
29809,5021,4,4.7635567228584765
29809,6091,3,3.980554512431202
29809,6208,4,4.652285861262546
29809,6930,5,4.66466136284497
29809,7203,5,4.615391784962216
29809,7617,3,3.777165459083318
29809,7903,5,4.629475836243773
29809,8058,5,4.5913141492323595
