user_id,book_id,rating,predict
29837,5054,5,4.663133111612381
29837,8348,3,3.011886197863028
29837,9054,3,4.58474302557448
29837,9614,3,3.0842426004923706
