user_id,book_id,rating,predict
29911,7444,4,2.8261985471408666
29911,7606,4,5.025439758818937
29911,8815,3,2.6915597456914813
