user_id,book_id,rating,predict
30065,4596,2,3.3109211954315247
30065,6956,3,2.442785380709806
30065,6972,3,2.1020166411732655
30065,7188,2,2.7172861174870993
30065,7423,3,3.18300589926405
30065,7927,3,2.5109405239951617
