user_id,book_id,rating,predict
30079,3486,3,2.901616083345125
30079,4073,3,3.47621841143916
30079,5112,3,3.478772727104104
30079,5266,3,3.1965395663376657
30079,5608,3,3.2083870340285747
30079,5803,3,3.1892839568222597
30079,5970,4,3.3583096862896977
30079,6379,4,3.2525586038809293
30079,6531,2,3.2214321883147066
30079,6563,3,3.0246290162864478
30079,6658,3,2.755342192970452
30079,6667,3,3.3331592043957783
30079,7061,2,3.295290381502321
30079,7112,3,3.3667851065648136
30079,7576,3,3.2365148804840627
30079,7583,3,3.4620033002505735
30079,7697,2,3.337094306151191
30079,7744,3,3.14853493623398
