user_id,book_id,rating,predict
30253,4737,4,4.722749747376862
30253,6711,4,4.3799980167092025
30253,7125,5,4.638652308122795
