user_id,book_id,rating,predict
30411,1364,4,3.7623053417969765
30411,1555,2,3.116117718004917
30411,1586,4,3.6735773543754595
30411,1659,3,3.7220902140526095
30411,1725,4,3.742972174044165
30411,1771,4,3.423397939353481
30411,1940,5,3.2437791089191808
30411,2079,4,3.8651880816842716
30411,6310,4,4.281724693135852
30411,6405,4,4.109044921748295
30411,7650,3,3.2618435457550263
30411,9472,3,3.2124553323506175
