user_id,book_id,rating,predict
30751,4203,4,3.8353913075277575
30751,4625,3,3.9609608589035092
30751,5532,4,3.8637455869828212
30751,7915,4,3.9062813869993
