user_id,book_id,rating,predict
30847,6136,4,4.111724508171211
30847,6503,4,4.261407860568193
30847,7452,4,4.301695489761987
