user_id,book_id,rating,predict
30920,2191,3,4.262004884436678
30920,2572,4,4.055887090222061
30920,3840,4,3.9035255092711267
30920,3939,4,3.2064798728254353
30920,5364,4,4.779023059052885
30920,6031,4,3.9969391274706614
30920,6351,3,2.9262262915917456
