user_id,book_id,rating,predict
30988,4038,2,3.242498232381796
30988,5762,2,2.977381078845391
30988,5965,3,1.9011002101402636
30988,6221,3,3.093234945633622
30988,6504,3,2.8881862742307356
