user_id,book_id,rating,predict
31193,4591,1,3.871048058418425
31193,4760,3,3.8807549249817166
31193,5990,4,4.5569878139672655
