user_id,book_id,rating,predict
3121,4818,4,4.104464410126203
3121,7546,4,2.854675159722892
3121,7665,4,3.853254950718691
