user_id,book_id,rating,predict
31399,3890,4,4.9489808705094545
31399,4287,3,3.732062008386911
31399,4677,5,3.2978127003925337
31399,5234,5,3.75295391649337
