user_id,book_id,rating,predict
3153,5964,1,3.9217441655049363
3153,6094,5,5.272193184879456
