user_id,book_id,rating,predict
31565,5740,3,3.9915816974844622
31565,7684,4,3.0320250032816163
31565,8848,4,3.9889020589483297
