user_id,book_id,rating,predict
31571,4531,3,3.5737484305993914
31571,5418,3,3.391748457116556
31571,8124,2,2.6695285211779147
31571,8486,3,3.0452359731120358
31571,8691,4,3.6302628796177117
31571,9669,4,2.767891120075052
31571,9772,4,2.7186770536798903
