user_id,book_id,rating,predict
31694,2656,5,3.0812923606580407
31694,3506,3,2.9130060046169297
31694,3977,5,3.059101217592948
