user_id,book_id,rating,predict
31741,2511,1,2.181354992817032
31741,3139,3,2.8758996753509796
31741,3954,3,2.916597695827271
31741,4004,4,3.0886511322230485
31741,4104,3,3.2963575682993698
31741,4960,3,3.2493019498515503
31741,5765,4,3.1803153811495575
31741,6798,1,3.1800088369859933
31741,6966,3,3.550470606404555
