user_id,book_id,rating,predict
31905,4519,3,4.233556231602726
31905,6296,5,4.204130597093698
31905,6756,5,4.200811104225993
31905,6861,5,4.292895242907422
31905,7886,5,4.184533257617229
