user_id,book_id,rating,predict
31962,1793,2,5.345869683821797
31962,3409,3,4.17801808755633
31962,5525,4,4.533962737525506
31962,6200,3,4.5705174926542105
31962,6306,4,4.4915838969674855
