user_id,book_id,rating,predict
32070,2451,5,3.9443734107464077
32070,4079,5,4.155592549362253
32070,7386,5,4.578865880636869
32070,8010,3,3.878804047451447
32070,9707,5,4.74353338934125
