user_id,book_id,rating,predict
32104,5854,4,2.476169657457286
32104,7073,4,3.660983775562319
32104,8180,5,2.7725007308262724
