user_id,book_id,rating,predict
32358,4666,4,3.463091095736736
32358,9163,3,3.7497029495640386
