user_id,book_id,rating,predict
32469,1769,3,4.191575113552821
32469,1994,4,3.6774639331596743
32469,2656,2,2.9921738858188545
32469,5815,2,3.5025932765373144
32469,6522,3,3.396915160877197
32469,7202,4,3.300621752437723
32469,8657,3,3.3878386973641477
32469,8762,4,3.241420140558663
32469,9295,5,2.8406359066724005
