user_id,book_id,rating,predict
32557,1425,3,4.173343284909693
32557,2358,3,4.629931261866371
32557,2627,4,5.272848049785726
32557,6429,5,5.892596957054612
