user_id,book_id,rating,predict
32679,6890,3,3.9841238179485257
32679,7405,2,3.7221133770554777
