user_id,book_id,rating,predict
32773,299,4,4.825266932409494
32773,385,4,4.6866313032054014
32773,448,4,5.324792508925158
32773,537,4,4.797077213633644
32773,671,5,5.538363463412436
32773,719,5,4.842512413048883
32773,878,5,5.07997877780638
32773,1001,4,4.248305451357079
32773,1058,5,5.371422670582392
32773,1097,4,4.747405388677017
32773,1152,5,4.514473493541895
32773,1198,5,4.588534486274473
32773,1277,5,5.05640078276896
32773,1281,1,4.550453314934901
32773,1617,5,4.922943985739739
32773,1732,5,5.361536506485635
32773,1744,5,4.805864350314133
32773,1929,5,5.227407198120586
32773,2473,5,4.849913436521857
32773,3335,4,4.561113964562858
32773,3604,4,4.9101377783807685
32773,4558,5,5.232220317190595
32773,6545,5,4.922795858348927
32773,6799,2,4.664239375106964
32773,6945,5,5.06933852894433
32773,7884,5,4.925884338509192
32773,7977,5,5.21752846572199
32773,8528,5,4.821433137325668
32773,9399,5,5.004520363677169
32773,9419,4,4.640988669310367
