user_id,book_id,rating,predict
32783,7173,5,5.309721535588385
32783,7187,5,4.5784985783593
32783,7814,4,3.1592273475633488
32783,8127,5,2.9841326767965284
32783,8416,5,3.8441323789991464
32783,9111,4,3.590335549318945
