user_id,book_id,rating,predict
3288,3222,5,4.053710444142065
3288,4486,5,4.996768522007204
3288,6809,5,4.990846856856016
