user_id,book_id,rating,predict
32891,3012,4,3.122693480284922
32891,4834,3,3.3416288544536465
32891,6033,4,3.426724050348584
32891,6546,2,3.323760803459312
32891,6971,3,2.908805748266839
32891,7077,3,3.196936608515375
32891,7285,4,3.329698818012226
