user_id,book_id,rating,predict
32928,6072,5,4.421255214067795
32928,6676,5,4.27455876938474
32928,6740,5,3.908524694893058
