user_id,book_id,rating,predict
32940,4004,4,4.704463913517513
32940,4173,4,4.255944868237626
32940,4184,4,4.37152941991093
32940,6583,5,6.652652581653991
