user_id,book_id,rating,predict
32980,3328,4,3.00262900230691
32980,3347,4,3.3012601750220445
32980,4415,5,4.619059292669839
32980,5078,2,2.913297549001911
32980,5259,4,3.3879845739666363
32980,5645,3,3.625120787695151
32980,6649,3,3.7405204284744475
