user_id,book_id,rating,predict
33013,5140,3,4.301307994083397
33013,7560,4,4.05372328610545
