user_id,book_id,rating,predict
33038,1125,2,3.9021132042480873
33038,1793,3,2.5407900927928244
33038,2749,4,3.0095786999885554
33038,4518,5,3.179714859414994
33038,6278,5,2.5008933054779066
33038,6393,5,2.977333911343484
33038,6533,4,2.7125472148966745
33038,6975,3,2.7991072178953553
33038,7326,5,2.9281667061059014
33038,7459,5,2.249541404601824
33038,7695,3,2.9177439502005784
33038,7889,3,2.8392441276385028
33038,8015,4,2.905601223325169
