user_id,book_id,rating,predict
3313,6191,5,3.6380088886451807
3313,8654,3,3.62204176583222
