user_id,book_id,rating,predict
33154,4737,4,2.8630208663402485
33154,5426,4,2.5817865196167276
33154,5584,1,2.686210557854433
33154,5740,4,3.2199059613761305
33154,5904,2,2.8543776085803567
33154,6476,3,2.9875128053801188
