user_id,book_id,rating,predict
332,7440,4,3.645614556369364
332,8280,4,3.390049555308999
332,8681,4,3.8679295232814033
332,9036,3,3.2174238335172407
332,9213,3,3.391911884279841
