user_id,book_id,rating,predict
33300,5027,4,4.73440041577173
33300,5132,5,5.117399068879645
