user_id,book_id,rating,predict
33347,3831,5,5.093323383778872
33347,4707,3,5.033055242914336
33347,4894,3,4.717997436458343
