user_id,book_id,rating,predict
33364,1998,2,3.045386287564691
33364,3531,1,2.495619335320616
33364,3606,2,3.1480204804675394
33364,5427,4,3.7046598934551516
