user_id,book_id,rating,predict
33451,5245,5,5.042065746316538
33451,5635,3,4.550756968904194
33451,6224,5,4.3906258915621414
