user_id,book_id,rating,predict
33692,1352,5,4.84156026312184
33692,2400,5,4.841452053411874
33692,2476,5,5.004078575570012
33692,2696,5,4.901014975468192
33692,3899,5,5.119151173264344
33692,3900,5,5.049596999253199
33692,4484,5,4.94446758264707
33692,5291,4,4.787799979830881
33692,7216,5,4.998692193969467
33692,7247,4,5.057313433864423
