user_id,book_id,rating,predict
33752,7017,5,4.2250707926098645
33752,7099,4,3.591591106659877
33752,7248,5,4.727327936417808
33752,8194,4,3.4464180701340568
