user_id,book_id,rating,predict
33898,7855,3,4.0579011503801805
33898,8235,3,2.939054220087037
