user_id,book_id,rating,predict
34129,7559,5,4.9352189427882776
34129,8200,5,4.9184500098135
