user_id,book_id,rating,predict
34216,3785,4,4.680327726088458
34216,4059,4,4.693646712067864
34216,5471,4,3.836187992422231
34216,5786,5,3.9671760121944657
