user_id,book_id,rating,predict
34249,3719,5,3.508995419975639
34249,4441,4,2.2237961523649465
