user_id,book_id,rating,predict
34338,8265,3,3.6900205695661326
34338,8561,3,3.8358143531395905
