user_id,book_id,rating,predict
34384,2511,3,3.878186122207003
34384,4833,3,3.74723812528613
34384,4884,4,3.4226548066998013
34384,5543,3,3.3925868909235204
34384,5584,3,3.828459256402469
34384,6091,5,3.106119877044687
34384,6208,3,3.606284978040011
34384,6597,2,3.792569429249614
34384,6711,3,3.4678919771417127
34384,6843,3,3.2791710442916555
