user_id,book_id,rating,predict
3442,4824,3,2.780606734776497
3442,5334,2,2.490788113839256
3442,5474,3,2.040594971922059
3442,6603,3,2.672578225211931
3442,6677,2,3.0374529710065206
3442,7179,2,2.398059587231523
3442,7293,3,2.3742047625716767
3442,7378,4,3.0598673451552
3442,7509,2,2.3651754948337724
