user_id,book_id,rating,predict
34598,4569,5,4.121596689746776
34598,5272,4,4.0118487110964525
34598,5546,5,4.065537583593921
34598,6303,5,4.090286685021347
34598,7051,5,4.100944525555993
