user_id,book_id,rating,predict
34847,2928,2,3.074211578859201
34847,7827,5,2.847577054688215
