user_id,book_id,rating,predict
34867,5172,5,4.242619703258861
34867,5246,5,4.710971183897636
34867,5608,5,3.9331617978383915
34867,5821,5,4.743992635012333
34867,5904,5,4.016196118757872
34867,6205,5,4.953090545786259
34867,6464,4,4.671549455459242
