user_id,book_id,rating,predict
34928,4478,3,3.0608638955368166
34928,4908,5,2.892503570091562
34928,6598,3,3.4737123669267165
