user_id,book_id,rating,predict
35319,7339,4,3.1320031341085435
35319,7958,3,3.451731684335714
