user_id,book_id,rating,predict
35333,4740,5,3.586461255342437
35333,5054,5,3.907538224062869
35333,5070,5,3.5431204935375717
35333,5364,4,3.7955578644265415
35333,7207,3,4.0759368249894266
