user_id,book_id,rating,predict
3535,3831,5,3.960686140514612
3535,7534,4,4.0715470310366975
