user_id,book_id,rating,predict
35430,7199,4,4.794967984741294
35430,8255,4,6.090216354941729
