user_id,book_id,rating,predict
35531,2024,3,3.9121920115026994
35531,2290,4,4.481413132542509
35531,2328,3,3.981836093245012
35531,5632,5,5.042364786558167
35531,6189,4,4.093847069990516
35531,8880,4,3.988603800496787
35531,9225,4,3.920045117658058
35531,9537,4,4.119980179890843
