user_id,book_id,rating,predict
35579,776,3,3.20044359090663
35579,3813,5,4.553862357236314
35579,4834,5,3.23795019299144
35579,5202,3,3.764965876244144
35579,5935,3,3.8728308929389206
35579,5948,4,3.4209781901479475
