user_id,book_id,rating,predict
35850,1749,3,3.713101925869532
35850,4086,4,2.941872355503718
35850,4649,4,4.018770259640106
35850,5064,3,2.7446505685022253
35850,7665,3,2.9056117483051542
35850,8585,3,3.8305162401694957
35850,9417,4,3.523690212231236
35850,9542,4,3.2382708005956466
35850,9589,3,4.007246452604057
