user_id,book_id,rating,predict
35979,632,4,4.176553037031843
35979,946,1,3.041892863170076
35979,947,5,4.2537254379788525
35979,4648,3,3.5151404802023176
35979,5521,4,3.604739223278286
35979,5607,4,3.5139407885455523
35979,6141,5,4.051181510790457
35979,7062,2,3.6764628148242857
35979,7724,4,3.7083107590369795
35979,7932,4,3.5207198607461567
35979,8101,4,3.7353795430973915
35979,8197,5,3.350962005222657
35979,9082,3,3.201848735353978
