user_id,book_id,rating,predict
36097,4071,5,2.3241184060120545
36097,8168,4,3.5661360779212834
