user_id,book_id,rating,predict
36102,4404,3,2.9165568872491145
36102,6393,4,2.4609672894918053
