user_id,book_id,rating,predict
3630,4106,3,4.302905441680439
3630,4566,5,4.914197426045623
3630,6234,4,4.593105127443404
3630,6356,4,3.9101740729643097
3630,6497,5,4.340802593370406
