user_id,book_id,rating,predict
36483,7569,5,4.027366129653932
36483,8940,5,4.0119287551802305
