user_id,book_id,rating,predict
36489,6026,4,3.599175197998361
36489,6370,4,3.8151340682416386
36489,6522,4,3.5682547984630233
36489,6525,3,3.225218382047368
36489,6803,3,3.5274548757850424
36489,7202,4,3.52925544646193
