user_id,book_id,rating,predict
36608,1180,3,3.9949765372740194
36608,3587,2,3.6943746972955696
36608,4205,4,4.230817620645876
36608,4531,4,3.9689332476350825
36608,4706,5,3.9214320865876653
36608,4902,4,3.3336643656055713
36608,5108,4,3.283160173668506
36608,6285,4,3.1418363394778037
