user_id,book_id,rating,predict
367,3954,3,4.227852105676343
367,4015,3,4.192679293685379
367,4202,5,3.434403932039879
367,4969,5,3.5612762613128335
367,5054,3,3.5521417391880155
367,5241,3,3.252741877320635
