user_id,book_id,rating,predict
36710,3885,5,5.1553608970805165
36710,4395,4,3.919198205105613
36710,4692,4,4.016552558987545
36710,4706,4,4.017352990441896
36710,6032,5,5.120846621123742
36710,6328,4,4.376040329165632
36710,6358,2,4.477732260801035
36710,6737,3,3.339875662352649
36710,7329,4,3.462273506479624
36710,7359,2,3.4292201168459644
36710,7382,4,4.87968798839178
36710,8122,4,4.6483014070741175
