user_id,book_id,rating,predict
3672,1277,1,2.8320248510748254
3672,3911,3,3.0473253875578736
3672,4477,4,3.9528545556635732
3672,6156,3,3.721956023808738
3672,6202,4,3.8637387510314447
3672,6485,4,3.9761697786040306
3672,7563,4,3.91536586954749
3672,8891,3,4.165417747570953
