user_id,book_id,rating,predict
36806,3719,4,4.970255204350825
36806,4477,5,4.116003181906666
36806,5116,4,4.166352229599503
