user_id,book_id,rating,predict
36916,1652,5,3.9660589177663947
36916,2319,5,3.8001504466144507
36916,5406,4,3.93867885496324
36916,5585,5,4.208106285012856
36916,6051,5,5.323734080360055
36916,7745,5,3.249080715476211
36916,9898,3,3.1062506712862445
