user_id,book_id,rating,predict
36946,1904,5,3.8748014615405193
36946,3828,4,3.8730259068930804
36946,4486,5,4.114013468289282
36946,5249,3,4.052157739231593
36946,5901,3,4.307973645918557
36946,6058,4,4.113438120411348
36946,6614,4,4.200276217351586
36946,7069,3,4.105292665061844
36946,7300,5,4.404200896851306
36946,7584,5,4.123234152120476
36946,7900,5,4.153625351783394
36946,8716,4,4.174766915868119
