user_id,book_id,rating,predict
36975,4477,3,4.182627676359193
36975,4826,5,3.3821323976307043
36975,5806,3,4.292086451189208
36975,5882,4,3.8155097968892315
36975,6170,3,4.599153149684408
