user_id,book_id,rating,predict
37382,909,5,5.9846027761229434
37382,1027,5,6.226064297534598
37382,1359,5,5.837403642943454
37382,5442,4,5.036997343823117
37382,6010,4,3.4737916097085755
37382,6278,4,4.0367211019049805
37382,8265,4,4.545267516836508
37382,9644,4,4.42632938210564
