user_id,book_id,rating,predict
3747,6467,3,3.3932501625828193
3747,7868,2,4.767940081445051
