user_id,book_id,rating,predict
37565,5902,4,3.8824555389072257
37565,6269,3,3.3187400622277967
37565,6689,3,3.251552684462819
37565,7064,3,2.9890467093464057
37565,7533,3,3.6646892451522564
37565,7536,3,3.4046698355353615
