user_id,book_id,rating,predict
37574,2146,4,4.206311783940413
37574,3726,5,4.220667335882981
37574,5087,4,3.6843305459282574
37574,5868,5,3.8476468267197976
37574,6537,4,5.0854211931477495
37574,6707,4,4.219007826418244
37574,7166,4,4.000815314300531
37574,7400,4,3.9847953476920894
37574,7482,4,4.217943251045301
