user_id,book_id,rating,predict
37680,4746,1,4.252213711564197
37680,5012,4,3.504074463358358
37680,5596,4,4.1182443993671916
37680,6232,4,3.480244473903046
37680,6446,4,3.6559620703892013
37680,7233,5,3.8383340855146546
37680,7529,3,3.3105862281040537
37680,7783,1,3.632733717990203
37680,8115,4,3.4977560978721574
