user_id,book_id,rating,predict
37830,4372,5,3.1182773618648225
37830,4831,5,4.013902153828118
37830,5108,3,4.3017251297370045
37830,5645,4,4.177248599945646
37830,5900,4,4.181253101505598
37830,6730,3,4.124354076868794
