user_id,book_id,rating,predict
37902,4262,3,4.232494528660343
37902,4366,5,4.012027285639902
37902,4518,4,4.010065869237518
