user_id,book_id,rating,predict
3798,2902,4,4.056459007517942
3798,5318,4,4.28211504816041
3798,6688,5,4.2018017338516795
