user_id,book_id,rating,predict
38078,7701,1,1.694474370835608
38078,8233,5,4.7038687408339035
