user_id,book_id,rating,predict
38597,1100,4,5.083641816298912
38597,4035,5,4.227732828300192
38597,4169,5,3.714912066977554
38597,4389,5,4.161103166489322
38597,5745,5,4.145064955802154
38597,6875,3,3.8596682854665074
38597,6971,5,3.9499616668925417
38597,7978,4,4.355837592655224
38597,8186,4,3.909734069136926
38597,8324,4,3.8222326424173474
38597,8464,4,4.040838222722318
