user_id,book_id,rating,predict
38864,4903,3,3.3286857477218073
38864,6015,3,3.344485056154956
38864,6091,5,4.9608917884242505
38864,6141,5,4.245027220757978
38864,6356,4,4.126987584419363
38864,6497,4,3.693801155814029
