user_id,book_id,rating,predict
38924,3895,3,3.2096431560980854
38924,5362,4,4.504182899624112
38924,5585,5,4.4704752661330796
38924,6421,4,4.485123086947795
38924,6522,4,3.8881348356126906
38924,6680,5,3.9363391635058465
