user_id,book_id,rating,predict
3893,985,5,4.859342287226362
3893,1041,5,5.042198840379124
3893,1106,5,5.293219101977901
3893,1213,5,3.939896218448463
3893,1349,5,4.945351152499324
3893,1432,5,4.597871780772844
3893,1998,5,4.5682659560303955
3893,7611,5,5.074964791096215
3893,7838,5,4.952189724634149
3893,7994,5,4.505705949387842
3893,8174,5,5.117045059088832
3893,9698,5,5.277926762299814
3893,9746,5,5.208769637917044
