user_id,book_id,rating,predict
39017,1747,4,4.407958229585845
39017,2222,4,4.500600857418333
39017,3531,4,4.022525663471946
39017,4717,5,4.923226884088699
39017,5701,5,5.092141845160735
39017,6038,4,4.954321937038053
