user_id,book_id,rating,predict
39025,4389,4,4.096301347519549
39025,4643,4,4.448566042790277
39025,4861,4,3.99796413306306
39025,6631,4,4.029389093049153
