user_id,book_id,rating,predict
39155,2548,5,4.979612404182793
39155,2649,5,4.98037004233367
