user_id,book_id,rating,predict
39211,656,4,3.536767817675572
39211,842,4,4.646820293750586
39211,2132,4,3.9467652850281745
39211,5391,3,3.77720643149995
39211,5712,5,4.329670423582896
39211,5974,5,4.251282411976738
39211,6051,4,4.621555316142267
39211,6458,5,4.231382037102702
39211,6597,4,4.097070408601474
39211,7759,4,3.650971542177489
39211,7776,5,4.376011434494483
39211,7929,5,4.531091001763997
39211,8148,4,3.8951390756899085
39211,8869,5,4.506611600486643
39211,9849,5,3.6572165952526436
39211,9964,5,4.519701126771168
