user_id,book_id,rating,predict
39357,6214,5,4.45379813155509
39357,7736,1,4.194380958893226
