user_id,book_id,rating,predict
39415,2576,4,4.297483691135238
39415,2778,3,3.016848782243387
39415,6136,2,3.1086433889056186
39415,6292,3,3.0152107018348566
39415,8587,5,4.108760913916905
39415,8851,3,3.2420022142282314
39415,9712,4,4.638974717514757
