user_id,book_id,rating,predict
39596,3222,4,3.983258453062072
39596,3273,3,3.170339196701804
39596,3598,4,3.7245410847561353
39596,3789,4,3.912214219498057
39596,4908,3,3.7237953738412197
39596,5482,4,3.831651023377399
39596,6543,2,3.7228027309275875
39596,6984,5,3.914304567753329
39596,7111,3,3.9374479879876567
39596,7257,5,3.777099540762416
