user_id,book_id,rating,predict
39639,8135,4,3.9217717521773823
39639,9201,3,3.890979891992327
39639,9282,4,4.176369629217515
