user_id,book_id,rating,predict
39829,5650,4,3.8613307247367508
39829,6843,4,4.448466768863728
39829,6849,5,3.8967601921394235
39829,7087,4,3.8164171356305348
39829,8024,5,3.935862612282253
39829,8044,4,3.5745697421515437
39829,8138,4,4.063274454047718
39829,8284,5,4.4710295939844205
