user_id,book_id,rating,predict
40056,1157,3,1.910256575490377
40056,1309,2,2.531668545408096
40056,1601,3,2.9201567307240217
40056,1713,5,2.312972322426877
40056,1744,4,2.9017224857740276
40056,2829,4,3.139883106429828
40056,4161,3,3.431389878115385
40056,5761,5,4.42735026156899
