user_id,book_id,rating,predict
40180,721,4,2.1319277271739607
40180,951,4,2.844484148306166
40180,1124,4,2.0736841573035742
40180,1258,4,2.7827137049362283
40180,1304,3,3.547354371777889
40180,1363,4,3.6310565314559122
40180,1394,4,3.4422446431149143
40180,1450,4,3.471768577505417
40180,1602,1,3.6461145922403206
40180,1630,3,3.5085865539386374
40180,1886,4,3.1250599423770566
40180,1908,4,2.2468831456364473
40180,3701,1,2.1727592303025247
40180,4529,3,3.4457367582068636
40180,5311,3,2.7564405422904206
40180,6102,5,3.3794241902236326
40180,6595,3,2.5999366147060003
40180,7767,4,3.6679999093719258
40180,7827,3,3.2425766230555295
40180,8214,2,3.2204657823689815
40180,8652,3,2.996989483346893
40180,8976,4,4.013476215015705
40180,9071,4,3.585400742287309
