user_id,book_id,rating,predict
40302,532,3,3.78677283624421
40302,592,5,3.7685178374842474
40302,974,5,2.886312514725855
40302,1041,5,2.896724282722001
40302,4735,4,4.120945773122892
40302,4784,2,3.1445547327956023
40302,5041,4,3.6725552976071496
40302,5430,4,4.01214164642064
40302,7269,4,3.9639583403993583
40302,7735,3,3.8687993005006533
40302,8503,4,3.3489611480552184
40302,8704,4,3.3229506941309137
40302,8803,4,3.9637578268426976
40302,9329,4,4.4671709012218805
