user_id,book_id,rating,predict
40313,3928,4,4.0801414088891095
40313,4073,4,3.9674223897980685
40313,5064,4,4.805594654877833
40313,6412,3,4.14557832676055
40313,7877,3,4.115516005672336
40313,8668,5,4.116313963293951
