user_id,book_id,rating,predict
40474,5379,4,3.7404287231888085
40474,5520,4,4.084280639937805
40474,7293,2,3.5041382288881047
40474,7930,3,3.8276970377369306
40474,8796,4,4.068341858871716
40474,8879,4,4.168460761823547
40474,9287,4,3.3026535015581313
40474,9335,3,3.6248426755843606
40474,9538,3,3.6601377688327563
40474,9777,3,3.4013963147387867
