user_id,book_id,rating,predict
40525,4356,4,3.6785900713780504
40525,4880,4,-6.723904312899926
40525,6337,4,4.1657197961906505
