user_id,book_id,rating,predict
40555,8562,5,5.011879209092003
40555,8718,4,4.03624291392807
