user_id,book_id,rating,predict
40908,2239,5,4.3853896052884
40908,2309,3,4.9399545003591925
40908,2947,5,4.241738552771285
40908,3351,5,3.3649397922243405
40908,3639,2,3.8329497969111443
40908,7509,4,4.390141060897189
40908,8272,5,2.588293323910043
40908,8535,5,3.7384727135415083
40908,9043,3,3.6736405155765017
40908,9773,4,2.527929951260583
40908,9789,5,4.098426610303353
40908,9985,4,4.406240782373486
