user_id,book_id,rating,predict
40917,3701,4,4.602683772373986
40917,4143,4,4.49432781675565
40917,4569,4,4.264747375084481
40917,4804,5,4.7873535349533345
40917,5266,4,3.7395456229359865
40917,5272,3,4.489831374869809
40917,5736,5,4.316584098333317
40917,5850,3,4.058136929281654
40917,6303,5,4.275292478460649
40917,6493,3,4.413078326430748
40917,6657,1,4.523785848161939
40917,6705,4,4.62868925652463
