user_id,book_id,rating,predict
41049,2511,3,2.949999496642876
41049,4136,5,2.602574649866021
