user_id,book_id,rating,predict
41107,5380,5,4.8145519674928785
41107,9088,5,4.8512591060822805
