user_id,book_id,rating,predict
41292,2113,3,3.523271652591789
41292,2249,2,3.5087594309705947
41292,2348,4,3.902754896969226
41292,2401,2,3.5342394613444092
41292,5459,5,4.0720131585534745
41292,6041,4,3.743877850821078
41292,6799,4,4.009019440345247
41292,7017,4,4.064384707029871
41292,7455,5,4.112714418448001
41292,7908,4,4.255414005970092
41292,8282,4,4.098313656883574
41292,8679,3,4.002357022519868
41292,8722,5,4.0797907115879335
41292,9787,3,4.096693207627622
