user_id,book_id,rating,predict
41323,5679,4,4.872797686572551
41323,7072,5,3.9300691187507013
