user_id,book_id,rating,predict
41451,3370,5,4.657160081789245
41451,5075,4,4.682076546263998
