user_id,book_id,rating,predict
41500,5126,5,3.999951736441951
41500,5994,5,4.003688297594093
