user_id,book_id,rating,predict
41568,2185,3,3.4730038865821506
41568,3415,5,3.1551776743403024
41568,3796,4,3.221422952260622
41568,4126,4,3.2215376676432377
41568,5169,4,3.277055870707691
41568,5636,3,3.646134863397136
41568,5943,3,3.123916343585366
41568,6075,3,3.3396936362004137
41568,6098,3,3.385941002358116
41568,6789,5,3.4961985824883244
41568,7085,5,3.3137403351491415
