user_id,book_id,rating,predict
41639,3645,3,2.6349631755720218
41639,5027,5,4.056789721800832
41639,5258,5,3.675490342341708
41639,5537,4,2.5854656496130612
41639,5784,3,5.614854683788649
