user_id,book_id,rating,predict
41716,1321,5,3.7879720456253474
41716,4107,3,3.94399833871744
41716,5596,3,4.391152194397808
41716,6681,5,4.161277389116669
41716,7784,5,4.415978328392456
41716,8633,4,3.7775149468327065
41716,9441,2,4.546478486174262
41716,9779,5,4.487670175229098
41716,9956,5,4.541271222487772
