user_id,book_id,rating,predict
41858,385,5,3.685193673149815
41858,752,3,5.6850589975663155
41858,980,3,3.295820052715447
41858,1636,3,3.7197982713708657
41858,1653,3,3.2336584351867517
41858,5237,4,4.032282424254696
41858,6000,3,3.3182408375018513
41858,7267,3,3.2705728117243957
41858,8473,3,3.6828181666241067
41858,8593,4,3.696851955909686
41858,8840,4,3.9798124251699925
