user_id,book_id,rating,predict
41939,2099,5,3.6215824075623764
41939,2537,4,4.132002506741028
41939,2585,4,3.885513302814005
41939,3275,4,4.21297716390986
41939,3629,5,3.8915873704637045
41939,3759,4,4.36497765860323
41939,3783,3,3.408576132521848
41939,3864,3,3.7485906471528354
41939,3895,5,3.699149201548754
41939,3901,3,3.3078287334160663
41939,3967,2,3.9576576197422133
41939,4038,5,3.9690032514107383
41939,4179,4,4.0937943933245835
41939,4710,4,3.4704156678319826
41939,5502,3,3.9970988651135118
41939,5722,5,4.1671943749155576
41939,5965,2,3.9616850497810168
41939,6052,4,4.015374368734247
41939,6086,3,5.159592676845472
41939,6378,5,3.848307854658812
41939,6408,4,3.8307264086880783
41939,6735,2,4.125318033577018
41939,7057,4,3.37719540689988
41939,7171,3,3.9627355835635387
