user_id,book_id,rating,predict
42,5730,4,4.999788353435698
42,6772,5,4.001354085817793
