user_id,book_id,rating,predict
42011,920,4,3.4589996065845217
42011,2940,5,3.7217044784806306
42011,3636,5,4.652798102664087
42011,4323,5,5.016507421034754
42011,4482,3,4.57505102898745
42011,4936,2,5.2674361279009245
42011,4990,4,4.5480718418498745
42011,5909,3,4.803283825731616
42011,7489,4,4.903074452037765
42011,7929,3,5.0406625539893515
42011,8854,4,3.7822845534294762
42011,9316,5,4.627430989583286
42011,9318,5,4.614103740125717
42011,9824,5,4.671888927223197
