user_id,book_id,rating,predict
42032,2258,4,3.2531652484474423
42032,4297,2,3.0838087699692602
42032,4486,4,3.016459316253104
42032,5249,3,2.9773315236135134
42032,5596,5,2.774402196863225
42032,6058,3,3.0802957662719836
