user_id,book_id,rating,predict
42071,4436,5,3.6351724684906603
42071,5308,3,4.872688652140091
42071,6805,4,5.2848441325836015
