user_id,book_id,rating,predict
42344,4770,5,3.239140959098038
42344,5962,5,5.007983807499863
42344,6655,5,3.2503841494445975
