user_id,book_id,rating,predict
42419,2537,3,4.075352053961515
42419,3629,5,3.8464490210776288
