user_id,book_id,rating,predict
42543,4184,4,4.171329443192041
42543,5984,5,3.454697020538312
42543,9183,4,4.361174753113803
