user_id,book_id,rating,predict
42585,6111,5,4.998471697426367
42585,8248,5,4.978071292508853
42585,8511,5,4.821406561194341
