user_id,book_id,rating,predict
42581,4545,3,3.945847659632487
42581,7142,3,3.0402386687965075
