user_id,book_id,rating,predict
42887,4015,3,3.1198581157701932
42887,4202,4,4.6188474293233055
42887,4399,3,4.494873847191491
42887,4628,3,4.006906424342013
42887,5386,2,3.0924148718778603
42887,6195,2,3.1861479062762648
42887,7232,2,4.004308322695729
42887,7651,4,4.685741820884199
