user_id,book_id,rating,predict
42962,2419,5,3.8847168184656202
42962,4104,3,3.9025414978800295
42962,4441,3,4.387869074598301
42962,5189,3,3.665670317006636
42962,5551,3,4.288694253789319
42962,6607,3,3.062269898146122
42962,7090,3,3.6364479205327536
42962,8329,4,3.4896345822412336
42962,8503,4,3.765538689701896
42962,8659,4,3.8830461979967605
