user_id,book_id,rating,predict
4297,6963,5,7.791437181474746
4297,7856,4,4.346361695008974
4297,9079,5,4.996207494690777
