user_id,book_id,rating,predict
42982,6771,5,4.584239451698197
42982,8043,5,4.2804688103808415
