user_id,book_id,rating,predict
43113,580,5,2.642496743453268
43113,1309,4,4.169468769029379
43113,1844,4,4.29350775530512
43113,3598,4,4.961153822975657
43113,4071,4,4.909880398870013
43113,4284,4,4.588848124045385
43113,5460,5,4.673240965760053
43113,5754,5,4.632987911574807
43113,5785,5,4.63829798829038
43113,7169,5,4.683049115492055
43113,8221,5,5.018593252704676
43113,8907,5,5.004665899288472
43113,9398,5,4.709311099681252
