user_id,book_id,rating,predict
43175,3598,4,3.5849906639292506
43175,5670,5,4.152838687620684
43175,5754,5,4.481611567389838
43175,6234,3,4.057660314987309
43175,6939,3,4.1389854313290595
43175,7257,4,3.7559131091415177
43175,8581,4,3.926645551772485
43175,8677,4,4.385036331450525
