user_id,book_id,rating,predict
43196,6843,3,3.5735812320899942
43196,7034,4,4.889573879727884
43196,7885,2,4.290632838110811
43196,8118,2,3.1968551291580485
43196,8311,4,3.6811230579775778
43196,8434,4,3.742524810672501
