user_id,book_id,rating,predict
43267,324,4,4.392035165465667
43267,504,4,3.8702142500124475
43267,506,4,3.8201173409901004
43267,536,4,4.424866717969559
43267,732,4,4.880377845092814
43267,811,4,3.728532326788773
43267,821,3,3.929215899491199
43267,1059,4,3.705780998750626
43267,1076,4,3.705067139198154
43267,1092,4,3.377192101075848
43267,1098,2,3.485541580931054
43267,1152,4,3.5670974905238357
43267,2222,4,3.6756373736881653
43267,2457,4,3.453022796388391
43267,3742,4,3.5511625900018133
43267,4884,2,3.23287136652756
43267,4990,3,3.562143174907848
43267,6699,4,3.1451764633546695
43267,6972,4,3.2627427423353224
43267,7555,5,3.2261895269850283
43267,8060,3,3.283891889480593
43267,8237,4,3.3442113183824103
43267,8777,3,3.3017519356140976
43267,8944,3,3.461222020589429
43267,9643,3,3.2534297340560925
