user_id,book_id,rating,predict
43341,5762,4,4.118085503433195
43341,6213,4,4.346487834731643
43341,6446,4,4.459335374032522
43341,6740,4,3.7410758039636858
43341,7179,5,4.260594414138227
43341,7527,4,4.655099503545362
