user_id,book_id,rating,predict
43450,4706,5,5.182467581601104
43450,7770,5,4.892320856210097
