user_id,book_id,rating,predict
43562,5246,4,2.888066536047193
43562,6740,3,2.536668262624629
