user_id,book_id,rating,predict
43599,5140,5,4.371973253381785
43599,5516,5,4.738377503392458
43599,5959,5,4.622427848570185
43599,8731,3,5.248051139402562
43599,8924,5,5.0780539134489
43599,9509,5,5.061405186947818
