user_id,book_id,rating,predict
43628,5634,5,3.1827886927479385
43628,6006,5,4.281333723116373
43628,6526,4,4.339981697277867
43628,7029,4,4.35660248628489
43628,7216,3,4.926897937518939
43628,7738,4,4.330733505814074
43628,8257,4,3.1922841165240667
43628,8648,2,5.02680572011907
