user_id,book_id,rating,predict
43921,4372,3,4.010302117221236
43921,6522,4,4.010787201037938
