user_id,book_id,rating,predict
43964,3139,2,4.338062126270962
43964,5699,3,4.223016921360825
43964,6055,3,3.7008275407634925
43964,6218,5,3.84432712090371
43964,6270,4,4.083865262385485
43964,6691,3,4.496048013914242
