user_id,book_id,rating,predict
43963,7984,3,3.0949972522617313
43963,8105,3,3.2365572271371854
