user_id,book_id,rating,predict
43981,4449,2,4.077399653094186
43981,6597,3,2.9189243333424306
43981,6681,3,3.7691337523460655
43981,7097,3,3.6984024757028355
43981,7627,4,3.9879476042343915
43981,8116,3,2.2369526635486188
43981,8393,4,4.102933240503844
