user_id,book_id,rating,predict
44021,6271,5,4.843807168104192
44021,6974,4,4.683477496688785
44021,7185,4,4.661333905713636
44021,7415,5,4.484677638039206
