user_id,book_id,rating,predict
44346,3230,4,4.928089892898105
44346,5396,5,4.509621999114853
44346,5442,4,5.303038593862552
44346,6926,4,4.3775338444481955
44346,7038,4,4.062338965644731
44346,7143,4,3.748717092263222
