user_id,book_id,rating,predict
44838,1726,4,3.6145818805225005
44838,2420,4,3.649324785876655
44838,2880,4,4.172120692329328
44838,4911,5,4.377792518068405
44838,6608,4,3.5767807804223173
44838,7171,4,3.9331774230653878
44838,8626,4,3.548013693086483
44838,9371,4,3.816399804326971
44838,9461,4,3.997480656333113
