user_id,book_id,rating,predict
44930,2872,5,3.74803927856903
44930,4133,3,3.448085794037638
44930,4168,3,3.5784894191792636
44930,4875,4,3.6029478702554654
44930,5650,3,3.5764986382266204
44930,6479,3,3.462047501280189
44930,6757,3,3.412920946370352
44930,6907,4,3.547057022456742
44930,6958,4,3.5131032006581786
44930,7040,4,3.5247855403055928
44930,7161,4,3.523559923492768
44930,7240,5,3.7105211624913816
44930,7467,4,3.507384802745304
44930,7676,4,3.6043901408109833
44930,7867,4,3.604935098734304
