user_id,book_id,rating,predict
44964,6081,4,3.7805804453734795
44964,7962,4,3.5631315281982765
44964,8089,4,3.7513621210457146
