user_id,book_id,rating,predict
44986,3886,2,3.296875370930849
44986,5731,1,2.4276908832036153
44986,6084,5,2.365200486909375
44986,6297,1,2.832576595864751
44986,7019,3,2.5582210001282992
44986,7417,3,2.3049276065512023
44986,7611,3,2.309560323838161
44986,7753,4,2.3563333742327703
44986,8257,4,2.4365700903498633
