user_id,book_id,rating,predict
45049,3694,4,3.0440333359224687
45049,3733,3,2.786798299093543
45049,4664,3,1.9876095161654381
