user_id,book_id,rating,predict
45055,5596,3,3.0874275102541615
45055,6822,3,3.344602727200499
45055,6842,2,2.930442551159569
