user_id,book_id,rating,predict
45111,3328,1,4.505196982122585
45111,3471,4,4.170813106541436
45111,4870,5,1.959947031121814
45111,5184,3,4.324360033396889
45111,5205,4,4.257543327162248
45111,5333,1,4.427331419012149
45111,5484,2,4.466655600735923
