user_id,book_id,rating,predict
45215,4134,5,4.529310577430296
45215,4616,5,4.776598711014851
45215,5570,3,4.30462270664107
45215,6344,5,4.516323624190447
45215,7126,3,4.437238465310923
45215,7601,5,4.676071310078957
45215,7722,5,4.599466159435568
45215,8171,5,4.639608874285802
