user_id,book_id,rating,predict
45386,3227,3,3.0159064420207513
45386,4903,4,2.992159291922186
45386,8376,4,3.1289482537468296
45386,8911,5,3.1137080929886727
45386,9480,3,2.995587671115451
