user_id,book_id,rating,predict
45443,5529,2,3.984203265342494
45443,7527,4,4.001808458164624
