user_id,book_id,rating,predict
45620,5174,5,3.850798306566045
45620,7575,4,4.57501375287831
