user_id,book_id,rating,predict
46034,1297,4,5.509669737484805
46034,1575,3,5.0892665712937335
46034,4770,4,3.879485623408265
46034,5636,1,1.7560677470292783
46034,6297,1,1.6312784111047627
46034,7421,4,1.804900937514598
46034,7850,3,2.5101168669487466
46034,9045,3,2.012571817506335
46034,9698,5,3.0164200103004934
