user_id,book_id,rating,predict
46070,3275,5,4.297724951458093
46070,3486,4,3.5165398263629903
46070,3759,4,3.8846759665611037
46070,3813,5,3.986992924803536
46070,4248,4,4.038117021150016
46070,6503,2,3.6330062999654773
46070,6511,3,3.7463063503077128
46070,6531,4,3.676547192121304
46070,7324,5,4.08225847179653
46070,7697,5,3.7954033140537544
46070,9190,4,4.027913538006926
