user_id,book_id,rating,predict
46383,5131,3,3.7029549124355903
46383,5426,1,2.921325670837064
