user_id,book_id,rating,predict
46540,2855,4,4.617797267821406
46540,2928,3,3.472418201832503
46540,3891,4,4.636238417144715
46540,5918,3,3.74110181523125
