user_id,book_id,rating,predict
46609,7398,3,3.3774034214505972
46609,8903,2,3.2525179190201365
