user_id,book_id,rating,predict
46612,5547,4,4.104556702447878
46612,5749,4,4.174867996509689
46612,6513,4,4.057498828502616
46612,6687,4,3.4216639836909475
46612,6928,4,3.7850563836891484
46612,7630,4,3.9028430368052174
46612,7732,5,3.614928704202831
46612,7735,5,1.6004165684768559
