user_id,book_id,rating,predict
46715,5820,3,4.068125457270163
46715,6809,5,4.0405754797751365
46715,7424,2,4.126546087694021
