user_id,book_id,rating,predict
46782,4674,4,1.7804247763892223
46782,7356,3,2.8376382447068513
46782,7843,4,3.1818528762783096
