user_id,book_id,rating,predict
46922,3415,3,4.529065018261613
46922,4274,4,5.076979867960131
46922,5701,5,5.233808378713315
