user_id,book_id,rating,predict
4706,858,4,3.8453539880662944
4706,892,4,3.5738588463445464
4706,1259,5,4.643901426304465
4706,1263,4,4.014462969243427
4706,1338,5,4.992354978460472
4706,1341,5,4.077927585712258
4706,1350,5,4.633143733423758
4706,1412,4,4.502574495115352
4706,1429,4,4.0939114326908985
4706,1578,4,3.936840167064102
4706,1665,5,3.9909486978418
4706,1812,5,4.563892698760043
4706,1816,3,3.7996101603881125
4706,2140,4,4.038092888565785
4706,2160,5,4.087674948250339
4706,2189,4,4.11642019147195
4706,2269,5,4.135041144322798
4706,2285,5,4.257765070478938
4706,2385,3,4.258497366402127
4706,2400,4,3.8775450611592523
4706,2453,5,4.1736426496751085
4706,2472,4,3.6124767849331825
4706,2640,4,4.37123185308236
4706,2728,4,3.9224518424723223
4706,2746,3,3.7796040859590976
4706,2825,3,3.968753734132133
4706,2889,5,4.3642892113081215
4706,2977,3,3.9994932355596076
4706,2978,5,3.920023494220731
4706,3013,4,4.256952161963586
4706,3147,5,3.8159799401379817
4706,3174,3,3.9904081536002436
4706,3274,5,3.931563941122253
4706,3360,4,4.248605424967263
4706,3601,3,3.951529217719397
4706,3668,5,3.7842146781387624
4706,3758,4,4.344748703872067
4706,3899,4,3.539366854284796
