user_id,book_id,rating,predict
47270,5531,4,3.602958582999374
47270,8403,4,2.9863212505799996
