user_id,book_id,rating,predict
47309,5731,5,3.191538165408196
47309,6297,4,3.582097548885659
