user_id,book_id,rating,predict
47303,1173,5,3.6631953795205408
47303,1188,4,3.6315380889977797
47303,1263,3,3.9059214022786364
47303,1345,4,3.935840937384053
47303,4107,5,4.004977499153006
47303,5428,4,3.4542095302318283
47303,6071,4,3.6926017515130756
47303,8135,4,3.4712932362999265
47303,8656,3,2.7719514223531068
47303,9560,4,3.5514627699264922
47303,9581,4,3.459983437769996
