user_id,book_id,rating,predict
47314,2672,4,4.277047873586555
47314,3885,5,4.455998150564043
47314,4323,5,4.331616222666381
47314,5532,4,3.972190422177639
47314,5754,5,4.560905588435253
47314,6450,4,4.0771108467384805
47314,7305,5,4.412726365740717
47314,7404,5,4.4760886374914675
47314,8059,4,4.3594303641804775
47314,9229,4,4.175669698323081
