user_id,book_id,rating,predict
4735,1060,4,5.080593307324974
4735,1258,5,3.9028860414290882
4735,1444,5,5.328319921215299
4735,1698,4,4.356509673357409
4735,1715,5,4.689977897737124
4735,1888,5,5.081792185677702
4735,2107,5,5.370725646766983
4735,2498,3,4.094110918460271
4735,2508,5,4.493621819321866
4735,2679,3,3.82294207999601
4735,3007,4,4.113709696985472
4735,5562,4,4.377461419482908
4735,9025,4,3.890445089566337
