user_id,book_id,rating,predict
47361,1395,5,2.434564211870711
47361,4972,5,4.090936777157575
47361,6429,3,4.099244808635059
47361,7216,4,3.520068973117839
47361,8924,4,4.166919069493727
47361,9302,4,3.9888643709491447
47361,9794,4,4.527430861564755
47361,9846,4,3.71371247924002
