user_id,book_id,rating,predict
47493,6007,5,4.23770857224289
47493,6033,4,3.1289526627108675
47493,6591,4,3.471933037094012
47493,7515,3,3.7683361790999084
47493,7542,3,3.0900586389355595
47493,8092,4,3.3483677642024943
