user_id,book_id,rating,predict
47520,6170,2,4.09389091538288
47520,7265,4,3.9082553326876535
47520,8594,4,2.980269655102593
47520,8791,5,4.064905346033375
