user_id,book_id,rating,predict
47733,4038,3,2.5071116905407598
47733,6387,3,4.051151688494586
47733,6403,2,3.230809751170323
