user_id,book_id,rating,predict
47807,6511,5,5.790276686082523
47807,6635,3,4.947009146252057
47807,7324,5,6.681534854442664
