user_id,book_id,rating,predict
47836,470,5,4.350790743791227
47836,548,3,4.51802850495659
47836,716,4,4.790601183183366
47836,821,4,4.52330183483839
47836,827,4,4.381562989517758
47836,884,5,4.68334852378695
47836,892,5,4.812426294511303
47836,928,5,3.9847896272551164
47836,6730,4,4.523386362125901
47836,8325,4,5.265455970471812
47836,9502,5,5.092350758644565
