user_id,book_id,rating,predict
47950,6847,3,3.7122819750688008
47950,6859,4,4.090595759169403
47950,7188,3,3.429697585914287
