user_id,book_id,rating,predict
48314,4875,4,4.107782747809443
48314,6376,4,3.980913874949627
48314,7017,4,4.1511162324896205
48314,7094,5,4.145883729460018
48314,7371,4,3.941158736421019
48314,7675,4,3.9557958561649613
48314,8146,4,3.8399787854150267
48314,8198,5,4.171404760277933
