user_id,book_id,rating,predict
48583,5362,1,3.6134128627932562
48583,5712,3,3.834880465546556
48583,6412,4,3.923216782485425
48583,6676,4,1.8040048056115594
