user_id,book_id,rating,predict
48621,7744,5,4.295280421268979
48621,8483,2,3.6877490327400175
