user_id,book_id,rating,predict
48650,6171,5,4.771984464421545
48650,7945,4,5.068524407613881
48650,8157,5,4.900728480323655
