user_id,book_id,rating,predict
48805,4625,3,3.442597787773364
48805,4778,5,3.5271945216498657
48805,6978,4,3.2297433856754494
48805,8118,3,3.5307467816570166
