user_id,book_id,rating,predict
48906,4314,2,2.7448297184318493
48906,8151,1,2.4872089914735733
