user_id,book_id,rating,predict
48907,5753,3,2.557986513298911
48907,6555,5,3.4624315792852713
48907,7765,4,2.977571063583344
