user_id,book_id,rating,predict
49223,1853,4,3.318364166606972
49223,7726,2,5.053332700648477
49223,8065,5,3.4582896153612714
