user_id,book_id,rating,predict
4928,3447,4,3.8368372464434866
4928,6062,3,3.909609358633994
4928,7929,5,3.694283269591538
