user_id,book_id,rating,predict
49327,615,4,3.3151659763644146
49327,634,3,3.377632765665491
49327,656,4,3.6384284626512775
49327,752,5,3.5958536437242596
49327,827,4,3.813154591692746
49327,2185,2,3.5503641231602017
49327,3486,3,3.988579357060426
49327,4314,4,4.249297228050272
49327,5184,4,3.6442919508932654
49327,5375,5,3.819576113857781
49327,5594,5,4.509677863905161
49327,5645,3,3.883422475781325
49327,5815,4,3.4613278487138395
49327,6136,3,3.4671952363965435
49327,6947,5,4.286793190982253
49327,6948,4,3.2273089338309946
49327,6969,1,3.5733433784079622
49327,6989,4,3.462415676684503
49327,7697,2,4.166361716646389
49327,8561,3,3.928063838992964
49327,8668,5,4.615407129017033
49327,9880,4,3.5548607299034405
