user_id,book_id,rating,predict
49654,3880,5,3.676720732477195
49654,4840,4,2.726885163501138
49654,6711,3,4.233198301266942
