user_id,book_id,rating,predict
49773,5597,4,4.230319970134062
49773,5712,4,4.1767566593028285
49773,6370,5,4.238527058840039
