user_id,book_id,rating,predict
49795,5771,5,4.658096981681582
49795,5952,4,4.422708726198929
49795,6344,4,4.541319527976776
49795,6376,5,4.392652808168881
49795,7625,5,4.700503581967471
49795,7722,5,4.54704183740759
49795,7750,4,4.53469146191232
49795,8278,4,4.066831289340457
