user_id,book_id,rating,predict
49890,6794,5,2.7371693007562907
49890,6859,5,3.595774955008726
49890,7062,3,3.6177412231052917
