user_id,book_id,rating,predict
49931,1562,3,2.6963709115618917
49931,2113,4,3.695297510095265
49931,4502,4,4.004468607757826
49931,4856,3,3.871345271144821
49931,7087,3,3.8514786349085997
49931,7508,3,3.971257306319278
49931,8024,5,3.905218657683192
49931,8193,3,4.00458092455252
49931,8434,4,4.154295214524619
49931,8881,3,4.096668095222666
49931,9600,3,3.8543272708786938
49931,9736,4,4.054649815380597
