user_id,book_id,rating,predict
50041,4940,4,3.904182527638171
50041,6625,5,3.910857135736358
50041,7029,5,4.08197864573881
