user_id,book_id,rating,predict
50373,4628,4,3.0419116543069524
50373,5442,4,4.839873995509623
50373,5714,5,4.412819668595522
50373,6446,4,3.190371550981353
50373,6713,3,4.615256860672669
