user_id,book_id,rating,predict
50400,1180,4,3.1369253439416807
50400,3093,4,3.946294781231419
50400,3251,3,4.312694300309923
50400,5484,3,3.3572796462523145
