user_id,book_id,rating,predict
50491,7864,4,4.054326714520782
50491,9029,4,4.326772805306727
50491,9164,4,4.461412163666248
