user_id,book_id,rating,predict
50534,5053,4,4.072949793132053
50534,5268,5,4.976937699821602
