user_id,book_id,rating,predict
50666,4519,5,4.352322166521187
50666,5344,5,5.903928286836351
50666,6057,5,5.1171394640438255
50666,6134,4,4.154002345234903
50666,6429,5,5.106980571335745
50666,6672,5,5.0034408284903105
50666,7104,3,4.317925666306415
50666,7376,5,4.986391048182737
50666,7851,5,4.875167726919031
