user_id,book_id,rating,predict
5072,4692,4,3.712184704901421
5072,5640,3,3.8511385040605357
5072,6047,4,3.6599113489642745
5072,6137,2,3.3155078930491277
5072,7285,4,3.346019327830525
5072,8007,1,2.9021437730472255
5072,8384,3,3.2863960898614377
5072,9246,5,2.6662053878546166
5072,9565,2,3.3015126933555146
