user_id,book_id,rating,predict
5080,6482,5,5.120970815854461
5080,7726,4,2.1730662084791392
