user_id,book_id,rating,predict
50839,382,3,4.981231182233967
50839,536,4,4.755777131223631
50839,607,2,3.913263967168325
50839,752,4,3.989234931236912
50839,759,4,4.234563323352158
50839,842,3,3.828143867167032
50839,928,5,4.082169391533883
50839,1000,4,4.182482215910157
50839,1027,4,4.040311771133499
50839,1147,2,4.317035402114071
50839,1203,5,3.877226829371831
50839,1259,5,4.269435254794018
50839,1264,3,3.829044408047817
50839,1298,5,4.209236094546819
50839,1350,5,4.33196339789759
50839,1353,4,3.852930320370692
50839,1416,4,4.153121330967662
50839,1425,1,4.164723002434469
50839,1453,3,4.005349833738087
50839,1502,3,4.103964170400072
50839,4710,4,3.732565092993476
50839,7164,4,3.8876156075741415
50839,7691,4,3.8829576507358308
50839,8678,4,3.8483399373617524
50839,8810,2,3.5094569547076
50839,9450,4,3.5989946103894566
50839,9925,4,3.762688013440645
