user_id,book_id,rating,predict
50896,2100,5,4.06870117051993
50896,3825,4,3.97880970843106
50896,5679,4,3.7715893139581613
