user_id,book_id,rating,predict
50905,592,4,4.764953921346153
50905,630,4,4.267745386174317
50905,1001,4,3.5324263682068597
50905,1046,5,4.226677761120763
50905,1092,3,4.3345816467743745
50905,1174,5,3.9178081121896353
50905,1198,4,4.748334759871414
50905,1329,4,4.693117475129366
50905,1370,5,4.394320027282691
50905,1405,5,4.605654426939804
50905,1439,4,4.1314184297586545
50905,1444,3,4.541541930455346
50905,1538,4,3.705657650047173
50905,1557,5,4.475971972067722
50905,1582,5,4.4143267176349825
50905,1682,4,4.261118109961576
50905,2207,4,4.358309696329168
50905,2888,5,4.3081598106442
50905,4504,5,4.374060554968272
50905,4544,5,4.763876151828993
50905,4784,5,3.3765123895909164
50905,5395,4,4.04330069982607
50905,5820,5,4.468898786103198
50905,6447,4,4.0023735534738885
50905,6474,4,3.1517882479883292
50905,6895,4,4.2504837367181345
50905,7261,4,3.3686092303976514
50905,8193,5,4.29128801524395
50905,8389,4,4.344994412076977
50905,8703,5,4.795976137896404
50905,9054,4,4.139060171211419
