user_id,book_id,rating,predict
51469,8926,5,3.9071733232166572
51469,9522,5,3.938083886234886
