user_id,book_id,rating,predict
51525,3733,5,4.90637203528638
51525,4953,5,4.899576285080322
