user_id,book_id,rating,predict
51533,3235,3,4.973890155303392
51533,5649,4,5.000488010604601
