user_id,book_id,rating,predict
51642,6158,5,3.9818707629685157
51642,7390,2,3.270182905439254
51642,7432,5,3.411926145873809
51642,7935,5,4.116763514738505
51642,9226,3,3.2453158642361832
51642,9411,4,3.3953784653509493
