user_id,book_id,rating,predict
51703,1933,4,4.31895641358663
51703,2292,4,4.413185594887076
51703,3093,4,4.227409264975048
51703,3438,5,4.180274770348253
