user_id,book_id,rating,predict
5176,6285,5,4.282999403901625
5176,7562,4,4.370743878435468
5176,8168,5,3.7273123548446874
5176,9921,4,4.305545109402568
