user_id,book_id,rating,predict
51778,3103,3,3.561268447333416
51778,5553,2,2.486984838705944
51778,5605,5,2.5804213954067468
51778,5808,4,3.1526989317865772
51778,5828,3,2.6733234063691422
51778,6456,4,4.341249461646419
51778,8226,3,3.48577629641054
51778,8920,3,1.2402962354452614
51778,9129,1,3.1618720068348827
51778,9523,3,1.131668431451097
