user_id,book_id,rating,predict
51792,6431,5,4.282583219452603
51792,7912,3,6.427174248332296
