user_id,book_id,rating,predict
51909,4655,5,4.09007894995934
51909,5724,5,4.678988861647003
51909,6705,5,4.797334782398293
