user_id,book_id,rating,predict
52059,4341,3,3.261067326924266
52059,4475,3,3.3632285204265795
52059,5269,4,3.5678434105373364
52059,6687,2,3.6177412226366767
52059,6966,3,3.6642998580209567
52059,7232,1,3.092256813735723
52059,8524,4,3.2716395485834604
