user_id,book_id,rating,predict
52134,6434,4,3.4270221861079584
52134,7443,3,3.78043611687572
52134,7523,4,3.7988246538618666
