user_id,book_id,rating,predict
52238,3901,4,4.167515155434643
52238,5475,5,4.550515758444383
52238,6136,4,4.414790772945956
52238,6815,5,4.911080551150011
