user_id,book_id,rating,predict
52276,4704,5,4.190367087307511
52276,4987,4,4.05344235055211
52276,5380,3,3.675319669356011
52276,5731,5,4.560527430355951
52276,6587,4,3.312251462370617
52276,6808,4,3.732929467827052
