user_id,book_id,rating,predict
52387,6400,5,3.6027349623084812
52387,7974,5,3.9601569659349196
