user_id,book_id,rating,predict
52519,4403,3,2.887510906046409
52519,5098,3,3.0330774406054752
52519,7300,5,3.022570853837331
