user_id,book_id,rating,predict
52578,5790,5,4.26405280133406
52578,6737,4,3.402685790851357
52578,6789,5,4.489802586945651
