user_id,book_id,rating,predict
53174,830,5,5.717639960875175
53174,942,5,4.737590670369071
53174,1125,4,4.66921745223748
53174,1822,4,3.9433384779267513
53174,2185,4,3.28515634979757
53174,4045,1,2.3754924493914054
53174,5246,3,4.058287538090376
53174,5360,4,3.8617747605325823
53174,5635,3,3.8272608156346717
53174,5645,4,3.6800743878125006
53174,5651,4,3.721608660083023
53174,5962,4,4.042286069416053
53174,6749,4,4.105545188744914
53174,7682,4,3.684866655939061
53174,8145,5,3.0174445196449025
53174,8252,4,3.8049134940544063
53174,8642,4,3.8137063577161503
53174,9413,4,3.7732314263539335
53174,9652,4,3.961550849087903
53174,9807,4,2.8480345099860074
53174,9889,4,3.449227771736102
