user_id,book_id,rating,predict
53202,5249,2,3.9592381544706603
53202,5575,4,3.6199457322567494
53202,6275,4,3.7342315407594513
53202,6555,2,3.8433904440897435
53202,7711,4,3.952609304921197
