user_id,book_id,rating,predict
53235,4960,5,3.8354655365502204
53235,6815,4,3.766604595822473
53235,6847,4,3.8870918338343796
