user_id,book_id,rating,predict
5338,3281,3,3.961504296702566
5338,5974,3,3.8821876598754197
5338,6969,4,4.030819990391747
