user_id,book_id,rating,predict
5509,1395,2,1.8314808795672992
5509,1575,4,2.295163590453984
5509,2940,5,3.6302145292932937
5509,4451,4,3.3479465906810733
5509,5124,4,3.2631162042934974
5509,6255,4,3.159608078708666
5509,7912,4,2.9602080372512773
5509,8326,5,3.4810597396018697
5509,8582,3,3.4777231691028727
5509,8875,3,3.5263152963672715
5509,8971,3,3.7955803867053435
