user_id,book_id,rating,predict
5538,776,5,3.5876180753796674
5538,2572,5,4.739274277511421
5538,5012,3,5.125234098462498
5538,5596,3,3.6185298213130412
5538,5978,4,4.263385505936661
