user_id,book_id,rating,predict
5636,167,5,5.241646433278173
5636,380,4,4.583620939350659
5636,592,5,4.973057962943009
5636,1041,5,4.853513273797568
5636,1283,5,4.440698131963203
5636,1676,4,4.367846691115665
5636,1704,5,4.66555941260264
5636,2262,5,4.502772233612645
5636,2298,5,4.379776122632289
5636,2342,4,4.57798684140687
5636,2508,3,4.288813589811373
5636,2552,5,4.30473173677132
5636,2810,5,4.535330507124334
5636,2846,5,4.091847853967052
5636,2958,5,4.785631256700971
5636,3048,5,4.213525901546206
5636,4468,5,4.390838375393977
5636,6154,5,4.416427620224418
5636,6307,5,4.465667596832639
5636,6382,5,4.363818055712148
5636,6600,5,4.472992725714492
5636,6615,4,4.238924470232594
5636,8039,3,4.487061655559853
5636,8289,5,4.4078872577311285
5636,8508,5,4.326753250889931
