user_id,book_id,rating,predict
5736,7838,5,5.326524232243729
5736,8438,5,5.3687970178183875
