user_id,book_id,rating,predict
5801,1731,3,3.496425708297032
5801,1745,3,3.4336289747494813
5801,2160,3,3.329428151563063
5801,2306,3,3.1982701193228844
5801,2471,3,3.5083315382692652
5801,2807,3,3.158143898057998
5801,2887,3,3.0975096906963913
5801,2930,3,3.072219494218541
5801,7248,3,2.8932149711878337
5801,7604,3,3.1920201481812676
5801,8705,3,3.1450175206073663
5801,9216,4,2.939793724755203
5801,9330,3,3.162417262388948
5801,9622,3,3.1820752110223336
5801,9911,3,2.8763187932139775
