user_id,book_id,rating,predict
5863,951,4,3.210857131080899
5863,990,3,2.9982953316899748
5863,1106,5,3.5455252171696974
5863,1124,2,3.2294778930358583
5863,1213,3,2.9855772599122066
5863,1591,3,3.692593834405611
5863,1629,3,3.4764091003211295
5863,1796,3,3.0124247512613844
5863,2473,4,3.6047185785389466
5863,3022,2,3.8475143497454876
5863,3063,4,3.476187457792597
5863,3331,3,3.8560038297836
5863,5524,4,3.347088478976479
5863,7551,2,2.925183948456378
5863,7947,5,4.750494559260565
5863,9518,4,3.9568352294938793
