user_id,book_id,rating,predict
5922,1180,5,1.3255009910982916
5922,5241,5,4.155420301995189
