user_id,book_id,rating,predict
5932,2902,3,3.4527189435706167
5932,3828,5,3.4824637266491862
5932,4160,3,2.093635620133482
5932,4388,5,3.508680790329535
5932,4399,1,2.0115392119494055
5932,4640,5,3.508863151355263
5932,5318,4,3.4898443586589574
5932,5362,3,3.5179088338437214
5932,6195,5,3.4109956226338545
5932,6272,4,3.4321448038462687
