user_id,book_id,rating,predict
5945,8858,5,4.080210541949819
5945,9240,5,2.4820569834270643
