user_id,book_id,rating,predict
60,4769,2,3.6980248174692996
60,7187,4,6.192697263562636
60,9425,2,3.4233977215150375
