user_id,book_id,rating,predict
6003,7762,4,4.252089095793023
6003,7918,4,3.4280838176856405
