user_id,book_id,rating,predict
6022,1595,2,3.1829971727154796
6022,2709,2,3.1138077678097327
6022,3518,5,2.4544595647906053
