user_id,book_id,rating,predict
6044,1860,3,2.197029725394834
6044,2463,3,3.275072701061198
6044,3587,4,3.1462233003180122
6044,4133,3,3.4626022421290927
6044,6571,4,3.9841887562695026
6044,8060,3,3.668124332980793
6044,8073,3,3.1583137044651908
6044,8106,3,4.073902221302681
6044,8184,4,3.8066362899002
6044,8486,1,3.471684074214
6044,8521,4,4.026722031205368
6044,8614,3,4.0681594577845654
6044,8741,3,3.5403671203170086
