user_id,book_id,rating,predict
6056,2309,5,4.653874516908258
6056,2980,4,5.028463580650094
6056,3132,4,5.015396417480046
6056,4357,4,4.170291993375581
6056,5469,5,3.7245690240890394
6056,8626,3,3.7617010348190973
6056,8832,5,3.4709077977748213
