user_id,book_id,rating,predict
623,6214,5,3.4549997839441366
623,6820,4,3.671115665366983
623,7275,5,3.468254684914982
