user_id,book_id,rating,predict
6424,3415,5,3.759597640383236
6424,4451,1,3.4321023725156348
6424,5087,3,2.0158430687405167
6424,5286,1,3.6409915569823816
6424,5918,2,3.4259135915564123
6424,8782,4,3.2838618809596634
