user_id,book_id,rating,predict
6751,7134,4,3.8530315994838378
6751,8622,4,4.0006863386495635
