user_id,book_id,rating,predict
6755,434,5,5.1620329860507566
6755,548,4,5.101140035162169
6755,583,5,5.175219528879174
6755,600,4,5.531068490439996
6755,750,5,6.043299831659883
6755,945,3,4.955701454164331
6755,4133,3,3.5616245695011886
6755,4335,4,3.6468007613781483
6755,4972,2,3.8806990675314488
6755,5771,3,3.4524549775087783
6755,6889,3,2.8841737751532275
6755,7601,5,3.3779007593471624
6755,8476,3,3.2023332706562346
6755,8791,3,3.208603244144414
6755,8884,5,3.833562355830939
