user_id,book_id,rating,predict
6778,4410,4,4.100046569824037
6778,7827,3,4.083787374387925
