user_id,book_id,rating,predict
6973,5769,3,2.6908530952460876
6973,6555,4,3.6457219427600247
6973,7838,3,4.043329447122544
6973,8062,3,3.699592698545591
