user_id,book_id,rating,predict
6990,582,3,0.1626141751978416
6990,969,2,1.9987243925989082
6990,1657,5,4.610582131754235
6990,1809,5,2.836959684157519
6990,2052,3,4.093092756637086
6990,3886,3,3.7891878382703776
6990,4531,4,4.036537338934644
6990,4972,4,4.302433214547218
6990,7436,4,4.347450517804767
6990,9025,4,3.842770146405695
6990,9178,3,4.027265050499535
6990,9533,3,4.33134656811335
