user_id,book_id,rating,predict
7106,5472,4,3.4844176123837576
7106,6533,4,3.4629486546673176
7106,7259,4,3.5952000489918694
7106,7276,4,3.5674131655843837
7106,7502,4,3.2884969440321212
