user_id,book_id,rating,predict
712,1282,4,4.062954084197922
712,4388,5,4.5213600541692704
712,5237,5,3.952007026030148
712,5808,5,4.236101993043961
712,7338,5,4.532065453474742
712,8688,4,3.6701913767321503
712,9391,4,4.664213010007449
