user_id,book_id,rating,predict
7147,7549,4,3.9996284711425587
7147,7659,3,3.9700257210564147
7147,7739,4,4.09157431785938
7147,8002,4,3.9320784740550954
7147,9142,4,4.215819770127591
