user_id,book_id,rating,predict
7284,3413,2,3.797065293997413
7284,4117,5,3.607674651188693
7284,7029,4,4.099202003414458
