user_id,book_id,rating,predict
731,4908,4,0.8320581698135872
731,5784,2,2.629990064979451
731,6219,4,3.4793968543004694
731,6750,5,2.3171585608558836
