user_id,book_id,rating,predict
7338,3809,4,2.957274797920089
7338,4228,4,3.5335973589010203
7338,4325,3,3.7969302938624985
7338,5976,3,3.8958347807336344
7338,6738,3,2.495012795580962
7338,7931,3,3.582915931509178
7338,9741,4,2.9962092193176924
