user_id,book_id,rating,predict
7442,6465,5,4.751517575462767
7442,9116,3,1.9691866267499472
