user_id,book_id,rating,predict
7541,4043,5,4.7511586840061755
7541,4407,4,4.067552312633033
7541,5140,4,4.133262804336566
7541,5984,2,2.6843973058060544
7541,6010,4,3.7445003818422826
7541,6862,3,4.651249785568245
7541,7685,5,4.552852221733813
7541,7905,4,3.967396910661389
7541,8196,4,2.742386043458601
7541,8197,4,4.13008331012687
