user_id,book_id,rating,predict
7648,4341,4,3.7849611091829054
7648,4699,4,3.8328987243016943
7648,4956,4,3.5183795222978675
7648,5935,4,3.7389898689010828
7648,5948,5,3.7014147766338255
7648,7551,4,3.8249709541811714
7648,9152,4,3.604682794604761
7648,9234,4,3.5810655184905413
7648,9331,3,3.8586776567525525
