user_id,book_id,rating,predict
7757,7312,5,4.4434543996664235
7757,7819,5,4.39530990472804
7757,8267,3,4.3159568801877315
