user_id,book_id,rating,predict
779,4670,5,2.620885641410235
779,5809,5,2.074833445699656
