user_id,book_id,rating,predict
7852,5064,2,3.002150255105895
7852,7201,4,3.016739599236954
