user_id,book_id,rating,predict
7875,973,3,3.8733111507314355
7875,6520,3,4.242572760479743
7875,7233,3,4.3472398080420085
7875,7647,5,4.285554179321261
7875,8143,3,4.0108836276959
7875,8564,4,4.057027523538162
7875,8596,3,4.350910852999471
