user_id,book_id,rating,predict
8183,4957,5,4.649998179882603
8183,5694,5,4.95171929291209
8183,6091,5,4.719120014700745
8183,6672,5,4.937241340740028
8183,7206,5,4.952835422734083
8183,7272,5,5.022760213239448
