user_id,book_id,rating,predict
8290,3637,3,3.2406394141071764
8290,4133,4,3.402747959379491
8290,4919,4,4.379752964291227
8290,6115,2,3.0562430724174265
8290,6136,4,2.918491011704348
8290,6757,3,3.4051496774963996
