user_id,book_id,rating,predict
8295,870,5,5.575294929704806
8295,932,5,4.916613810676241
8295,985,5,5.208294926841139
8295,1333,5,4.869450980941451
8295,1446,5,4.7930665471617075
8295,1516,5,4.872731439238105
8295,3142,5,4.57286313877962
8295,3421,5,4.643601303309434
8295,3572,5,4.430904770775556
8295,3682,4,4.436606999982516
8295,4202,4,4.730414232165484
8295,4811,4,4.633547468217838
8295,4972,4,4.4693238959165
8295,5081,4,4.27363713975916
8295,5336,5,4.406240740525055
8295,5354,5,4.23373629977837
8295,5937,5,4.3527422402020255
8295,6191,4,4.085194327170557
8295,9237,4,3.9768687801939206
8295,9240,4,4.119147071850766
8295,9302,4,4.168100887922528
8295,9579,4,3.6617268108791565
