user_id,book_id,rating,predict
838,3305,4,3.3274515714562964
838,3882,5,4.497892019787729
838,4762,2,2.9006277051405576
