user_id,book_id,rating,predict
8543,2253,3,2.534029591617181
8543,7285,3,1.002768421702622
8543,7969,2,2.3587532290910396
8543,8598,3,3.276098749555469
