user_id,book_id,rating,predict
8576,8064,3,1.5387409376089685
8576,8220,5,4.993396735687384
