user_id,book_id,rating,predict
8593,5211,4,3.8720258885297394
8593,5964,3,1.5885249302311901
8593,7610,4,2.9522005541140537
8593,8776,5,4.458614632524121
8593,8830,3,2.521141232214033
8593,9453,5,5.174241912386209
