user_id,book_id,rating,predict
8703,1608,4,4.7524730802739805
8703,2511,4,4.640200322915146
8703,3571,3,5.031290572959892
8703,3862,5,4.7212585062858965
8703,4446,5,5.0074885951847365
8703,4573,4,4.550158253469533
8703,5465,4,4.544388690546161
8703,5757,4,4.529745033268448
8703,6494,3,4.597523351254591
8703,6635,5,4.93437044862626
8703,6735,4,4.95217174655849
8703,6861,5,4.451320096233429
8703,7342,5,4.8521631503531335
8703,7595,4,4.957245301721079
8703,8082,5,4.584610064553953
8703,8443,5,4.546888594747797
8703,8459,4,4.585629808798318
8703,8476,5,4.838034326675482
8703,8844,4,4.558069049313577
8703,9355,4,4.394809021024793
8703,9583,5,4.874858099219724
8703,9616,5,4.702133543661718
8703,9687,5,4.498841488588122
