user_id,book_id,rating,predict
8931,1929,5,4.387840807914748
8931,4346,4,4.497187912040998
8931,6232,3,3.846924234840176
8931,7009,4,3.978619587717772
