user_id,book_id,rating,predict
900,2342,5,3.726968731180513
900,2740,1,2.2670424646897596
900,7410,1,3.159316300641781
900,7622,4,2.7931944397803816
900,7785,1,2.934495411609206
900,8276,5,3.12967686205538
900,8728,1,2.9587345321409098
900,9317,4,3.0740744963273876
900,9631,3,2.1340816018183664
900,9667,5,4.094320781607069
