user_id,book_id,rating,predict
9012,3911,5,4.368985764335294
9012,5023,4,3.3426707181919406
9012,5184,3,3.2283747170681556
9012,5697,5,4.3415482451261
9012,6359,5,4.641109248940431
9012,6499,5,5.284957109584804
