user_id,book_id,rating,predict
9355,5142,4,2.9303213863960265
9355,5909,4,2.745032204983513
9355,6945,3,2.773537670260705
