user_id,book_id,rating,predict
9484,3828,5,4.120271802387988
9484,4388,5,4.094576217846885
9484,4902,4,2.5769146059524015
9484,4940,5,3.066181190821675
9484,6156,3,3.609885002494491
9484,6429,4,3.436655893976481
9484,6892,4,3.7176546335868257
