user_id,book_id,rating,predict
9575,5189,5,4.360585702322089
9575,7145,2,4.538061867498341
