user_id,book_id,rating,predict
9728,1125,1,2.1903589201408478
9728,1793,1,-0.540288302326136
9728,2166,5,4.121691991962145
9728,5335,4,3.8719891220390705
