user_id,book_id,rating,predict
9833,5475,3,3.834278033340651
9833,5815,4,3.0499617692119045
9833,6571,4,3.9191305387110105
9833,7838,3,2.813954069516601
