user_id,book_id,rating,predict
10191,2672,5,4.2
10191,5553,4,3.6666666666666665
10191,6033,4,8.636362982316607
10191,6446,4,3.8461538461538463
