user_id,book_id,rating,predict
10270,5332,4,8.777775113638008
10270,6264,3,4.0
10270,7887,3,4.0
10270,9216,5,9.035714037265844
10270,9330,4,8.933332974429801
10270,9622,5,8.631578697532783
10270,9631,4,3.4027777777777777
10270,9911,5,8.999999395770956
