user_id,book_id,rating,predict
10364,4004,5,4.0
10364,4688,5,4.0
10364,5311,3,3.3333333333333335
10364,5783,5,3.5
10364,6315,4,7.608673915267644
10364,6727,5,9.038460524686968
10364,6809,5,8.687499368624065
10364,7137,2,6.290319836684397
10364,7292,1,5.9615366186347885
10364,7424,4,4.071428571428571
10364,7629,5,4.333333333333333
10364,7932,2,6.999999832028944
10364,8092,3,6.765954143443798
10364,8498,4,9.058823054197756
10364,8529,4,9.039998696527471
10364,9082,3,6.7922076950780035
