user_id,book_id,rating,predict
10478,4497,5,3.0
10478,4693,5,8.6666662900212
10478,5677,5,9.142856938070901
10478,7156,5,9.117646834340018
10478,7159,5,7.954545158838732
10478,7497,5,9.270269146512005
10478,8966,5,8.983606219196908
10478,9171,4,8.705127548587352
