user_id,book_id,rating,predict
10737,1203,4,6.239128967139524
10737,1730,4,7.173905405968939
10737,2146,4,4.666666666666667
10737,4770,4,4.25
10737,5553,4,6.66666519502225
10737,6419,3,8.152170195247546
10737,6659,4,7.571427057042696
10737,6831,1,7.055555267399843
10737,6905,4,7.111110231332608
10737,7953,5,7.639986625027014
10737,8139,5,4.1454545454545455
