user_id,book_id,rating,predict
10798,2246,4,6.943819721485015
10798,2305,4,6.891565382313182
10798,6707,2,3.5714285714285716
10798,7752,4,7.579992454039581
