user_id,book_id,rating,predict
10807,4663,4,4.0
10807,6164,3,4.0
10807,6385,3,4.25
10807,6704,4,7.285712974088099
10807,6925,2,4.078947368421052
10807,7421,4,6.979165141632499
