user_id,book_id,rating,predict
1093,6321,4,3.8
1093,7427,3,5.777777692740735
1093,7924,4,5.705882017348986
1093,8334,5,7.568181654029431
