user_id,book_id,rating,predict
11195,5391,4,3.090909090909091
11195,5913,3,9.437498925827018
11195,6402,5,8.368420380260886
11195,7023,5,8.424241903859627
11195,7546,5,8.509433698918444
11195,8525,4,6.590904443976113
11195,8597,2,8.049999293159832
11195,8610,5,8.468085037640357
