user_id,book_id,rating,predict
112,8015,4,7.776091875488498
112,8662,5,9.105262659746273
112,8703,4,8.799988548721023
