user_id,book_id,rating,predict
11354,5420,4,3.7857142857142856
11354,7606,5,3.826923076923077
11354,7622,5,4.104166666666667
