user_id,book_id,rating,predict
12006,6680,4,6.409090311110892
12006,8597,1,6.0499995758958995
