user_id,book_id,rating,predict
12007,4511,4,3.909090909090909
12007,5428,5,5.999999217101265
12007,8135,4,7.928570862081019
12007,9029,4,7.94029804626319
12007,9541,4,7.535713577416818
12007,9560,5,7.762498966706222
12007,9581,5,7.749999186078189
12007,9999,3,3.7857142857142856
