user_id,book_id,rating,predict
12452,4189,4,4.25
12452,5671,4,6.874999429718844
12452,5769,4,6.363634369309413
12452,6422,3,7.818181457338875
12452,6879,4,3.5675675675675675
12452,6887,2,6.833332824438143
12452,7121,3,7.05127695735364
12452,7793,4,8.645159742530339
12452,7817,4,7.051281326758513
12452,9331,3,7.711863939340862
12452,9586,4,6.955881019546232
