user_id,book_id,rating,predict
12682,990,1,5.0
12682,5258,4,7.42856975038772
12682,5765,4,3.6666666666666665
12682,6220,5,8.999961835495299
12682,6564,4,8.173904303725493
12682,6567,4,6.966666053301126
12682,6594,3,3.8947368421052633
12682,7001,1,3.6666666666666665
12682,8716,3,6.666666086579688
12682,8809,4,8.666665557769674
12682,9205,4,8.31883707919618
12682,9232,5,8.76388815431462
