user_id,book_id,rating,predict
12702,2829,4,5.0
12702,4526,4,4.25
12702,5553,3,7.666664851331203
12702,5787,4,3.5
12702,5983,2,3.9444444444444446
12702,6191,2,6.166665829400134
12702,6194,3,3.6923076923076925
12702,6356,4,4.4375
12702,6456,3,3.909090909090909
12702,6497,4,8.159996540781247
12702,8127,3,6.944439381010387
12702,8223,2,6.81818092749991
12702,8224,4,7.2794079747574525
12702,9127,4,6.79165882531743
