user_id,book_id,rating,predict
12792,1125,3,2.5
12792,1793,2,2.0
12792,2442,4,3.5
12792,3305,3,6.799999404937562
12792,3836,4,4.5
12792,4059,3,3.8
12792,4260,4,3.8421052631578947
12792,4341,4,7.333332702174172
12792,4853,3,2.25
12792,4878,3,3.0
12792,6102,4,6.142845949422503
12792,6221,3,6.7499998742957565
12792,6899,3,6.5999991240883835
