user_id,book_id,rating,predict
13038,3760,3,4.999999770901576
13038,4353,2,5.599999633256255
13038,4531,3,3.6666666666666665
13038,4756,2,5.749999754757683
13038,5423,2,7.357142155772861
13038,5525,3,4.099999909583506
