user_id,book_id,rating,predict
13072,2940,5,5.0
13072,4327,4,9.499999418791347
13072,4482,3,6.333307992237295
13072,5142,2,8.91666614293257
13072,5607,3,6.999999768661459
13072,5909,3,6.749991392675716
13072,7197,4,7.149999613719855
13072,7489,5,7.07462638246054
13072,7509,5,7.363636007210603
13072,7722,3,6.736841800524866
13072,7724,3,8.424242243240917
13072,7824,4,8.058823433874036
13072,7932,4,7.9999997760385915
13072,7993,5,8.264705177402337
13072,8147,5,6.2499859033530925
13072,8171,3,7.848484268808198
13072,8397,4,6.904761648156953
13072,8887,5,8.045453523103125
13072,8917,2,7.279998899781143
