user_id,book_id,rating,predict
13728,1857,3,8.039999874405893
13728,6664,3,8.199998746328875
13728,8210,3,3.707317073170732
13728,8538,3,3.9074074074074074
13728,9300,4,3.2777777777777777
13728,9995,3,5.928570969364754
