user_id,book_id,rating,predict
13847,3789,4,8.333332907500719
13847,4477,2,9.1666659771778
