user_id,book_id,rating,predict
14141,2108,5,4.1
14141,6824,4,4.098039215686274
14141,8075,5,9.076922848125573
14141,8340,4,7.456521565730926
14141,8738,4,4.45
14141,8776,5,7.936170131912412
14141,9411,4,6.759996713654855
