user_id,book_id,rating,predict
14435,4910,4,4.6
14435,5594,5,8.142856197547763
14435,6271,4,8.93333274551016
