user_id,book_id,rating,predict
15037,1279,4,6.083332614067275
15037,1369,4,7.615369988167979
15037,1729,3,7.729726906051486
15037,1786,4,3.740740740740741
15037,2007,3,6.937499402882773
15037,2030,3,6.772726894011763
15037,2098,3,7.957441587076149
15037,2101,5,7.622949405042144
15037,2343,4,6.777777260231681
15037,2481,4,6.999999041926365
15037,2500,4,8.015623117557212
15037,2655,3,9.26470197913358
15037,2823,3,6.97999987153414
15037,2840,5,8.388887644493938
15037,3085,3,8.119046824692235
15037,3090,3,6.514285390027508
15037,3091,4,7.215383655614437
15037,3197,4,7.891891805567257
15037,3333,4,7.7088605674142805
15037,3400,4,6.826666300856538
15037,3590,4,6.958903404509682
15037,3612,3,6.8749999222436315
15037,3957,3,6.78823524730311
15037,4027,4,7.8953487688896855
15037,5526,4,6.833332863111552
15037,7549,3,6.812499897980997
15037,8474,4,7.947368268910979
15037,8781,4,8.039999852240975
15037,9731,4,7.9607841160890676
