user_id,book_id,rating,predict
15211,6075,4,8.29999982316254
15211,7583,4,8.249999200971917
15211,7687,4,8.659090451914523
15211,8040,5,8.276595260001534
15211,8050,4,8.137254477846987
