user_id,book_id,rating,predict
15505,4272,4,3.75
15505,4756,1,6.749999861910847
15505,6306,3,6.468085000816891
15505,6324,2,6.173912966684321
