user_id,book_id,rating,predict
15564,6162,3,8.999999453008357
15564,6540,4,7.399999662097912
15564,7156,4,8.117646937748674
15564,7393,4,8.916665615323307
