user_id,book_id,rating,predict
1557,4732,4,7.1666651106512855
1557,5427,5,7.142856614465352
1557,8032,3,6.581817546834286
