user_id,book_id,rating,predict
15642,683,2,4.666666493977721
15642,1063,2,6.166666308050262
15642,1097,3,7.848484032464998
15642,1115,2,6.538461104149966
15642,1408,4,6.976189732510811
15642,1414,2,5.410255990090282
15642,1436,2,7.15789451496766
15642,1459,2,6.540540125534338
15642,1532,3,6.499999856749229
15642,1579,3,6.521738887535804
15642,1842,4,6.558823402372738
15642,3119,2,5.999999802459591
15642,3283,3,7.4999997451565115
15642,5355,3,3.999999679550354
15642,8540,3,6.283780275318405
