user_id,book_id,rating,predict
15846,3839,5,9.222221908886443
15846,5547,5,9.142856627360192
15846,5749,5,9.142856850130675
15846,6048,5,3.6
15846,6513,5,9.411764478992954
