user_id,book_id,rating,predict
1599,3571,3,7.083333126838541
1599,5475,4,3.5384615384615383
1599,6658,4,7.0555553586024935
1599,6667,3,6.266666518031962
1599,6861,3,6.849998130277006
1599,7957,4,8.068181508804646
1599,8040,3,6.276595478988544
