user_id,book_id,rating,predict
16048,3448,5,3.4
16048,4287,2,4.0
16048,4919,2,5.833332639243752
16048,4990,3,6.363635501879278
