user_id,book_id,rating,predict
16373,1180,5,3.5
16373,4615,4,7.833332737053663
16373,4616,3,8.777777447716687
16373,5174,5,3.75
16373,6344,3,8.88888814267679
16373,6975,5,7.714285149284722
16373,7206,3,8.826085862921062
16373,7624,5,8.093017207548776
16373,7631,5,8.88235275927367
16373,7676,5,9.081080300799469
16373,7939,5,4.333333333333333
16373,7982,4,7.057142431452023
16373,8595,5,4.246153846153846
16373,8649,5,8.885713651217959
16373,8860,4,6.729729642980576
16373,9155,4,8.721311026226466
16373,9216,4,9.035714147661988
16373,9330,5,8.933333162350568
16373,9493,4,6.722222079486215
16373,9539,4,4.129032258064516
