user_id,book_id,rating,predict
16460,1298,3,7.133333244958081
16460,1351,3,7.111111018120329
16460,1420,5,4.190476190476191
16460,4399,4,3.4285714285714284
16460,5440,4,7.799999660478511
16460,5870,5,6.899946444848602
16460,6308,5,9.18749923684107
16460,6997,5,9.170209171138328
16460,7919,4,4.108108108108108
16460,8643,4,8.047617287527698
16460,9061,4,3.9038461538461537
16460,9636,4,6.749999093660494
