user_id,book_id,rating,predict
16533,4995,3,3.5714285714285716
16533,5570,3,8.333332777343596
16533,6465,5,8.909090142582851
16533,7143,4,6.7058820702815405
16533,8921,4,8.199998716220769
16533,9082,5,8.792205518209883
16533,9217,5,8.826086416584387
