user_id,book_id,rating,predict
16701,4981,4,9.230767004598158
16701,5754,4,4.166666666666667
16701,6524,5,6.9090626415778775
