user_id,book_id,rating,predict
16958,1197,5,9.035713078327351
16958,1453,3,9.15872922983161
16958,1512,4,7.127272128152358
16958,2672,5,7.199999291384917
16958,3694,5,8.181815741465174
16958,6710,5,7.4583319404718385
16958,7452,3,6.4999991880402455
16958,9505,5,4.119402985074627
