user_id,book_id,rating,predict
17227,4152,4,4.125
17227,5041,4,3.5
17227,6604,3,7.416665810969537
17227,6738,5,4.157894736842105
17227,6822,4,7.571361849738023
17227,7681,4,6.5454528239319165
17227,7748,3,6.919999262662216
17227,8652,4,3.909090909090909
17227,9116,3,6.921568463884306
