user_id,book_id,rating,predict
17262,4903,4,3.1666666666666665
17262,5428,3,6.999994763822612
17262,5714,4,7.999999433166756
17262,6015,4,3.230769230769231
17262,7120,4,9.346152877186931
17262,7237,4,7.933331553341225
17262,7446,5,9.133332948381733
