user_id,book_id,rating,predict
17430,1183,4,4.333333333333333
17430,6444,4,4.411764705882353
17430,7217,4,4.433333333333334
