user_id,book_id,rating,predict
17450,787,4,2.0
17450,896,5,2.0
17450,1313,4,8.499998100466517
17450,1324,4,3.75
17450,1582,4,7.894735630913755
17450,1678,5,8.968748890946323
17450,1833,5,9.414632149477193
17450,1843,4,7.849999286142239
17450,1867,3,7.411763958728848
17450,1927,3,7.96774133757597
17450,1961,4,7.785713653387168
17450,1978,3,8.918918302177493
17450,2029,4,7.4067784764984435
17450,2115,5,7.999999061240415
17450,2302,1,7.0476179537405255
17450,2346,5,8.28571397772852
17450,2359,5,7.491524994980519
17450,2510,3,7.594593397487627
17450,2534,3,7.826665627315083
17450,2592,5,8.962263512329873
17450,2950,4,8.01724034722143
17450,3007,3,8.369862515392668
17450,3033,5,8.33846055400452
17450,3219,5,7.359999154642541
17450,3390,4,9.15384511588057
17450,3811,5,8.911108709342491
17450,3856,4,7.460673382731754
17450,3963,5,9.10810766153016
17450,3997,5,7.3432829399920045
17450,4309,4,8.76470503668039
17450,4347,4,8.769230290128354
17450,4544,5,9.222221337449088
17450,4660,5,9.131867748138923
17450,4793,5,8.274724452437262
17450,4904,4,9.145832538985253
17450,4971,5,9.416666406417054
