user_id,book_id,rating,predict
1757,3839,5,8.222221971553598
1757,5112,4,8.4285712334254
1757,5449,5,8.874994536482314
1757,5547,4,8.142856730459583
1757,5749,3,8.142856908675968
1757,6667,4,8.266666587308778
1757,7796,3,7.184205566258783
1757,8032,3,6.581816969560421
