user_id,book_id,rating,predict
1760,7606,3,7.826922961806369
1760,7715,3,6.915253900013522
