user_id,book_id,rating,predict
17685,5453,5,4.3
17685,5968,4,8.222220203115095
17685,6643,5,4.083333333333333
