user_id,book_id,rating,predict
17872,4210,4,8.74999975856036
17872,5254,4,4.0
17872,7627,3,8.166665083686127
17872,7788,3,6.461537721512839
17872,8081,3,7.893615296709193
17872,8569,2,8.63491917019881
17872,9234,3,6.2142856498360945
17872,9277,4,6.714284885021632
