user_id,book_id,rating,predict
17911,6904,2,8.83999863329483
17911,7815,3,6.969696711538862
17911,7877,2,6.147540920152329
17911,7936,4,6.932202962886714
