user_id,book_id,rating,predict
18392,5334,3,3.5833333333333335
18392,7399,1,5.228570901853721
18392,7796,3,8.184203555472923
18392,8134,2,8.764705620273677
18392,8648,5,8.479999070814829
