user_id,book_id,rating,predict
18444,4831,5,4.5
18444,5136,4,8.28571405827352
18444,5757,5,7.91666644058388
18444,6747,5,4.0
18444,6792,4,7.333333179667563
18444,7020,4,8.769230165820794
18444,7502,5,8.305555331754057
18444,7927,4,7.690475694470464
18444,9056,5,7.559999005723874
