user_id,book_id,rating,predict
18850,4835,5,9.199985863018718
18850,5130,5,8.181817634024231
