user_id,book_id,rating,predict
18981,5131,4,9.166665636100905
18981,5720,5,8.999999605776296
18981,6803,5,8.384615119813112
18981,6900,4,8.973683397422642
18981,6974,5,8.838709383859797
18981,7415,5,8.09523794870831
