user_id,book_id,rating,predict
19209,1270,5,6.837208640132876
19209,1282,5,6.606057972693032
19209,1397,4,8.249999732763785
19209,1657,5,6.862068047174832
19209,1764,4,7.815777700676084
19209,1914,5,8.708330813787168
19209,2002,5,8.069766058373595
19209,2452,3,7.692307448972564
19209,2489,3,8.70370357126701
19209,6083,5,9.49999951386675
19209,7187,4,8.239998261117046
19209,7919,5,8.108106029814063
