user_id,book_id,rating,predict
19205,6392,5,4.578947368421052
19205,6426,5,9.170728907982173
