user_id,book_id,rating,predict
19354,470,5,7.66666473287899
19354,537,5,6.771428174366629
19354,619,4,6.964285354658328
19354,630,5,3.9
19354,680,4,7.869564706816591
19354,920,4,6.291664020630402
19354,969,4,7.833332911796447
19354,1035,4,8.94545426363185
19354,1046,3,8.791659138225677
19354,2082,5,4.0
19354,2166,5,5.0
19354,2336,5,3.0
19354,2505,4,4.5
19354,3603,4,4.25
19354,5702,4,3.7837837837837838
19354,6363,4,7.853657475706662
19354,6463,5,3.8823529411764706
19354,6487,5,4.166666666666667
19354,6653,3,7.3076916992121905
19354,6937,5,3.980392156862745
19354,7111,3,8.850744920139746
19354,8406,3,8.682925196125705
