user_id,book_id,rating,predict
19452,4615,4,6.8333326254135605
19452,4787,2,3.0
19452,4875,4,6.44444430069017
19452,5459,5,8.49999881783375
19452,5868,4,4.166666666666667
19452,6116,3,6.866661807023943
19452,6275,2,4.117647058823529
19452,6538,3,6.799999501784489
19452,6646,4,6.655172017185776
