user_id,book_id,rating,predict
19502,2167,4,7.547618303095623
19502,2533,2,6.957446589129857
19502,2587,3,6.978493448625305
19502,2629,4,7.301074809314551
19502,3189,3,7.211110178841314
19502,3241,5,7.536841879251675
19502,3318,3,6.894735174909808
19502,5954,5,8.333329640329293
19502,6207,2,6.499999619963881
19502,6865,2,3.28
