user_id,book_id,rating,predict
19539,6511,2,8.075469013211723
19539,6964,3,6.406246701031274
19539,7595,5,9.208332187991392
