user_id,book_id,rating,predict
19689,3012,3,7.333332073762442
19689,5868,3,4.166666666666667
19689,6090,4,3.25
19689,7297,3,4.321428571428571
19689,7726,4,7.30434670916582
19689,7896,5,7.699998645110927
19689,7989,5,7.032253841348725
19689,8184,5,4.0638297872340425
19689,9736,5,6.679486169713088
19689,9840,4,6.18055478328045
