user_id,book_id,rating,predict
19878,1551,3,6.6190473073195655
19878,1594,3,7.604645682770544
19878,2216,2,6.4772724201777
19878,2273,2,5.788885660075821
19878,4451,4,3.7142857142857144
