user_id,book_id,rating,predict
19922,3023,5,8.817072223151854
19922,3474,4,9.093020771411865
19922,3697,3,8.20987453129779
19922,5307,5,7.499998119756551
19922,6405,4,3.5555555555555554
19922,6673,3,3.909090909090909
19922,8930,4,3.8904109589041096
19922,9499,5,9.029411527078741
19922,9658,5,9.079999757631713
