user_id,book_id,rating,predict
20339,2749,5,5.304345912831302
20339,4045,3,6.0967163049614275
20339,4991,4,5.311110406954494
