user_id,book_id,rating,predict
2106,6420,5,8.945945029684953
2106,6619,4,8.29411721578169
2106,7492,3,8.6764691884279
