user_id,book_id,rating,predict
213,1988,3,6.972221821625834
213,3867,3,3.6666666666666665
213,4834,4,3.75
213,6413,3,7.916665168700886
213,6450,3,3.5714285714285716
213,6471,2,3.5714285714285716
213,6491,2,7.357141561715329
213,7612,4,9.042417207333525
213,7944,4,5.456520102059947
213,8061,2,8.326530309050227
213,8384,3,6.65999899492863
213,8655,3,7.516128075116788
213,8676,4,8.564511912815043
213,9064,3,6.733326938470703
213,9651,3,5.772151517455794
