user_id,book_id,rating,predict
21399,5724,4,8.789472584034344
21399,7220,5,8.80555529857326
