user_id,book_id,rating,predict
21523,4189,3,4.25
21523,4784,4,3.0
21523,6024,4,7.833332638666516
21523,7140,4,7.5555547033288235
21523,7390,5,7.774170038756694
