user_id,book_id,rating,predict
21551,3587,4,6.749997449825978
21551,7068,3,9.357140034214222
21551,7269,4,4.172413793103448
21551,7559,4,8.911108410014442
