user_id,book_id,rating,predict
21606,4495,5,8.794116846896793
21606,4668,3,7.874999354754866
