user_id,book_id,rating,predict
21700,1732,5,9.037733673041634
21700,1738,5,8.999998776928892
21700,2200,5,8.780487716263544
21700,2391,5,8.790697535877626
21700,2427,5,8.815217309164577
21700,2477,5,8.74193537142263
21700,2531,5,8.670329579731304
21700,2565,5,7.116278509993362
21700,6164,5,4.0
21700,6297,4,7.9333326601234795
21700,6647,5,9.333332748220595
21700,6972,5,8.666630658122706
21700,7417,5,4.105263157894737
21700,7514,5,8.789471706809378
21700,8546,5,9.02856800637895
21700,8585,5,8.886791586348592
21700,9490,5,9.016393130756112
21700,9509,4,8.79032219338945
21700,9974,5,8.980767985409422
