user_id,book_id,rating,predict
21758,6192,5,8.666664486426633
21758,6422,5,6.8181815403245825
21758,7065,5,8.666666277481891
21758,7289,5,7.789473483445445
21758,7675,5,8.874999744588715
21758,7825,4,8.95454526127201
21758,8254,5,7.687499278805114
