user_id,book_id,rating,predict
21868,4119,4,4.0
21868,5258,4,7.428570720796547
21868,5269,5,7.874999879124829
21868,5690,4,4.111111111111111
21868,6220,5,7.999999324328606
21868,6898,4,9.102561857881827
