user_id,book_id,rating,predict
22018,4649,4,8.833332844318413
22018,4811,4,4.4
22018,6006,4,9.249998762374098
22018,6084,5,8.818181203156058
22018,6922,5,7.8499990330880856
22018,7071,4,7.454539486044299
