user_id,book_id,rating,predict
22101,1098,4,8.974357368232699
22101,2019,4,7.406249756533047
22101,3624,4,7.499998642793985
22101,4207,4,7.333332837157904
22101,5441,3,8.58823349683681
22101,5622,3,7.785711710923932
22101,5633,4,7.863634979039659
22101,5771,4,7.899999844905109
22101,6562,4,8.088888562684124
22101,7601,4,7.8965504845013275
22101,8143,4,6.749999783265741
22101,8465,4,7.977777529145433
22101,8884,5,6.745761706888423
22101,9449,3,8.581080501098352
22101,9475,4,8.774647118750558
