user_id,book_id,rating,predict
22193,5983,2,4.944426899942255
22193,6240,1,4.2105263157894735
