user_id,book_id,rating,predict
22235,735,4,8.37499832018235
22235,858,5,4.0
22235,985,5,7.260868596901966
22235,1001,4,4.0
22235,1029,5,8.478260398069429
22235,1182,3,7.666665825729519
22235,1263,3,7.3999992995426584
22235,1341,5,8.157893906099458
22235,1345,4,3.8846153846153846
22235,1358,4,9.249998991992497
22235,1380,4,8.57142537676356
22235,1485,4,7.31249793125334
22235,1543,3,6.499998942144025
22235,1607,5,4.0
22235,1660,4,6.799999788352117
22235,1674,4,7.578947178566059
22235,1731,3,8.882352190450634
22235,1770,4,7.7692302875661525
22235,1808,4,9.235293440413017
22235,1873,2,8.291663582832319
22235,1876,4,7.906249701137092
22235,1982,4,6.405796777414309
22235,1988,4,8.972219825914912
22235,2117,4,7.637930258238473
22235,2244,5,8.638554114945348
22235,2300,5,8.040540188322698
22235,2497,4,7.8717947629605804
22235,2538,5,7.118420332799168
22235,2574,4,7.7435896233027135
22235,2636,5,8.387499224636262
22235,2637,4,7.072463125618169
