user_id,book_id,rating,predict
2247,4879,4,3.142857142857143
2247,6679,4,3.375
2247,7357,3,6.866657166770562
2247,7382,4,3.75
