user_id,book_id,rating,predict
2295,4482,4,3.3333333333333335
2295,7165,3,6.874998631143637
