user_id,book_id,rating,predict
22963,2434,3,3.5
22963,3629,3,7.909089834825991
22963,3917,3,7.733332067483131
