user_id,book_id,rating,predict
23047,1805,5,8.803278517489687
23047,1971,4,8.434781538974669
23047,2050,5,8.839999898974465
23047,2894,5,4.8
23047,3637,4,8.166666334491357
23047,3842,3,6.749999737187717
23047,6387,5,9.03333272419848
23047,7600,2,5.937499943691119
23047,8208,5,9.20588213201928
23047,8398,4,6.6428565867109715
