user_id,book_id,rating,predict
23127,5575,4,3.1666666666666665
23127,8177,3,6.907407333235621
