user_id,book_id,rating,predict
23222,2258,4,3.0
23222,3103,4,4.428570944259647
23222,3191,5,8.299999245491254
23222,3415,5,5.466666394255387
23222,4770,4,4.25
23222,5249,4,9.71428380260639
23222,5442,3,7.874998319113523
23222,5753,5,6.142855332491882
23222,5897,5,3.409090909090909
23222,6008,3,4.736841825742432
23222,6077,4,8.428570297015312
23222,6207,4,7.499999493285174
23222,7271,5,8.624999071839849
23222,7368,4,9.259257692722358
23222,7421,5,7.9791654058847845
