user_id,book_id,rating,predict
23254,3235,4,3.7
23254,4346,4,4.333333333333333
23254,6157,3,3.4705882352941178
