user_id,book_id,rating,predict
23354,8495,5,9.40540521900963
23354,8970,3,8.578947124329966
