user_id,book_id,rating,predict
23419,4210,5,9.749999698200451
23419,4649,3,7.833332805073446
23419,6084,3,8.818181127332636
23419,6282,2,6.499998097939333
23419,6979,3,3.892857142857143
23419,7753,3,7.357142195236876
23419,7850,5,8.58333306255635
23419,8032,2,7.5818160576593625
23419,8585,3,6.886791932941231
23419,8648,5,6.479999873208078
23419,9045,4,7.999999772173185
23419,9124,5,8.272726908720003
23419,9151,3,8.857142296296965
23419,9383,3,8.781249351100815
23419,9702,2,7.836062844730588
