user_id,book_id,rating,predict
23510,6081,4,3.8947368421052633
23510,6412,3,7.999998773623572
23510,9035,5,7.347221815945087
