user_id,book_id,rating,predict
23589,702,5,7.63634351853493
23589,886,4,9.249997349005389
23589,1001,3,7.999999292439895
23589,1050,5,8.124995319019249
23589,1328,5,7.9615375714387735
23589,1358,4,8.249999627183524
23589,1395,3,7.477271842597914
23589,1405,3,6.941143470473934
23589,1442,4,7.4222196855796465
23589,1512,3,7.127271946053359
23589,1534,4,7.166638335476614
23589,1587,5,8.714281630631433
23589,1729,4,6.729728819193169
23589,1813,3,7.931033721693089
23589,1816,3,6.824998813825291
23589,1831,4,5.347825882220648
23589,1898,5,8.166666071900657
23589,2014,2,7.782605864393275
23589,2048,3,7.767440706165493
23589,2180,4,5.555555320928136
23589,2189,3,7.87234007676672
23589,2393,3,7.6666665658181445
23589,2481,3,6.999999520791958
23589,2525,2,7.666666435369801
23589,2768,2,7.648648353013151
23589,2853,4,7.829544917104068
23589,2899,4,7.5909084586690225
23589,3003,2,7.653844915562667
23589,3013,4,7.902438426406157
23589,3070,3,6.055554925622622
23589,3394,3,7.7613635095298825
