user_id,book_id,rating,predict
23604,2225,5,8.61016874600875
23604,2494,5,8.266664279511147
23604,2504,5,9.01298617212252
23604,2851,5,4.857142769809917
23604,3248,5,9.666665840688733
23604,5580,5,9.333333050980375
23604,5976,5,9.285713598260347
23604,7292,5,7.961526016850209
23604,7422,5,8.837165759935756
23604,8112,5,5.229507542475802
23604,8619,5,4.416666666666667
23604,8978,5,9.785712932932915
23604,8998,5,8.934780265278803
