user_id,book_id,rating,predict
23686,8429,3,6.7611931210323934
23686,8913,4,7.171402549999922
