user_id,book_id,rating,predict
23784,2064,4,9.314814084268338
23784,3181,5,3.75
23784,3636,1,3.1666666666666665
23784,5520,3,3.6
23784,6746,2,3.823529411764706
23784,6829,5,8.59999858057261
23784,7850,4,7.583325656672159
23784,7905,4,8.779992776013465
23784,7953,5,3.64
23784,9495,5,8.23809334702924
