user_id,book_id,rating,predict
23858,4573,2,5.0
23858,4648,3,7.857142578324272
23858,4954,1,3.4
23858,5131,5,8.16666628256727
23858,5597,3,3.8181818181818183
23858,6421,1,6.6538450329100325
