user_id,book_id,rating,predict
24073,1016,5,6.999999707665973
24073,1140,5,8.759999655276438
24073,1257,5,8.909090029174397
24073,1437,5,9.068181729134125
24073,1541,5,8.854545340431876
24073,1799,5,9.015151061544747
24073,1829,5,8.899999222266015
24073,1848,5,8.51999954537098
24073,1871,5,8.076920007966711
24073,4870,5,3.857142857142857
24073,5396,5,4.833333333333333
24073,7267,5,8.312499632382313
24073,7706,5,3.65625
24073,8231,5,3.5416666666666665
24073,8412,5,4.066666666666666
