user_id,book_id,rating,predict
24291,2325,5,7.199999444925023
24291,3915,5,5.142856834277929
24291,5838,4,7.199999636636806
24291,6630,4,3.736842105263158
24291,7422,3,7.837208600276703
24291,9461,5,7.799967454657633
