user_id,book_id,rating,predict
24364,6680,4,8.409089912457546
24364,8088,4,8.789471744138625
24364,8330,5,5.650793188048006
24364,8610,5,8.468085037640357
