user_id,book_id,rating,predict
24565,4199,4,6.749999627331063
24565,4210,4,8.749999617134165
24565,4569,3,3.3333333333333335
24565,4824,4,3.8333333333333335
24565,5762,3,3.75
24565,5846,2,6.782608213394346
24565,6048,3,3.6
24565,7413,4,4.28
