user_id,book_id,rating,predict
24638,3248,5,9.66666542151135
24638,3415,5,7.46666626458096
24638,5053,4,8.961526005942321
24638,5516,4,3.7333333333333334
24638,5535,4,8.599998836459639
24638,6285,5,6.812498676531531
24638,7588,4,8.576270409884382
24638,7943,4,8.891891049578168
24638,8548,5,9.599994981963203
