user_id,book_id,rating,predict
24688,7175,5,8.454545031642262
24688,8681,5,4.111111111111111
