user_id,book_id,rating,predict
24832,4615,1,2.8333333333333335
24832,4910,2,8.599999801116754
24832,5065,3,6.599999537820995
24832,5375,3,8.24997955178397
24832,6019,4,3.869565217391304
24832,6117,3,7.999984731545773
24832,6162,3,7.99999969266344
24832,6344,3,8.88888785872179
24832,6352,4,7.9230713714893035
24832,7301,4,6.512194971305334
24832,7442,4,6.895833253887503
24832,7474,3,8.058822907628468
