user_id,book_id,rating,predict
25124,4449,4,8.428570307159937
25124,4573,3,5.0
25124,5267,5,6.833333006015636
25124,5353,4,7.99999676805102
25124,5724,4,6.789473302384984
25124,6141,5,4.416666666666667
25124,6783,3,6.44444440358908
25124,6794,5,9.09999916619817
25124,6801,4,7.749999763288557
25124,6859,5,8.928571208990968
25124,7144,2,7.813951889119849
