user_id,book_id,rating,predict
25262,7661,3,9.35849016835071
25262,8555,4,8.185714185852262
