user_id,book_id,rating,predict
25665,1820,3,6.666666537080317
25665,2265,3,6.882352870483533
25665,5551,5,3.75
25665,6565,4,8.653839248509565
25665,7077,3,3.6666666666666665
25665,7901,3,6.904761664988589
