user_id,book_id,rating,predict
25752,7176,5,3.6666666666666665
25752,7735,4,8.1052628128344
