user_id,book_id,rating,predict
25895,1401,3,6.938775083400578
25895,1620,3,6.0666658863420615
25895,1798,5,6.703702551223953
25895,1810,1,6.8219163180897215
25895,2024,3,5.0
25895,4493,4,3.2
25895,6808,2,7.399999614395817
25895,8239,3,7.804346324107761
25895,9296,3,7.9746819025316675
25895,9887,3,7.626863207414603
