user_id,book_id,rating,predict
26250,1116,1,3.5625
26250,3525,4,7.604159364171145
26250,4326,5,8.684781194623952
26250,8388,5,8.888888756151168
