user_id,book_id,rating,predict
26328,4342,4,8.499999211257192
26328,4633,4,7.1999990717978335
26328,5441,3,6.588234536450559
26328,5480,3,7.684209491730702
26328,6189,4,7.999998494179605
26328,6755,4,6.749999136219185
