user_id,book_id,rating,predict
26357,2070,5,3.3333333333333335
26357,4766,3,4.1
26357,5974,3,8.05263082823633
