user_id,book_id,rating,predict
26595,5021,5,8.909090613444297
26595,5264,3,7.5454535188689
26595,6075,5,9.299998247428293
26595,6208,5,9.363635856761316
26595,7159,5,8.954545185321164
26595,7203,5,9.687499671738351
26595,7583,5,8.249999885139193
26595,7721,5,8.899997691406911
26595,7959,5,8.709081307609079
26595,8058,5,9.239130264575092
26595,8110,5,9.39285693800734
26595,8770,5,9.079999899890495
