user_id,book_id,rating,predict
27040,7492,4,7.676469877199823
27040,9227,5,7.987012522340447
