user_id,book_id,rating,predict
27135,7955,2,1.0469512239374978e-06
27135,8480,1,6.194803076644062
