user_id,book_id,rating,predict
27359,6519,4,7.812498956704429
27359,7065,4,7.666666190170334
27359,7289,4,7.789473483445445
27359,8644,3,7.819999400571491
27359,8710,4,6.849999860582006
