user_id,book_id,rating,predict
274,649,5,5.0
274,775,4,8.749992627618099
274,958,5,5.0
274,1082,3,8.566660293083617
274,1187,5,8.93748488858701
274,1239,3,7.882350709204971
274,1282,4,8.606059892740971
274,1344,4,8.93939248562439
274,1613,5,7.7037023749564355
274,1938,5,3.5
274,2002,5,9.06976638509725
274,2018,4,8.09259149015234
274,2027,5,8.921567689433244
274,2097,5,7.854165341261835
274,2496,4,8.059699096280273
274,2535,5,9.243900779964147
274,2643,5,8.965514518448822
274,2914,4,8.716215020167896
274,2926,5,8.876402218265635
274,2969,3,9.07499871527654
274,3085,5,9.119044291120911
274,3127,5,9.08474527586453
274,3294,5,8.115788028189604
274,3311,5,9.016664634867544
274,3388,5,8.876922215434675
274,3523,5,9.094593793175239
274,3613,4,8.049999480797513
274,3708,4,8.333332946044726
274,3722,5,8.374997684368475
274,3739,5,8.999999258982449
274,3785,5,4.0476190476190474
274,4103,5,7.863634701323799
