user_id,book_id,rating,predict
27488,683,3,5.666666402122885
27488,716,2,6.899999758269039
27488,784,3,7.749999764325656
27488,787,3,2.0
27488,1330,4,7.047618576801972
27488,1440,4,7.8888881992850175
27488,4252,3,3.8333333333333335
27488,5008,5,6.999999558780351
27488,7001,4,3.6666666666666665
27488,8659,4,6.807690995385575
27488,8675,4,4.176470588235294
