user_id,book_id,rating,predict
27618,1100,4,4.0
27618,1735,5,7.297871231004814
27618,2075,3,5.476187085840839
27618,2387,5,6.857142477782918
27618,2482,3,6.0724634189788125
27618,2515,5,8.870967570973644
27618,2823,3,6.979999882692019
27618,8090,4,8.482757937473751
27618,8464,3,7.106382515263084
27618,9827,3,6.949364095785266
