user_id,book_id,rating,predict
27845,4740,4,4.0
27845,8105,3,3.9107142857142856
27845,8600,3,6.754384537409516
27845,8809,3,7.666664223348044
27845,9651,4,7.772150438702439
