user_id,book_id,rating,predict
28106,7409,5,4.444444444444445
28106,8470,5,4.166666666666667
