user_id,book_id,rating,predict
28282,6341,4,6.761903107011104
28282,6533,3,6.119999861644061
28282,7293,4,7.74358938106963
28282,8150,4,7.573770288665223
28282,8199,3,6.339285590947417
28282,8281,4,5.690475945012062
