user_id,book_id,rating,predict
28351,3463,5,9.279569786061497
28351,3494,5,8.891303754276368
28351,3819,5,9.260869463519516
28351,4305,2,9.347367999754628
28351,7065,4,7.6666663553188465
28351,7289,4,7.789473483445445
28351,7371,5,8.749998778426441
28351,8254,4,7.687499278805114
28351,8710,5,7.849999060515877
28351,8796,5,9.032257692996883
28351,8994,4,7.725805991075486
28351,9635,5,8.969229229316074
