user_id,book_id,rating,predict
28377,1240,5,9.529410892729981
28377,1309,4,6.809523366770276
28377,1335,5,8.269225667805554
28377,1790,4,7.444441645332002
28377,2145,3,7.661763389680995
28377,2203,5,6.818181624556791
28377,2241,4,7.728813117790219
28377,2268,3,8.895832810225569
28377,2298,5,6.749999060965951
28377,3230,5,5.0
28377,5119,2,7.09999842677304
28377,5714,5,8.999999521974772
28377,7517,5,9.15555500914494
28377,9313,4,7.942028331131155
28377,9398,4,5.824560257929672
