user_id,book_id,rating,predict
28584,2572,5,3.375
28584,3203,4,4.125
28584,4186,5,9.033333117259703
28584,5268,5,8.023809391071168
