user_id,book_id,rating,predict
29005,536,5,6.499999810582515
29005,991,4,8.049999503135998
29005,1002,4,8.086956269051107
29005,1054,3,7.77777752627426
29005,1092,4,8.11111075151954
29005,1341,5,9.157894193858736
29005,1353,4,8.421052374307816
29005,1366,4,6.818181518465831
29005,1442,5,7.4222215562590295
29005,1543,4,7.499999785523894
29005,1596,4,6.999999844332548
29005,5360,4,8.124999119388276
29005,7560,4,6.9199983361556185
29005,9833,4,8.716411652682789
29005,9849,4,8.158722997413427
