user_id,book_id,rating,predict
29017,1045,4,4.032258064516129
29017,1716,3,4.037037037037037
29017,2249,4,7.3823516958207245
29017,3391,2,5.537633902324183
29017,3458,4,6.666665651115732
29017,7241,2,4.894736727132195
29017,7549,3,6.812499897980997
29017,7609,4,3.5588235294117645
29017,8763,2,5.3584903085518505
29017,9179,3,3.484848484848485
29017,9390,4,5.621211683927516
29017,9622,3,6.6315787974670375
29017,9911,3,6.999999637462574
