user_id,book_id,rating,predict
29324,6900,4,3.973684210526316
29324,7682,3,6.925924623740535
