user_id,book_id,rating,predict
29383,5211,5,3.5
29383,6285,4,3.8125
29383,6351,4,7.777774871528495
29383,6746,4,8.823524932029752
29383,7001,5,8.66664895602799
