user_id,book_id,rating,predict
29426,3773,5,6.549448702686004
29426,4391,3,3.1649484536082473
