user_id,book_id,rating,predict
29742,4501,5,9.421052290147415
29742,6663,5,9.14999750814414
