user_id,book_id,rating,predict
29776,220,4,2.0
29776,469,4,4.0
29776,732,3,3.5
29776,913,3,4.142857142857143
29776,1293,5,8.999997296004526
29776,1639,2,8.499999231611767
29776,2744,4,4.0
29776,4136,4,8.399999264070878
29776,5657,3,9.09999631343095
29776,6959,4,7.33333300332559
29776,8048,4,8.074071239467795
29776,9383,5,8.781249351100815
