user_id,book_id,rating,predict
30145,4676,2,4.9206348352959735
30145,7114,2,4.506023355485439
