user_id,book_id,rating,predict
30212,4811,5,4.4
30212,6264,5,4.0
30212,7476,3,8.789470568916528
30212,8081,4,6.893601403314886
30212,8174,5,4.224489795918367
30212,8272,5,8.979997479590129
30212,9398,5,8.824559260428103
