user_id,book_id,rating,predict
30231,6372,4,0.3333346738934102
30231,7167,4,8.045454401322653
30231,7613,4,4.2
