user_id,book_id,rating,predict
30781,5631,4,3.8461538461538463
30781,5917,4,3.4814814814814814
