user_id,book_id,rating,predict
30914,8122,5,3.5714285714285716
30914,8346,5,3.736842105263158
30914,9437,5,6.826084471129601
30914,9585,4,6.962962844919563
30914,9613,4,7.90241656057283
