user_id,book_id,rating,predict
31134,1917,4,6.416666182042436
31134,2268,3,7.895832625286399
31134,2418,3,6.915492369569719
31134,4870,3,3.857142857142857
31134,7650,3,3.575
31134,7808,4,6.29629487081475
31134,8207,3,3.41025641025641
