user_id,book_id,rating,predict
31303,619,5,6.964285247075223
31303,2223,3,6.631578202575487
31303,2268,3,6.8958324440800975
31303,2651,4,8.164178533994178
31303,2670,3,6.776118802294053
31303,2727,3,6.9418594395350235
31303,4519,3,6.999995361733738
31303,5035,4,8.499998718131842
31303,6664,3,7.199995235255402
31303,7147,3,6.888837625711861
31303,7245,4,8.148147814363465
