user_id,book_id,rating,predict
31558,5373,3,6.24137867543177
31558,7000,5,8.659998774301542
31558,8263,3,6.197182248488462
