user_id,book_id,rating,predict
31902,3415,5,4.466666666666667
31902,3721,5,7.111110906459077
31902,4814,4,4.166666666666667
31902,4934,5,8.299999470393349
31902,5432,4,4.05
