user_id,book_id,rating,predict
31937,7483,4,8.131578822592237
31937,9316,4,8.065789403699874
