user_id,book_id,rating,predict
31962,1793,2,2.0
31962,3409,3,7.666664794653723
31962,5525,4,7.099999829180502
31962,6200,3,6.999999696599646
31962,6306,4,7.468084965157388
