user_id,book_id,rating,predict
32099,7493,4,3.875
32099,7784,4,7.909089268092842
32099,9058,3,8.359372719455319
