user_id,book_id,rating,predict
32130,2966,3,4.0
32130,4115,4,4.6
32130,4984,3,8.222221780227631
32130,5962,3,7.210524747850603
32130,6213,3,3.375
32130,6231,4,7.687499102379389
32130,6749,3,8.31818161766107
32130,8407,3,4.0
32130,8576,4,6.8947327964126375
