user_id,book_id,rating,predict
32140,1240,4,8.529410163093928
32140,1399,4,8.05882327899562
32140,1504,4,8.374997524883259
32140,1812,4,7.74999984729474
32140,2030,4,7.772726883662225
32140,2031,4,7.999999673745221
32140,2203,4,6.818181583366929
32140,2285,4,7.9629625039008065
32140,2311,4,7.911763865651036
32140,2397,4,8.42647031150047
32140,2453,4,7.851063426904075
32140,2730,4,7.963635796461128
32140,2754,4,7.833333059507497
32140,2789,4,6.761193783051466
32140,2811,4,7.840909034681649
32140,2823,4,7.9799998435893595
32140,6376,3,8.666665501064516
32140,7065,5,8.666666277481891
32140,7289,5,7.789473457972447
32140,7549,4,7.812499863974663
32140,8254,5,7.687499278805114
32140,8513,4,7.183331199243905
32140,9333,3,7.75925859864461
32140,9640,4,8.014704860704043
32140,9685,4,6.984847664108987
32140,9985,4,7.816665724869388
