user_id,book_id,rating,predict
32414,5111,4,3.25
32414,6897,4,7.090908823549907
32414,6904,3,6.839999676942119
32414,7051,4,7.166666279118012
32414,7196,4,8.045454174781067
32414,7764,5,7.879999683592917
32414,7815,2,6.969696711538862
