user_id,book_id,rating,predict
32448,3320,4,4.0
32448,4707,4,3.769230769230769
32448,7467,4,6.366664070608948
32448,7703,5,8.333331193096932
