user_id,book_id,rating,predict
32557,1425,3,7.804876631096973
32557,2358,3,7.650600427178155
32557,2627,4,9.20929422433931
32557,6429,5,4.166666666666667
