user_id,book_id,rating,predict
32596,1122,4,6.066666377323141
32596,1353,5,9.42105211006136
32596,3260,5,4.0
32596,3636,4,7.166661698113478
32596,5754,5,4.166666666666667
32596,6771,5,7.838708799113185
32596,6956,3,6.857141940832474
32596,7203,5,9.687499671738351
32596,7358,3,7.772725828102958
32596,7539,3,8.736840932042416
32596,7804,4,7.449999793116736
32596,8058,5,9.239130264575092
32596,8110,5,9.39285693800734
32596,8378,5,7.821427349967896
32596,8575,5,8.92982265543468
32596,8918,5,9.411764565972083
32596,8922,5,8.839999520491615
32596,9087,4,8.779409288516485
32596,9327,5,7.234372975269643
32596,9844,4,8.811593061282025
