user_id,book_id,rating,predict
32673,2682,3,7.189654810146537
32673,3295,2,7.741572607534279
32673,3474,4,8.093023027744115
32673,3483,4,7.207316790343546
32673,6855,3,7.6666660798141955
32673,8098,4,6.846153411601399
32673,9696,4,8.279410251323574
