user_id,book_id,rating,predict
32753,2108,4,4.1
32753,3335,5,3.0
32753,3734,5,4.172413793103448
32753,3896,3,6.749999801101298
32753,4694,2,6.818181416274588
32753,5593,3,3.7058823529411766
32753,5740,3,4.333333333333333
32753,7031,4,5.999997887501959
32753,7292,3,2.9615384615384617
