user_id,book_id,rating,predict
33101,4205,4,4.428571428571429
33101,4270,4,7.399998649812437
33101,4870,4,8.85714112108801
33101,5189,4,9.374999284181229
33101,6215,4,3.6666666666666665
33101,6272,4,8.869564878752868
33101,6354,5,9.034481277137253
33101,6688,3,7.846153204982375
33101,7090,4,7.799996489926185
