user_id,book_id,rating,predict
33143,4760,4,8.959182240536238
33143,4935,4,8.075471017322645
33143,6089,5,9.56362830474498
