user_id,book_id,rating,predict
33180,6241,3,4.3478260869565215
33180,7761,3,3.7111111111111112
