user_id,book_id,rating,predict
33261,6084,5,3.8181818181818183
33261,7292,5,7.961538269889141
