user_id,book_id,rating,predict
33298,702,5,3.6363636363636362
33298,775,3,7.749997949577287
33298,787,4,2.0
33298,900,4,7.8333330387761215
33298,1090,5,7.3999996792866165
33298,1177,5,3.765957446808511
33298,1224,5,7.666666382074597
33298,1236,5,8.333332475302015
33298,4119,5,4.0
33298,5027,4,8.545452261518387
33298,5274,5,9.499999399147871
33298,6219,5,9.24999844406993
33298,6857,4,8.270269280161973
33298,6997,4,8.170211635279745
33298,7271,5,6.62499697351769
33298,7392,4,7.179485649714133
33298,7770,5,8.729166224533863
