user_id,book_id,rating,predict
33380,1016,4,2.0
33380,1335,2,8.269229730464485
33380,1392,3,3.6666666666666665
33380,1831,4,7.347823130585882
33380,2262,5,7.95833256291962
33380,2269,3,8.882351634093414
33380,5632,3,3.25
33380,5671,2,2.875
33380,6352,4,7.923076679395341
33380,7325,3,6.90909026621574
33380,7788,4,7.461534178053791
33380,8995,4,8.622219317588165
33380,9086,3,7.645160729774414
33380,9653,2,7.644066601105566
