user_id,book_id,rating,predict
33402,5272,4,4.75
33402,5651,2,3.933333333333333
33402,6098,4,8.99999950946464
33402,6525,3,8.928571123556889
33402,6542,3,6.749999910725634
