user_id,book_id,rating,predict
33471,2794,5,9.080457895804326
33471,2963,5,9.163042098503933
33471,3392,5,4.166666666666667
33471,4068,5,8.955553265226536
33471,4453,5,9.082468501666078
33471,5571,5,4.03030303030303
33471,7982,5,4.057142857142857
33471,8009,5,8.99999947911866
33471,8083,5,9.363633442049336
33471,9399,5,4.117647058823529
