user_id,book_id,rating,predict
33537,1174,3,5.99999951362663
33537,1666,4,8.454542603762494
33537,1859,5,7.9374993507947185
33537,1873,3,6.291664973533208
33537,1920,2,8.627117083954314
33537,1969,3,7.660375246167666
33537,2063,4,7.810809835362095
33537,2085,3,7.5116271832903845
33537,2257,4,7.864864608225348
33537,2321,4,7.698411046537444
33537,2867,4,2.0
33537,8200,4,4.019230769230769
33537,8233,5,8.588231382475529
33537,8379,3,5.890623627298221
