user_id,book_id,rating,predict
33714,5009,2,3.5555555555555554
33714,8367,4,8.754714991796671
