user_id,book_id,rating,predict
33802,4735,3,3.5714285714285716
33802,6694,4,5.733333176406187
33802,7643,3,5.999999889835642
33802,7774,3,7.40384581409328
