user_id,book_id,rating,predict
33978,4262,3,4.25
33978,4518,5,9.19228794614498
33978,4702,5,7.941175867832529
