user_id,book_id,rating,predict
34192,2171,3,2.8
34192,4808,4,3.5
34192,6538,5,3.8
34192,6867,4,9.12068761458709
34192,6891,5,8.99999969234731
34192,7457,5,9.133332420977151
