user_id,book_id,rating,predict
34917,7051,5,7.166664954969185
34917,8967,4,7.2031225751976455
