user_id,book_id,rating,predict
34914,750,5,8.24999960261998
34914,1169,5,8.955555031148268
34914,1416,5,9.272727146142575
34914,1456,5,8.968747685637956
34914,1556,5,9.181817852890752
34914,1608,4,8.630768593371846
34914,1611,5,9.088886107240146
34914,1626,5,8.122448664284926
34914,1760,5,8.139999700380262
34914,1780,4,9.042856813319105
34914,5710,4,8.272727055018674
34914,5757,3,7.916666347307839
34914,7786,5,9.136363012829532
34914,8190,3,8.172412106669242
34914,9021,2,5.826086617826719
