user_id,book_id,rating,predict
3545,3828,5,3.5
3545,4055,3,4.0
3545,4388,5,4.0
3545,4670,4,3.8
3545,5311,5,8.333332819557679
3545,5935,4,4.0
3545,6405,4,5.555555391016741
3545,6559,3,6.799999194694492
