user_id,book_id,rating,predict
35557,4597,4,3.4285714285714284
35557,7884,5,7.173911909013161
35557,8529,4,8.03996531395579
35557,9431,5,7.910712290541595
