user_id,book_id,rating,predict
35620,776,4,4.0
35620,4597,5,6.428571155617499
35620,5399,5,8.374998110792774
35620,6057,4,4.4
35620,6337,3,8.904760783035092
35620,6467,4,4.0
35620,6885,5,3.4444444444444446
35620,7827,4,7.931815897488903
35620,8090,4,7.482757582625643
35620,8675,5,8.176466947250642
35620,9080,3,3.742857142857143
35620,9104,5,6.9272718628812875
