user_id,book_id,rating,predict
35732,5422,5,9.249998950800602
35732,5628,5,4.2727272727272725
35732,5656,3,6.07692259867094
35732,7979,3,8.104164766910362
35732,8362,5,9.544111878473526
35732,8499,4,8.628568179825322
35732,8582,5,8.77586078428227
