user_id,book_id,rating,predict
36054,5373,3,1.2413824115714052
36054,7114,2,8.506022672744486
