user_id,book_id,rating,predict
36808,6794,4,8.099999332958538
36808,6859,4,7.92857125290706
