user_id,book_id,rating,predict
36943,2790,3,4.0
36943,5180,4,9.133331324034678
36943,5521,4,9.333332584601614
36943,5607,4,8.999999471028259
36943,5664,4,8.470587930169465
36943,5702,4,8.783780190601432
36943,6471,3,6.571428264430244
36943,7612,3,9.042550403423888
36943,7625,4,6.999999867844608
36943,7675,5,7.874999893318829
