user_id,book_id,rating,predict
37228,6782,5,9.499996895315338
37228,8027,5,9.036362716688238
