user_id,book_id,rating,predict
37393,647,4,4.0
37393,940,4,3.75
37393,1063,4,7.1666664350418525
37393,1072,4,6.333332210089429
37393,1241,4,7.681815841970858
37393,1378,3,8.199996403552003
37393,1397,4,8.249994552336005
37393,1417,3,7.214273031046021
37393,1430,3,7.3076915770340936
37393,1436,3,6.157894570436271
37393,1662,5,3.95
37393,1884,4,7.068964259564806
37393,2136,3,6.962962343804843
37393,2202,4,6.894112082265327
37393,5355,3,4.999999035959343
37393,5918,4,6.142856867548541
37393,9084,4,3.913793103448276
