user_id,book_id,rating,predict
37919,1080,2,6.654545241786532
37919,1614,5,6.7777774903822925
37919,1720,4,8.788234839731963
37919,1919,4,6.428570898847505
37919,1965,4,6.941176328375936
37919,2112,3,7.065217040175751
37919,2161,4,7.2765954726606275
37919,2194,5,8.318680756865112
37919,2533,4,8.957446653536353
37919,9050,4,7.116664684515776
