user_id,book_id,rating,predict
37911,803,5,8.90322461730456
37911,810,4,9.229727447471497
37911,893,5,9.272725393615953
37911,1848,5,8.519998952925299
37911,2191,4,4.5
37911,2434,5,3.5
37911,4729,5,4.166666666666667
37911,6378,5,3.915492957746479
37911,8213,5,9.428566287393732
37911,8937,5,8.949150731855289
37911,8978,5,9.785710842852023
37911,9210,5,9.05262699034935
