user_id,book_id,rating,predict
38094,6269,5,8.699998798717502
38094,6689,5,8.899999304701508
38094,7064,5,8.904761418540462
38094,7533,5,9.124999838398548
38094,7536,5,9.226414992091762
38094,7718,5,9.242857051406206
38094,8076,5,9.361111009775875
