user_id,book_id,rating,predict
38282,5679,5,7.772726510676364
38282,6171,5,8.06249925468666
38282,6887,5,7.83333305858281
38282,6890,4,9.055555231104185
