user_id,book_id,rating,predict
38420,435,5,6.666666224816671
38420,1081,3,7.49999955670482
38420,1118,4,7.424999306719927
38420,1815,5,8.225697348977087
38420,1854,2,5.6999998613862575
38420,1911,5,8.883720077535884
38420,2207,5,8.721310830634128
38420,2211,2,8.473683266129441
38420,5701,5,4.277777777777778
38420,6090,4,6.249976632662101
38420,6328,2,3.5555555555555554
38420,6883,5,7.749998383812512
38420,8273,3,8.745757766988847
38420,9931,4,6.714280557525653
