user_id,book_id,rating,predict
38726,2886,4,3.6666666666666665
38726,5405,5,4.833333333333333
38726,6926,3,8.349998225983885
38726,7136,2,4.941176334583836
38726,7221,2,3.736842105263158
38726,7619,4,6.999999886583396
38726,7681,3,6.545454422023457
