user_id,book_id,rating,predict
38829,7846,5,9.079999808623901
38829,8546,4,8.028571265936467
