user_id,book_id,rating,predict
38952,4829,4,5.166666335668088
38952,5164,4,6.571428463627074
38952,6206,5,7.666666219039659
38952,6694,4,6.733333097942612
38952,7477,4,6.942852846520024
38952,7542,3,7.3191479664461045
