user_id,book_id,rating,predict
39333,4804,4,4.166666666666667
39333,6206,3,8.666666107132906
39333,6482,4,8.59259178020023
39333,7071,5,7.454543630240428
39333,7702,4,8.321426629453532
