user_id,book_id,rating,predict
39401,4397,3,6.789465193503403
39401,5334,4,6.583332695642007
