user_id,book_id,rating,predict
39544,6595,5,9.199977497847904
39544,6853,2,3.230769230769231
