user_id,book_id,rating,predict
39639,8135,4,7.9285713411456324
39639,9201,3,6.861111044139211
39639,9282,4,9.10144803103873
