user_id,book_id,rating,predict
39691,1029,5,9.478260280195482
39691,1659,3,7.952380251735345
39691,2244,5,9.638554089464819
39691,2300,5,7.040539944705414
39691,2304,3,7.450978748647902
39691,3191,5,9.299980997810085
39691,3469,4,9.19999462775634
39691,5469,4,6.666664218223808
39691,6465,3,6.9090641644306245
39691,6527,5,9.61538431214506
39691,7409,4,8.44444354227031
39691,7503,2,3.8
39691,8320,2,6.837817923489524
39691,8921,3,6.19999873494226
