user_id,book_id,rating,predict
39703,82,5,8.987012620882279
39703,87,5,9.353658261948897
39703,90,5,9.036144326652018
39703,97,5,8.941176253768148
39703,102,5,9.181817999777063
39703,103,5,9.129869863095776
39703,109,5,9.011494016779062
39703,113,5,8.822221949309107
39703,116,5,8.744444252022324
39703,117,5,9.157302994724343
39703,121,5,8.701149119860219
39703,125,5,9.06593387797889
39703,126,5,9.05617955183747
39703,130,5,8.559139646331806
39703,131,5,8.874999778221794
39703,138,5,8.39999980211693
39703,154,5,8.999999828397069
39703,157,5,9.242424065593287
39703,158,5,8.857142713677764
39703,162,5,8.906249779337582
39703,168,5,9.316326172032575
39703,171,5,9.031249747196206
39703,172,5,7.905262941890674
39703,173,5,8.66304325567522
39703,177,5,8.831578739132253
39703,178,5,8.755101755371115
39703,180,5,8.897958921635793
39703,181,5,9.183673189337908
39703,191,5,9.16842074826926
39703,198,5,9.102040559666467
39703,204,5,8.86458315573047
39703,205,5,8.752577059812548
39703,209,5,8.793814195933273
39703,213,5,8.663265097016332
39703,225,5,9.191918975348973
39703,229,5,8.969387586921746
39703,230,5,8.91666641905212
39703,237,5,8.704081313081401
39703,248,5,8.9381441957701
39703,251,5,9.144329782879783
39703,257,5,6.873684116329837
39703,582,2,3.652173913043478
39703,680,3,3.869565217391304
39703,913,3,4.142857142857143
39703,1041,5,3.5
39703,1099,5,7.2222168843639105
39703,1113,5,3.5714285714285716
39703,1168,5,4.0
39703,1235,5,8.28571316619868
39703,1250,5,4.0
39703,1283,4,7.333332666081651
39703,1318,5,4.057142857142857
39703,1338,1,7.166665384916028
39703,1364,5,4.0
39703,1555,5,8.99999466590051
39703,1570,5,9.249997929568913
39703,1666,5,9.45454328672879
39703,1877,4,9.227271882129166
