user_id,book_id,rating,predict
3975,7509,3,6.363636082030824
3975,7864,3,6.774193153578536
3975,8222,3,6.799999907397513
3975,8783,3,6.31578898918171
3975,9789,3,7.672727183308021
