user_id,book_id,rating,predict
39958,4808,4,6.499999016564523
39958,5041,4,6.4999996080107785
39958,5307,4,7.499998072610953
39958,5632,4,8.24999806614587
39958,5784,4,4.304347826086956
39958,5870,3,7.899999579209274
39958,6538,4,6.79999730949174
39958,7681,4,6.545454233196683
39958,8643,3,7.047571659355146
