user_id,book_id,rating,predict
39988,1029,3,8.47825882394319
39988,1227,3,7.774193070973315
39988,1257,3,6.909090182778804
39988,1636,5,7.384615112867564
39988,1848,4,6.5199998721529475
39988,1889,4,7.325581153164723
39988,1962,4,7.339285598760071
39988,2105,4,6.807692241926806
39988,2439,3,5.9999998224185935
39988,4777,3,6.399998944233333
39988,5114,3,6.624998309830543
39988,5414,4,6.571428213192515
39988,8339,5,4.107142857142857
