user_id,book_id,rating,predict
40103,5244,4,4.3076923076923075
40103,6364,3,3.6
40103,7651,3,3.9019607843137254
40103,9715,3,7.399997261535388
