user_id,book_id,rating,predict
40132,2434,5,3.5
40132,2460,4,4.0
40132,2585,4,5.0
40132,2894,4,4.8
40132,5710,5,9.272727000591527
40132,5847,4,8.441176000826061
40132,6108,5,8.22448935559913
40132,6189,4,4.0
40132,6217,5,8.813558673127874
40132,6596,5,8.49999942323803
40132,6622,5,8.799999418953487
40132,6855,3,8.666665266750062
40132,7939,5,9.333331773521005
