user_id,book_id,rating,predict
40932,6993,4,3.980769230769231
40932,8044,4,3.838235294117647
