user_id,book_id,rating,predict
41172,5570,3,6.333330992006514
41172,7037,5,3.875
41172,7143,5,7.705880090047071
41172,8068,4,7.72222208598753
