user_id,book_id,rating,predict
4121,2698,5,4.862499446668606
4121,2917,4,5.011764560666975
4121,5244,2,4.3076923076923075
4121,7662,4,3.9473684210526314
4121,7664,4,6.999989959201649
4121,8333,3,4.232142857142857
