user_id,book_id,rating,predict
41287,4668,5,8.874998450696074
41287,5353,5,8.999999803693706
