user_id,book_id,rating,predict
41488,8375,5,8.983868970299064
41488,8390,5,9.19354644839143
