user_id,book_id,rating,predict
41879,4591,4,0.8536601128589245
41879,4760,2,6.959183298878262
