user_id,book_id,rating,predict
41912,1904,4,5.0
41912,2434,4,3.5
41912,3266,3,4.5
41912,3629,3,6.90909071766321
41912,3917,4,8.733331633799315
