user_id,book_id,rating,predict
41954,3998,2,3.5
41954,4287,4,7.999999490182326
41954,4919,5,7.833331969360221
41954,4990,4,7.363635214626916
41954,5142,5,8.916665619064746
41954,5691,4,8.083333172962638
41954,6142,5,8.071428222802275
41954,6222,3,7.999999470181991
41954,6437,4,8.083332073187112
41954,7483,3,8.131578848684548
41954,7654,3,8.216666609008357
41954,7940,4,7.843749904272926
