user_id,book_id,rating,predict
41983,1860,5,6.870129794715916
41983,1951,5,8.999999788035455
41983,2008,5,9.16049360918272
41983,2179,4,7.461538124762454
41983,2194,4,9.31868089469142
41983,3328,4,8.999999128220347
41983,3430,3,7.999999015218301
41983,9833,3,3.716417910447761
