user_id,book_id,rating,predict
42175,4211,3,3.9
42175,6110,4,9.062499631046283
42175,8201,5,9.152774912733275
