user_id,book_id,rating,predict
42265,3260,5,4.0
42265,4569,5,3.3333333333333335
42265,5393,5,8.58333304700701
42265,5824,5,4.363636363636363
