user_id,book_id,rating,predict
42336,947,3,9.062499563930675
42336,1170,4,9.33962105370513
42336,1257,5,7.909090548637486
42336,1264,4,9.433333015661958
42336,1413,2,6.90740643113401
42336,1472,5,9.309090245164072
42336,1651,5,7.34177158011768
42336,1668,5,9.603174402490364
42336,1743,4,7.811594109884169
42336,1818,5,8.229166592374929
42336,2008,3,7.160493696373829
42336,9282,3,7.10144900716083
