user_id,book_id,rating,predict
42406,2792,4,8.146666565761736
42406,2904,4,5.7176467097587
42406,7511,4,7.607141572187096
42406,8169,3,8.403506657566306
42406,9164,3,9.039214595653952
