user_id,book_id,rating,predict
43266,2033,5,3.7777777777777777
43266,2292,4,7.714284621368291
43266,5046,5,7.960783933060614
