user_id,book_id,rating,predict
43422,3103,3,3.4285714285714284
43422,6134,4,7.812499349922147
43422,6614,3,3.7857142857142856
43422,7625,4,7.999999371517696
43422,7905,4,7.779997885250635
43422,8339,5,8.10714249133531
43422,8705,4,8.868420263461314
43422,8715,4,8.116665239532193
43422,8727,3,7.558139140836644
