user_id,book_id,rating,predict
43712,2566,4,6.611109852776692
43712,2618,2,6.690139276881794
43712,2912,3,5.9102558696499985
43712,3071,3,7.963852981217816
43712,3465,3,7.777777338876531
43712,6825,2,5.976189988573983
43712,8186,3,8.187498388965338
43712,9639,4,3.810344827586207
