user_id,book_id,rating,predict
43843,5451,3,7.666665292472322
43843,5943,3,3.6666666666666665
43843,6993,2,6.98076818637349
