user_id,book_id,rating,predict
43936,419,4,5.0
43936,750,3,9.249999013885905
43936,759,4,7.499995755182586
43936,858,5,4.0
43936,1169,3,6.955528651453022
43936,1416,4,8.272726769477302
43936,1620,3,7.066665989791117
43936,1717,3,7.466666146672971
43936,1817,2,6.7083321201781745
43936,2269,2,6.882351774376885
43936,6912,3,6.894736105645758
43936,7176,2,6.666663791449112
