user_id,book_id,rating,predict
43962,1475,2,4.666666666666667
43962,3251,2,4.705882183690471
43962,3288,2,4.628571052120105
43962,4760,4,4.959183562078941
