user_id,book_id,rating,predict
43963,7984,3,3.537037037037037
43963,8105,3,5.910650375509817
