user_id,book_id,rating,predict
44342,4628,4,4.142857142857143
44342,6887,5,7.83333305858281
44342,7033,4,7.461538268812378
44342,7090,4,7.799986411759523
