user_id,book_id,rating,predict
44411,5414,4,6.571427891394748
44411,6396,3,5.999999241412365
44411,6734,3,6.071393616028509
44411,6855,4,5.6666664021128845
44411,7788,1,6.461537827835482
44411,7927,3,3.6904761904761907
44411,8035,4,6.684209859745313
44411,8098,4,5.846153092719883
44411,8401,3,7.312499563776614
44411,8472,3,9.068492333607551
44411,8729,2,7.4285708107888775
