user_id,book_id,rating,predict
44601,3281,4,3.3333333333333335
44601,5405,3,9.833332267041026
44601,5884,4,4.117647058823529
44601,5897,3,7.409089863225446
44601,6428,5,4.6
