user_id,book_id,rating,predict
44765,5280,3,7.333330400168029
44765,5553,4,8.666664821282373
44765,5663,4,8.818180550681198
44765,5808,2,3.0
44765,5820,3,7.9999985186700435
44765,5852,4,6.1998503749575615
44765,5954,4,4.333333333333333
44765,6394,4,2.0
44765,7161,4,7.419354398754522
44765,8007,4,6.697670580279703
44765,8224,3,6.279410952645501
