user_id,book_id,rating,predict
45323,3882,3,3.5
45323,4477,4,9.166665105225345
45323,5258,5,8.428570280609915
45323,5592,4,3.8181818181818183
45323,5698,4,6.599999667960889
45323,5765,4,8.666661610332671
