user_id,book_id,rating,predict
4549,2474,4,4.5
4549,4119,4,4.0
4549,6593,2,3.5789473684210527
4549,6709,4,8.461538130856212
4549,7145,4,4.086956521739131
4549,7778,3,3.5294117647058822
