user_id,book_id,rating,predict
4570,6149,5,4.088235294117647
4570,6537,3,4.151515151515151
4570,7978,5,9.055555201972663
