user_id,book_id,rating,predict
45716,7483,4,8.131578848684548
45716,8108,4,7.3174595550831425
45716,8784,4,8.647884564985597
