user_id,book_id,rating,predict
45914,4875,5,8.444443934438885
45914,5743,4,8.166662178813876
45914,5771,5,8.899999802013154
45914,6132,3,8.916665447892765
45914,6304,2,5.444444377775551
45914,6344,5,7.888887862737962
45914,6352,5,8.923076618474946
45914,7487,5,8.904760791799802
45914,7676,5,8.081080697330282
45914,7758,4,8.933332335395557
45914,8299,5,8.760869324008386
45914,8759,4,8.491522891546358
45914,8772,5,7.434779721825866
45914,8796,4,9.032257087482904
