user_id,book_id,rating,predict
45977,6677,4,7.5999983751317295
45977,7237,3,6.9333331363438715
