user_id,book_id,rating,predict
4620,4766,3,7.099999366432528
4620,6093,3,6.837837703765754
4620,7188,4,9.029410791010953
