user_id,book_id,rating,predict
46387,3211,4,3.3333333333333335
46387,3503,5,4.0
46387,3865,3,6.729411718953683
46387,4141,4,7.442105048488196
46387,4172,3,7.911110935038661
46387,4234,4,8.175257660155573
46387,5696,3,7.363630045920882
46387,7558,3,6.962962750796891
46387,8148,2,7.260869276829677
