user_id,book_id,rating,predict
46435,8610,3,6.4680850616208385
46435,8734,3,6.365079320779332
46435,9381,5,3.8734177215189876
