user_id,book_id,rating,predict
46437,6037,4,7.971403254393199
46437,6639,5,7.956478631635003
