user_id,book_id,rating,predict
46554,4902,3,3.7777777777777777
46554,6013,2,4.1666665431992165
46554,6595,5,6.199989626800923
