user_id,book_id,rating,predict
46558,3701,4,6.333331238390671
46558,4804,5,4.166666666666667
46558,5602,4,6.124999868475891
46558,6289,5,8.562495651323676
46558,6370,5,8.857142666545595
46558,6415,1,8.105262038700381
