user_id,book_id,rating,predict
4662,1680,4,7.9999995153407655
4662,1751,4,7.599999712731776
4662,1930,4,7.891891665990632
4662,1966,4,8.023809243516046
4662,2432,3,6.786885033410904
4662,2740,5,8.437499904770196
4662,3018,3,8.86567102052527
4662,3286,5,8.499999937041025
4662,4327,5,4.5
4662,7785,5,8.42424211484465
4662,8465,5,8.977777466987346
4662,9073,4,6.96917303569723
