user_id,book_id,rating,predict
4671,1025,3,7.703702892386653
4671,1063,3,7.166664927679653
4671,1106,4,8.954544784461962
4671,1213,3,6.499998621927652
4671,2236,5,5.0
4671,4189,3,4.25
4671,4861,4,3.411764705882353
4671,4936,1,7.499998783994225
4671,4981,4,4.230769230769231
4671,5580,5,9.333333222945898
4671,7060,5,8.926768834989545
4671,8120,5,8.274190672706062
4671,8217,1,8.785690226634145
4671,8854,2,8.703115892922252
4671,8978,5,9.785713498060193
4671,9566,5,9.781249664767067
