user_id,book_id,rating,predict
46777,4421,4,8.166666374632696
46777,5460,4,4.5
46777,6038,5,8.312499741565908
46777,6231,4,7.687497969576436
