user_id,book_id,rating,predict
47467,1371,3,4.0
47467,3828,3,3.5
47467,4341,3,4.333333333333333
47467,4388,4,4.0
47467,4531,4,3.6666666666666665
47467,5704,4,7.833318963398497
