user_id,book_id,rating,predict
47805,5529,2,6.12121133876972
47805,6384,2,7.319147807480965
47805,6639,5,5.956520737895946
