user_id,book_id,rating,predict
48418,3281,5,7.3333324379162175
48418,3377,3,4.0
48418,3389,5,3.625
48418,3783,5,8.499999282706415
48418,3862,5,7.749999494753162
48418,4446,4,7.789473195572816
48418,5184,4,3.8
