user_id,book_id,rating,predict
48437,4737,5,3.5
48437,5131,5,4.166666666666667
48437,5998,4,7.999996542967509
48437,6303,4,7.666666128335988
48437,6412,4,7.999999630950922
48437,6849,5,9.499999640866601
