user_id,book_id,rating,predict
48530,7793,5,7.645161107657704
48530,9096,2,3.901639344262295
