user_id,book_id,rating,predict
48733,2100,5,4.777777777777778
48733,4951,4,4.0
48733,5332,5,7.777777238668557
48733,5679,5,3.772727272727273
48733,5884,4,4.117647058823529
48733,6890,5,4.055555555555555
48733,7884,5,8.173911162297458
48733,8420,5,8.935483485183322
48733,8432,4,9.083332553619785
48733,9783,5,9.459458688163274
