user_id,book_id,rating,predict
4884,7397,4,7.487804612360611
4884,8709,4,5.69999752979457
