user_id,book_id,rating,predict
48866,5362,4,3.3333333333333335
48866,6209,4,6.857141773933667
