user_id,book_id,rating,predict
48935,1129,3,3.5454545454545454
48935,3896,2,3.75
48935,4035,5,6.999999506571207
48935,7102,5,4.266666666666667
48935,7380,5,9.045453647171039
48935,7430,5,3.8947368421052633
48935,7503,5,7.7999989892376345
48935,7767,5,9.268291746961282
48935,9004,5,9.53423908693598
