user_id,book_id,rating,predict
48957,4591,5,7.853657971796331
48957,5002,3,7.32835798304904
