user_id,book_id,rating,predict
49014,3587,4,5.749999896733556
49014,4451,3,5.714285513259652
49014,5520,3,3.6
49014,6791,4,3.5
49014,6912,3,5.894736408162589
49014,7695,4,7.730768929623125
49014,8031,4,5.880951454477722
49014,8078,4,8.203703282549213
49014,8112,3,8.229507768785089
49014,8711,3,6.746267870671505
