user_id,book_id,rating,predict
49282,677,5,9.49999924183911
49282,1198,4,9.166662908230226
49282,1235,4,8.28571352781248
49282,1300,4,4.0
49282,1405,5,6.941175787444944
49282,1563,3,6.452380464276748
49282,1736,4,9.046151359818346
49282,1867,4,8.411764323234403
49282,1898,4,8.16666516403577
49282,1911,5,8.883720180262129
49282,1941,5,7.759258589055735
49282,1982,4,8.405796552670537
49282,3267,4,7.666666150392082
49282,4566,3,9.666666107277493
49282,4692,5,9.124999434270185
49282,5901,5,8.545453978791455
49282,6038,5,8.312499592184917
49282,6465,3,7.909090324414348
49282,7455,5,8.285712682877158
49282,8271,4,3.9655172413793105
49282,8947,5,8.983867453031785
49282,9522,5,7.999998996832952
49282,9727,4,7.9999982474650615
49282,9833,5,8.716411352047638
49282,9958,4,7.830187417079632
