user_id,book_id,rating,predict
49404,4913,5,7.799999337345571
49404,6528,5,7.631578600363401
49404,6943,4,7.821428022708451
49404,7287,5,9.091431327601931
49404,7473,4,8.057142539730132
