user_id,book_id,rating,predict
49510,3880,5,8.888888322324823
49510,4382,4,9.666666431666782
49510,4625,3,3.2
49510,5164,4,8.571428279545968
49510,6529,4,6.999999895646625
49510,6694,4,7.73333301020658
