user_id,book_id,rating,predict
49687,3863,3,3.3333333333333335
49687,4152,4,4.125
49687,4995,3,6.571427200009245
49687,5264,4,6.545447040057331
49687,5302,4,7.272722203787483
49687,6992,5,7.636361246313133
49687,7221,4,6.736841064570699
49687,7267,3,3.3125
49687,7533,2,4.125
49687,7752,3,7.579998968771665
49687,7962,3,7.533330824081096
49687,8564,4,3.642857142857143
49687,9567,4,6.679485333973465
