user_id,book_id,rating,predict
50048,8991,4,8.223679789059409
50048,9284,4,3.7260273972602738
