user_id,book_id,rating,predict
50057,8960,4,6.137926377489996
50057,9938,3,6.9040951602578895
