user_id,book_id,rating,predict
5015,2880,3,3.2
5015,5952,3,6.874983470121879
5015,6352,4,6.923076494460804
5015,6757,5,7.304347159006207
5015,7376,4,6.96551706382672
5015,7483,4,4.131578947368421
5015,7758,3,7.9333315462358325
5015,7972,3,7.395832052718212
5015,8017,5,8.93476040305821
5015,8273,5,3.7457627118644066
