user_id,book_id,rating,predict
50306,2460,3,4.0
50306,3944,4,6.461538152653024
50306,4179,3,6.944444338185447
