user_id,book_id,rating,predict
50387,8152,4,7.921568448523637
50387,8218,5,3.966666666666667
50387,9698,5,4.123076923076923
