user_id,book_id,rating,predict
50431,6626,1,4.933333227890951
50431,7189,1,4.860465035673871
