user_id,book_id,rating,predict
50505,3389,2,3.625
50505,4449,5,9.428570520958722
50505,5405,5,9.833331001317731
50505,6881,5,8.962950876311146
50505,8704,5,4.138461538461539
