user_id,book_id,rating,predict
50501,5272,4,4.75
50501,5546,4,7.111111013133415
50501,6081,4,3.8947368421052633
50501,6412,5,8.999999538688652
50501,6974,4,6.838709091759233
