user_id,book_id,rating,predict
50981,5708,3,3.375
50981,6972,3,6.6666652687619585
50981,7020,4,6.769228531944188
50981,7502,5,9.305554961590401
