user_id,book_id,rating,predict
51005,5333,4,4.176470588235294
51005,6461,2,4.064516129032258
