user_id,book_id,rating,predict
51535,3481,4,1.3333333333333333
51535,3849,4,4.0
51535,7189,5,8.860464495941795
