user_id,book_id,rating,predict
51996,3405,4,8.833333184050566
51996,3880,3,3.888888888888889
51996,4073,5,7.428563978995868
51996,4738,4,6.399999396675902
51996,4752,5,3.5714285714285716
51996,4878,5,3.0
51996,4918,5,4.5
51996,5432,3,4.05
51996,5635,5,3.5
51996,5970,4,8.49999861844732
