user_id,book_id,rating,predict
52057,7926,4,5.491788475188105
52057,7939,3,7.333331518232492
52057,8164,3,7.548386415199106
