user_id,book_id,rating,predict
52293,5111,5,3.25
52293,6904,2,8.83999863329483
52293,7196,4,8.045453917907281
52293,7772,4,8.630433472985336
