user_id,book_id,rating,predict
5239,849,4,8.888620070643999
5239,1380,4,9.571426964669424
5239,4202,4,3.3333333333333335
5239,4597,4,3.4285714285714284
5239,5395,4,8.749998921744831
5239,7205,4,6.814811766145761
5239,8692,4,6.688523653546705
5239,8973,4,7.878785135836811
5239,9966,5,6.731340851399786
