user_id,book_id,rating,predict
52634,4088,1,8.27272547711944
52634,4372,4,7.153845468480589
52634,4486,3,4.0
52634,5022,3,7.923076106783119
52634,5489,3,3.2857142857142856
52634,5822,4,7.583331937126185
52634,6387,4,8.033332219256085
