user_id,book_id,rating,predict
52832,8769,5,8.1282029551829
52832,9426,3,7.74999895890733
