user_id,book_id,rating,predict
53256,3139,2,3.5
53256,4449,5,6.428570867865683
53256,5452,2,3.2857142857142856
53256,6428,5,4.6
53256,6604,4,6.416664186503665
53256,7104,2,7.794115758652671
53256,7272,5,9.259997597435152
53256,7443,5,7.09431958525367
53256,7523,5,7.246146215902856
