user_id,book_id,rating,predict
53276,8330,3,6.650792132863222
53276,8554,5,4.064935064935065
