user_id,book_id,rating,predict
53288,3888,3,8.833332217796046
53288,4648,3,5.857142746622639
53288,5406,3,9.142853023234732
53288,6421,2,3.6538461538461537
53288,6679,2,7.3749991820602885
53288,6747,2,5.999999841434672
53288,7134,3,8.171428476663726
53288,7657,4,6.999998978229664
53288,7745,3,7.186439878926338
53288,7957,5,9.06818134244659
53288,8183,5,6.999998750811903
53288,8622,4,8.347826017034347
