user_id,book_id,rating,predict
53303,6528,3,3.6315789473684212
53303,7399,3,3.2285714285714286
53303,7650,5,3.575
