user_id,book_id,rating,predict
5761,5819,4,3.5
5761,8024,2,3.217391304347826
5761,8092,3,3.765957446808511
