user_id,book_id,rating,predict
6223,2707,4,7.797870362672887
6223,3335,2,6.999999031447237
6223,4437,4,6.897957463582696
6223,4617,4,8.113399254428547
6223,8102,4,6.999997744017385
6223,8822,3,7.127659486731069
6223,9488,3,7.095237989093137
6223,9528,3,7.180555416746119
6223,9585,3,7.962962538615481
