user_id,book_id,rating,predict
6946,4202,3,3.3333333333333335
6946,6251,3,3.5
6946,6591,4,6.764702186330403
6946,6617,5,7.973683793369821
6946,7151,4,8.103333530046273
6946,7232,3,3.08
6946,7771,4,8.874998341463968
6946,7874,5,8.204545101170389
6946,8127,4,7.944443334223845
