user_id,book_id,rating,predict
7016,6969,4,3.2580645161290325
7016,8304,4,6.824324187081599
7016,8434,4,6.9642846078898994
