user_id,book_id,rating,predict
7019,5566,3,7.285713277900822
7019,6192,4,7.6666653903354245
7019,6293,4,4.25
7019,7566,4,8.757575399744706
7019,7675,5,6.874999352402094
7019,7721,4,8.899998861866274
7019,7825,3,6.954545227236511
7019,7959,4,8.709090070286972
7019,8781,3,7.039999884202682
7019,8894,3,6.896551475404368
7019,9020,5,6.484833052989117
7019,9149,5,8.950817535266072
7019,9199,4,6.877192812480568
7019,9406,3,7.716980771734232
