user_id,book_id,rating,predict
7037,6446,3,3.8461538461538463
7037,8633,4,9.105259684068924
7037,8896,3,8.399995194936693
