user_id,book_id,rating,predict
7195,4399,2,3.4285714285714284
7195,6316,4,3.838709677419355
