user_id,book_id,rating,predict
7500,5516,2,5.733331754162915
7500,6019,4,3.869565217391304
7500,6089,4,4.5636363636363635
