user_id,book_id,rating,predict
7572,6907,3,3.5714285714285716
7572,7284,4,3.4523809523809526
