user_id,book_id,rating,predict
7924,7221,4,3.736842105263158
7924,7798,5,3.4642857142857144
