user_id,book_id,rating,predict
8099,3998,3,6.4999997668270595
8099,4750,5,4.2
8099,5900,4,6.428569874267302
8099,5913,4,4.4375
8099,5939,3,3.4444444444444446
8099,7189,4,3.86046511627907
8099,7305,4,7.324998350157873
8099,8438,2,6.950779349184953
8099,8543,3,7.70369726743599
8099,8712,3,6.859998271161391
8099,9471,4,7.791042779936511
8099,9511,4,6.238094928269438
8099,9621,4,6.51020109619212
