user_id,book_id,rating,predict
8263,3842,5,8.749999402034277
8263,5547,5,9.142856627360192
8263,5749,5,9.142856735705875
8263,5892,5,8.99999953622373
8263,6513,5,9.411764478992954
8263,6531,5,9.235293876490928
