user_id,book_id,rating,predict
8394,6293,5,4.25
8394,7492,4,7.676470383289842
8394,7804,5,7.449998583434002
8394,8231,4,3.5416666666666665
