user_id,book_id,rating,predict
8613,1044,3,7.499999280455752
8613,1082,3,7.566664407899754
8613,1461,4,8.37499944276715
8613,1691,5,7.032257715908202
8613,4004,3,4.0
8613,5146,3,4.0
8613,8840,3,5.784614661528158
8613,9022,4,3.796875
