user_id,book_id,rating,predict
8645,7217,3,7.433333211645072
8645,7807,3,7.30612237609378
