user_id,book_id,rating,predict
9103,843,2,7.631575990500554
9103,1594,2,8.60464969055585
9103,1670,4,7.172412735017026
9103,1811,4,5.749999842486666
9103,1842,3,7.558823318520329
9103,1855,4,6.858973849535818
9103,1864,4,7.153845649270717
9103,1865,4,6.8142852727127465
9103,1871,4,6.076922199339036
9103,1891,3,7.511110765519087
9103,1901,3,7.276595501057379
9103,1945,3,7.434782382047821
9103,1946,3,7.553571213225947
9103,1966,5,9.023809173442679
9103,2094,3,7.692307488399784
9103,2138,3,6.7812498559292305
9103,2264,3,6.860464968568457
9103,2324,3,8.884614988767833
9103,3674,4,4.0
9103,4395,3,4.75
9103,6894,4,7.179486779810324
9103,7840,3,7.838699231415854
9103,7972,4,7.395832527643277
9103,8632,4,6.673451032107442
9103,8776,4,7.936170131912412
9103,8823,5,7.357098982668362
9103,9171,3,6.70512792787635
9103,9186,4,6.621951002231805
9103,9663,4,6.219999298154666
