user_id,book_id,rating,predict
9428,3181,3,3.75
9428,3604,4,3.8
9428,6138,3,4.1
9428,6653,2,7.307681930780282
9428,8210,4,8.70730011076361
9428,8243,5,9.34146326125455
9428,8982,5,9.419354707711245
9428,9133,4,8.05405393768358
9428,9213,5,9.223880471924694
9428,9216,4,8.035713436796307
9428,9330,4,7.933332181670668
9428,9622,4,7.631577468980556
