user_id,book_id,rating,predict
9638,759,5,2.5
9638,1004,4,7.939385059121941
9638,1244,4,7.794871557786751
9638,1302,4,5.704545294293205
9638,1523,5,7.3333329648592525
9638,6047,5,4.0
9638,6544,5,8.916664586734775
9638,8348,4,3.16
