user_id,book_id,rating,predict
9826,1092,4,8.111110421763668
9826,1182,4,6.666665646024846
9826,1490,4,7.541666396357554
9826,1543,3,7.499998636214334
9826,1607,5,4.0
9826,1729,4,7.729728219390886
9826,1730,4,6.17391264997141
9826,1736,4,6.046153581282638
9826,2009,4,6.8124998407541
9826,2113,4,7.803571232147638
9826,2383,4,7.62857082600988
9826,2384,4,6.857142682258404
9826,2412,5,8.023255546940376
9826,2422,4,5.605633588869101
9826,2423,4,7.874999457395898
9826,2497,4,7.8717947629605804
9826,2574,4,7.7435896233027135
9826,2596,4,8.103448125448388
9826,6699,3,3.230769230769231
9826,7237,5,5.933332766301468
9826,8143,4,7.749999711020988
9826,8550,4,6.565216927219957
9826,8638,4,8.441859479459062
